ID,Question,Reference_Answer,Expected_Source_Document,Expected_Source_Page,K,Evidence_Found,Retrieved_Sources,Retrieval_Time_Seconds
EQ001,What three types of support do federal agencies rely on for cybersecurity incident response?,"They rely on tools, services, and resources such as skilled staff and funding.",GAO-24-105658,PDF p. 2,1,False,"[{""rank"": 1, ""document"": ""d24105658.pdf"", ""page"": 17, ""distance"": 0.5487039685249329}]",0.2979330000234768
EQ001,What three types of support do federal agencies rely on for cybersecurity incident response?,"They rely on tools, services, and resources such as skilled staff and funding.",GAO-24-105658,PDF p. 2,2,False,"[{""rank"": 1, ""document"": ""d24105658.pdf"", ""page"": 17, ""distance"": 0.5487039685249329}, {""rank"": 2, ""document"": ""d24105658.pdf"", ""page"": 8, ""distance"": 0.5511332750320435}]",0.025085599976591766
EQ001,What three types of support do federal agencies rely on for cybersecurity incident response?,"They rely on tools, services, and resources such as skilled staff and funding.",GAO-24-105658,PDF p. 2,3,False,"[{""rank"": 1, ""document"": ""d24105658.pdf"", ""page"": 17, ""distance"": 0.5487039685249329}, {""rank"": 2, ""document"": ""d24105658.pdf"", ""page"": 8, ""distance"": 0.5511332750320435}, {""rank"": 3, ""document"": ""gao-24-107231.pdf"", ""page"": 45, ""distance"": 0.5619978308677673}]",0.08519549999618903
EQ001,What three types of support do federal agencies rely on for cybersecurity incident response?,"They rely on tools, services, and resources such as skilled staff and funding.",GAO-24-105658,PDF p. 2,4,False,"[{""rank"": 1, ""document"": ""d24105658.pdf"", ""page"": 17, ""distance"": 0.5487039685249329}, {""rank"": 2, ""document"": ""d24105658.pdf"", ""page"": 8, ""distance"": 0.5511332750320435}, {""rank"": 3, ""document"": ""gao-24-107231.pdf"", ""page"": 45, ""distance"": 0.5619978308677673}, {""rank"": 4, ""document"": ""d24105658.pdf"", ""page"": 22, ""distance"": 0.591919481754303}]",0.01129270001547411
EQ001,What three types of support do federal agencies rely on for cybersecurity incident response?,"They rely on tools, services, and resources such as skilled staff and funding.",GAO-24-105658,PDF p. 2,5,False,"[{""rank"": 1, ""document"": ""d24105658.pdf"", ""page"": 17, ""distance"": 0.5487039685249329}, {""rank"": 2, ""document"": ""d24105658.pdf"", ""page"": 8, ""distance"": 0.5511332750320435}, {""rank"": 3, ""document"": ""gao-24-107231.pdf"", ""page"": 45, ""distance"": 0.5619978308677673}, {""rank"": 4, ""document"": ""d24105658.pdf"", ""page"": 22, ""distance"": 0.591919481754303}, {""rank"": 5, ""document"": ""d24105658.pdf"", ""page"": 3, ""distance"": 0.5973328351974487}]",0.012933899997733533
EQ001,What three types of support do federal agencies rely on for cybersecurity incident response?,"They rely on tools, services, and resources such as skilled staff and funding.",GAO-24-105658,PDF p. 2,6,False,"[{""rank"": 1, ""document"": ""d24105658.pdf"", ""page"": 17, ""distance"": 0.5487039685249329}, {""rank"": 2, ""document"": ""d24105658.pdf"", ""page"": 8, ""distance"": 0.5511332750320435}, {""rank"": 3, ""document"": ""gao-24-107231.pdf"", ""page"": 45, ""distance"": 0.5619978308677673}, {""rank"": 4, ""document"": ""d24105658.pdf"", ""page"": 22, ""distance"": 0.591919481754303}, {""rank"": 5, ""document"": ""d24105658.pdf"", ""page"": 3, ""distance"": 0.5973328351974487}, {""rank"": 6, ""document"": ""d24105658.pdf"", ""page"": 18, ""distance"": 0.6114742755889893}]",0.01129569998010993
EQ001,What three types of support do federal agencies rely on for cybersecurity incident response?,"They rely on tools, services, and resources such as skilled staff and funding.",GAO-24-105658,PDF p. 2,7,False,"[{""rank"": 1, ""document"": ""d24105658.pdf"", ""page"": 17, ""distance"": 0.5487039685249329}, {""rank"": 2, ""document"": ""d24105658.pdf"", ""page"": 8, ""distance"": 0.5511332750320435}, {""rank"": 3, ""document"": ""gao-24-107231.pdf"", ""page"": 45, ""distance"": 0.5619978308677673}, {""rank"": 4, ""document"": ""d24105658.pdf"", ""page"": 22, ""distance"": 0.591919481754303}, {""rank"": 5, ""document"": ""d24105658.pdf"", ""page"": 3, ""distance"": 0.5973328351974487}, {""rank"": 6, ""document"": ""d24105658.pdf"", ""page"": 18, ""distance"": 0.6114742755889893}, {""rank"": 7, ""document"": ""d24105658.pdf"", ""page"": 20, ""distance"": 0.6142799854278564}]",0.048521900025662035
EQ001,What three types of support do federal agencies rely on for cybersecurity incident response?,"They rely on tools, services, and resources such as skilled staff and funding.",GAO-24-105658,PDF p. 2,8,False,"[{""rank"": 1, ""document"": ""d24105658.pdf"", ""page"": 17, ""distance"": 0.5487039685249329}, {""rank"": 2, ""document"": ""d24105658.pdf"", ""page"": 8, ""distance"": 0.5511332750320435}, {""rank"": 3, ""document"": ""gao-24-107231.pdf"", ""page"": 45, ""distance"": 0.5619978308677673}, {""rank"": 4, ""document"": ""d24105658.pdf"", ""page"": 22, ""distance"": 0.591919481754303}, {""rank"": 5, ""document"": ""d24105658.pdf"", ""page"": 3, ""distance"": 0.5973328351974487}, {""rank"": 6, ""document"": ""d24105658.pdf"", ""page"": 18, ""distance"": 0.6114742755889893}, {""rank"": 7, ""document"": ""d24105658.pdf"", ""page"": 20, ""distance"": 0.6142799854278564}, {""rank"": 8, ""document"": ""d24105658.pdf"", ""page"": 9, ""distance"": 0.6292538642883301}]",0.01318200002424419
EQ001,What three types of support do federal agencies rely on for cybersecurity incident response?,"They rely on tools, services, and resources such as skilled staff and funding.",GAO-24-105658,PDF p. 2,9,False,"[{""rank"": 1, ""document"": ""d24105658.pdf"", ""page"": 17, ""distance"": 0.5487039685249329}, {""rank"": 2, ""document"": ""d24105658.pdf"", ""page"": 8, ""distance"": 0.5511332750320435}, {""rank"": 3, ""document"": ""gao-24-107231.pdf"", ""page"": 45, ""distance"": 0.5619978308677673}, {""rank"": 4, ""document"": ""d24105658.pdf"", ""page"": 22, ""distance"": 0.591919481754303}, {""rank"": 5, ""document"": ""d24105658.pdf"", ""page"": 3, ""distance"": 0.5973328351974487}, {""rank"": 6, ""document"": ""d24105658.pdf"", ""page"": 18, ""distance"": 0.6114742755889893}, {""rank"": 7, ""document"": ""d24105658.pdf"", ""page"": 20, ""distance"": 0.6142799854278564}, {""rank"": 8, ""document"": ""d24105658.pdf"", ""page"": 9, ""distance"": 0.6292538642883301}, {""rank"": 9, ""document"": ""gao-24-107231.pdf"", ""page"": 60, ""distance"": 0.6342428922653198}]",0.010905699979048222
EQ001,What three types of support do federal agencies rely on for cybersecurity incident response?,"They rely on tools, services, and resources such as skilled staff and funding.",GAO-24-105658,PDF p. 2,10,False,"[{""rank"": 1, ""document"": ""d24105658.pdf"", ""page"": 17, ""distance"": 0.5487039685249329}, {""rank"": 2, ""document"": ""d24105658.pdf"", ""page"": 8, ""distance"": 0.5511332750320435}, {""rank"": 3, ""document"": ""gao-24-107231.pdf"", ""page"": 45, ""distance"": 0.5619978308677673}, {""rank"": 4, ""document"": ""d24105658.pdf"", ""page"": 22, ""distance"": 0.591919481754303}, {""rank"": 5, ""document"": ""d24105658.pdf"", ""page"": 3, ""distance"": 0.5973328351974487}, {""rank"": 6, ""document"": ""d24105658.pdf"", ""page"": 18, ""distance"": 0.6114742755889893}, {""rank"": 7, ""document"": ""d24105658.pdf"", ""page"": 20, ""distance"": 0.6142799854278564}, {""rank"": 8, ""document"": ""d24105658.pdf"", ""page"": 9, ""distance"": 0.6292538642883301}, {""rank"": 9, ""document"": ""gao-24-107231.pdf"", ""page"": 60, ""distance"": 0.6342428922653198}, {""rank"": 10, ""document"": ""d24105658.pdf"", ""page"": 45, ""distance"": 0.6343860030174255}]",0.010644200025126338
EQ002,How many civilian CFO Act agencies were covered in GAO's incident-response preparedness finding?,The report covered 23 civilian CFO Act agencies.,GAO-24-105658,PDF p. 2,1,False,"[{""rank"": 1, ""document"": ""d24105658.pdf"", ""page"": 2, ""distance"": 0.5854775309562683}]",0.013954199966974556
EQ002,How many civilian CFO Act agencies were covered in GAO's incident-response preparedness finding?,The report covered 23 civilian CFO Act agencies.,GAO-24-105658,PDF p. 2,2,False,"[{""rank"": 1, ""document"": ""d24105658.pdf"", ""page"": 2, ""distance"": 0.5854775309562683}, {""rank"": 2, ""document"": ""d24105658.pdf"", ""page"": 24, ""distance"": 0.7580001950263977}]",0.012338499946054071
EQ002,How many civilian CFO Act agencies were covered in GAO's incident-response preparedness finding?,The report covered 23 civilian CFO Act agencies.,GAO-24-105658,PDF p. 2,3,False,"[{""rank"": 1, ""document"": ""d24105658.pdf"", ""page"": 2, ""distance"": 0.5854775309562683}, {""rank"": 2, ""document"": ""d24105658.pdf"", ""page"": 24, ""distance"": 0.7580001950263977}, {""rank"": 3, ""document"": ""d24105658.pdf"", ""page"": 9, ""distance"": 0.7636392116546631}]",0.010690799972508103
EQ002,How many civilian CFO Act agencies were covered in GAO's incident-response preparedness finding?,The report covered 23 civilian CFO Act agencies.,GAO-24-105658,PDF p. 2,4,False,"[{""rank"": 1, ""document"": ""d24105658.pdf"", ""page"": 2, ""distance"": 0.5854775309562683}, {""rank"": 2, ""document"": ""d24105658.pdf"", ""page"": 24, ""distance"": 0.7580001950263977}, {""rank"": 3, ""document"": ""d24105658.pdf"", ""page"": 9, ""distance"": 0.7636392116546631}, {""rank"": 4, ""document"": ""d24105658.pdf"", ""page"": 47, ""distance"": 0.8006081581115723}]",0.022260500001721084
EQ002,How many civilian CFO Act agencies were covered in GAO's incident-response preparedness finding?,The report covered 23 civilian CFO Act agencies.,GAO-24-105658,PDF p. 2,5,False,"[{""rank"": 1, ""document"": ""d24105658.pdf"", ""page"": 2, ""distance"": 0.5854775309562683}, {""rank"": 2, ""document"": ""d24105658.pdf"", ""page"": 24, ""distance"": 0.7580001950263977}, {""rank"": 3, ""document"": ""d24105658.pdf"", ""page"": 9, ""distance"": 0.7636392116546631}, {""rank"": 4, ""document"": ""d24105658.pdf"", ""page"": 47, ""distance"": 0.8006081581115723}, {""rank"": 5, ""document"": ""d24105658.pdf"", ""page"": 45, ""distance"": 0.8215126991271973}]",0.02023880003252998
EQ002,How many civilian CFO Act agencies were covered in GAO's incident-response preparedness finding?,The report covered 23 civilian CFO Act agencies.,GAO-24-105658,PDF p. 2,6,False,"[{""rank"": 1, ""document"": ""d24105658.pdf"", ""page"": 2, ""distance"": 0.5854775309562683}, {""rank"": 2, ""document"": ""d24105658.pdf"", ""page"": 24, ""distance"": 0.7580001950263977}, {""rank"": 3, ""document"": ""d24105658.pdf"", ""page"": 9, ""distance"": 0.7636392116546631}, {""rank"": 4, ""document"": ""d24105658.pdf"", ""page"": 47, ""distance"": 0.8006081581115723}, {""rank"": 5, ""document"": ""d24105658.pdf"", ""page"": 45, ""distance"": 0.8215126991271973}, {""rank"": 6, ""document"": ""d24105658.pdf"", ""page"": 50, ""distance"": 0.822910487651825}]",0.0267693999921903
EQ002,How many civilian CFO Act agencies were covered in GAO's incident-response preparedness finding?,The report covered 23 civilian CFO Act agencies.,GAO-24-105658,PDF p. 2,7,False,"[{""rank"": 1, ""document"": ""d24105658.pdf"", ""page"": 2, ""distance"": 0.5854775309562683}, {""rank"": 2, ""document"": ""d24105658.pdf"", ""page"": 24, ""distance"": 0.7580001950263977}, {""rank"": 3, ""document"": ""d24105658.pdf"", ""page"": 9, ""distance"": 0.7636392116546631}, {""rank"": 4, ""document"": ""d24105658.pdf"", ""page"": 47, ""distance"": 0.8006081581115723}, {""rank"": 5, ""document"": ""d24105658.pdf"", ""page"": 45, ""distance"": 0.8215126991271973}, {""rank"": 6, ""document"": ""d24105658.pdf"", ""page"": 50, ""distance"": 0.822910487651825}, {""rank"": 7, ""document"": ""d24105658.pdf"", ""page"": 15, ""distance"": 0.856231689453125}]",0.0220907999901101
EQ002,How many civilian CFO Act agencies were covered in GAO's incident-response preparedness finding?,The report covered 23 civilian CFO Act agencies.,GAO-24-105658,PDF p. 2,8,False,"[{""rank"": 1, ""document"": ""d24105658.pdf"", ""page"": 2, ""distance"": 0.5854775309562683}, {""rank"": 2, ""document"": ""d24105658.pdf"", ""page"": 24, ""distance"": 0.7580001950263977}, {""rank"": 3, ""document"": ""d24105658.pdf"", ""page"": 9, ""distance"": 0.7636392116546631}, {""rank"": 4, ""document"": ""d24105658.pdf"", ""page"": 47, ""distance"": 0.8006081581115723}, {""rank"": 5, ""document"": ""d24105658.pdf"", ""page"": 45, ""distance"": 0.8215126991271973}, {""rank"": 6, ""document"": ""d24105658.pdf"", ""page"": 50, ""distance"": 0.822910487651825}, {""rank"": 7, ""document"": ""d24105658.pdf"", ""page"": 15, ""distance"": 0.856231689453125}, {""rank"": 8, ""document"": ""d24105658.pdf"", ""page"": 3, ""distance"": 0.8837590217590332}]",0.011891099973581731
EQ002,How many civilian CFO Act agencies were covered in GAO's incident-response preparedness finding?,The report covered 23 civilian CFO Act agencies.,GAO-24-105658,PDF p. 2,9,False,"[{""rank"": 1, ""document"": ""d24105658.pdf"", ""page"": 2, ""distance"": 0.5854775309562683}, {""rank"": 2, ""document"": ""d24105658.pdf"", ""page"": 24, ""distance"": 0.7580001950263977}, {""rank"": 3, ""document"": ""d24105658.pdf"", ""page"": 9, ""distance"": 0.7636392116546631}, {""rank"": 4, ""document"": ""d24105658.pdf"", ""page"": 47, ""distance"": 0.8006081581115723}, {""rank"": 5, ""document"": ""d24105658.pdf"", ""page"": 45, ""distance"": 0.8215126991271973}, {""rank"": 6, ""document"": ""d24105658.pdf"", ""page"": 50, ""distance"": 0.822910487651825}, {""rank"": 7, ""document"": ""d24105658.pdf"", ""page"": 15, ""distance"": 0.856231689453125}, {""rank"": 8, ""document"": ""d24105658.pdf"", ""page"": 3, ""distance"": 0.8837590217590332}, {""rank"": 9, ""document"": ""d24105658.pdf"", ""page"": 4, ""distance"": 0.884005606174469}]",0.01778960000956431
EQ002,How many civilian CFO Act agencies were covered in GAO's incident-response preparedness finding?,The report covered 23 civilian CFO Act agencies.,GAO-24-105658,PDF p. 2,10,False,"[{""rank"": 1, ""document"": ""d24105658.pdf"", ""page"": 2, ""distance"": 0.5854775309562683}, {""rank"": 2, ""document"": ""d24105658.pdf"", ""page"": 24, ""distance"": 0.7580001950263977}, {""rank"": 3, ""document"": ""d24105658.pdf"", ""page"": 9, ""distance"": 0.7636392116546631}, {""rank"": 4, ""document"": ""d24105658.pdf"", ""page"": 47, ""distance"": 0.8006081581115723}, {""rank"": 5, ""document"": ""d24105658.pdf"", ""page"": 45, ""distance"": 0.8215126991271973}, {""rank"": 6, ""document"": ""d24105658.pdf"", ""page"": 50, ""distance"": 0.822910487651825}, {""rank"": 7, ""document"": ""d24105658.pdf"", ""page"": 15, ""distance"": 0.856231689453125}, {""rank"": 8, ""document"": ""d24105658.pdf"", ""page"": 3, ""distance"": 0.8837590217590332}, {""rank"": 9, ""document"": ""d24105658.pdf"", ""page"": 4, ""distance"": 0.884005606174469}, {""rank"": 10, ""document"": ""gao-24-107231.pdf"", ""page"": 29, ""distance"": 0.888957142829895}]",0.011646699975244701
EQ003,When was CISA's incident-response playbook issued?,CISA issued the playbook in November 2021.,GAO-24-105658,PDF p. 2,1,False,"[{""rank"": 1, ""document"": ""d24105658.pdf"", ""page"": 24, ""distance"": 0.7166346311569214}]",0.019590699987020344
EQ003,When was CISA's incident-response playbook issued?,CISA issued the playbook in November 2021.,GAO-24-105658,PDF p. 2,2,False,"[{""rank"": 1, ""document"": ""d24105658.pdf"", ""page"": 24, ""distance"": 0.7166346311569214}, {""rank"": 2, ""document"": ""d24105658.pdf"", ""page"": 38, ""distance"": 0.7884235382080078}]",0.016978200001176447
EQ003,When was CISA's incident-response playbook issued?,CISA issued the playbook in November 2021.,GAO-24-105658,PDF p. 2,3,False,"[{""rank"": 1, ""document"": ""d24105658.pdf"", ""page"": 24, ""distance"": 0.7166346311569214}, {""rank"": 2, ""document"": ""d24105658.pdf"", ""page"": 38, ""distance"": 0.7884235382080078}, {""rank"": 3, ""document"": ""d24105658.pdf"", ""page"": 20, ""distance"": 0.8892508745193481}]",0.04539039998780936
EQ003,When was CISA's incident-response playbook issued?,CISA issued the playbook in November 2021.,GAO-24-105658,PDF p. 2,4,False,"[{""rank"": 1, ""document"": ""d24105658.pdf"", ""page"": 24, ""distance"": 0.7166346311569214}, {""rank"": 2, ""document"": ""d24105658.pdf"", ""page"": 38, ""distance"": 0.7884235382080078}, {""rank"": 3, ""document"": ""d24105658.pdf"", ""page"": 20, ""distance"": 0.8892508745193481}, {""rank"": 4, ""document"": ""d24105658.pdf"", ""page"": 14, ""distance"": 0.8946880102157593}]",0.022312200046144426
EQ003,When was CISA's incident-response playbook issued?,CISA issued the playbook in November 2021.,GAO-24-105658,PDF p. 2,5,False,"[{""rank"": 1, ""document"": ""d24105658.pdf"", ""page"": 24, ""distance"": 0.7166346311569214}, {""rank"": 2, ""document"": ""d24105658.pdf"", ""page"": 38, ""distance"": 0.7884235382080078}, {""rank"": 3, ""document"": ""d24105658.pdf"", ""page"": 20, ""distance"": 0.8892508745193481}, {""rank"": 4, ""document"": ""d24105658.pdf"", ""page"": 14, ""distance"": 0.8946880102157593}, {""rank"": 5, ""document"": ""d24105658.pdf"", ""page"": 25, ""distance"": 0.9085635542869568}]",0.013266000023577362
EQ003,When was CISA's incident-response playbook issued?,CISA issued the playbook in November 2021.,GAO-24-105658,PDF p. 2,6,False,"[{""rank"": 1, ""document"": ""d24105658.pdf"", ""page"": 24, ""distance"": 0.7166346311569214}, {""rank"": 2, ""document"": ""d24105658.pdf"", ""page"": 38, ""distance"": 0.7884235382080078}, {""rank"": 3, ""document"": ""d24105658.pdf"", ""page"": 20, ""distance"": 0.8892508745193481}, {""rank"": 4, ""document"": ""d24105658.pdf"", ""page"": 14, ""distance"": 0.8946880102157593}, {""rank"": 5, ""document"": ""d24105658.pdf"", ""page"": 25, ""distance"": 0.9085635542869568}, {""rank"": 6, ""document"": ""d24106576.pdf"", ""page"": 64, ""distance"": 0.9235020875930786}]",0.014984800014644861
EQ003,When was CISA's incident-response playbook issued?,CISA issued the playbook in November 2021.,GAO-24-105658,PDF p. 2,7,False,"[{""rank"": 1, ""document"": ""d24105658.pdf"", ""page"": 24, ""distance"": 0.7166346311569214}, {""rank"": 2, ""document"": ""d24105658.pdf"", ""page"": 38, ""distance"": 0.7884235382080078}, {""rank"": 3, ""document"": ""d24105658.pdf"", ""page"": 20, ""distance"": 0.8892508745193481}, {""rank"": 4, ""document"": ""d24105658.pdf"", ""page"": 14, ""distance"": 0.8946880102157593}, {""rank"": 5, ""document"": ""d24105658.pdf"", ""page"": 25, ""distance"": 0.9085635542869568}, {""rank"": 6, ""document"": ""d24106576.pdf"", ""page"": 64, ""distance"": 0.9235020875930786}, {""rank"": 7, ""document"": ""d24106576.pdf"", ""page"": 44, ""distance"": 0.944780707359314}]",0.013456500018946826
EQ003,When was CISA's incident-response playbook issued?,CISA issued the playbook in November 2021.,GAO-24-105658,PDF p. 2,8,False,"[{""rank"": 1, ""document"": ""d24105658.pdf"", ""page"": 24, ""distance"": 0.7166346311569214}, {""rank"": 2, ""document"": ""d24105658.pdf"", ""page"": 38, ""distance"": 0.7884235382080078}, {""rank"": 3, ""document"": ""d24105658.pdf"", ""page"": 20, ""distance"": 0.8892508745193481}, {""rank"": 4, ""document"": ""d24105658.pdf"", ""page"": 14, ""distance"": 0.8946880102157593}, {""rank"": 5, ""document"": ""d24105658.pdf"", ""page"": 25, ""distance"": 0.9085635542869568}, {""rank"": 6, ""document"": ""d24106576.pdf"", ""page"": 64, ""distance"": 0.9235020875930786}, {""rank"": 7, ""document"": ""d24106576.pdf"", ""page"": 44, ""distance"": 0.944780707359314}, {""rank"": 8, ""document"": ""d24105658.pdf"", ""page"": 50, ""distance"": 0.9705806374549866}]",0.014098100014962256
EQ003,When was CISA's incident-response playbook issued?,CISA issued the playbook in November 2021.,GAO-24-105658,PDF p. 2,9,False,"[{""rank"": 1, ""document"": ""d24105658.pdf"", ""page"": 24, ""distance"": 0.7166346311569214}, {""rank"": 2, ""document"": ""d24105658.pdf"", ""page"": 38, ""distance"": 0.7884235382080078}, {""rank"": 3, ""document"": ""d24105658.pdf"", ""page"": 20, ""distance"": 0.8892508745193481}, {""rank"": 4, ""document"": ""d24105658.pdf"", ""page"": 14, ""distance"": 0.8946880102157593}, {""rank"": 5, ""document"": ""d24105658.pdf"", ""page"": 25, ""distance"": 0.9085635542869568}, {""rank"": 6, ""document"": ""d24106576.pdf"", ""page"": 64, ""distance"": 0.9235020875930786}, {""rank"": 7, ""document"": ""d24106576.pdf"", ""page"": 44, ""distance"": 0.944780707359314}, {""rank"": 8, ""document"": ""d24105658.pdf"", ""page"": 50, ""distance"": 0.9705806374549866}, {""rank"": 9, ""document"": ""d24105658.pdf"", ""page"": 46, ""distance"": 0.9734125733375549}]",0.015191799961030483
EQ003,When was CISA's incident-response playbook issued?,CISA issued the playbook in November 2021.,GAO-24-105658,PDF p. 2,10,False,"[{""rank"": 1, ""document"": ""d24105658.pdf"", ""page"": 24, ""distance"": 0.7166346311569214}, {""rank"": 2, ""document"": ""d24105658.pdf"", ""page"": 38, ""distance"": 0.7884235382080078}, {""rank"": 3, ""document"": ""d24105658.pdf"", ""page"": 20, ""distance"": 0.8892508745193481}, {""rank"": 4, ""document"": ""d24105658.pdf"", ""page"": 14, ""distance"": 0.8946880102157593}, {""rank"": 5, ""document"": ""d24105658.pdf"", ""page"": 25, ""distance"": 0.9085635542869568}, {""rank"": 6, ""document"": ""d24106576.pdf"", ""page"": 64, ""distance"": 0.9235020875930786}, {""rank"": 7, ""document"": ""d24106576.pdf"", ""page"": 44, ""distance"": 0.944780707359314}, {""rank"": 8, ""document"": ""d24105658.pdf"", ""page"": 50, ""distance"": 0.9705806374549866}, {""rank"": 9, ""document"": ""d24105658.pdf"", ""page"": 46, ""distance"": 0.9734125733375549}, {""rank"": 10, ""document"": ""d24106576.pdf"", ""page"": 28, ""distance"": 0.9876038432121277}]",0.011691799969412386
EQ004,How many of the selected nonfederal entities cited positive experiences with CISA OT products and services?,Twelve of 13 selected nonfederal entities cited positive experiences.,GAO-24-106576,PDF p. 2,1,False,"[{""rank"": 1, ""document"": ""d24106576.pdf"", ""page"": 46, ""distance"": 0.6729469895362854}]",0.01684429997112602
EQ004,How many of the selected nonfederal entities cited positive experiences with CISA OT products and services?,Twelve of 13 selected nonfederal entities cited positive experiences.,GAO-24-106576,PDF p. 2,2,False,"[{""rank"": 1, ""document"": ""d24106576.pdf"", ""page"": 46, ""distance"": 0.6729469895362854}, {""rank"": 2, ""document"": ""d24106576.pdf"", ""page"": 2, ""distance"": 0.7086263298988342}]",0.016662700043525547
EQ004,How many of the selected nonfederal entities cited positive experiences with CISA OT products and services?,Twelve of 13 selected nonfederal entities cited positive experiences.,GAO-24-106576,PDF p. 2,3,False,"[{""rank"": 1, ""document"": ""d24106576.pdf"", ""page"": 46, ""distance"": 0.6729469895362854}, {""rank"": 2, ""document"": ""d24106576.pdf"", ""page"": 2, ""distance"": 0.7086263298988342}, {""rank"": 3, ""document"": ""d24106576.pdf"", ""page"": 30, ""distance"": 0.7465260624885559}]",0.014494300005026162
EQ004,How many of the selected nonfederal entities cited positive experiences with CISA OT products and services?,Twelve of 13 selected nonfederal entities cited positive experiences.,GAO-24-106576,PDF p. 2,4,False,"[{""rank"": 1, ""document"": ""d24106576.pdf"", ""page"": 46, ""distance"": 0.6729469895362854}, {""rank"": 2, ""document"": ""d24106576.pdf"", ""page"": 2, ""distance"": 0.7086263298988342}, {""rank"": 3, ""document"": ""d24106576.pdf"", ""page"": 30, ""distance"": 0.7465260624885559}, {""rank"": 4, ""document"": ""d24106576.pdf"", ""page"": 27, ""distance"": 0.757619321346283}]",0.016644799965433776
EQ004,How many of the selected nonfederal entities cited positive experiences with CISA OT products and services?,Twelve of 13 selected nonfederal entities cited positive experiences.,GAO-24-106576,PDF p. 2,5,False,"[{""rank"": 1, ""document"": ""d24106576.pdf"", ""page"": 46, ""distance"": 0.6729469895362854}, {""rank"": 2, ""document"": ""d24106576.pdf"", ""page"": 2, ""distance"": 0.7086263298988342}, {""rank"": 3, ""document"": ""d24106576.pdf"", ""page"": 30, ""distance"": 0.7465260624885559}, {""rank"": 4, ""document"": ""d24106576.pdf"", ""page"": 27, ""distance"": 0.757619321346283}, {""rank"": 5, ""document"": ""d24106576.pdf"", ""page"": 10, ""distance"": 0.8164567351341248}]",0.015401799988467246
EQ004,How many of the selected nonfederal entities cited positive experiences with CISA OT products and services?,Twelve of 13 selected nonfederal entities cited positive experiences.,GAO-24-106576,PDF p. 2,6,False,"[{""rank"": 1, ""document"": ""d24106576.pdf"", ""page"": 46, ""distance"": 0.6729469895362854}, {""rank"": 2, ""document"": ""d24106576.pdf"", ""page"": 2, ""distance"": 0.7086263298988342}, {""rank"": 3, ""document"": ""d24106576.pdf"", ""page"": 30, ""distance"": 0.7465260624885559}, {""rank"": 4, ""document"": ""d24106576.pdf"", ""page"": 27, ""distance"": 0.757619321346283}, {""rank"": 5, ""document"": ""d24106576.pdf"", ""page"": 10, ""distance"": 0.8164567351341248}, {""rank"": 6, ""document"": ""d24106576.pdf"", ""page"": 2, ""distance"": 0.8437634706497192}]",0.014828300045337528
EQ004,How many of the selected nonfederal entities cited positive experiences with CISA OT products and services?,Twelve of 13 selected nonfederal entities cited positive experiences.,GAO-24-106576,PDF p. 2,7,False,"[{""rank"": 1, ""document"": ""d24106576.pdf"", ""page"": 46, ""distance"": 0.6729469895362854}, {""rank"": 2, ""document"": ""d24106576.pdf"", ""page"": 2, ""distance"": 0.7086263298988342}, {""rank"": 3, ""document"": ""d24106576.pdf"", ""page"": 30, ""distance"": 0.7465260624885559}, {""rank"": 4, ""document"": ""d24106576.pdf"", ""page"": 27, ""distance"": 0.757619321346283}, {""rank"": 5, ""document"": ""d24106576.pdf"", ""page"": 10, ""distance"": 0.8164567351341248}, {""rank"": 6, ""document"": ""d24106576.pdf"", ""page"": 2, ""distance"": 0.8437634706497192}, {""rank"": 7, ""document"": ""d24106576.pdf"", ""page"": 59, ""distance"": 0.8533379435539246}]",0.014005100005306304
EQ004,How many of the selected nonfederal entities cited positive experiences with CISA OT products and services?,Twelve of 13 selected nonfederal entities cited positive experiences.,GAO-24-106576,PDF p. 2,8,False,"[{""rank"": 1, ""document"": ""d24106576.pdf"", ""page"": 46, ""distance"": 0.6729469895362854}, {""rank"": 2, ""document"": ""d24106576.pdf"", ""page"": 2, ""distance"": 0.7086263298988342}, {""rank"": 3, ""document"": ""d24106576.pdf"", ""page"": 30, ""distance"": 0.7465260624885559}, {""rank"": 4, ""document"": ""d24106576.pdf"", ""page"": 27, ""distance"": 0.757619321346283}, {""rank"": 5, ""document"": ""d24106576.pdf"", ""page"": 10, ""distance"": 0.8164567351341248}, {""rank"": 6, ""document"": ""d24106576.pdf"", ""page"": 2, ""distance"": 0.8437634706497192}, {""rank"": 7, ""document"": ""d24106576.pdf"", ""page"": 59, ""distance"": 0.8533379435539246}, {""rank"": 8, ""document"": ""d24106576.pdf"", ""page"": 46, ""distance"": 0.8709733486175537}]",0.015436300018336624
EQ004,How many of the selected nonfederal entities cited positive experiences with CISA OT products and services?,Twelve of 13 selected nonfederal entities cited positive experiences.,GAO-24-106576,PDF p. 2,9,False,"[{""rank"": 1, ""document"": ""d24106576.pdf"", ""page"": 46, ""distance"": 0.6729469895362854}, {""rank"": 2, ""document"": ""d24106576.pdf"", ""page"": 2, ""distance"": 0.7086263298988342}, {""rank"": 3, ""document"": ""d24106576.pdf"", ""page"": 30, ""distance"": 0.7465260624885559}, {""rank"": 4, ""document"": ""d24106576.pdf"", ""page"": 27, ""distance"": 0.757619321346283}, {""rank"": 5, ""document"": ""d24106576.pdf"", ""page"": 10, ""distance"": 0.8164567351341248}, {""rank"": 6, ""document"": ""d24106576.pdf"", ""page"": 2, ""distance"": 0.8437634706497192}, {""rank"": 7, ""document"": ""d24106576.pdf"", ""page"": 59, ""distance"": 0.8533379435539246}, {""rank"": 8, ""document"": ""d24106576.pdf"", ""page"": 46, ""distance"": 0.8709733486175537}, {""rank"": 9, ""document"": ""gao-24-107231.pdf"", ""page"": 56, ""distance"": 0.8822283148765564}]",0.01464430004125461
EQ004,How many of the selected nonfederal entities cited positive experiences with CISA OT products and services?,Twelve of 13 selected nonfederal entities cited positive experiences.,GAO-24-106576,PDF p. 2,10,False,"[{""rank"": 1, ""document"": ""d24106576.pdf"", ""page"": 46, ""distance"": 0.6729469895362854}, {""rank"": 2, ""document"": ""d24106576.pdf"", ""page"": 2, ""distance"": 0.7086263298988342}, {""rank"": 3, ""document"": ""d24106576.pdf"", ""page"": 30, ""distance"": 0.7465260624885559}, {""rank"": 4, ""document"": ""d24106576.pdf"", ""page"": 27, ""distance"": 0.757619321346283}, {""rank"": 5, ""document"": ""d24106576.pdf"", ""page"": 10, ""distance"": 0.8164567351341248}, {""rank"": 6, ""document"": ""d24106576.pdf"", ""page"": 2, ""distance"": 0.8437634706497192}, {""rank"": 7, ""document"": ""d24106576.pdf"", ""page"": 59, ""distance"": 0.8533379435539246}, {""rank"": 8, ""document"": ""d24106576.pdf"", ""page"": 46, ""distance"": 0.8709733486175537}, {""rank"": 9, ""document"": ""gao-24-107231.pdf"", ""page"": 56, ""distance"": 0.8822283148765564}, {""rank"": 10, ""document"": ""d24106576.pdf"", ""page"": 62, ""distance"": 0.9374865889549255}]",0.015418099996168166
EQ005,How many desirable strategy characteristics were fully addressed by the National Cybersecurity Strategy and implementation plan?,They fully addressed four of six desirable characteristics.,GAO-24-106916,PDF p. 2,1,False,"[{""rank"": 1, ""document"": ""d24106916.pdf"", ""page"": 33, ""distance"": 0.32427072525024414}]",0.016559200012125075
EQ005,How many desirable strategy characteristics were fully addressed by the National Cybersecurity Strategy and implementation plan?,They fully addressed four of six desirable characteristics.,GAO-24-106916,PDF p. 2,2,False,"[{""rank"": 1, ""document"": ""d24106916.pdf"", ""page"": 33, ""distance"": 0.32427072525024414}, {""rank"": 2, ""document"": ""d24106916.pdf"", ""page"": 17, ""distance"": 0.32680225372314453}]",0.014581599971279502
EQ005,How many desirable strategy characteristics were fully addressed by the National Cybersecurity Strategy and implementation plan?,They fully addressed four of six desirable characteristics.,GAO-24-106916,PDF p. 2,3,False,"[{""rank"": 1, ""document"": ""d24106916.pdf"", ""page"": 33, ""distance"": 0.32427072525024414}, {""rank"": 2, ""document"": ""d24106916.pdf"", ""page"": 17, ""distance"": 0.32680225372314453}, {""rank"": 3, ""document"": ""gao-24-107231.pdf"", ""page"": 18, ""distance"": 0.3537943661212921}]",0.015302599989809096
EQ005,How many desirable strategy characteristics were fully addressed by the National Cybersecurity Strategy and implementation plan?,They fully addressed four of six desirable characteristics.,GAO-24-106916,PDF p. 2,4,False,"[{""rank"": 1, ""document"": ""d24106916.pdf"", ""page"": 33, ""distance"": 0.32427072525024414}, {""rank"": 2, ""document"": ""d24106916.pdf"", ""page"": 17, ""distance"": 0.32680225372314453}, {""rank"": 3, ""document"": ""gao-24-107231.pdf"", ""page"": 18, ""distance"": 0.3537943661212921}, {""rank"": 4, ""document"": ""d24106916.pdf"", ""page"": 23, ""distance"": 0.3539147973060608}]",0.01443079998716712
EQ005,How many desirable strategy characteristics were fully addressed by the National Cybersecurity Strategy and implementation plan?,They fully addressed four of six desirable characteristics.,GAO-24-106916,PDF p. 2,5,False,"[{""rank"": 1, ""document"": ""d24106916.pdf"", ""page"": 33, ""distance"": 0.32427072525024414}, {""rank"": 2, ""document"": ""d24106916.pdf"", ""page"": 17, ""distance"": 0.32680225372314453}, {""rank"": 3, ""document"": ""gao-24-107231.pdf"", ""page"": 18, ""distance"": 0.3537943661212921}, {""rank"": 4, ""document"": ""d24106916.pdf"", ""page"": 23, ""distance"": 0.3539147973060608}, {""rank"": 5, ""document"": ""d24106916.pdf"", ""page"": 3, ""distance"": 0.35686755180358887}]",0.015434700006153435
EQ005,How many desirable strategy characteristics were fully addressed by the National Cybersecurity Strategy and implementation plan?,They fully addressed four of six desirable characteristics.,GAO-24-106916,PDF p. 2,6,False,"[{""rank"": 1, ""document"": ""d24106916.pdf"", ""page"": 33, ""distance"": 0.32427072525024414}, {""rank"": 2, ""document"": ""d24106916.pdf"", ""page"": 17, ""distance"": 0.32680225372314453}, {""rank"": 3, ""document"": ""gao-24-107231.pdf"", ""page"": 18, ""distance"": 0.3537943661212921}, {""rank"": 4, ""document"": ""d24106916.pdf"", ""page"": 23, ""distance"": 0.3539147973060608}, {""rank"": 5, ""document"": ""d24106916.pdf"", ""page"": 3, ""distance"": 0.35686755180358887}, {""rank"": 6, ""document"": ""d24106916.pdf"", ""page"": 14, ""distance"": 0.3683685064315796}]",0.012216600007377565
EQ005,How many desirable strategy characteristics were fully addressed by the National Cybersecurity Strategy and implementation plan?,They fully addressed four of six desirable characteristics.,GAO-24-106916,PDF p. 2,7,False,"[{""rank"": 1, ""document"": ""d24106916.pdf"", ""page"": 33, ""distance"": 0.32427072525024414}, {""rank"": 2, ""document"": ""d24106916.pdf"", ""page"": 17, ""distance"": 0.32680225372314453}, {""rank"": 3, ""document"": ""gao-24-107231.pdf"", ""page"": 18, ""distance"": 0.3537943661212921}, {""rank"": 4, ""document"": ""d24106916.pdf"", ""page"": 23, ""distance"": 0.3539147973060608}, {""rank"": 5, ""document"": ""d24106916.pdf"", ""page"": 3, ""distance"": 0.35686755180358887}, {""rank"": 6, ""document"": ""d24106916.pdf"", ""page"": 14, ""distance"": 0.3683685064315796}, {""rank"": 7, ""document"": ""d24106916.pdf"", ""page"": 16, ""distance"": 0.4306475818157196}]",0.012899600027594715
EQ005,How many desirable strategy characteristics were fully addressed by the National Cybersecurity Strategy and implementation plan?,They fully addressed four of six desirable characteristics.,GAO-24-106916,PDF p. 2,8,False,"[{""rank"": 1, ""document"": ""d24106916.pdf"", ""page"": 33, ""distance"": 0.32427072525024414}, {""rank"": 2, ""document"": ""d24106916.pdf"", ""page"": 17, ""distance"": 0.32680225372314453}, {""rank"": 3, ""document"": ""gao-24-107231.pdf"", ""page"": 18, ""distance"": 0.3537943661212921}, {""rank"": 4, ""document"": ""d24106916.pdf"", ""page"": 23, ""distance"": 0.3539147973060608}, {""rank"": 5, ""document"": ""d24106916.pdf"", ""page"": 3, ""distance"": 0.35686755180358887}, {""rank"": 6, ""document"": ""d24106916.pdf"", ""page"": 14, ""distance"": 0.3683685064315796}, {""rank"": 7, ""document"": ""d24106916.pdf"", ""page"": 16, ""distance"": 0.4306475818157196}, {""rank"": 8, ""document"": ""d24106916.pdf"", ""page"": 27, ""distance"": 0.4362538456916809}]",0.014010699989739805
EQ005,How many desirable strategy characteristics were fully addressed by the National Cybersecurity Strategy and implementation plan?,They fully addressed four of six desirable characteristics.,GAO-24-106916,PDF p. 2,9,False,"[{""rank"": 1, ""document"": ""d24106916.pdf"", ""page"": 33, ""distance"": 0.32427072525024414}, {""rank"": 2, ""document"": ""d24106916.pdf"", ""page"": 17, ""distance"": 0.32680225372314453}, {""rank"": 3, ""document"": ""gao-24-107231.pdf"", ""page"": 18, ""distance"": 0.3537943661212921}, {""rank"": 4, ""document"": ""d24106916.pdf"", ""page"": 23, ""distance"": 0.3539147973060608}, {""rank"": 5, ""document"": ""d24106916.pdf"", ""page"": 3, ""distance"": 0.35686755180358887}, {""rank"": 6, ""document"": ""d24106916.pdf"", ""page"": 14, ""distance"": 0.3683685064315796}, {""rank"": 7, ""document"": ""d24106916.pdf"", ""page"": 16, ""distance"": 0.4306475818157196}, {""rank"": 8, ""document"": ""d24106916.pdf"", ""page"": 27, ""distance"": 0.4362538456916809}, {""rank"": 9, ""document"": ""d24106916.pdf"", ""page"": 18, ""distance"": 0.4552311301231384}]",0.014112000004388392
EQ005,How many desirable strategy characteristics were fully addressed by the National Cybersecurity Strategy and implementation plan?,They fully addressed four of six desirable characteristics.,GAO-24-106916,PDF p. 2,10,False,"[{""rank"": 1, ""document"": ""d24106916.pdf"", ""page"": 33, ""distance"": 0.32427072525024414}, {""rank"": 2, ""document"": ""d24106916.pdf"", ""page"": 17, ""distance"": 0.32680225372314453}, {""rank"": 3, ""document"": ""gao-24-107231.pdf"", ""page"": 18, ""distance"": 0.3537943661212921}, {""rank"": 4, ""document"": ""d24106916.pdf"", ""page"": 23, ""distance"": 0.3539147973060608}, {""rank"": 5, ""document"": ""d24106916.pdf"", ""page"": 3, ""distance"": 0.35686755180358887}, {""rank"": 6, ""document"": ""d24106916.pdf"", ""page"": 14, ""distance"": 0.3683685064315796}, {""rank"": 7, ""document"": ""d24106916.pdf"", ""page"": 16, ""distance"": 0.4306475818157196}, {""rank"": 8, ""document"": ""d24106916.pdf"", ""page"": 27, ""distance"": 0.4362538456916809}, {""rank"": 9, ""document"": ""d24106916.pdf"", ""page"": 18, ""distance"": 0.4552311301231384}, {""rank"": 10, ""document"": ""d24106916.pdf"", ""page"": 12, ""distance"": 0.4675368070602417}]",0.014473400020506233
EQ006,By about what percentage did cyber incidents affecting federal agencies grow from fiscal year 2006 to 2015?,"They grew by about 1,300 percent.",GAO-16-885T,PDF p. 2,1,False,"[{""rank"": 1, ""document"": ""gao-16-885t.pdf"", ""page"": 13, ""distance"": 0.6618627309799194}]",0.01486049999948591
EQ006,By about what percentage did cyber incidents affecting federal agencies grow from fiscal year 2006 to 2015?,"They grew by about 1,300 percent.",GAO-16-885T,PDF p. 2,2,False,"[{""rank"": 1, ""document"": ""gao-16-885t.pdf"", ""page"": 13, ""distance"": 0.6618627309799194}, {""rank"": 2, ""document"": ""gao-16-885t.pdf"", ""page"": 2, ""distance"": 0.7311269640922546}]",0.012489099986851215
EQ006,By about what percentage did cyber incidents affecting federal agencies grow from fiscal year 2006 to 2015?,"They grew by about 1,300 percent.",GAO-16-885T,PDF p. 2,3,False,"[{""rank"": 1, ""document"": ""gao-16-885t.pdf"", ""page"": 13, ""distance"": 0.6618627309799194}, {""rank"": 2, ""document"": ""gao-16-885t.pdf"", ""page"": 2, ""distance"": 0.7311269640922546}, {""rank"": 3, ""document"": ""gao-23-105480.pdf"", ""page"": 41, ""distance"": 0.7701976895332336}]",0.0137331000296399
EQ006,By about what percentage did cyber incidents affecting federal agencies grow from fiscal year 2006 to 2015?,"They grew by about 1,300 percent.",GAO-16-885T,PDF p. 2,4,False,"[{""rank"": 1, ""document"": ""gao-16-885t.pdf"", ""page"": 13, ""distance"": 0.6618627309799194}, {""rank"": 2, ""document"": ""gao-16-885t.pdf"", ""page"": 2, ""distance"": 0.7311269640922546}, {""rank"": 3, ""document"": ""gao-23-105480.pdf"", ""page"": 41, ""distance"": 0.7701976895332336}, {""rank"": 4, ""document"": ""gao-16-885t.pdf"", ""page"": 5, ""distance"": 0.7767281532287598}]",0.0143034000066109
EQ006,By about what percentage did cyber incidents affecting federal agencies grow from fiscal year 2006 to 2015?,"They grew by about 1,300 percent.",GAO-16-885T,PDF p. 2,5,False,"[{""rank"": 1, ""document"": ""gao-16-885t.pdf"", ""page"": 13, ""distance"": 0.6618627309799194}, {""rank"": 2, ""document"": ""gao-16-885t.pdf"", ""page"": 2, ""distance"": 0.7311269640922546}, {""rank"": 3, ""document"": ""gao-23-105480.pdf"", ""page"": 41, ""distance"": 0.7701976895332336}, {""rank"": 4, ""document"": ""gao-16-885t.pdf"", ""page"": 5, ""distance"": 0.7767281532287598}, {""rank"": 5, ""document"": ""d24105658.pdf"", ""page"": 10, ""distance"": 0.7838598489761353}]",0.012561099953018129
EQ006,By about what percentage did cyber incidents affecting federal agencies grow from fiscal year 2006 to 2015?,"They grew by about 1,300 percent.",GAO-16-885T,PDF p. 2,6,False,"[{""rank"": 1, ""document"": ""gao-16-885t.pdf"", ""page"": 13, ""distance"": 0.6618627309799194}, {""rank"": 2, ""document"": ""gao-16-885t.pdf"", ""page"": 2, ""distance"": 0.7311269640922546}, {""rank"": 3, ""document"": ""gao-23-105480.pdf"", ""page"": 41, ""distance"": 0.7701976895332336}, {""rank"": 4, ""document"": ""gao-16-885t.pdf"", ""page"": 5, ""distance"": 0.7767281532287598}, {""rank"": 5, ""document"": ""d24105658.pdf"", ""page"": 10, ""distance"": 0.7838598489761353}, {""rank"": 6, ""document"": ""d24105658.pdf"", ""page"": 7, ""distance"": 0.7850547432899475}]",0.013160700036678463
EQ006,By about what percentage did cyber incidents affecting federal agencies grow from fiscal year 2006 to 2015?,"They grew by about 1,300 percent.",GAO-16-885T,PDF p. 2,7,False,"[{""rank"": 1, ""document"": ""gao-16-885t.pdf"", ""page"": 13, ""distance"": 0.6618627309799194}, {""rank"": 2, ""document"": ""gao-16-885t.pdf"", ""page"": 2, ""distance"": 0.7311269640922546}, {""rank"": 3, ""document"": ""gao-23-105480.pdf"", ""page"": 41, ""distance"": 0.7701976895332336}, {""rank"": 4, ""document"": ""gao-16-885t.pdf"", ""page"": 5, ""distance"": 0.7767281532287598}, {""rank"": 5, ""document"": ""d24105658.pdf"", ""page"": 10, ""distance"": 0.7838598489761353}, {""rank"": 6, ""document"": ""d24105658.pdf"", ""page"": 7, ""distance"": 0.7850547432899475}, {""rank"": 7, ""document"": ""gao-24-107733.pdf"", ""page"": 2, ""distance"": 0.7860819697380066}]",0.012405799992848188
EQ006,By about what percentage did cyber incidents affecting federal agencies grow from fiscal year 2006 to 2015?,"They grew by about 1,300 percent.",GAO-16-885T,PDF p. 2,8,False,"[{""rank"": 1, ""document"": ""gao-16-885t.pdf"", ""page"": 13, ""distance"": 0.6618627309799194}, {""rank"": 2, ""document"": ""gao-16-885t.pdf"", ""page"": 2, ""distance"": 0.7311269640922546}, {""rank"": 3, ""document"": ""gao-23-105480.pdf"", ""page"": 41, ""distance"": 0.7701976895332336}, {""rank"": 4, ""document"": ""gao-16-885t.pdf"", ""page"": 5, ""distance"": 0.7767281532287598}, {""rank"": 5, ""document"": ""d24105658.pdf"", ""page"": 10, ""distance"": 0.7838598489761353}, {""rank"": 6, ""document"": ""d24105658.pdf"", ""page"": 7, ""distance"": 0.7850547432899475}, {""rank"": 7, ""document"": ""gao-24-107733.pdf"", ""page"": 2, ""distance"": 0.7860819697380066}, {""rank"": 8, ""document"": ""d24105658.pdf"", ""page"": 16, ""distance"": 0.7870849370956421}]",0.011899799981620163
EQ006,By about what percentage did cyber incidents affecting federal agencies grow from fiscal year 2006 to 2015?,"They grew by about 1,300 percent.",GAO-16-885T,PDF p. 2,9,False,"[{""rank"": 1, ""document"": ""gao-16-885t.pdf"", ""page"": 13, ""distance"": 0.6618627309799194}, {""rank"": 2, ""document"": ""gao-16-885t.pdf"", ""page"": 2, ""distance"": 0.7311269640922546}, {""rank"": 3, ""document"": ""gao-23-105480.pdf"", ""page"": 41, ""distance"": 0.7701976895332336}, {""rank"": 4, ""document"": ""gao-16-885t.pdf"", ""page"": 5, ""distance"": 0.7767281532287598}, {""rank"": 5, ""document"": ""d24105658.pdf"", ""page"": 10, ""distance"": 0.7838598489761353}, {""rank"": 6, ""document"": ""d24105658.pdf"", ""page"": 7, ""distance"": 0.7850547432899475}, {""rank"": 7, ""document"": ""gao-24-107733.pdf"", ""page"": 2, ""distance"": 0.7860819697380066}, {""rank"": 8, ""document"": ""d24105658.pdf"", ""page"": 16, ""distance"": 0.7870849370956421}, {""rank"": 9, ""document"": ""gao-24-107231.pdf"", ""page"": 20, ""distance"": 0.8020930886268616}]",0.014200199977494776
EQ006,By about what percentage did cyber incidents affecting federal agencies grow from fiscal year 2006 to 2015?,"They grew by about 1,300 percent.",GAO-16-885T,PDF p. 2,10,False,"[{""rank"": 1, ""document"": ""gao-16-885t.pdf"", ""page"": 13, ""distance"": 0.6618627309799194}, {""rank"": 2, ""document"": ""gao-16-885t.pdf"", ""page"": 2, ""distance"": 0.7311269640922546}, {""rank"": 3, ""document"": ""gao-23-105480.pdf"", ""page"": 41, ""distance"": 0.7701976895332336}, {""rank"": 4, ""document"": ""gao-16-885t.pdf"", ""page"": 5, ""distance"": 0.7767281532287598}, {""rank"": 5, ""document"": ""d24105658.pdf"", ""page"": 10, ""distance"": 0.7838598489761353}, {""rank"": 6, ""document"": ""d24105658.pdf"", ""page"": 7, ""distance"": 0.7850547432899475}, {""rank"": 7, ""document"": ""gao-24-107733.pdf"", ""page"": 2, ""distance"": 0.7860819697380066}, {""rank"": 8, ""document"": ""d24105658.pdf"", ""page"": 16, ""distance"": 0.7870849370956421}, {""rank"": 9, ""document"": ""gao-24-107231.pdf"", ""page"": 20, ""distance"": 0.8020930886268616}, {""rank"": 10, ""document"": ""d24105658.pdf"", ""page"": 2, ""distance"": 0.8043712973594666}]",0.011621000012382865
EQ007,How many recommendations did GAO make to address NIH security deficiencies?,GAO made 219 recommendations: 66 for the security program and 153 for system controls.,GAO-22-104467,PDF p. 1,1,False,"[{""rank"": 1, ""document"": ""gao-22-104467-highlights.pdf"", ""page"": 1, ""distance"": 0.5603140592575073}]",0.014242100005503744
EQ007,How many recommendations did GAO make to address NIH security deficiencies?,GAO made 219 recommendations: 66 for the security program and 153 for system controls.,GAO-22-104467,PDF p. 1,2,False,"[{""rank"": 1, ""document"": ""gao-22-104467-highlights.pdf"", ""page"": 1, ""distance"": 0.5603140592575073}, {""rank"": 2, ""document"": ""gao-22-104467-highlights.pdf"", ""page"": 1, ""distance"": 0.6141515374183655}]",0.010100800020154566
EQ007,How many recommendations did GAO make to address NIH security deficiencies?,GAO made 219 recommendations: 66 for the security program and 153 for system controls.,GAO-22-104467,PDF p. 1,3,False,"[{""rank"": 1, ""document"": ""gao-22-104467-highlights.pdf"", ""page"": 1, ""distance"": 0.5603140592575073}, {""rank"": 2, ""document"": ""gao-22-104467-highlights.pdf"", ""page"": 1, ""distance"": 0.6141515374183655}, {""rank"": 3, ""document"": ""gao-16-885t.pdf"", ""page"": 2, ""distance"": 0.8155490756034851}]",0.011883700033649802
EQ007,How many recommendations did GAO make to address NIH security deficiencies?,GAO made 219 recommendations: 66 for the security program and 153 for system controls.,GAO-22-104467,PDF p. 1,4,False,"[{""rank"": 1, ""document"": ""gao-22-104467-highlights.pdf"", ""page"": 1, ""distance"": 0.5603140592575073}, {""rank"": 2, ""document"": ""gao-22-104467-highlights.pdf"", ""page"": 1, ""distance"": 0.6141515374183655}, {""rank"": 3, ""document"": ""gao-16-885t.pdf"", ""page"": 2, ""distance"": 0.8155490756034851}, {""rank"": 4, ""document"": ""gao-24-107231.pdf"", ""page"": 15, ""distance"": 0.9092814326286316}]",0.015836100035812706
EQ007,How many recommendations did GAO make to address NIH security deficiencies?,GAO made 219 recommendations: 66 for the security program and 153 for system controls.,GAO-22-104467,PDF p. 1,5,False,"[{""rank"": 1, ""document"": ""gao-22-104467-highlights.pdf"", ""page"": 1, ""distance"": 0.5603140592575073}, {""rank"": 2, ""document"": ""gao-22-104467-highlights.pdf"", ""page"": 1, ""distance"": 0.6141515374183655}, {""rank"": 3, ""document"": ""gao-16-885t.pdf"", ""page"": 2, ""distance"": 0.8155490756034851}, {""rank"": 4, ""document"": ""gao-24-107231.pdf"", ""page"": 15, ""distance"": 0.9092814326286316}, {""rank"": 5, ""document"": ""gao-24-107231-highlights.pdf"", ""page"": 1, ""distance"": 0.9335328340530396}]",0.012193400005344301
EQ007,How many recommendations did GAO make to address NIH security deficiencies?,GAO made 219 recommendations: 66 for the security program and 153 for system controls.,GAO-22-104467,PDF p. 1,6,False,"[{""rank"": 1, ""document"": ""gao-22-104467-highlights.pdf"", ""page"": 1, ""distance"": 0.5603140592575073}, {""rank"": 2, ""document"": ""gao-22-104467-highlights.pdf"", ""page"": 1, ""distance"": 0.6141515374183655}, {""rank"": 3, ""document"": ""gao-16-885t.pdf"", ""page"": 2, ""distance"": 0.8155490756034851}, {""rank"": 4, ""document"": ""gao-24-107231.pdf"", ""page"": 15, ""distance"": 0.9092814326286316}, {""rank"": 5, ""document"": ""gao-24-107231-highlights.pdf"", ""page"": 1, ""distance"": 0.9335328340530396}, {""rank"": 6, ""document"": ""gao-24-107231.pdf"", ""page"": 2, ""distance"": 0.9335328340530396}]",0.011396899993997067
EQ007,How many recommendations did GAO make to address NIH security deficiencies?,GAO made 219 recommendations: 66 for the security program and 153 for system controls.,GAO-22-104467,PDF p. 1,7,False,"[{""rank"": 1, ""document"": ""gao-22-104467-highlights.pdf"", ""page"": 1, ""distance"": 0.5603140592575073}, {""rank"": 2, ""document"": ""gao-22-104467-highlights.pdf"", ""page"": 1, ""distance"": 0.6141515374183655}, {""rank"": 3, ""document"": ""gao-16-885t.pdf"", ""page"": 2, ""distance"": 0.8155490756034851}, {""rank"": 4, ""document"": ""gao-24-107231.pdf"", ""page"": 15, ""distance"": 0.9092814326286316}, {""rank"": 5, ""document"": ""gao-24-107231-highlights.pdf"", ""page"": 1, ""distance"": 0.9335328340530396}, {""rank"": 6, ""document"": ""gao-24-107231.pdf"", ""page"": 2, ""distance"": 0.9335328340530396}, {""rank"": 7, ""document"": ""gao-24-107231.pdf"", ""page"": 25, ""distance"": 0.9547346830368042}]",0.012782700010575354
EQ007,How many recommendations did GAO make to address NIH security deficiencies?,GAO made 219 recommendations: 66 for the security program and 153 for system controls.,GAO-22-104467,PDF p. 1,8,False,"[{""rank"": 1, ""document"": ""gao-22-104467-highlights.pdf"", ""page"": 1, ""distance"": 0.5603140592575073}, {""rank"": 2, ""document"": ""gao-22-104467-highlights.pdf"", ""page"": 1, ""distance"": 0.6141515374183655}, {""rank"": 3, ""document"": ""gao-16-885t.pdf"", ""page"": 2, ""distance"": 0.8155490756034851}, {""rank"": 4, ""document"": ""gao-24-107231.pdf"", ""page"": 15, ""distance"": 0.9092814326286316}, {""rank"": 5, ""document"": ""gao-24-107231-highlights.pdf"", ""page"": 1, ""distance"": 0.9335328340530396}, {""rank"": 6, ""document"": ""gao-24-107231.pdf"", ""page"": 2, ""distance"": 0.9335328340530396}, {""rank"": 7, ""document"": ""gao-24-107231.pdf"", ""page"": 25, ""distance"": 0.9547346830368042}, {""rank"": 8, ""document"": ""gao-23-105480.pdf"", ""page"": 54, ""distance"": 0.9641777873039246}]",0.012624899973161519
EQ007,How many recommendations did GAO make to address NIH security deficiencies?,GAO made 219 recommendations: 66 for the security program and 153 for system controls.,GAO-22-104467,PDF p. 1,9,False,"[{""rank"": 1, ""document"": ""gao-22-104467-highlights.pdf"", ""page"": 1, ""distance"": 0.5603140592575073}, {""rank"": 2, ""document"": ""gao-22-104467-highlights.pdf"", ""page"": 1, ""distance"": 0.6141515374183655}, {""rank"": 3, ""document"": ""gao-16-885t.pdf"", ""page"": 2, ""distance"": 0.8155490756034851}, {""rank"": 4, ""document"": ""gao-24-107231.pdf"", ""page"": 15, ""distance"": 0.9092814326286316}, {""rank"": 5, ""document"": ""gao-24-107231-highlights.pdf"", ""page"": 1, ""distance"": 0.9335328340530396}, {""rank"": 6, ""document"": ""gao-24-107231.pdf"", ""page"": 2, ""distance"": 0.9335328340530396}, {""rank"": 7, ""document"": ""gao-24-107231.pdf"", ""page"": 25, ""distance"": 0.9547346830368042}, {""rank"": 8, ""document"": ""gao-23-105480.pdf"", ""page"": 54, ""distance"": 0.9641777873039246}, {""rank"": 9, ""document"": ""gao-26-900644.pdf"", ""page"": 57, ""distance"": 0.9753619432449341}]",0.010584900039248168
EQ007,How many recommendations did GAO make to address NIH security deficiencies?,GAO made 219 recommendations: 66 for the security program and 153 for system controls.,GAO-22-104467,PDF p. 1,10,False,"[{""rank"": 1, ""document"": ""gao-22-104467-highlights.pdf"", ""page"": 1, ""distance"": 0.5603140592575073}, {""rank"": 2, ""document"": ""gao-22-104467-highlights.pdf"", ""page"": 1, ""distance"": 0.6141515374183655}, {""rank"": 3, ""document"": ""gao-16-885t.pdf"", ""page"": 2, ""distance"": 0.8155490756034851}, {""rank"": 4, ""document"": ""gao-24-107231.pdf"", ""page"": 15, ""distance"": 0.9092814326286316}, {""rank"": 5, ""document"": ""gao-24-107231-highlights.pdf"", ""page"": 1, ""distance"": 0.9335328340530396}, {""rank"": 6, ""document"": ""gao-24-107231.pdf"", ""page"": 2, ""distance"": 0.9335328340530396}, {""rank"": 7, ""document"": ""gao-24-107231.pdf"", ""page"": 25, ""distance"": 0.9547346830368042}, {""rank"": 8, ""document"": ""gao-23-105480.pdf"", ""page"": 54, ""distance"": 0.9641777873039246}, {""rank"": 9, ""document"": ""gao-26-900644.pdf"", ""page"": 57, ""distance"": 0.9753619432449341}, {""rank"": 10, ""document"": ""gao-26-900644.pdf"", ""page"": 107, ""distance"": 0.9794964790344238}]",0.012707099958788604
EQ008,How long did officials say K-12 learning loss after a cyberattack could last?,Reported loss of learning ranged from 3 days to 3 weeks.,GAO-23-105480,PDF p. 2,1,False,"[{""rank"": 1, ""document"": ""gao-23-105480.pdf"", ""page"": 2, ""distance"": 0.7990372776985168}]",0.014047899981960654
EQ008,How long did officials say K-12 learning loss after a cyberattack could last?,Reported loss of learning ranged from 3 days to 3 weeks.,GAO-23-105480,PDF p. 2,2,False,"[{""rank"": 1, ""document"": ""gao-23-105480.pdf"", ""page"": 2, ""distance"": 0.7990372776985168}, {""rank"": 2, ""document"": ""gao-23-105480.pdf"", ""page"": 16, ""distance"": 0.8185638189315796}]",0.012039900000672787
EQ008,How long did officials say K-12 learning loss after a cyberattack could last?,Reported loss of learning ranged from 3 days to 3 weeks.,GAO-23-105480,PDF p. 2,3,False,"[{""rank"": 1, ""document"": ""gao-23-105480.pdf"", ""page"": 2, ""distance"": 0.7990372776985168}, {""rank"": 2, ""document"": ""gao-23-105480.pdf"", ""page"": 16, ""distance"": 0.8185638189315796}, {""rank"": 3, ""document"": ""gao-23-105480.pdf"", ""page"": 19, ""distance"": 0.8463289737701416}]",0.012280599970836192
EQ008,How long did officials say K-12 learning loss after a cyberattack could last?,Reported loss of learning ranged from 3 days to 3 weeks.,GAO-23-105480,PDF p. 2,4,False,"[{""rank"": 1, ""document"": ""gao-23-105480.pdf"", ""page"": 2, ""distance"": 0.7990372776985168}, {""rank"": 2, ""document"": ""gao-23-105480.pdf"", ""page"": 16, ""distance"": 0.8185638189315796}, {""rank"": 3, ""document"": ""gao-23-105480.pdf"", ""page"": 19, ""distance"": 0.8463289737701416}, {""rank"": 4, ""document"": ""gao-23-105480.pdf"", ""page"": 6, ""distance"": 0.8870338201522827}]",0.011473000049591064
EQ008,How long did officials say K-12 learning loss after a cyberattack could last?,Reported loss of learning ranged from 3 days to 3 weeks.,GAO-23-105480,PDF p. 2,5,False,"[{""rank"": 1, ""document"": ""gao-23-105480.pdf"", ""page"": 2, ""distance"": 0.7990372776985168}, {""rank"": 2, ""document"": ""gao-23-105480.pdf"", ""page"": 16, ""distance"": 0.8185638189315796}, {""rank"": 3, ""document"": ""gao-23-105480.pdf"", ""page"": 19, ""distance"": 0.8463289737701416}, {""rank"": 4, ""document"": ""gao-23-105480.pdf"", ""page"": 6, ""distance"": 0.8870338201522827}, {""rank"": 5, ""document"": ""gao-23-105480.pdf"", ""page"": 4, ""distance"": 0.9076842069625854}]",0.012964699999429286
EQ008,How long did officials say K-12 learning loss after a cyberattack could last?,Reported loss of learning ranged from 3 days to 3 weeks.,GAO-23-105480,PDF p. 2,6,False,"[{""rank"": 1, ""document"": ""gao-23-105480.pdf"", ""page"": 2, ""distance"": 0.7990372776985168}, {""rank"": 2, ""document"": ""gao-23-105480.pdf"", ""page"": 16, ""distance"": 0.8185638189315796}, {""rank"": 3, ""document"": ""gao-23-105480.pdf"", ""page"": 19, ""distance"": 0.8463289737701416}, {""rank"": 4, ""document"": ""gao-23-105480.pdf"", ""page"": 6, ""distance"": 0.8870338201522827}, {""rank"": 5, ""document"": ""gao-23-105480.pdf"", ""page"": 4, ""distance"": 0.9076842069625854}, {""rank"": 6, ""document"": ""gao-23-105480.pdf"", ""page"": 7, ""distance"": 0.9198212623596191}]",0.012583500007167459
EQ008,How long did officials say K-12 learning loss after a cyberattack could last?,Reported loss of learning ranged from 3 days to 3 weeks.,GAO-23-105480,PDF p. 2,7,False,"[{""rank"": 1, ""document"": ""gao-23-105480.pdf"", ""page"": 2, ""distance"": 0.7990372776985168}, {""rank"": 2, ""document"": ""gao-23-105480.pdf"", ""page"": 16, ""distance"": 0.8185638189315796}, {""rank"": 3, ""document"": ""gao-23-105480.pdf"", ""page"": 19, ""distance"": 0.8463289737701416}, {""rank"": 4, ""document"": ""gao-23-105480.pdf"", ""page"": 6, ""distance"": 0.8870338201522827}, {""rank"": 5, ""document"": ""gao-23-105480.pdf"", ""page"": 4, ""distance"": 0.9076842069625854}, {""rank"": 6, ""document"": ""gao-23-105480.pdf"", ""page"": 7, ""distance"": 0.9198212623596191}, {""rank"": 7, ""document"": ""gao-23-105480.pdf"", ""page"": 2, ""distance"": 0.9211678504943848}]",0.01200980000430718
EQ008,How long did officials say K-12 learning loss after a cyberattack could last?,Reported loss of learning ranged from 3 days to 3 weeks.,GAO-23-105480,PDF p. 2,8,False,"[{""rank"": 1, ""document"": ""gao-23-105480.pdf"", ""page"": 2, ""distance"": 0.7990372776985168}, {""rank"": 2, ""document"": ""gao-23-105480.pdf"", ""page"": 16, ""distance"": 0.8185638189315796}, {""rank"": 3, ""document"": ""gao-23-105480.pdf"", ""page"": 19, ""distance"": 0.8463289737701416}, {""rank"": 4, ""document"": ""gao-23-105480.pdf"", ""page"": 6, ""distance"": 0.8870338201522827}, {""rank"": 5, ""document"": ""gao-23-105480.pdf"", ""page"": 4, ""distance"": 0.9076842069625854}, {""rank"": 6, ""document"": ""gao-23-105480.pdf"", ""page"": 7, ""distance"": 0.9198212623596191}, {""rank"": 7, ""document"": ""gao-23-105480.pdf"", ""page"": 2, ""distance"": 0.9211678504943848}, {""rank"": 8, ""document"": ""gao-23-105480.pdf"", ""page"": 31, ""distance"": 0.932624340057373}]",0.011713199957739562
EQ008,How long did officials say K-12 learning loss after a cyberattack could last?,Reported loss of learning ranged from 3 days to 3 weeks.,GAO-23-105480,PDF p. 2,9,False,"[{""rank"": 1, ""document"": ""gao-23-105480.pdf"", ""page"": 2, ""distance"": 0.7990372776985168}, {""rank"": 2, ""document"": ""gao-23-105480.pdf"", ""page"": 16, ""distance"": 0.8185638189315796}, {""rank"": 3, ""document"": ""gao-23-105480.pdf"", ""page"": 19, ""distance"": 0.8463289737701416}, {""rank"": 4, ""document"": ""gao-23-105480.pdf"", ""page"": 6, ""distance"": 0.8870338201522827}, {""rank"": 5, ""document"": ""gao-23-105480.pdf"", ""page"": 4, ""distance"": 0.9076842069625854}, {""rank"": 6, ""document"": ""gao-23-105480.pdf"", ""page"": 7, ""distance"": 0.9198212623596191}, {""rank"": 7, ""document"": ""gao-23-105480.pdf"", ""page"": 2, ""distance"": 0.9211678504943848}, {""rank"": 8, ""document"": ""gao-23-105480.pdf"", ""page"": 31, ""distance"": 0.932624340057373}, {""rank"": 9, ""document"": ""gao-23-105480.pdf"", ""page"": 22, ""distance"": 0.933775007724762}]",0.011526699992828071
EQ008,How long did officials say K-12 learning loss after a cyberattack could last?,Reported loss of learning ranged from 3 days to 3 weeks.,GAO-23-105480,PDF p. 2,10,False,"[{""rank"": 1, ""document"": ""gao-23-105480.pdf"", ""page"": 2, ""distance"": 0.7990372776985168}, {""rank"": 2, ""document"": ""gao-23-105480.pdf"", ""page"": 16, ""distance"": 0.8185638189315796}, {""rank"": 3, ""document"": ""gao-23-105480.pdf"", ""page"": 19, ""distance"": 0.8463289737701416}, {""rank"": 4, ""document"": ""gao-23-105480.pdf"", ""page"": 6, ""distance"": 0.8870338201522827}, {""rank"": 5, ""document"": ""gao-23-105480.pdf"", ""page"": 4, ""distance"": 0.9076842069625854}, {""rank"": 6, ""document"": ""gao-23-105480.pdf"", ""page"": 7, ""distance"": 0.9198212623596191}, {""rank"": 7, ""document"": ""gao-23-105480.pdf"", ""page"": 2, ""distance"": 0.9211678504943848}, {""rank"": 8, ""document"": ""gao-23-105480.pdf"", ""page"": 31, ""distance"": 0.932624340057373}, {""rank"": 9, ""document"": ""gao-23-105480.pdf"", ""page"": 22, ""distance"": 0.933775007724762}, {""rank"": 10, ""document"": ""gao-23-105480.pdf"", ""page"": 18, ""distance"": 0.9410331845283508}]",0.0147374999942258
EQ009,How many cybersecurity challenges did GAO identify in its 2018 high-risk work?,GAO identified four major cybersecurity challenges.,GAO-24-107231,PDF p. 2,1,False,"[{""rank"": 1, ""document"": ""gao-24-107231.pdf"", ""page"": 6, ""distance"": 0.41849079728126526}]",0.01384709996636957
EQ009,How many cybersecurity challenges did GAO identify in its 2018 high-risk work?,GAO identified four major cybersecurity challenges.,GAO-24-107231,PDF p. 2,2,False,"[{""rank"": 1, ""document"": ""gao-24-107231.pdf"", ""page"": 6, ""distance"": 0.41849079728126526}, {""rank"": 2, ""document"": ""gao-24-107231-highlights.pdf"", ""page"": 1, ""distance"": 0.4277621805667877}]",0.013264400011394173
EQ009,How many cybersecurity challenges did GAO identify in its 2018 high-risk work?,GAO identified four major cybersecurity challenges.,GAO-24-107231,PDF p. 2,3,False,"[{""rank"": 1, ""document"": ""gao-24-107231.pdf"", ""page"": 6, ""distance"": 0.41849079728126526}, {""rank"": 2, ""document"": ""gao-24-107231-highlights.pdf"", ""page"": 1, ""distance"": 0.4277621805667877}, {""rank"": 3, ""document"": ""gao-24-107231.pdf"", ""page"": 2, ""distance"": 0.4277621805667877}]",0.010937599989119917
EQ009,How many cybersecurity challenges did GAO identify in its 2018 high-risk work?,GAO identified four major cybersecurity challenges.,GAO-24-107231,PDF p. 2,4,False,"[{""rank"": 1, ""document"": ""gao-24-107231.pdf"", ""page"": 6, ""distance"": 0.41849079728126526}, {""rank"": 2, ""document"": ""gao-24-107231-highlights.pdf"", ""page"": 1, ""distance"": 0.4277621805667877}, {""rank"": 3, ""document"": ""gao-24-107231.pdf"", ""page"": 2, ""distance"": 0.4277621805667877}, {""rank"": 4, ""document"": ""gao-24-107231.pdf"", ""page"": 15, ""distance"": 0.44047170877456665}]",0.013477900007274002
EQ009,How many cybersecurity challenges did GAO identify in its 2018 high-risk work?,GAO identified four major cybersecurity challenges.,GAO-24-107231,PDF p. 2,5,False,"[{""rank"": 1, ""document"": ""gao-24-107231.pdf"", ""page"": 6, ""distance"": 0.41849079728126526}, {""rank"": 2, ""document"": ""gao-24-107231-highlights.pdf"", ""page"": 1, ""distance"": 0.4277621805667877}, {""rank"": 3, ""document"": ""gao-24-107231.pdf"", ""page"": 2, ""distance"": 0.4277621805667877}, {""rank"": 4, ""document"": ""gao-24-107231.pdf"", ""page"": 15, ""distance"": 0.44047170877456665}, {""rank"": 5, ""document"": ""gao-24-107231.pdf"", ""page"": 31, ""distance"": 0.5138279795646667}]",0.010917300009168684
EQ009,How many cybersecurity challenges did GAO identify in its 2018 high-risk work?,GAO identified four major cybersecurity challenges.,GAO-24-107231,PDF p. 2,6,False,"[{""rank"": 1, ""document"": ""gao-24-107231.pdf"", ""page"": 6, ""distance"": 0.41849079728126526}, {""rank"": 2, ""document"": ""gao-24-107231-highlights.pdf"", ""page"": 1, ""distance"": 0.4277621805667877}, {""rank"": 3, ""document"": ""gao-24-107231.pdf"", ""page"": 2, ""distance"": 0.4277621805667877}, {""rank"": 4, ""document"": ""gao-24-107231.pdf"", ""page"": 15, ""distance"": 0.44047170877456665}, {""rank"": 5, ""document"": ""gao-24-107231.pdf"", ""page"": 31, ""distance"": 0.5138279795646667}, {""rank"": 6, ""document"": ""gao-24-107231-highlights.pdf"", ""page"": 1, ""distance"": 0.5286531448364258}]",0.01148089999333024
EQ009,How many cybersecurity challenges did GAO identify in its 2018 high-risk work?,GAO identified four major cybersecurity challenges.,GAO-24-107231,PDF p. 2,7,False,"[{""rank"": 1, ""document"": ""gao-24-107231.pdf"", ""page"": 6, ""distance"": 0.41849079728126526}, {""rank"": 2, ""document"": ""gao-24-107231-highlights.pdf"", ""page"": 1, ""distance"": 0.4277621805667877}, {""rank"": 3, ""document"": ""gao-24-107231.pdf"", ""page"": 2, ""distance"": 0.4277621805667877}, {""rank"": 4, ""document"": ""gao-24-107231.pdf"", ""page"": 15, ""distance"": 0.44047170877456665}, {""rank"": 5, ""document"": ""gao-24-107231.pdf"", ""page"": 31, ""distance"": 0.5138279795646667}, {""rank"": 6, ""document"": ""gao-24-107231-highlights.pdf"", ""page"": 1, ""distance"": 0.5286531448364258}, {""rank"": 7, ""document"": ""gao-24-107231.pdf"", ""page"": 2, ""distance"": 0.5286531448364258}]",0.012617599975783378
EQ009,How many cybersecurity challenges did GAO identify in its 2018 high-risk work?,GAO identified four major cybersecurity challenges.,GAO-24-107231,PDF p. 2,8,False,"[{""rank"": 1, ""document"": ""gao-24-107231.pdf"", ""page"": 6, ""distance"": 0.41849079728126526}, {""rank"": 2, ""document"": ""gao-24-107231-highlights.pdf"", ""page"": 1, ""distance"": 0.4277621805667877}, {""rank"": 3, ""document"": ""gao-24-107231.pdf"", ""page"": 2, ""distance"": 0.4277621805667877}, {""rank"": 4, ""document"": ""gao-24-107231.pdf"", ""page"": 15, ""distance"": 0.44047170877456665}, {""rank"": 5, ""document"": ""gao-24-107231.pdf"", ""page"": 31, ""distance"": 0.5138279795646667}, {""rank"": 6, ""document"": ""gao-24-107231-highlights.pdf"", ""page"": 1, ""distance"": 0.5286531448364258}, {""rank"": 7, ""document"": ""gao-24-107231.pdf"", ""page"": 2, ""distance"": 0.5286531448364258}, {""rank"": 8, ""document"": ""gao-24-107231.pdf"", ""page"": 14, ""distance"": 0.5656160712242126}]",0.012415300006978214
EQ009,How many cybersecurity challenges did GAO identify in its 2018 high-risk work?,GAO identified four major cybersecurity challenges.,GAO-24-107231,PDF p. 2,9,False,"[{""rank"": 1, ""document"": ""gao-24-107231.pdf"", ""page"": 6, ""distance"": 0.41849079728126526}, {""rank"": 2, ""document"": ""gao-24-107231-highlights.pdf"", ""page"": 1, ""distance"": 0.4277621805667877}, {""rank"": 3, ""document"": ""gao-24-107231.pdf"", ""page"": 2, ""distance"": 0.4277621805667877}, {""rank"": 4, ""document"": ""gao-24-107231.pdf"", ""page"": 15, ""distance"": 0.44047170877456665}, {""rank"": 5, ""document"": ""gao-24-107231.pdf"", ""page"": 31, ""distance"": 0.5138279795646667}, {""rank"": 6, ""document"": ""gao-24-107231-highlights.pdf"", ""page"": 1, ""distance"": 0.5286531448364258}, {""rank"": 7, ""document"": ""gao-24-107231.pdf"", ""page"": 2, ""distance"": 0.5286531448364258}, {""rank"": 8, ""document"": ""gao-24-107231.pdf"", ""page"": 14, ""distance"": 0.5656160712242126}, {""rank"": 9, ""document"": ""gao-24-107231.pdf"", ""page"": 89, ""distance"": 0.5823087692260742}]",0.012344499991741031
EQ009,How many cybersecurity challenges did GAO identify in its 2018 high-risk work?,GAO identified four major cybersecurity challenges.,GAO-24-107231,PDF p. 2,10,False,"[{""rank"": 1, ""document"": ""gao-24-107231.pdf"", ""page"": 6, ""distance"": 0.41849079728126526}, {""rank"": 2, ""document"": ""gao-24-107231-highlights.pdf"", ""page"": 1, ""distance"": 0.4277621805667877}, {""rank"": 3, ""document"": ""gao-24-107231.pdf"", ""page"": 2, ""distance"": 0.4277621805667877}, {""rank"": 4, ""document"": ""gao-24-107231.pdf"", ""page"": 15, ""distance"": 0.44047170877456665}, {""rank"": 5, ""document"": ""gao-24-107231.pdf"", ""page"": 31, ""distance"": 0.5138279795646667}, {""rank"": 6, ""document"": ""gao-24-107231-highlights.pdf"", ""page"": 1, ""distance"": 0.5286531448364258}, {""rank"": 7, ""document"": ""gao-24-107231.pdf"", ""page"": 2, ""distance"": 0.5286531448364258}, {""rank"": 8, ""document"": ""gao-24-107231.pdf"", ""page"": 14, ""distance"": 0.5656160712242126}, {""rank"": 9, ""document"": ""gao-24-107231.pdf"", ""page"": 89, ""distance"": 0.5823087692260742}, {""rank"": 10, ""document"": ""gao-24-107231.pdf"", ""page"": 86, ""distance"": 0.5865308046340942}]",0.014347199990879744
EQ010,How many actions are described as essential within GAO's four cybersecurity challenges?,There are 10 essential actions within the four challenges.,GAO-24-107231,PDF p. 2,1,False,"[{""rank"": 1, ""document"": ""gao-24-107231-highlights.pdf"", ""page"": 1, ""distance"": 0.392322301864624}]",0.01376409997465089
EQ010,How many actions are described as essential within GAO's four cybersecurity challenges?,There are 10 essential actions within the four challenges.,GAO-24-107231,PDF p. 2,2,False,"[{""rank"": 1, ""document"": ""gao-24-107231-highlights.pdf"", ""page"": 1, ""distance"": 0.392322301864624}, {""rank"": 2, ""document"": ""gao-24-107231.pdf"", ""page"": 2, ""distance"": 0.392322301864624}]",0.01444130000891164
EQ010,How many actions are described as essential within GAO's four cybersecurity challenges?,There are 10 essential actions within the four challenges.,GAO-24-107231,PDF p. 2,3,False,"[{""rank"": 1, ""document"": ""gao-24-107231-highlights.pdf"", ""page"": 1, ""distance"": 0.392322301864624}, {""rank"": 2, ""document"": ""gao-24-107231.pdf"", ""page"": 2, ""distance"": 0.392322301864624}, {""rank"": 3, ""document"": ""gao-24-107231.pdf"", ""page"": 14, ""distance"": 0.45739415287971497}]",0.012235800037160516
EQ010,How many actions are described as essential within GAO's four cybersecurity challenges?,There are 10 essential actions within the four challenges.,GAO-24-107231,PDF p. 2,4,False,"[{""rank"": 1, ""document"": ""gao-24-107231-highlights.pdf"", ""page"": 1, ""distance"": 0.392322301864624}, {""rank"": 2, ""document"": ""gao-24-107231.pdf"", ""page"": 2, ""distance"": 0.392322301864624}, {""rank"": 3, ""document"": ""gao-24-107231.pdf"", ""page"": 14, ""distance"": 0.45739415287971497}, {""rank"": 4, ""document"": ""gao-24-107231.pdf"", ""page"": 2, ""distance"": 0.4999848008155823}]",0.013505999988410622
EQ010,How many actions are described as essential within GAO's four cybersecurity challenges?,There are 10 essential actions within the four challenges.,GAO-24-107231,PDF p. 2,5,False,"[{""rank"": 1, ""document"": ""gao-24-107231-highlights.pdf"", ""page"": 1, ""distance"": 0.392322301864624}, {""rank"": 2, ""document"": ""gao-24-107231.pdf"", ""page"": 2, ""distance"": 0.392322301864624}, {""rank"": 3, ""document"": ""gao-24-107231.pdf"", ""page"": 14, ""distance"": 0.45739415287971497}, {""rank"": 4, ""document"": ""gao-24-107231-highlights.pdf"", ""page"": 1, ""distance"": 0.4999848008155823}, {""rank"": 5, ""document"": ""gao-24-107231.pdf"", ""page"": 2, ""distance"": 0.4999848008155823}]",0.013364500016905367
EQ010,How many actions are described as essential within GAO's four cybersecurity challenges?,There are 10 essential actions within the four challenges.,GAO-24-107231,PDF p. 2,6,False,"[{""rank"": 1, ""document"": ""gao-24-107231-highlights.pdf"", ""page"": 1, ""distance"": 0.392322301864624}, {""rank"": 2, ""document"": ""gao-24-107231.pdf"", ""page"": 2, ""distance"": 0.392322301864624}, {""rank"": 3, ""document"": ""gao-24-107231.pdf"", ""page"": 14, ""distance"": 0.45739415287971497}, {""rank"": 4, ""document"": ""gao-24-107231-highlights.pdf"", ""page"": 1, ""distance"": 0.4999848008155823}, {""rank"": 5, ""document"": ""gao-24-107231.pdf"", ""page"": 2, ""distance"": 0.4999848008155823}, {""rank"": 6, ""document"": ""gao-24-107231.pdf"", ""page"": 13, ""distance"": 0.5084503293037415}]",0.011475600011181086
EQ010,How many actions are described as essential within GAO's four cybersecurity challenges?,There are 10 essential actions within the four challenges.,GAO-24-107231,PDF p. 2,7,False,"[{""rank"": 1, ""document"": ""gao-24-107231-highlights.pdf"", ""page"": 1, ""distance"": 0.392322301864624}, {""rank"": 2, ""document"": ""gao-24-107231.pdf"", ""page"": 2, ""distance"": 0.392322301864624}, {""rank"": 3, ""document"": ""gao-24-107231.pdf"", ""page"": 14, ""distance"": 0.45739415287971497}, {""rank"": 4, ""document"": ""gao-24-107231-highlights.pdf"", ""page"": 1, ""distance"": 0.4999848008155823}, {""rank"": 5, ""document"": ""gao-24-107231.pdf"", ""page"": 2, ""distance"": 0.4999848008155823}, {""rank"": 6, ""document"": ""gao-24-107231.pdf"", ""page"": 13, ""distance"": 0.5084503293037415}, {""rank"": 7, ""document"": ""gao-24-107231.pdf"", ""page"": 6, ""distance"": 0.5580302476882935}]",0.011908899992704391
EQ010,How many actions are described as essential within GAO's four cybersecurity challenges?,There are 10 essential actions within the four challenges.,GAO-24-107231,PDF p. 2,8,False,"[{""rank"": 1, ""document"": ""gao-24-107231-highlights.pdf"", ""page"": 1, ""distance"": 0.392322301864624}, {""rank"": 2, ""document"": ""gao-24-107231.pdf"", ""page"": 2, ""distance"": 0.392322301864624}, {""rank"": 3, ""document"": ""gao-24-107231.pdf"", ""page"": 14, ""distance"": 0.45739415287971497}, {""rank"": 4, ""document"": ""gao-24-107231-highlights.pdf"", ""page"": 1, ""distance"": 0.4999848008155823}, {""rank"": 5, ""document"": ""gao-24-107231.pdf"", ""page"": 2, ""distance"": 0.4999848008155823}, {""rank"": 6, ""document"": ""gao-24-107231.pdf"", ""page"": 13, ""distance"": 0.5084503293037415}, {""rank"": 7, ""document"": ""gao-24-107231.pdf"", ""page"": 6, ""distance"": 0.5580302476882935}, {""rank"": 8, ""document"": ""d24106916.pdf"", ""page"": 6, ""distance"": 0.5607525110244751}]",0.01180560002103448
EQ010,How many actions are described as essential within GAO's four cybersecurity challenges?,There are 10 essential actions within the four challenges.,GAO-24-107231,PDF p. 2,9,False,"[{""rank"": 1, ""document"": ""gao-24-107231-highlights.pdf"", ""page"": 1, ""distance"": 0.392322301864624}, {""rank"": 2, ""document"": ""gao-24-107231.pdf"", ""page"": 2, ""distance"": 0.392322301864624}, {""rank"": 3, ""document"": ""gao-24-107231.pdf"", ""page"": 14, ""distance"": 0.45739415287971497}, {""rank"": 4, ""document"": ""gao-24-107231-highlights.pdf"", ""page"": 1, ""distance"": 0.4999848008155823}, {""rank"": 5, ""document"": ""gao-24-107231.pdf"", ""page"": 2, ""distance"": 0.4999848008155823}, {""rank"": 6, ""document"": ""gao-24-107231.pdf"", ""page"": 13, ""distance"": 0.5084503293037415}, {""rank"": 7, ""document"": ""gao-24-107231.pdf"", ""page"": 6, ""distance"": 0.5580302476882935}, {""rank"": 8, ""document"": ""d24106916.pdf"", ""page"": 6, ""distance"": 0.5607525110244751}, {""rank"": 9, ""document"": ""gao-24-107231.pdf"", ""page"": 86, ""distance"": 0.5664361119270325}]",0.010199700016528368
EQ010,How many actions are described as essential within GAO's four cybersecurity challenges?,There are 10 essential actions within the four challenges.,GAO-24-107231,PDF p. 2,10,False,"[{""rank"": 1, ""document"": ""gao-24-107231-highlights.pdf"", ""page"": 1, ""distance"": 0.392322301864624}, {""rank"": 2, ""document"": ""gao-24-107231.pdf"", ""page"": 2, ""distance"": 0.392322301864624}, {""rank"": 3, ""document"": ""gao-24-107231.pdf"", ""page"": 14, ""distance"": 0.45739415287971497}, {""rank"": 4, ""document"": ""gao-24-107231-highlights.pdf"", ""page"": 1, ""distance"": 0.4999848008155823}, {""rank"": 5, ""document"": ""gao-24-107231.pdf"", ""page"": 2, ""distance"": 0.4999848008155823}, {""rank"": 6, ""document"": ""gao-24-107231.pdf"", ""page"": 13, ""distance"": 0.5084503293037415}, {""rank"": 7, ""document"": ""gao-24-107231.pdf"", ""page"": 6, ""distance"": 0.5580302476882935}, {""rank"": 8, ""document"": ""d24106916.pdf"", ""page"": 6, ""distance"": 0.5607525110244751}, {""rank"": 9, ""document"": ""gao-24-107231.pdf"", ""page"": 86, ""distance"": 0.5664361119270325}, {""rank"": 10, ""document"": ""gao-24-107231.pdf"", ""page"": 15, ""distance"": 0.5765575170516968}]",0.01312849996611476
EQ011,What was GAO's reported financial benefit from its work in fiscal year 2024?,GAO reported over $67.5 billion in financial benefits.,GAO-25-108440,PDF p. 2,1,False,"[{""rank"": 1, ""document"": ""gao-26-900644.pdf"", ""page"": 138, ""distance"": 0.5920069813728333}]",0.014843400043901056
EQ011,What was GAO's reported financial benefit from its work in fiscal year 2024?,GAO reported over $67.5 billion in financial benefits.,GAO-25-108440,PDF p. 2,2,False,"[{""rank"": 1, ""document"": ""gao-26-900644.pdf"", ""page"": 138, ""distance"": 0.5920069813728333}, {""rank"": 2, ""document"": ""gao-26-900644.pdf"", ""page"": 37, ""distance"": 0.5977105498313904}]",0.012455600022803992
EQ011,What was GAO's reported financial benefit from its work in fiscal year 2024?,GAO reported over $67.5 billion in financial benefits.,GAO-25-108440,PDF p. 2,3,False,"[{""rank"": 1, ""document"": ""gao-26-900644.pdf"", ""page"": 138, ""distance"": 0.5920069813728333}, {""rank"": 2, ""document"": ""gao-26-900644.pdf"", ""page"": 37, ""distance"": 0.5977105498313904}, {""rank"": 3, ""document"": ""gao-26-900644.pdf"", ""page"": 7, ""distance"": 0.6014998555183411}]",0.010468699969351292
EQ011,What was GAO's reported financial benefit from its work in fiscal year 2024?,GAO reported over $67.5 billion in financial benefits.,GAO-25-108440,PDF p. 2,4,False,"[{""rank"": 1, ""document"": ""gao-26-900644.pdf"", ""page"": 138, ""distance"": 0.5920069813728333}, {""rank"": 2, ""document"": ""gao-26-900644.pdf"", ""page"": 37, ""distance"": 0.5977105498313904}, {""rank"": 3, ""document"": ""gao-26-900644.pdf"", ""page"": 7, ""distance"": 0.6014998555183411}, {""rank"": 4, ""document"": ""gao-26-900644.pdf"", ""page"": 94, ""distance"": 0.620474636554718}]",0.009867099986877292
EQ011,What was GAO's reported financial benefit from its work in fiscal year 2024?,GAO reported over $67.5 billion in financial benefits.,GAO-25-108440,PDF p. 2,5,False,"[{""rank"": 1, ""document"": ""gao-26-900644.pdf"", ""page"": 138, ""distance"": 0.5920069813728333}, {""rank"": 2, ""document"": ""gao-26-900644.pdf"", ""page"": 37, ""distance"": 0.5977105498313904}, {""rank"": 3, ""document"": ""gao-26-900644.pdf"", ""page"": 7, ""distance"": 0.6014998555183411}, {""rank"": 4, ""document"": ""gao-26-900644.pdf"", ""page"": 94, ""distance"": 0.620474636554718}, {""rank"": 5, ""document"": ""gao-26-900644.pdf"", ""page"": 136, ""distance"": 0.6246687769889832}]",0.012679400038905442
EQ011,What was GAO's reported financial benefit from its work in fiscal year 2024?,GAO reported over $67.5 billion in financial benefits.,GAO-25-108440,PDF p. 2,6,False,"[{""rank"": 1, ""document"": ""gao-26-900644.pdf"", ""page"": 138, ""distance"": 0.5920069813728333}, {""rank"": 2, ""document"": ""gao-26-900644.pdf"", ""page"": 37, ""distance"": 0.5977105498313904}, {""rank"": 3, ""document"": ""gao-26-900644.pdf"", ""page"": 7, ""distance"": 0.6014998555183411}, {""rank"": 4, ""document"": ""gao-26-900644.pdf"", ""page"": 94, ""distance"": 0.620474636554718}, {""rank"": 5, ""document"": ""gao-26-900644.pdf"", ""page"": 136, ""distance"": 0.6246687769889832}, {""rank"": 6, ""document"": ""gao-26-900644.pdf"", ""page"": 87, ""distance"": 0.6248053312301636}]",0.010199700016528368
EQ011,What was GAO's reported financial benefit from its work in fiscal year 2024?,GAO reported over $67.5 billion in financial benefits.,GAO-25-108440,PDF p. 2,7,False,"[{""rank"": 1, ""document"": ""gao-26-900644.pdf"", ""page"": 138, ""distance"": 0.5920069813728333}, {""rank"": 2, ""document"": ""gao-26-900644.pdf"", ""page"": 37, ""distance"": 0.5977105498313904}, {""rank"": 3, ""document"": ""gao-26-900644.pdf"", ""page"": 7, ""distance"": 0.6014998555183411}, {""rank"": 4, ""document"": ""gao-26-900644.pdf"", ""page"": 94, ""distance"": 0.620474636554718}, {""rank"": 5, ""document"": ""gao-26-900644.pdf"", ""page"": 136, ""distance"": 0.6246687769889832}, {""rank"": 6, ""document"": ""gao-26-900644.pdf"", ""page"": 87, ""distance"": 0.6248053312301636}, {""rank"": 7, ""document"": ""gao-25-108440.pdf"", ""page"": 5, ""distance"": 0.6284400820732117}]",0.011739699984900653
EQ011,What was GAO's reported financial benefit from its work in fiscal year 2024?,GAO reported over $67.5 billion in financial benefits.,GAO-25-108440,PDF p. 2,8,False,"[{""rank"": 1, ""document"": ""gao-26-900644.pdf"", ""page"": 138, ""distance"": 0.5920069813728333}, {""rank"": 2, ""document"": ""gao-26-900644.pdf"", ""page"": 37, ""distance"": 0.5977105498313904}, {""rank"": 3, ""document"": ""gao-26-900644.pdf"", ""page"": 7, ""distance"": 0.6014998555183411}, {""rank"": 4, ""document"": ""gao-26-900644.pdf"", ""page"": 94, ""distance"": 0.620474636554718}, {""rank"": 5, ""document"": ""gao-26-900644.pdf"", ""page"": 136, ""distance"": 0.6246687769889832}, {""rank"": 6, ""document"": ""gao-26-900644.pdf"", ""page"": 87, ""distance"": 0.6248053312301636}, {""rank"": 7, ""document"": ""gao-25-108440.pdf"", ""page"": 5, ""distance"": 0.6284400820732117}, {""rank"": 8, ""document"": ""gao-26-900644.pdf"", ""page"": 55, ""distance"": 0.6300759315490723}]",0.012135600030887872
EQ011,What was GAO's reported financial benefit from its work in fiscal year 2024?,GAO reported over $67.5 billion in financial benefits.,GAO-25-108440,PDF p. 2,9,False,"[{""rank"": 1, ""document"": ""gao-26-900644.pdf"", ""page"": 138, ""distance"": 0.5920069813728333}, {""rank"": 2, ""document"": ""gao-26-900644.pdf"", ""page"": 37, ""distance"": 0.5977105498313904}, {""rank"": 3, ""document"": ""gao-26-900644.pdf"", ""page"": 7, ""distance"": 0.6014998555183411}, {""rank"": 4, ""document"": ""gao-26-900644.pdf"", ""page"": 94, ""distance"": 0.620474636554718}, {""rank"": 5, ""document"": ""gao-26-900644.pdf"", ""page"": 136, ""distance"": 0.6246687769889832}, {""rank"": 6, ""document"": ""gao-26-900644.pdf"", ""page"": 87, ""distance"": 0.6248053312301636}, {""rank"": 7, ""document"": ""gao-25-108440.pdf"", ""page"": 5, ""distance"": 0.6284400820732117}, {""rank"": 8, ""document"": ""gao-26-900644.pdf"", ""page"": 55, ""distance"": 0.6300759315490723}, {""rank"": 9, ""document"": ""gao-26-900644.pdf"", ""page"": 126, ""distance"": 0.6369128227233887}]",0.01320270000724122
EQ011,What was GAO's reported financial benefit from its work in fiscal year 2024?,GAO reported over $67.5 billion in financial benefits.,GAO-25-108440,PDF p. 2,10,False,"[{""rank"": 1, ""document"": ""gao-26-900644.pdf"", ""page"": 138, ""distance"": 0.5920069813728333}, {""rank"": 2, ""document"": ""gao-26-900644.pdf"", ""page"": 37, ""distance"": 0.5977105498313904}, {""rank"": 3, ""document"": ""gao-26-900644.pdf"", ""page"": 7, ""distance"": 0.6014998555183411}, {""rank"": 4, ""document"": ""gao-26-900644.pdf"", ""page"": 94, ""distance"": 0.620474636554718}, {""rank"": 5, ""document"": ""gao-26-900644.pdf"", ""page"": 136, ""distance"": 0.6246687769889832}, {""rank"": 6, ""document"": ""gao-26-900644.pdf"", ""page"": 87, ""distance"": 0.6248053312301636}, {""rank"": 7, ""document"": ""gao-25-108440.pdf"", ""page"": 5, ""distance"": 0.6284400820732117}, {""rank"": 8, ""document"": ""gao-26-900644.pdf"", ""page"": 55, ""distance"": 0.6300759315490723}, {""rank"": 9, ""document"": ""gao-26-900644.pdf"", ""page"": 126, ""distance"": 0.6369128227233887}, {""rank"": 10, ""document"": ""gao-26-900644.pdf"", ""page"": 66, ""distance"": 0.6460719704627991}]",0.012986700050532818
EQ012,How many Treasury auctions were held in fiscal year 2025?,"Treasury held 444 auctions of bills, notes, and bonds.",GAO-26-107529,PDF p. 2,1,False,"[{""rank"": 1, ""document"": ""gao-26-107529.pdf"", ""page"": 35, ""distance"": 0.5386741161346436}]",0.014423999993596226
EQ012,How many Treasury auctions were held in fiscal year 2025?,"Treasury held 444 auctions of bills, notes, and bonds.",GAO-26-107529,PDF p. 2,2,False,"[{""rank"": 1, ""document"": ""gao-26-107529.pdf"", ""page"": 35, ""distance"": 0.5386741161346436}, {""rank"": 2, ""document"": ""gao-26-107529.pdf"", ""page"": 2, ""distance"": 0.542351245880127}]",0.011039600009098649
EQ012,How many Treasury auctions were held in fiscal year 2025?,"Treasury held 444 auctions of bills, notes, and bonds.",GAO-26-107529,PDF p. 2,3,False,"[{""rank"": 1, ""document"": ""gao-26-107529.pdf"", ""page"": 35, ""distance"": 0.5386741161346436}, {""rank"": 2, ""document"": ""gao-26-107529.pdf"", ""page"": 2, ""distance"": 0.542351245880127}, {""rank"": 3, ""document"": ""gao-26-107529.pdf"", ""page"": 34, ""distance"": 0.5525301098823547}]",0.012214099988341331
EQ012,How many Treasury auctions were held in fiscal year 2025?,"Treasury held 444 auctions of bills, notes, and bonds.",GAO-26-107529,PDF p. 2,4,False,"[{""rank"": 1, ""document"": ""gao-26-107529.pdf"", ""page"": 35, ""distance"": 0.5386741161346436}, {""rank"": 2, ""document"": ""gao-26-107529.pdf"", ""page"": 2, ""distance"": 0.542351245880127}, {""rank"": 3, ""document"": ""gao-26-107529.pdf"", ""page"": 34, ""distance"": 0.5525301098823547}, {""rank"": 4, ""document"": ""gao-26-107529.pdf"", ""page"": 65, ""distance"": 0.5530533790588379}]",0.010795899957884103
EQ012,How many Treasury auctions were held in fiscal year 2025?,"Treasury held 444 auctions of bills, notes, and bonds.",GAO-26-107529,PDF p. 2,5,False,"[{""rank"": 1, ""document"": ""gao-26-107529.pdf"", ""page"": 35, ""distance"": 0.5386741161346436}, {""rank"": 2, ""document"": ""gao-26-107529.pdf"", ""page"": 2, ""distance"": 0.542351245880127}, {""rank"": 3, ""document"": ""gao-26-107529.pdf"", ""page"": 34, ""distance"": 0.5525301098823547}, {""rank"": 4, ""document"": ""gao-26-107529.pdf"", ""page"": 65, ""distance"": 0.5530533790588379}, {""rank"": 5, ""document"": ""gao-26-107529.pdf"", ""page"": 32, ""distance"": 0.5736336708068848}]",0.010399200022220612
EQ012,How many Treasury auctions were held in fiscal year 2025?,"Treasury held 444 auctions of bills, notes, and bonds.",GAO-26-107529,PDF p. 2,6,False,"[{""rank"": 1, ""document"": ""gao-26-107529.pdf"", ""page"": 35, ""distance"": 0.5386741161346436}, {""rank"": 2, ""document"": ""gao-26-107529.pdf"", ""page"": 2, ""distance"": 0.542351245880127}, {""rank"": 3, ""document"": ""gao-26-107529.pdf"", ""page"": 34, ""distance"": 0.5525301098823547}, {""rank"": 4, ""document"": ""gao-26-107529.pdf"", ""page"": 65, ""distance"": 0.5530533790588379}, {""rank"": 5, ""document"": ""gao-26-107529.pdf"", ""page"": 32, ""distance"": 0.5736336708068848}, {""rank"": 6, ""document"": ""gao-26-107529.pdf"", ""page"": 44, ""distance"": 0.5977716445922852}]",0.011271200026385486
EQ012,How many Treasury auctions were held in fiscal year 2025?,"Treasury held 444 auctions of bills, notes, and bonds.",GAO-26-107529,PDF p. 2,7,False,"[{""rank"": 1, ""document"": ""gao-26-107529.pdf"", ""page"": 35, ""distance"": 0.5386741161346436}, {""rank"": 2, ""document"": ""gao-26-107529.pdf"", ""page"": 2, ""distance"": 0.542351245880127}, {""rank"": 3, ""document"": ""gao-26-107529.pdf"", ""page"": 34, ""distance"": 0.5525301098823547}, {""rank"": 4, ""document"": ""gao-26-107529.pdf"", ""page"": 65, ""distance"": 0.5530533790588379}, {""rank"": 5, ""document"": ""gao-26-107529.pdf"", ""page"": 32, ""distance"": 0.5736336708068848}, {""rank"": 6, ""document"": ""gao-26-107529.pdf"", ""page"": 44, ""distance"": 0.5977716445922852}, {""rank"": 7, ""document"": ""gao-26-107529.pdf"", ""page"": 33, ""distance"": 0.6036094427108765}]",0.009956699970643967
EQ012,How many Treasury auctions were held in fiscal year 2025?,"Treasury held 444 auctions of bills, notes, and bonds.",GAO-26-107529,PDF p. 2,8,False,"[{""rank"": 1, ""document"": ""gao-26-107529.pdf"", ""page"": 35, ""distance"": 0.5386741161346436}, {""rank"": 2, ""document"": ""gao-26-107529.pdf"", ""page"": 2, ""distance"": 0.542351245880127}, {""rank"": 3, ""document"": ""gao-26-107529.pdf"", ""page"": 34, ""distance"": 0.5525301098823547}, {""rank"": 4, ""document"": ""gao-26-107529.pdf"", ""page"": 65, ""distance"": 0.5530533790588379}, {""rank"": 5, ""document"": ""gao-26-107529.pdf"", ""page"": 32, ""distance"": 0.5736336708068848}, {""rank"": 6, ""document"": ""gao-26-107529.pdf"", ""page"": 44, ""distance"": 0.5977716445922852}, {""rank"": 7, ""document"": ""gao-26-107529.pdf"", ""page"": 33, ""distance"": 0.6036094427108765}, {""rank"": 8, ""document"": ""gao-26-107529.pdf"", ""page"": 31, ""distance"": 0.6127412915229797}]",0.01102909998735413
EQ012,How many Treasury auctions were held in fiscal year 2025?,"Treasury held 444 auctions of bills, notes, and bonds.",GAO-26-107529,PDF p. 2,9,False,"[{""rank"": 1, ""document"": ""gao-26-107529.pdf"", ""page"": 35, ""distance"": 0.5386741161346436}, {""rank"": 2, ""document"": ""gao-26-107529.pdf"", ""page"": 2, ""distance"": 0.542351245880127}, {""rank"": 3, ""document"": ""gao-26-107529.pdf"", ""page"": 34, ""distance"": 0.5525301098823547}, {""rank"": 4, ""document"": ""gao-26-107529.pdf"", ""page"": 65, ""distance"": 0.5530533790588379}, {""rank"": 5, ""document"": ""gao-26-107529.pdf"", ""page"": 32, ""distance"": 0.5736336708068848}, {""rank"": 6, ""document"": ""gao-26-107529.pdf"", ""page"": 44, ""distance"": 0.5977716445922852}, {""rank"": 7, ""document"": ""gao-26-107529.pdf"", ""page"": 33, ""distance"": 0.6036094427108765}, {""rank"": 8, ""document"": ""gao-26-107529.pdf"", ""page"": 31, ""distance"": 0.6127412915229797}, {""rank"": 9, ""document"": ""gao-26-107529.pdf"", ""page"": 8, ""distance"": 0.6174191236495972}]",0.010802600008901209
EQ012,How many Treasury auctions were held in fiscal year 2025?,"Treasury held 444 auctions of bills, notes, and bonds.",GAO-26-107529,PDF p. 2,10,False,"[{""rank"": 1, ""document"": ""gao-26-107529.pdf"", ""page"": 35, ""distance"": 0.5386741161346436}, {""rank"": 2, ""document"": ""gao-26-107529.pdf"", ""page"": 2, ""distance"": 0.542351245880127}, {""rank"": 3, ""document"": ""gao-26-107529.pdf"", ""page"": 34, ""distance"": 0.5525301098823547}, {""rank"": 4, ""document"": ""gao-26-107529.pdf"", ""page"": 65, ""distance"": 0.5530533790588379}, {""rank"": 5, ""document"": ""gao-26-107529.pdf"", ""page"": 32, ""distance"": 0.5736336708068848}, {""rank"": 6, ""document"": ""gao-26-107529.pdf"", ""page"": 44, ""distance"": 0.5977716445922852}, {""rank"": 7, ""document"": ""gao-26-107529.pdf"", ""page"": 33, ""distance"": 0.6036094427108765}, {""rank"": 8, ""document"": ""gao-26-107529.pdf"", ""page"": 31, ""distance"": 0.6127412915229797}, {""rank"": 9, ""document"": ""gao-26-107529.pdf"", ""page"": 8, ""distance"": 0.6174191236495972}, {""rank"": 10, ""document"": ""gao-26-107529.pdf"", ""page"": 12, ""distance"": 0.6379072070121765}]",0.012491600005887449
EQ013,How much did Treasury borrow for government operations in fiscal year 2025?,Treasury borrowed $1.9 trillion for government operations.,GAO-26-107529,PDF p. 2,1,False,"[{""rank"": 1, ""document"": ""gao-26-107529.pdf"", ""page"": 2, ""distance"": 0.5572590827941895}]",0.013035799958743155
EQ013,How much did Treasury borrow for government operations in fiscal year 2025?,Treasury borrowed $1.9 trillion for government operations.,GAO-26-107529,PDF p. 2,2,False,"[{""rank"": 1, ""document"": ""gao-26-107529.pdf"", ""page"": 2, ""distance"": 0.5572590827941895}, {""rank"": 2, ""document"": ""gao-26-107529.pdf"", ""page"": 16, ""distance"": 0.6286062002182007}]",0.012240299955010414
EQ013,How much did Treasury borrow for government operations in fiscal year 2025?,Treasury borrowed $1.9 trillion for government operations.,GAO-26-107529,PDF p. 2,3,False,"[{""rank"": 1, ""document"": ""gao-26-107529.pdf"", ""page"": 2, ""distance"": 0.5572590827941895}, {""rank"": 2, ""document"": ""gao-26-107529.pdf"", ""page"": 16, ""distance"": 0.6286062002182007}, {""rank"": 3, ""document"": ""gao-26-107529.pdf"", ""page"": 7, ""distance"": 0.6320613622665405}]",0.013730300008319318
EQ013,How much did Treasury borrow for government operations in fiscal year 2025?,Treasury borrowed $1.9 trillion for government operations.,GAO-26-107529,PDF p. 2,4,False,"[{""rank"": 1, ""document"": ""gao-26-107529.pdf"", ""page"": 2, ""distance"": 0.5572590827941895}, {""rank"": 2, ""document"": ""gao-26-107529.pdf"", ""page"": 16, ""distance"": 0.6286062002182007}, {""rank"": 3, ""document"": ""gao-26-107529.pdf"", ""page"": 7, ""distance"": 0.6320613622665405}, {""rank"": 4, ""document"": ""gao-26-107529.pdf"", ""page"": 31, ""distance"": 0.6344989538192749}]",0.012836100009735674
EQ013,How much did Treasury borrow for government operations in fiscal year 2025?,Treasury borrowed $1.9 trillion for government operations.,GAO-26-107529,PDF p. 2,5,False,"[{""rank"": 1, ""document"": ""gao-26-107529.pdf"", ""page"": 2, ""distance"": 0.5572590827941895}, {""rank"": 2, ""document"": ""gao-26-107529.pdf"", ""page"": 16, ""distance"": 0.6286062002182007}, {""rank"": 3, ""document"": ""gao-26-107529.pdf"", ""page"": 7, ""distance"": 0.6320613622665405}, {""rank"": 4, ""document"": ""gao-26-107529.pdf"", ""page"": 31, ""distance"": 0.6344989538192749}, {""rank"": 5, ""document"": ""gao-26-107529.pdf"", ""page"": 30, ""distance"": 0.6374266743659973}]",0.012011499959044158
EQ013,How much did Treasury borrow for government operations in fiscal year 2025?,Treasury borrowed $1.9 trillion for government operations.,GAO-26-107529,PDF p. 2,6,False,"[{""rank"": 1, ""document"": ""gao-26-107529.pdf"", ""page"": 2, ""distance"": 0.5572590827941895}, {""rank"": 2, ""document"": ""gao-26-107529.pdf"", ""page"": 16, ""distance"": 0.6286062002182007}, {""rank"": 3, ""document"": ""gao-26-107529.pdf"", ""page"": 7, ""distance"": 0.6320613622665405}, {""rank"": 4, ""document"": ""gao-26-107529.pdf"", ""page"": 31, ""distance"": 0.6344989538192749}, {""rank"": 5, ""document"": ""gao-26-107529.pdf"", ""page"": 30, ""distance"": 0.6374266743659973}, {""rank"": 6, ""document"": ""gao-26-107529.pdf"", ""page"": 26, ""distance"": 0.6570698022842407}]",0.012805200007278472
EQ013,How much did Treasury borrow for government operations in fiscal year 2025?,Treasury borrowed $1.9 trillion for government operations.,GAO-26-107529,PDF p. 2,7,False,"[{""rank"": 1, ""document"": ""gao-26-107529.pdf"", ""page"": 2, ""distance"": 0.5572590827941895}, {""rank"": 2, ""document"": ""gao-26-107529.pdf"", ""page"": 16, ""distance"": 0.6286062002182007}, {""rank"": 3, ""document"": ""gao-26-107529.pdf"", ""page"": 7, ""distance"": 0.6320613622665405}, {""rank"": 4, ""document"": ""gao-26-107529.pdf"", ""page"": 31, ""distance"": 0.6344989538192749}, {""rank"": 5, ""document"": ""gao-26-107529.pdf"", ""page"": 30, ""distance"": 0.6374266743659973}, {""rank"": 6, ""document"": ""gao-26-107529.pdf"", ""page"": 26, ""distance"": 0.6570698022842407}, {""rank"": 7, ""document"": ""gao-26-107529.pdf"", ""page"": 19, ""distance"": 0.6610021591186523}]",0.010395699995569885
EQ013,How much did Treasury borrow for government operations in fiscal year 2025?,Treasury borrowed $1.9 trillion for government operations.,GAO-26-107529,PDF p. 2,8,False,"[{""rank"": 1, ""document"": ""gao-26-107529.pdf"", ""page"": 2, ""distance"": 0.5572590827941895}, {""rank"": 2, ""document"": ""gao-26-107529.pdf"", ""page"": 16, ""distance"": 0.6286062002182007}, {""rank"": 3, ""document"": ""gao-26-107529.pdf"", ""page"": 7, ""distance"": 0.6320613622665405}, {""rank"": 4, ""document"": ""gao-26-107529.pdf"", ""page"": 31, ""distance"": 0.6344989538192749}, {""rank"": 5, ""document"": ""gao-26-107529.pdf"", ""page"": 30, ""distance"": 0.6374266743659973}, {""rank"": 6, ""document"": ""gao-26-107529.pdf"", ""page"": 26, ""distance"": 0.6570698022842407}, {""rank"": 7, ""document"": ""gao-26-107529.pdf"", ""page"": 19, ""distance"": 0.6610021591186523}, {""rank"": 8, ""document"": ""gao-26-107529.pdf"", ""page"": 6, ""distance"": 0.6611883640289307}]",0.013016299984883517
EQ013,How much did Treasury borrow for government operations in fiscal year 2025?,Treasury borrowed $1.9 trillion for government operations.,GAO-26-107529,PDF p. 2,9,False,"[{""rank"": 1, ""document"": ""gao-26-107529.pdf"", ""page"": 2, ""distance"": 0.5572590827941895}, {""rank"": 2, ""document"": ""gao-26-107529.pdf"", ""page"": 16, ""distance"": 0.6286062002182007}, {""rank"": 3, ""document"": ""gao-26-107529.pdf"", ""page"": 7, ""distance"": 0.6320613622665405}, {""rank"": 4, ""document"": ""gao-26-107529.pdf"", ""page"": 31, ""distance"": 0.6344989538192749}, {""rank"": 5, ""document"": ""gao-26-107529.pdf"", ""page"": 30, ""distance"": 0.6374266743659973}, {""rank"": 6, ""document"": ""gao-26-107529.pdf"", ""page"": 26, ""distance"": 0.6570698022842407}, {""rank"": 7, ""document"": ""gao-26-107529.pdf"", ""page"": 19, ""distance"": 0.6610021591186523}, {""rank"": 8, ""document"": ""gao-26-107529.pdf"", ""page"": 6, ""distance"": 0.6611883640289307}, {""rank"": 9, ""document"": ""gao-26-107529.pdf"", ""page"": 15, ""distance"": 0.6987388134002686}]",0.012361600005533546
EQ013,How much did Treasury borrow for government operations in fiscal year 2025?,Treasury borrowed $1.9 trillion for government operations.,GAO-26-107529,PDF p. 2,10,False,"[{""rank"": 1, ""document"": ""gao-26-107529.pdf"", ""page"": 2, ""distance"": 0.5572590827941895}, {""rank"": 2, ""document"": ""gao-26-107529.pdf"", ""page"": 16, ""distance"": 0.6286062002182007}, {""rank"": 3, ""document"": ""gao-26-107529.pdf"", ""page"": 7, ""distance"": 0.6320613622665405}, {""rank"": 4, ""document"": ""gao-26-107529.pdf"", ""page"": 31, ""distance"": 0.6344989538192749}, {""rank"": 5, ""document"": ""gao-26-107529.pdf"", ""page"": 30, ""distance"": 0.6374266743659973}, {""rank"": 6, ""document"": ""gao-26-107529.pdf"", ""page"": 26, ""distance"": 0.6570698022842407}, {""rank"": 7, ""document"": ""gao-26-107529.pdf"", ""page"": 19, ""distance"": 0.6610021591186523}, {""rank"": 8, ""document"": ""gao-26-107529.pdf"", ""page"": 6, ""distance"": 0.6611883640289307}, {""rank"": 9, ""document"": ""gao-26-107529.pdf"", ""page"": 15, ""distance"": 0.6987388134002686}, {""rank"": 10, ""document"": ""gao-26-107529.pdf"", ""page"": 3, ""distance"": 0.708189070224762}]",0.012123099993914366
EQ014,How far behind schedule was the Navy's modernization of the three Zumwalt-class destroyers?,The effort was 24 months behind schedule.,GAO-26-107974,PDF p. 2,1,False,"[{""rank"": 1, ""document"": ""gao-26-107974.pdf"", ""page"": 2, ""distance"": 0.7627246975898743}]",0.0158431000309065
EQ014,How far behind schedule was the Navy's modernization of the three Zumwalt-class destroyers?,The effort was 24 months behind schedule.,GAO-26-107974,PDF p. 2,2,False,"[{""rank"": 1, ""document"": ""gao-26-107974.pdf"", ""page"": 2, ""distance"": 0.7627246975898743}, {""rank"": 2, ""document"": ""gao-26-107974.pdf"", ""page"": 3, ""distance"": 0.8020917177200317}]",0.011055300012230873
EQ014,How far behind schedule was the Navy's modernization of the three Zumwalt-class destroyers?,The effort was 24 months behind schedule.,GAO-26-107974,PDF p. 2,3,False,"[{""rank"": 1, ""document"": ""gao-26-107974.pdf"", ""page"": 2, ""distance"": 0.7627246975898743}, {""rank"": 2, ""document"": ""gao-26-107974.pdf"", ""page"": 3, ""distance"": 0.8020917177200317}, {""rank"": 3, ""document"": ""gao-26-107974.pdf"", ""page"": 13, ""distance"": 0.8439192175865173}]",0.013355600007344037
EQ014,How far behind schedule was the Navy's modernization of the three Zumwalt-class destroyers?,The effort was 24 months behind schedule.,GAO-26-107974,PDF p. 2,4,False,"[{""rank"": 1, ""document"": ""gao-26-107974.pdf"", ""page"": 2, ""distance"": 0.7627246975898743}, {""rank"": 2, ""document"": ""gao-26-107974.pdf"", ""page"": 3, ""distance"": 0.8020917177200317}, {""rank"": 3, ""document"": ""gao-26-107974.pdf"", ""page"": 13, ""distance"": 0.8439192175865173}, {""rank"": 4, ""document"": ""gao-26-107974.pdf"", ""page"": 7, ""distance"": 0.9090877175331116}]",0.013007699977606535
EQ014,How far behind schedule was the Navy's modernization of the three Zumwalt-class destroyers?,The effort was 24 months behind schedule.,GAO-26-107974,PDF p. 2,5,False,"[{""rank"": 1, ""document"": ""gao-26-107974.pdf"", ""page"": 2, ""distance"": 0.7627246975898743}, {""rank"": 2, ""document"": ""gao-26-107974.pdf"", ""page"": 3, ""distance"": 0.8020917177200317}, {""rank"": 3, ""document"": ""gao-26-107974.pdf"", ""page"": 13, ""distance"": 0.8439192175865173}, {""rank"": 4, ""document"": ""gao-26-107974.pdf"", ""page"": 7, ""distance"": 0.9090877175331116}, {""rank"": 5, ""document"": ""gao-26-107974.pdf"", ""page"": 15, ""distance"": 0.9230385422706604}]",0.011415299959480762
EQ014,How far behind schedule was the Navy's modernization of the three Zumwalt-class destroyers?,The effort was 24 months behind schedule.,GAO-26-107974,PDF p. 2,6,False,"[{""rank"": 1, ""document"": ""gao-26-107974.pdf"", ""page"": 2, ""distance"": 0.7627246975898743}, {""rank"": 2, ""document"": ""gao-26-107974.pdf"", ""page"": 3, ""distance"": 0.8020917177200317}, {""rank"": 3, ""document"": ""gao-26-107974.pdf"", ""page"": 13, ""distance"": 0.8439192175865173}, {""rank"": 4, ""document"": ""gao-26-107974.pdf"", ""page"": 7, ""distance"": 0.9090877175331116}, {""rank"": 5, ""document"": ""gao-26-107974.pdf"", ""page"": 15, ""distance"": 0.9230385422706604}, {""rank"": 6, ""document"": ""gao-26-107974.pdf"", ""page"": 25, ""distance"": 0.962148129940033}]",0.01287970005068928
EQ014,How far behind schedule was the Navy's modernization of the three Zumwalt-class destroyers?,The effort was 24 months behind schedule.,GAO-26-107974,PDF p. 2,7,False,"[{""rank"": 1, ""document"": ""gao-26-107974.pdf"", ""page"": 2, ""distance"": 0.7627246975898743}, {""rank"": 2, ""document"": ""gao-26-107974.pdf"", ""page"": 3, ""distance"": 0.8020917177200317}, {""rank"": 3, ""document"": ""gao-26-107974.pdf"", ""page"": 13, ""distance"": 0.8439192175865173}, {""rank"": 4, ""document"": ""gao-26-107974.pdf"", ""page"": 7, ""distance"": 0.9090877175331116}, {""rank"": 5, ""document"": ""gao-26-107974.pdf"", ""page"": 15, ""distance"": 0.9230385422706604}, {""rank"": 6, ""document"": ""gao-26-107974.pdf"", ""page"": 25, ""distance"": 0.962148129940033}, {""rank"": 7, ""document"": ""gao-26-107974.pdf"", ""page"": 8, ""distance"": 1.0047069787979126}]",0.013993399974424392
EQ014,How far behind schedule was the Navy's modernization of the three Zumwalt-class destroyers?,The effort was 24 months behind schedule.,GAO-26-107974,PDF p. 2,8,False,"[{""rank"": 1, ""document"": ""gao-26-107974.pdf"", ""page"": 2, ""distance"": 0.7627246975898743}, {""rank"": 2, ""document"": ""gao-26-107974.pdf"", ""page"": 3, ""distance"": 0.8020917177200317}, {""rank"": 3, ""document"": ""gao-26-107974.pdf"", ""page"": 13, ""distance"": 0.8439192175865173}, {""rank"": 4, ""document"": ""gao-26-107974.pdf"", ""page"": 7, ""distance"": 0.9090877175331116}, {""rank"": 5, ""document"": ""gao-26-107974.pdf"", ""page"": 15, ""distance"": 0.9230385422706604}, {""rank"": 6, ""document"": ""gao-26-107974.pdf"", ""page"": 25, ""distance"": 0.962148129940033}, {""rank"": 7, ""document"": ""gao-26-107974.pdf"", ""page"": 8, ""distance"": 1.0047069787979126}, {""rank"": 8, ""document"": ""gao-26-107974.pdf"", ""page"": 14, ""distance"": 1.0205732583999634}]",0.013693600019905716
EQ014,How far behind schedule was the Navy's modernization of the three Zumwalt-class destroyers?,The effort was 24 months behind schedule.,GAO-26-107974,PDF p. 2,9,False,"[{""rank"": 1, ""document"": ""gao-26-107974.pdf"", ""page"": 2, ""distance"": 0.7627246975898743}, {""rank"": 2, ""document"": ""gao-26-107974.pdf"", ""page"": 3, ""distance"": 0.8020917177200317}, {""rank"": 3, ""document"": ""gao-26-107974.pdf"", ""page"": 13, ""distance"": 0.8439192175865173}, {""rank"": 4, ""document"": ""gao-26-107974.pdf"", ""page"": 7, ""distance"": 0.9090877175331116}, {""rank"": 5, ""document"": ""gao-26-107974.pdf"", ""page"": 15, ""distance"": 0.9230385422706604}, {""rank"": 6, ""document"": ""gao-26-107974.pdf"", ""page"": 25, ""distance"": 0.962148129940033}, {""rank"": 7, ""document"": ""gao-26-107974.pdf"", ""page"": 8, ""distance"": 1.0047069787979126}, {""rank"": 8, ""document"": ""gao-26-107974.pdf"", ""page"": 14, ""distance"": 1.0205732583999634}, {""rank"": 9, ""document"": ""gao-26-107974.pdf"", ""page"": 24, ""distance"": 1.022459626197815}]",0.012033800012432039
EQ014,How far behind schedule was the Navy's modernization of the three Zumwalt-class destroyers?,The effort was 24 months behind schedule.,GAO-26-107974,PDF p. 2,10,False,"[{""rank"": 1, ""document"": ""gao-26-107974.pdf"", ""page"": 2, ""distance"": 0.7627246975898743}, {""rank"": 2, ""document"": ""gao-26-107974.pdf"", ""page"": 3, ""distance"": 0.8020917177200317}, {""rank"": 3, ""document"": ""gao-26-107974.pdf"", ""page"": 13, ""distance"": 0.8439192175865173}, {""rank"": 4, ""document"": ""gao-26-107974.pdf"", ""page"": 7, ""distance"": 0.9090877175331116}, {""rank"": 5, ""document"": ""gao-26-107974.pdf"", ""page"": 15, ""distance"": 0.9230385422706604}, {""rank"": 6, ""document"": ""gao-26-107974.pdf"", ""page"": 25, ""distance"": 0.962148129940033}, {""rank"": 7, ""document"": ""gao-26-107974.pdf"", ""page"": 8, ""distance"": 1.0047069787979126}, {""rank"": 8, ""document"": ""gao-26-107974.pdf"", ""page"": 14, ""distance"": 1.0205732583999634}, {""rank"": 9, ""document"": ""gao-26-107974.pdf"", ""page"": 24, ""distance"": 1.022459626197815}, {""rank"": 10, ""document"": ""gao-26-107974.pdf"", ""page"": 30, ""distance"": 1.038674235343933}]",0.012134800024796277
EQ015,What percentage of Main Street Program loans had been fully repaid as of January 2026?,"Seventy percent, or 1,277 of 1,830 loans, had been fully repaid.",GAO-26-108011,PDF p. 1,1,False,"[{""rank"": 1, ""document"": ""gao-26-108011-highlights.pdf"", ""page"": 1, ""distance"": 0.7655136585235596}]",0.012265999976079911
EQ015,What percentage of Main Street Program loans had been fully repaid as of January 2026?,"Seventy percent, or 1,277 of 1,830 loans, had been fully repaid.",GAO-26-108011,PDF p. 1,2,False,"[{""rank"": 1, ""document"": ""gao-26-108011-highlights.pdf"", ""page"": 1, ""distance"": 0.7655136585235596}, {""rank"": 2, ""document"": ""gao-26-108011-highlights.pdf"", ""page"": 1, ""distance"": 0.922817587852478}]",0.02380059997085482
EQ015,What percentage of Main Street Program loans had been fully repaid as of January 2026?,"Seventy percent, or 1,277 of 1,830 loans, had been fully repaid.",GAO-26-108011,PDF p. 1,3,False,"[{""rank"": 1, ""document"": ""gao-26-108011-highlights.pdf"", ""page"": 1, ""distance"": 0.7655136585235596}, {""rank"": 2, ""document"": ""gao-26-108011-highlights.pdf"", ""page"": 1, ""distance"": 0.922817587852478}, {""rank"": 3, ""document"": ""gao-26-900644.pdf"", ""page"": 94, ""distance"": 1.0391255617141724}]",0.013115499983541667
EQ015,What percentage of Main Street Program loans had been fully repaid as of January 2026?,"Seventy percent, or 1,277 of 1,830 loans, had been fully repaid.",GAO-26-108011,PDF p. 1,4,False,"[{""rank"": 1, ""document"": ""gao-26-108011-highlights.pdf"", ""page"": 1, ""distance"": 0.7655136585235596}, {""rank"": 2, ""document"": ""gao-26-108011-highlights.pdf"", ""page"": 1, ""distance"": 0.922817587852478}, {""rank"": 3, ""document"": ""gao-26-900644.pdf"", ""page"": 94, ""distance"": 1.0391255617141724}, {""rank"": 4, ""document"": ""gao-25-108440.pdf"", ""page"": 5, ""distance"": 1.1481791734695435}]",0.013806200004182756
EQ015,What percentage of Main Street Program loans had been fully repaid as of January 2026?,"Seventy percent, or 1,277 of 1,830 loans, had been fully repaid.",GAO-26-108011,PDF p. 1,5,False,"[{""rank"": 1, ""document"": ""gao-26-108011-highlights.pdf"", ""page"": 1, ""distance"": 0.7655136585235596}, {""rank"": 2, ""document"": ""gao-26-108011-highlights.pdf"", ""page"": 1, ""distance"": 0.922817587852478}, {""rank"": 3, ""document"": ""gao-26-900644.pdf"", ""page"": 94, ""distance"": 1.0391255617141724}, {""rank"": 4, ""document"": ""gao-25-108440.pdf"", ""page"": 5, ""distance"": 1.1481791734695435}, {""rank"": 5, ""document"": ""gao-26-900644.pdf"", ""page"": 30, ""distance"": 1.1520013809204102}]",0.012548100028652698
EQ015,What percentage of Main Street Program loans had been fully repaid as of January 2026?,"Seventy percent, or 1,277 of 1,830 loans, had been fully repaid.",GAO-26-108011,PDF p. 1,6,False,"[{""rank"": 1, ""document"": ""gao-26-108011-highlights.pdf"", ""page"": 1, ""distance"": 0.7655136585235596}, {""rank"": 2, ""document"": ""gao-26-108011-highlights.pdf"", ""page"": 1, ""distance"": 0.922817587852478}, {""rank"": 3, ""document"": ""gao-26-900644.pdf"", ""page"": 94, ""distance"": 1.0391255617141724}, {""rank"": 4, ""document"": ""gao-25-108440.pdf"", ""page"": 5, ""distance"": 1.1481791734695435}, {""rank"": 5, ""document"": ""gao-26-900644.pdf"", ""page"": 30, ""distance"": 1.1520013809204102}, {""rank"": 6, ""document"": ""gao-26-107529.pdf"", ""page"": 27, ""distance"": 1.157456636428833}]",0.010463499987963587
EQ015,What percentage of Main Street Program loans had been fully repaid as of January 2026?,"Seventy percent, or 1,277 of 1,830 loans, had been fully repaid.",GAO-26-108011,PDF p. 1,7,False,"[{""rank"": 1, ""document"": ""gao-26-108011-highlights.pdf"", ""page"": 1, ""distance"": 0.7655136585235596}, {""rank"": 2, ""document"": ""gao-26-108011-highlights.pdf"", ""page"": 1, ""distance"": 0.922817587852478}, {""rank"": 3, ""document"": ""gao-26-900644.pdf"", ""page"": 94, ""distance"": 1.0391255617141724}, {""rank"": 4, ""document"": ""gao-25-108440.pdf"", ""page"": 5, ""distance"": 1.1481791734695435}, {""rank"": 5, ""document"": ""gao-26-900644.pdf"", ""page"": 30, ""distance"": 1.1520013809204102}, {""rank"": 6, ""document"": ""gao-26-107529.pdf"", ""page"": 27, ""distance"": 1.157456636428833}, {""rank"": 7, ""document"": ""gao-23-105480.pdf"", ""page"": 35, ""distance"": 1.1582645177841187}]",0.011307900014799088
EQ015,What percentage of Main Street Program loans had been fully repaid as of January 2026?,"Seventy percent, or 1,277 of 1,830 loans, had been fully repaid.",GAO-26-108011,PDF p. 1,8,False,"[{""rank"": 1, ""document"": ""gao-26-108011-highlights.pdf"", ""page"": 1, ""distance"": 0.7655136585235596}, {""rank"": 2, ""document"": ""gao-26-108011-highlights.pdf"", ""page"": 1, ""distance"": 0.922817587852478}, {""rank"": 3, ""document"": ""gao-26-900644.pdf"", ""page"": 94, ""distance"": 1.0391255617141724}, {""rank"": 4, ""document"": ""gao-25-108440.pdf"", ""page"": 5, ""distance"": 1.1481791734695435}, {""rank"": 5, ""document"": ""gao-26-900644.pdf"", ""page"": 30, ""distance"": 1.1520013809204102}, {""rank"": 6, ""document"": ""gao-26-107529.pdf"", ""page"": 27, ""distance"": 1.157456636428833}, {""rank"": 7, ""document"": ""gao-23-105480.pdf"", ""page"": 35, ""distance"": 1.1582645177841187}, {""rank"": 8, ""document"": ""gao-26-107529.pdf"", ""page"": 31, ""distance"": 1.1694415807724}]",0.010076200007461011
EQ015,What percentage of Main Street Program loans had been fully repaid as of January 2026?,"Seventy percent, or 1,277 of 1,830 loans, had been fully repaid.",GAO-26-108011,PDF p. 1,9,False,"[{""rank"": 1, ""document"": ""gao-26-108011-highlights.pdf"", ""page"": 1, ""distance"": 0.7655136585235596}, {""rank"": 2, ""document"": ""gao-26-108011-highlights.pdf"", ""page"": 1, ""distance"": 0.922817587852478}, {""rank"": 3, ""document"": ""gao-26-900644.pdf"", ""page"": 94, ""distance"": 1.0391255617141724}, {""rank"": 4, ""document"": ""gao-25-108440.pdf"", ""page"": 5, ""distance"": 1.1481791734695435}, {""rank"": 5, ""document"": ""gao-26-900644.pdf"", ""page"": 30, ""distance"": 1.1520013809204102}, {""rank"": 6, ""document"": ""gao-26-107529.pdf"", ""page"": 27, ""distance"": 1.157456636428833}, {""rank"": 7, ""document"": ""gao-23-105480.pdf"", ""page"": 35, ""distance"": 1.1582645177841187}, {""rank"": 8, ""document"": ""gao-26-107529.pdf"", ""page"": 31, ""distance"": 1.1694415807724}, {""rank"": 9, ""document"": ""gao-26-108615.pdf"", ""page"": 29, ""distance"": 1.1767358779907227}]",0.012802799989003688
EQ015,What percentage of Main Street Program loans had been fully repaid as of January 2026?,"Seventy percent, or 1,277 of 1,830 loans, had been fully repaid.",GAO-26-108011,PDF p. 1,10,False,"[{""rank"": 1, ""document"": ""gao-26-108011-highlights.pdf"", ""page"": 1, ""distance"": 0.7655136585235596}, {""rank"": 2, ""document"": ""gao-26-108011-highlights.pdf"", ""page"": 1, ""distance"": 0.922817587852478}, {""rank"": 3, ""document"": ""gao-26-900644.pdf"", ""page"": 94, ""distance"": 1.0391255617141724}, {""rank"": 4, ""document"": ""gao-25-108440.pdf"", ""page"": 5, ""distance"": 1.1481791734695435}, {""rank"": 5, ""document"": ""gao-26-900644.pdf"", ""page"": 30, ""distance"": 1.1520013809204102}, {""rank"": 6, ""document"": ""gao-26-107529.pdf"", ""page"": 27, ""distance"": 1.157456636428833}, {""rank"": 7, ""document"": ""gao-23-105480.pdf"", ""page"": 35, ""distance"": 1.1582645177841187}, {""rank"": 8, ""document"": ""gao-26-107529.pdf"", ""page"": 31, ""distance"": 1.1694415807724}, {""rank"": 9, ""document"": ""gao-26-108615.pdf"", ""page"": 29, ""distance"": 1.1767358779907227}, {""rank"": 10, ""document"": ""gao-26-900644.pdf"", ""page"": 138, ""distance"": 1.1962974071502686}]",0.011643399950116873
EQ016,What does operational technology mean in the cybersecurity reports?,Operational technology consists of systems and devices that control physical distribution or production processes.,GAO-24-106576,PDF p. 2,1,False,"[{""rank"": 1, ""document"": ""d24106576.pdf"", ""page"": 9, ""distance"": 0.6102873682975769}]",0.01128229999449104
EQ016,What does operational technology mean in the cybersecurity reports?,Operational technology consists of systems and devices that control physical distribution or production processes.,GAO-24-106576,PDF p. 2,2,False,"[{""rank"": 1, ""document"": ""d24106576.pdf"", ""page"": 9, ""distance"": 0.6102873682975769}, {""rank"": 2, ""document"": ""d24106576.pdf"", ""page"": 45, ""distance"": 0.6203295588493347}]",0.012567700003273785
EQ016,What does operational technology mean in the cybersecurity reports?,Operational technology consists of systems and devices that control physical distribution or production processes.,GAO-24-106576,PDF p. 2,3,False,"[{""rank"": 1, ""document"": ""d24106576.pdf"", ""page"": 9, ""distance"": 0.6102873682975769}, {""rank"": 2, ""document"": ""d24106576.pdf"", ""page"": 45, ""distance"": 0.6203295588493347}, {""rank"": 3, ""document"": ""d24106576.pdf"", ""page"": 13, ""distance"": 0.7756228446960449}]",0.011847199988551438
EQ016,What does operational technology mean in the cybersecurity reports?,Operational technology consists of systems and devices that control physical distribution or production processes.,GAO-24-106576,PDF p. 2,4,False,"[{""rank"": 1, ""document"": ""d24106576.pdf"", ""page"": 9, ""distance"": 0.6102873682975769}, {""rank"": 2, ""document"": ""d24106576.pdf"", ""page"": 45, ""distance"": 0.6203295588493347}, {""rank"": 3, ""document"": ""d24106576.pdf"", ""page"": 13, ""distance"": 0.7756228446960449}, {""rank"": 4, ""document"": ""d24106576.pdf"", ""page"": 5, ""distance"": 0.7992942929267883}]",0.011320299992803484
EQ016,What does operational technology mean in the cybersecurity reports?,Operational technology consists of systems and devices that control physical distribution or production processes.,GAO-24-106576,PDF p. 2,5,False,"[{""rank"": 1, ""document"": ""d24106576.pdf"", ""page"": 9, ""distance"": 0.6102873682975769}, {""rank"": 2, ""document"": ""d24106576.pdf"", ""page"": 45, ""distance"": 0.6203295588493347}, {""rank"": 3, ""document"": ""d24106576.pdf"", ""page"": 13, ""distance"": 0.7756228446960449}, {""rank"": 4, ""document"": ""d24106576.pdf"", ""page"": 5, ""distance"": 0.7992942929267883}, {""rank"": 5, ""document"": ""d24106576.pdf"", ""page"": 12, ""distance"": 0.8008348941802979}]",0.012353900005109608
EQ016,What does operational technology mean in the cybersecurity reports?,Operational technology consists of systems and devices that control physical distribution or production processes.,GAO-24-106576,PDF p. 2,6,False,"[{""rank"": 1, ""document"": ""d24106576.pdf"", ""page"": 9, ""distance"": 0.6102873682975769}, {""rank"": 2, ""document"": ""d24106576.pdf"", ""page"": 45, ""distance"": 0.6203295588493347}, {""rank"": 3, ""document"": ""d24106576.pdf"", ""page"": 13, ""distance"": 0.7756228446960449}, {""rank"": 4, ""document"": ""d24106576.pdf"", ""page"": 5, ""distance"": 0.7992942929267883}, {""rank"": 5, ""document"": ""d24106576.pdf"", ""page"": 12, ""distance"": 0.8008348941802979}, {""rank"": 6, ""document"": ""d24106576.pdf"", ""page"": 4, ""distance"": 0.8070334196090698}]",0.011921199969947338
EQ016,What does operational technology mean in the cybersecurity reports?,Operational technology consists of systems and devices that control physical distribution or production processes.,GAO-24-106576,PDF p. 2,7,False,"[{""rank"": 1, ""document"": ""d24106576.pdf"", ""page"": 9, ""distance"": 0.6102873682975769}, {""rank"": 2, ""document"": ""d24106576.pdf"", ""page"": 45, ""distance"": 0.6203295588493347}, {""rank"": 3, ""document"": ""d24106576.pdf"", ""page"": 13, ""distance"": 0.7756228446960449}, {""rank"": 4, ""document"": ""d24106576.pdf"", ""page"": 5, ""distance"": 0.7992942929267883}, {""rank"": 5, ""document"": ""d24106576.pdf"", ""page"": 12, ""distance"": 0.8008348941802979}, {""rank"": 6, ""document"": ""d24106576.pdf"", ""page"": 4, ""distance"": 0.8070334196090698}, {""rank"": 7, ""document"": ""d24106916.pdf"", ""page"": 7, ""distance"": 0.8138495683670044}]",0.012645799957681447
EQ016,What does operational technology mean in the cybersecurity reports?,Operational technology consists of systems and devices that control physical distribution or production processes.,GAO-24-106576,PDF p. 2,8,False,"[{""rank"": 1, ""document"": ""d24106576.pdf"", ""page"": 9, ""distance"": 0.6102873682975769}, {""rank"": 2, ""document"": ""d24106576.pdf"", ""page"": 45, ""distance"": 0.6203295588493347}, {""rank"": 3, ""document"": ""d24106576.pdf"", ""page"": 13, ""distance"": 0.7756228446960449}, {""rank"": 4, ""document"": ""d24106576.pdf"", ""page"": 5, ""distance"": 0.7992942929267883}, {""rank"": 5, ""document"": ""d24106576.pdf"", ""page"": 12, ""distance"": 0.8008348941802979}, {""rank"": 6, ""document"": ""d24106576.pdf"", ""page"": 4, ""distance"": 0.8070334196090698}, {""rank"": 7, ""document"": ""d24106916.pdf"", ""page"": 7, ""distance"": 0.8138495683670044}, {""rank"": 8, ""document"": ""d24106576.pdf"", ""page"": 2, ""distance"": 0.8232873678207397}]",0.010127100045792758
EQ016,What does operational technology mean in the cybersecurity reports?,Operational technology consists of systems and devices that control physical distribution or production processes.,GAO-24-106576,PDF p. 2,9,False,"[{""rank"": 1, ""document"": ""d24106576.pdf"", ""page"": 9, ""distance"": 0.6102873682975769}, {""rank"": 2, ""document"": ""d24106576.pdf"", ""page"": 45, ""distance"": 0.6203295588493347}, {""rank"": 3, ""document"": ""d24106576.pdf"", ""page"": 13, ""distance"": 0.7756228446960449}, {""rank"": 4, ""document"": ""d24106576.pdf"", ""page"": 5, ""distance"": 0.7992942929267883}, {""rank"": 5, ""document"": ""d24106576.pdf"", ""page"": 12, ""distance"": 0.8008348941802979}, {""rank"": 6, ""document"": ""d24106576.pdf"", ""page"": 4, ""distance"": 0.8070334196090698}, {""rank"": 7, ""document"": ""d24106916.pdf"", ""page"": 7, ""distance"": 0.8138495683670044}, {""rank"": 8, ""document"": ""d24106576.pdf"", ""page"": 2, ""distance"": 0.8232873678207397}, {""rank"": 9, ""document"": ""d24106576.pdf"", ""page"": 1, ""distance"": 0.8298973441123962}]",0.012116800004150718
EQ016,What does operational technology mean in the cybersecurity reports?,Operational technology consists of systems and devices that control physical distribution or production processes.,GAO-24-106576,PDF p. 2,10,False,"[{""rank"": 1, ""document"": ""d24106576.pdf"", ""page"": 9, ""distance"": 0.6102873682975769}, {""rank"": 2, ""document"": ""d24106576.pdf"", ""page"": 45, ""distance"": 0.6203295588493347}, {""rank"": 3, ""document"": ""d24106576.pdf"", ""page"": 13, ""distance"": 0.7756228446960449}, {""rank"": 4, ""document"": ""d24106576.pdf"", ""page"": 5, ""distance"": 0.7992942929267883}, {""rank"": 5, ""document"": ""d24106576.pdf"", ""page"": 12, ""distance"": 0.8008348941802979}, {""rank"": 6, ""document"": ""d24106576.pdf"", ""page"": 4, ""distance"": 0.8070334196090698}, {""rank"": 7, ""document"": ""d24106916.pdf"", ""page"": 7, ""distance"": 0.8138495683670044}, {""rank"": 8, ""document"": ""d24106576.pdf"", ""page"": 2, ""distance"": 0.8232873678207397}, {""rank"": 9, ""document"": ""d24106576.pdf"", ""page"": 1, ""distance"": 0.8298973441123962}, {""rank"": 10, ""document"": ""d24105658.pdf"", ""page"": 47, ""distance"": 0.8384618759155273}]",0.012506499944720417
EQ017,What is endpoint detection and response in the context of the incident-response report?,It is a tool category that agencies use to support cybersecurity incident response.,GAO-24-105658,PDF p. 2,1,False,"[{""rank"": 1, ""document"": ""d24105658.pdf"", ""page"": 5, ""distance"": 0.969550371170044}]",0.01740569999674335
EQ017,What is endpoint detection and response in the context of the incident-response report?,It is a tool category that agencies use to support cybersecurity incident response.,GAO-24-105658,PDF p. 2,2,False,"[{""rank"": 1, ""document"": ""d24105658.pdf"", ""page"": 5, ""distance"": 0.969550371170044}, {""rank"": 2, ""document"": ""d24105658.pdf"", ""page"": 18, ""distance"": 0.9944550395011902}]",0.011529700015671551
EQ017,What is endpoint detection and response in the context of the incident-response report?,It is a tool category that agencies use to support cybersecurity incident response.,GAO-24-105658,PDF p. 2,3,False,"[{""rank"": 1, ""document"": ""d24105658.pdf"", ""page"": 5, ""distance"": 0.969550371170044}, {""rank"": 2, ""document"": ""d24105658.pdf"", ""page"": 18, ""distance"": 0.9944550395011902}, {""rank"": 3, ""document"": ""d24105658.pdf"", ""page"": 9, ""distance"": 1.0162556171417236}]",0.010997699981089681
EQ017,What is endpoint detection and response in the context of the incident-response report?,It is a tool category that agencies use to support cybersecurity incident response.,GAO-24-105658,PDF p. 2,4,False,"[{""rank"": 1, ""document"": ""d24105658.pdf"", ""page"": 5, ""distance"": 0.969550371170044}, {""rank"": 2, ""document"": ""d24105658.pdf"", ""page"": 18, ""distance"": 0.9944550395011902}, {""rank"": 3, ""document"": ""d24105658.pdf"", ""page"": 9, ""distance"": 1.0162556171417236}, {""rank"": 4, ""document"": ""d24105658.pdf"", ""page"": 24, ""distance"": 1.0259548425674438}]",0.013041800004430115
EQ017,What is endpoint detection and response in the context of the incident-response report?,It is a tool category that agencies use to support cybersecurity incident response.,GAO-24-105658,PDF p. 2,5,False,"[{""rank"": 1, ""document"": ""d24105658.pdf"", ""page"": 5, ""distance"": 0.969550371170044}, {""rank"": 2, ""document"": ""d24105658.pdf"", ""page"": 18, ""distance"": 0.9944550395011902}, {""rank"": 3, ""document"": ""d24105658.pdf"", ""page"": 9, ""distance"": 1.0162556171417236}, {""rank"": 4, ""document"": ""d24105658.pdf"", ""page"": 24, ""distance"": 1.0259548425674438}, {""rank"": 5, ""document"": ""d24105658.pdf"", ""page"": 3, ""distance"": 1.028062105178833}]",0.011948500003200024
EQ017,What is endpoint detection and response in the context of the incident-response report?,It is a tool category that agencies use to support cybersecurity incident response.,GAO-24-105658,PDF p. 2,6,False,"[{""rank"": 1, ""document"": ""d24105658.pdf"", ""page"": 5, ""distance"": 0.969550371170044}, {""rank"": 2, ""document"": ""d24105658.pdf"", ""page"": 18, ""distance"": 0.9944550395011902}, {""rank"": 3, ""document"": ""d24105658.pdf"", ""page"": 9, ""distance"": 1.0162556171417236}, {""rank"": 4, ""document"": ""d24105658.pdf"", ""page"": 24, ""distance"": 1.0259548425674438}, {""rank"": 5, ""document"": ""d24105658.pdf"", ""page"": 3, ""distance"": 1.028062105178833}, {""rank"": 6, ""document"": ""d24105658.pdf"", ""page"": 15, ""distance"": 1.044236183166504}]",0.01125139999203384
EQ017,What is endpoint detection and response in the context of the incident-response report?,It is a tool category that agencies use to support cybersecurity incident response.,GAO-24-105658,PDF p. 2,7,False,"[{""rank"": 1, ""document"": ""d24105658.pdf"", ""page"": 5, ""distance"": 0.969550371170044}, {""rank"": 2, ""document"": ""d24105658.pdf"", ""page"": 18, ""distance"": 0.9944550395011902}, {""rank"": 3, ""document"": ""d24105658.pdf"", ""page"": 9, ""distance"": 1.0162556171417236}, {""rank"": 4, ""document"": ""d24105658.pdf"", ""page"": 24, ""distance"": 1.0259548425674438}, {""rank"": 5, ""document"": ""d24105658.pdf"", ""page"": 3, ""distance"": 1.028062105178833}, {""rank"": 6, ""document"": ""d24105658.pdf"", ""page"": 15, ""distance"": 1.044236183166504}, {""rank"": 7, ""document"": ""d24105658.pdf"", ""page"": 25, ""distance"": 1.0629160404205322}]",0.014313099964056164
EQ017,What is endpoint detection and response in the context of the incident-response report?,It is a tool category that agencies use to support cybersecurity incident response.,GAO-24-105658,PDF p. 2,8,False,"[{""rank"": 1, ""document"": ""d24105658.pdf"", ""page"": 5, ""distance"": 0.969550371170044}, {""rank"": 2, ""document"": ""d24105658.pdf"", ""page"": 18, ""distance"": 0.9944550395011902}, {""rank"": 3, ""document"": ""d24105658.pdf"", ""page"": 9, ""distance"": 1.0162556171417236}, {""rank"": 4, ""document"": ""d24105658.pdf"", ""page"": 24, ""distance"": 1.0259548425674438}, {""rank"": 5, ""document"": ""d24105658.pdf"", ""page"": 3, ""distance"": 1.028062105178833}, {""rank"": 6, ""document"": ""d24105658.pdf"", ""page"": 15, ""distance"": 1.044236183166504}, {""rank"": 7, ""document"": ""d24105658.pdf"", ""page"": 25, ""distance"": 1.0629160404205322}, {""rank"": 8, ""document"": ""d24105658.pdf"", ""page"": 46, ""distance"": 1.0800813436508179}]",0.011056700022891164
EQ017,What is endpoint detection and response in the context of the incident-response report?,It is a tool category that agencies use to support cybersecurity incident response.,GAO-24-105658,PDF p. 2,9,False,"[{""rank"": 1, ""document"": ""d24105658.pdf"", ""page"": 5, ""distance"": 0.969550371170044}, {""rank"": 2, ""document"": ""d24105658.pdf"", ""page"": 18, ""distance"": 0.9944550395011902}, {""rank"": 3, ""document"": ""d24105658.pdf"", ""page"": 9, ""distance"": 1.0162556171417236}, {""rank"": 4, ""document"": ""d24105658.pdf"", ""page"": 24, ""distance"": 1.0259548425674438}, {""rank"": 5, ""document"": ""d24105658.pdf"", ""page"": 3, ""distance"": 1.028062105178833}, {""rank"": 6, ""document"": ""d24105658.pdf"", ""page"": 15, ""distance"": 1.044236183166504}, {""rank"": 7, ""document"": ""d24105658.pdf"", ""page"": 25, ""distance"": 1.0629160404205322}, {""rank"": 8, ""document"": ""d24105658.pdf"", ""page"": 46, ""distance"": 1.0800813436508179}, {""rank"": 9, ""document"": ""d24105658.pdf"", ""page"": 20, ""distance"": 1.0816659927368164}]",0.012682400003541261
EQ017,What is endpoint detection and response in the context of the incident-response report?,It is a tool category that agencies use to support cybersecurity incident response.,GAO-24-105658,PDF p. 2,10,False,"[{""rank"": 1, ""document"": ""d24105658.pdf"", ""page"": 5, ""distance"": 0.969550371170044}, {""rank"": 2, ""document"": ""d24105658.pdf"", ""page"": 18, ""distance"": 0.9944550395011902}, {""rank"": 3, ""document"": ""d24105658.pdf"", ""page"": 9, ""distance"": 1.0162556171417236}, {""rank"": 4, ""document"": ""d24105658.pdf"", ""page"": 24, ""distance"": 1.0259548425674438}, {""rank"": 5, ""document"": ""d24105658.pdf"", ""page"": 3, ""distance"": 1.028062105178833}, {""rank"": 6, ""document"": ""d24105658.pdf"", ""page"": 15, ""distance"": 1.044236183166504}, {""rank"": 7, ""document"": ""d24105658.pdf"", ""page"": 25, ""distance"": 1.0629160404205322}, {""rank"": 8, ""document"": ""d24105658.pdf"", ""page"": 46, ""distance"": 1.0800813436508179}, {""rank"": 9, ""document"": ""d24105658.pdf"", ""page"": 20, ""distance"": 1.0816659927368164}, {""rank"": 10, ""document"": ""d24105658.pdf"", ""page"": 17, ""distance"": 1.0891380310058594}]",0.011151799990329891
EQ018,What does cyber resiliency mean in the CrowdStrike outage snapshot?,"It is the ability to detect, mitigate, and recover from a service disruption while preserving access to vital information.",GAO-24-107733,PDF p. 2,1,False,"[{""rank"": 1, ""document"": ""gao-24-107733.pdf"", ""page"": 1, ""distance"": 0.7667023539543152}]",0.016986200003884733
EQ018,What does cyber resiliency mean in the CrowdStrike outage snapshot?,"It is the ability to detect, mitigate, and recover from a service disruption while preserving access to vital information.",GAO-24-107733,PDF p. 2,2,False,"[{""rank"": 1, ""document"": ""gao-24-107733.pdf"", ""page"": 1, ""distance"": 0.7667023539543152}, {""rank"": 2, ""document"": ""d24106576.pdf"", ""page"": 20, ""distance"": 0.8700490593910217}]",0.009972099971491843
EQ018,What does cyber resiliency mean in the CrowdStrike outage snapshot?,"It is the ability to detect, mitigate, and recover from a service disruption while preserving access to vital information.",GAO-24-107733,PDF p. 2,3,False,"[{""rank"": 1, ""document"": ""gao-24-107733.pdf"", ""page"": 1, ""distance"": 0.7667023539543152}, {""rank"": 2, ""document"": ""d24106576.pdf"", ""page"": 20, ""distance"": 0.8700490593910217}, {""rank"": 3, ""document"": ""d24106576.pdf"", ""page"": 65, ""distance"": 1.0427253246307373}]",0.013442200026474893
EQ018,What does cyber resiliency mean in the CrowdStrike outage snapshot?,"It is the ability to detect, mitigate, and recover from a service disruption while preserving access to vital information.",GAO-24-107733,PDF p. 2,4,False,"[{""rank"": 1, ""document"": ""gao-24-107733.pdf"", ""page"": 1, ""distance"": 0.7667023539543152}, {""rank"": 2, ""document"": ""d24106576.pdf"", ""page"": 20, ""distance"": 0.8700490593910217}, {""rank"": 3, ""document"": ""d24106576.pdf"", ""page"": 65, ""distance"": 1.0427253246307373}, {""rank"": 4, ""document"": ""gao-23-105480.pdf"", ""page"": 26, ""distance"": 1.073983907699585}]",0.010620899964123964
EQ018,What does cyber resiliency mean in the CrowdStrike outage snapshot?,"It is the ability to detect, mitigate, and recover from a service disruption while preserving access to vital information.",GAO-24-107733,PDF p. 2,5,False,"[{""rank"": 1, ""document"": ""gao-24-107733.pdf"", ""page"": 1, ""distance"": 0.7667023539543152}, {""rank"": 2, ""document"": ""d24106576.pdf"", ""page"": 20, ""distance"": 0.8700490593910217}, {""rank"": 3, ""document"": ""d24106576.pdf"", ""page"": 65, ""distance"": 1.0427253246307373}, {""rank"": 4, ""document"": ""gao-23-105480.pdf"", ""page"": 26, ""distance"": 1.073983907699585}, {""rank"": 5, ""document"": ""gao-24-107231.pdf"", ""page"": 20, ""distance"": 1.0863256454467773}]",0.010078400024212897
EQ018,What does cyber resiliency mean in the CrowdStrike outage snapshot?,"It is the ability to detect, mitigate, and recover from a service disruption while preserving access to vital information.",GAO-24-107733,PDF p. 2,6,False,"[{""rank"": 1, ""document"": ""gao-24-107733.pdf"", ""page"": 1, ""distance"": 0.7667023539543152}, {""rank"": 2, ""document"": ""d24106576.pdf"", ""page"": 20, ""distance"": 0.8700490593910217}, {""rank"": 3, ""document"": ""d24106576.pdf"", ""page"": 65, ""distance"": 1.0427253246307373}, {""rank"": 4, ""document"": ""gao-23-105480.pdf"", ""page"": 26, ""distance"": 1.073983907699585}, {""rank"": 5, ""document"": ""gao-24-107231.pdf"", ""page"": 20, ""distance"": 1.0863256454467773}, {""rank"": 6, ""document"": ""gao-24-107231.pdf"", ""page"": 4, ""distance"": 1.0902129411697388}]",0.012220200034789741
EQ018,What does cyber resiliency mean in the CrowdStrike outage snapshot?,"It is the ability to detect, mitigate, and recover from a service disruption while preserving access to vital information.",GAO-24-107733,PDF p. 2,7,False,"[{""rank"": 1, ""document"": ""gao-24-107733.pdf"", ""page"": 1, ""distance"": 0.7667023539543152}, {""rank"": 2, ""document"": ""d24106576.pdf"", ""page"": 20, ""distance"": 0.8700490593910217}, {""rank"": 3, ""document"": ""d24106576.pdf"", ""page"": 65, ""distance"": 1.0427253246307373}, {""rank"": 4, ""document"": ""gao-23-105480.pdf"", ""page"": 26, ""distance"": 1.073983907699585}, {""rank"": 5, ""document"": ""gao-24-107231.pdf"", ""page"": 20, ""distance"": 1.0863256454467773}, {""rank"": 6, ""document"": ""gao-24-107231-highlights.pdf"", ""page"": 3, ""distance"": 1.0902129411697388}, {""rank"": 7, ""document"": ""gao-24-107231.pdf"", ""page"": 4, ""distance"": 1.0902129411697388}]",0.011167199991177768
EQ018,What does cyber resiliency mean in the CrowdStrike outage snapshot?,"It is the ability to detect, mitigate, and recover from a service disruption while preserving access to vital information.",GAO-24-107733,PDF p. 2,8,False,"[{""rank"": 1, ""document"": ""gao-24-107733.pdf"", ""page"": 1, ""distance"": 0.7667023539543152}, {""rank"": 2, ""document"": ""d24106576.pdf"", ""page"": 20, ""distance"": 0.8700490593910217}, {""rank"": 3, ""document"": ""d24106576.pdf"", ""page"": 65, ""distance"": 1.0427253246307373}, {""rank"": 4, ""document"": ""gao-23-105480.pdf"", ""page"": 26, ""distance"": 1.073983907699585}, {""rank"": 5, ""document"": ""gao-24-107231.pdf"", ""page"": 20, ""distance"": 1.0863256454467773}, {""rank"": 6, ""document"": ""gao-24-107231-highlights.pdf"", ""page"": 3, ""distance"": 1.0902129411697388}, {""rank"": 7, ""document"": ""gao-24-107231.pdf"", ""page"": 4, ""distance"": 1.0902129411697388}, {""rank"": 8, ""document"": ""d24106576.pdf"", ""page"": 16, ""distance"": 1.1300089359283447}]",0.012457600038032979
EQ018,What does cyber resiliency mean in the CrowdStrike outage snapshot?,"It is the ability to detect, mitigate, and recover from a service disruption while preserving access to vital information.",GAO-24-107733,PDF p. 2,9,False,"[{""rank"": 1, ""document"": ""gao-24-107733.pdf"", ""page"": 1, ""distance"": 0.7667023539543152}, {""rank"": 2, ""document"": ""d24106576.pdf"", ""page"": 20, ""distance"": 0.8700490593910217}, {""rank"": 3, ""document"": ""d24106576.pdf"", ""page"": 65, ""distance"": 1.0427253246307373}, {""rank"": 4, ""document"": ""gao-23-105480.pdf"", ""page"": 26, ""distance"": 1.073983907699585}, {""rank"": 5, ""document"": ""gao-24-107231.pdf"", ""page"": 20, ""distance"": 1.0863256454467773}, {""rank"": 6, ""document"": ""gao-24-107231-highlights.pdf"", ""page"": 3, ""distance"": 1.0902129411697388}, {""rank"": 7, ""document"": ""gao-24-107231.pdf"", ""page"": 4, ""distance"": 1.0902129411697388}, {""rank"": 8, ""document"": ""d24106576.pdf"", ""page"": 16, ""distance"": 1.1300089359283447}, {""rank"": 9, ""document"": ""d24105658.pdf"", ""page"": 7, ""distance"": 1.130266547203064}]",0.011886399996001273
EQ018,What does cyber resiliency mean in the CrowdStrike outage snapshot?,"It is the ability to detect, mitigate, and recover from a service disruption while preserving access to vital information.",GAO-24-107733,PDF p. 2,10,False,"[{""rank"": 1, ""document"": ""gao-24-107733.pdf"", ""page"": 1, ""distance"": 0.7667023539543152}, {""rank"": 2, ""document"": ""d24106576.pdf"", ""page"": 20, ""distance"": 0.8700490593910217}, {""rank"": 3, ""document"": ""d24106576.pdf"", ""page"": 65, ""distance"": 1.0427253246307373}, {""rank"": 4, ""document"": ""gao-23-105480.pdf"", ""page"": 26, ""distance"": 1.073983907699585}, {""rank"": 5, ""document"": ""gao-24-107231.pdf"", ""page"": 20, ""distance"": 1.0863256454467773}, {""rank"": 6, ""document"": ""gao-24-107231-highlights.pdf"", ""page"": 3, ""distance"": 1.0902129411697388}, {""rank"": 7, ""document"": ""gao-24-107231.pdf"", ""page"": 4, ""distance"": 1.0902129411697388}, {""rank"": 8, ""document"": ""d24106576.pdf"", ""page"": 16, ""distance"": 1.1300089359283447}, {""rank"": 9, ""document"": ""d24105658.pdf"", ""page"": 7, ""distance"": 1.130266547203064}, {""rank"": 10, ""document"": ""d24105658.pdf"", ""page"": 31, ""distance"": 1.15273916721344}]",0.01250030001392588
EQ019,What is meant by an outcome-oriented performance measure in the national strategy discussion?,"It is a measure of the real result of an initiative, such as the number or dollar value of ransomware incidents disrupted.",GAO-24-106916,PDF p. 2,1,False,"[{""rank"": 1, ""document"": ""d24106916.pdf"", ""page"": 28, ""distance"": 0.8357804417610168}]",0.01295509998453781
EQ019,What is meant by an outcome-oriented performance measure in the national strategy discussion?,"It is a measure of the real result of an initiative, such as the number or dollar value of ransomware incidents disrupted.",GAO-24-106916,PDF p. 2,2,False,"[{""rank"": 1, ""document"": ""d24106916.pdf"", ""page"": 28, ""distance"": 0.8357804417610168}, {""rank"": 2, ""document"": ""gao-26-900644.pdf"", ""page"": 32, ""distance"": 0.9204536080360413}]",0.009797499980777502
EQ019,What is meant by an outcome-oriented performance measure in the national strategy discussion?,"It is a measure of the real result of an initiative, such as the number or dollar value of ransomware incidents disrupted.",GAO-24-106916,PDF p. 2,3,False,"[{""rank"": 1, ""document"": ""d24106916.pdf"", ""page"": 28, ""distance"": 0.8357804417610168}, {""rank"": 2, ""document"": ""gao-26-900644.pdf"", ""page"": 32, ""distance"": 0.9204536080360413}, {""rank"": 3, ""document"": ""gao-26-900644.pdf"", ""page"": 84, ""distance"": 1.0097672939300537}]",0.012055099999997765
EQ019,What is meant by an outcome-oriented performance measure in the national strategy discussion?,"It is a measure of the real result of an initiative, such as the number or dollar value of ransomware incidents disrupted.",GAO-24-106916,PDF p. 2,4,False,"[{""rank"": 1, ""document"": ""d24106916.pdf"", ""page"": 28, ""distance"": 0.8357804417610168}, {""rank"": 2, ""document"": ""gao-26-900644.pdf"", ""page"": 32, ""distance"": 0.9204536080360413}, {""rank"": 3, ""document"": ""gao-26-900644.pdf"", ""page"": 84, ""distance"": 1.0097672939300537}, {""rank"": 4, ""document"": ""gao-24-107231.pdf"", ""page"": 19, ""distance"": 1.0488282442092896}]",0.012560100003611296
EQ019,What is meant by an outcome-oriented performance measure in the national strategy discussion?,"It is a measure of the real result of an initiative, such as the number or dollar value of ransomware incidents disrupted.",GAO-24-106916,PDF p. 2,5,False,"[{""rank"": 1, ""document"": ""d24106916.pdf"", ""page"": 28, ""distance"": 0.8357804417610168}, {""rank"": 2, ""document"": ""gao-26-900644.pdf"", ""page"": 32, ""distance"": 0.9204536080360413}, {""rank"": 3, ""document"": ""gao-26-900644.pdf"", ""page"": 84, ""distance"": 1.0097672939300537}, {""rank"": 4, ""document"": ""gao-24-107231.pdf"", ""page"": 19, ""distance"": 1.0488282442092896}, {""rank"": 5, ""document"": ""d24106916.pdf"", ""page"": 2, ""distance"": 1.0885426998138428}]",0.013210400007665157
EQ019,What is meant by an outcome-oriented performance measure in the national strategy discussion?,"It is a measure of the real result of an initiative, such as the number or dollar value of ransomware incidents disrupted.",GAO-24-106916,PDF p. 2,6,False,"[{""rank"": 1, ""document"": ""d24106916.pdf"", ""page"": 28, ""distance"": 0.8357804417610168}, {""rank"": 2, ""document"": ""gao-26-900644.pdf"", ""page"": 32, ""distance"": 0.9204536080360413}, {""rank"": 3, ""document"": ""gao-26-900644.pdf"", ""page"": 84, ""distance"": 1.0097672939300537}, {""rank"": 4, ""document"": ""gao-24-107231.pdf"", ""page"": 19, ""distance"": 1.0488282442092896}, {""rank"": 5, ""document"": ""d24106916.pdf"", ""page"": 2, ""distance"": 1.0885426998138428}, {""rank"": 6, ""document"": ""gao-26-900644.pdf"", ""page"": 64, ""distance"": 1.0907617807388306}]",0.009585499996319413
EQ019,What is meant by an outcome-oriented performance measure in the national strategy discussion?,"It is a measure of the real result of an initiative, such as the number or dollar value of ransomware incidents disrupted.",GAO-24-106916,PDF p. 2,7,False,"[{""rank"": 1, ""document"": ""d24106916.pdf"", ""page"": 28, ""distance"": 0.8357804417610168}, {""rank"": 2, ""document"": ""gao-26-900644.pdf"", ""page"": 32, ""distance"": 0.9204536080360413}, {""rank"": 3, ""document"": ""gao-26-900644.pdf"", ""page"": 84, ""distance"": 1.0097672939300537}, {""rank"": 4, ""document"": ""gao-24-107231.pdf"", ""page"": 19, ""distance"": 1.0488282442092896}, {""rank"": 5, ""document"": ""d24106916.pdf"", ""page"": 2, ""distance"": 1.0885426998138428}, {""rank"": 6, ""document"": ""gao-26-900644.pdf"", ""page"": 64, ""distance"": 1.0907617807388306}, {""rank"": 7, ""document"": ""d24106916.pdf"", ""page"": 24, ""distance"": 1.0909738540649414}]",0.010877600056119263
EQ019,What is meant by an outcome-oriented performance measure in the national strategy discussion?,"It is a measure of the real result of an initiative, such as the number or dollar value of ransomware incidents disrupted.",GAO-24-106916,PDF p. 2,8,False,"[{""rank"": 1, ""document"": ""d24106916.pdf"", ""page"": 28, ""distance"": 0.8357804417610168}, {""rank"": 2, ""document"": ""gao-26-900644.pdf"", ""page"": 32, ""distance"": 0.9204536080360413}, {""rank"": 3, ""document"": ""gao-26-900644.pdf"", ""page"": 84, ""distance"": 1.0097672939300537}, {""rank"": 4, ""document"": ""gao-24-107231.pdf"", ""page"": 19, ""distance"": 1.0488282442092896}, {""rank"": 5, ""document"": ""d24106916.pdf"", ""page"": 2, ""distance"": 1.0885426998138428}, {""rank"": 6, ""document"": ""gao-26-900644.pdf"", ""page"": 64, ""distance"": 1.0907617807388306}, {""rank"": 7, ""document"": ""d24106916.pdf"", ""page"": 24, ""distance"": 1.0909738540649414}, {""rank"": 8, ""document"": ""gao-26-900644.pdf"", ""page"": 28, ""distance"": 1.091301441192627}]",0.012394900026265532
EQ019,What is meant by an outcome-oriented performance measure in the national strategy discussion?,"It is a measure of the real result of an initiative, such as the number or dollar value of ransomware incidents disrupted.",GAO-24-106916,PDF p. 2,9,False,"[{""rank"": 1, ""document"": ""d24106916.pdf"", ""page"": 28, ""distance"": 0.8357804417610168}, {""rank"": 2, ""document"": ""gao-26-900644.pdf"", ""page"": 32, ""distance"": 0.9204536080360413}, {""rank"": 3, ""document"": ""gao-26-900644.pdf"", ""page"": 84, ""distance"": 1.0097672939300537}, {""rank"": 4, ""document"": ""gao-24-107231.pdf"", ""page"": 19, ""distance"": 1.0488282442092896}, {""rank"": 5, ""document"": ""d24106916.pdf"", ""page"": 2, ""distance"": 1.0885426998138428}, {""rank"": 6, ""document"": ""gao-26-900644.pdf"", ""page"": 64, ""distance"": 1.0907617807388306}, {""rank"": 7, ""document"": ""d24106916.pdf"", ""page"": 24, ""distance"": 1.0909738540649414}, {""rank"": 8, ""document"": ""gao-26-900644.pdf"", ""page"": 28, ""distance"": 1.091301441192627}, {""rank"": 9, ""document"": ""gao-26-900644.pdf"", ""page"": 100, ""distance"": 1.116269826889038}]",0.010228700004518032
EQ019,What is meant by an outcome-oriented performance measure in the national strategy discussion?,"It is a measure of the real result of an initiative, such as the number or dollar value of ransomware incidents disrupted.",GAO-24-106916,PDF p. 2,10,False,"[{""rank"": 1, ""document"": ""d24106916.pdf"", ""page"": 28, ""distance"": 0.8357804417610168}, {""rank"": 2, ""document"": ""gao-26-900644.pdf"", ""page"": 32, ""distance"": 0.9204536080360413}, {""rank"": 3, ""document"": ""gao-26-900644.pdf"", ""page"": 84, ""distance"": 1.0097672939300537}, {""rank"": 4, ""document"": ""gao-24-107231.pdf"", ""page"": 19, ""distance"": 1.0488282442092896}, {""rank"": 5, ""document"": ""d24106916.pdf"", ""page"": 2, ""distance"": 1.0885426998138428}, {""rank"": 6, ""document"": ""gao-26-900644.pdf"", ""page"": 64, ""distance"": 1.0907617807388306}, {""rank"": 7, ""document"": ""d24106916.pdf"", ""page"": 24, ""distance"": 1.0909738540649414}, {""rank"": 8, ""document"": ""gao-26-900644.pdf"", ""page"": 28, ""distance"": 1.091301441192627}, {""rank"": 9, ""document"": ""gao-26-900644.pdf"", ""page"": 100, ""distance"": 1.116269826889038}, {""rank"": 10, ""document"": ""gao-26-900644.pdf"", ""page"": 4, ""distance"": 1.1169419288635254}]",0.010376200021710247
EQ020,What is a CFO Act agency in the incident-response report?,It refers to a civilian agency covered by the Chief Financial Officers Act of 1990; the report examined 23 such agencies.,GAO-24-105658,PDF p. 2,1,False,"[{""rank"": 1, ""document"": ""d24105658.pdf"", ""page"": 2, ""distance"": 0.6492069959640503}]",0.01251349999802187
EQ020,What is a CFO Act agency in the incident-response report?,It refers to a civilian agency covered by the Chief Financial Officers Act of 1990; the report examined 23 such agencies.,GAO-24-105658,PDF p. 2,2,False,"[{""rank"": 1, ""document"": ""d24105658.pdf"", ""page"": 2, ""distance"": 0.6492069959640503}, {""rank"": 2, ""document"": ""d24105658.pdf"", ""page"": 45, ""distance"": 0.7179469466209412}]",0.01075640000635758
EQ020,What is a CFO Act agency in the incident-response report?,It refers to a civilian agency covered by the Chief Financial Officers Act of 1990; the report examined 23 such agencies.,GAO-24-105658,PDF p. 2,3,False,"[{""rank"": 1, ""document"": ""d24105658.pdf"", ""page"": 2, ""distance"": 0.6492069959640503}, {""rank"": 2, ""document"": ""d24105658.pdf"", ""page"": 45, ""distance"": 0.7179469466209412}, {""rank"": 3, ""document"": ""d24105658.pdf"", ""page"": 24, ""distance"": 0.7632321119308472}]",0.010378899984061718
EQ020,What is a CFO Act agency in the incident-response report?,It refers to a civilian agency covered by the Chief Financial Officers Act of 1990; the report examined 23 such agencies.,GAO-24-105658,PDF p. 2,4,False,"[{""rank"": 1, ""document"": ""d24105658.pdf"", ""page"": 2, ""distance"": 0.6492069959640503}, {""rank"": 2, ""document"": ""d24105658.pdf"", ""page"": 45, ""distance"": 0.7179469466209412}, {""rank"": 3, ""document"": ""d24105658.pdf"", ""page"": 24, ""distance"": 0.7632321119308472}, {""rank"": 4, ""document"": ""d24105658.pdf"", ""page"": 8, ""distance"": 0.8370487689971924}]",0.009416199987754226
EQ020,What is a CFO Act agency in the incident-response report?,It refers to a civilian agency covered by the Chief Financial Officers Act of 1990; the report examined 23 such agencies.,GAO-24-105658,PDF p. 2,5,False,"[{""rank"": 1, ""document"": ""d24105658.pdf"", ""page"": 2, ""distance"": 0.6492069959640503}, {""rank"": 2, ""document"": ""d24105658.pdf"", ""page"": 45, ""distance"": 0.7179469466209412}, {""rank"": 3, ""document"": ""d24105658.pdf"", ""page"": 24, ""distance"": 0.7632321119308472}, {""rank"": 4, ""document"": ""d24105658.pdf"", ""page"": 8, ""distance"": 0.8370487689971924}, {""rank"": 5, ""document"": ""d24105658.pdf"", ""page"": 50, ""distance"": 0.8591826558113098}]",0.01159810001263395
EQ020,What is a CFO Act agency in the incident-response report?,It refers to a civilian agency covered by the Chief Financial Officers Act of 1990; the report examined 23 such agencies.,GAO-24-105658,PDF p. 2,6,False,"[{""rank"": 1, ""document"": ""d24105658.pdf"", ""page"": 2, ""distance"": 0.6492069959640503}, {""rank"": 2, ""document"": ""d24105658.pdf"", ""page"": 45, ""distance"": 0.7179469466209412}, {""rank"": 3, ""document"": ""d24105658.pdf"", ""page"": 24, ""distance"": 0.7632321119308472}, {""rank"": 4, ""document"": ""d24105658.pdf"", ""page"": 8, ""distance"": 0.8370487689971924}, {""rank"": 5, ""document"": ""d24105658.pdf"", ""page"": 50, ""distance"": 0.8591826558113098}, {""rank"": 6, ""document"": ""d24105658.pdf"", ""page"": 1, ""distance"": 0.8628222942352295}]",0.012213599984534085
EQ020,What is a CFO Act agency in the incident-response report?,It refers to a civilian agency covered by the Chief Financial Officers Act of 1990; the report examined 23 such agencies.,GAO-24-105658,PDF p. 2,7,False,"[{""rank"": 1, ""document"": ""d24105658.pdf"", ""page"": 2, ""distance"": 0.6492069959640503}, {""rank"": 2, ""document"": ""d24105658.pdf"", ""page"": 45, ""distance"": 0.7179469466209412}, {""rank"": 3, ""document"": ""d24105658.pdf"", ""page"": 24, ""distance"": 0.7632321119308472}, {""rank"": 4, ""document"": ""d24105658.pdf"", ""page"": 8, ""distance"": 0.8370487689971924}, {""rank"": 5, ""document"": ""d24105658.pdf"", ""page"": 50, ""distance"": 0.8591826558113098}, {""rank"": 6, ""document"": ""d24105658.pdf"", ""page"": 1, ""distance"": 0.8628222942352295}, {""rank"": 7, ""document"": ""d24105658.pdf"", ""page"": 9, ""distance"": 0.8673001527786255}]",0.012998800026252866
EQ020,What is a CFO Act agency in the incident-response report?,It refers to a civilian agency covered by the Chief Financial Officers Act of 1990; the report examined 23 such agencies.,GAO-24-105658,PDF p. 2,8,False,"[{""rank"": 1, ""document"": ""d24105658.pdf"", ""page"": 2, ""distance"": 0.6492069959640503}, {""rank"": 2, ""document"": ""d24105658.pdf"", ""page"": 45, ""distance"": 0.7179469466209412}, {""rank"": 3, ""document"": ""d24105658.pdf"", ""page"": 24, ""distance"": 0.7632321119308472}, {""rank"": 4, ""document"": ""d24105658.pdf"", ""page"": 8, ""distance"": 0.8370487689971924}, {""rank"": 5, ""document"": ""d24105658.pdf"", ""page"": 50, ""distance"": 0.8591826558113098}, {""rank"": 6, ""document"": ""d24105658.pdf"", ""page"": 1, ""distance"": 0.8628222942352295}, {""rank"": 7, ""document"": ""d24105658.pdf"", ""page"": 9, ""distance"": 0.8673001527786255}, {""rank"": 8, ""document"": ""d24105658.pdf"", ""page"": 47, ""distance"": 0.871810793876648}]",0.013541700027417392
EQ020,What is a CFO Act agency in the incident-response report?,It refers to a civilian agency covered by the Chief Financial Officers Act of 1990; the report examined 23 such agencies.,GAO-24-105658,PDF p. 2,9,False,"[{""rank"": 1, ""document"": ""d24105658.pdf"", ""page"": 2, ""distance"": 0.6492069959640503}, {""rank"": 2, ""document"": ""d24105658.pdf"", ""page"": 45, ""distance"": 0.7179469466209412}, {""rank"": 3, ""document"": ""d24105658.pdf"", ""page"": 24, ""distance"": 0.7632321119308472}, {""rank"": 4, ""document"": ""d24105658.pdf"", ""page"": 8, ""distance"": 0.8370487689971924}, {""rank"": 5, ""document"": ""d24105658.pdf"", ""page"": 50, ""distance"": 0.8591826558113098}, {""rank"": 6, ""document"": ""d24105658.pdf"", ""page"": 1, ""distance"": 0.8628222942352295}, {""rank"": 7, ""document"": ""d24105658.pdf"", ""page"": 9, ""distance"": 0.8673001527786255}, {""rank"": 8, ""document"": ""d24105658.pdf"", ""page"": 47, ""distance"": 0.871810793876648}, {""rank"": 9, ""document"": ""d24105658.pdf"", ""page"": 38, ""distance"": 0.8809962272644043}]",0.010896499967202544
EQ020,What is a CFO Act agency in the incident-response report?,It refers to a civilian agency covered by the Chief Financial Officers Act of 1990; the report examined 23 such agencies.,GAO-24-105658,PDF p. 2,10,False,"[{""rank"": 1, ""document"": ""d24105658.pdf"", ""page"": 2, ""distance"": 0.6492069959640503}, {""rank"": 2, ""document"": ""d24105658.pdf"", ""page"": 45, ""distance"": 0.7179469466209412}, {""rank"": 3, ""document"": ""d24105658.pdf"", ""page"": 24, ""distance"": 0.7632321119308472}, {""rank"": 4, ""document"": ""d24105658.pdf"", ""page"": 8, ""distance"": 0.8370487689971924}, {""rank"": 5, ""document"": ""d24105658.pdf"", ""page"": 50, ""distance"": 0.8591826558113098}, {""rank"": 6, ""document"": ""d24105658.pdf"", ""page"": 1, ""distance"": 0.8628222942352295}, {""rank"": 7, ""document"": ""d24105658.pdf"", ""page"": 9, ""distance"": 0.8673001527786255}, {""rank"": 8, ""document"": ""d24105658.pdf"", ""page"": 47, ""distance"": 0.871810793876648}, {""rank"": 9, ""document"": ""d24105658.pdf"", ""page"": 38, ""distance"": 0.8809962272644043}, {""rank"": 10, ""document"": ""d24105658.pdf"", ""page"": 3, ""distance"": 0.8905764818191528}]",0.01287820003926754
EQ021,What is a critical-infrastructure operational technology system?,It is a system that interacts with the physical environment to support critical-infrastructure operations.,GAO-24-107231,PDF p. 4,1,False,"[{""rank"": 1, ""document"": ""d24106576.pdf"", ""page"": 5, ""distance"": 0.8009089231491089}]",0.011834500008262694
EQ021,What is a critical-infrastructure operational technology system?,It is a system that interacts with the physical environment to support critical-infrastructure operations.,GAO-24-107231,PDF p. 4,2,False,"[{""rank"": 1, ""document"": ""d24106576.pdf"", ""page"": 5, ""distance"": 0.8009089231491089}, {""rank"": 2, ""document"": ""gao-24-107231.pdf"", ""page"": 49, ""distance"": 0.8412813544273376}]",0.010377000027801841
EQ021,What is a critical-infrastructure operational technology system?,It is a system that interacts with the physical environment to support critical-infrastructure operations.,GAO-24-107231,PDF p. 4,3,False,"[{""rank"": 1, ""document"": ""d24106576.pdf"", ""page"": 5, ""distance"": 0.8009089231491089}, {""rank"": 2, ""document"": ""gao-24-107231.pdf"", ""page"": 49, ""distance"": 0.8412813544273376}, {""rank"": 3, ""document"": ""d24106576.pdf"", ""page"": 45, ""distance"": 0.8490758538246155}]",0.012026000011246651
EQ021,What is a critical-infrastructure operational technology system?,It is a system that interacts with the physical environment to support critical-infrastructure operations.,GAO-24-107231,PDF p. 4,4,False,"[{""rank"": 1, ""document"": ""d24106576.pdf"", ""page"": 5, ""distance"": 0.8009089231491089}, {""rank"": 2, ""document"": ""gao-24-107231.pdf"", ""page"": 49, ""distance"": 0.8412813544273376}, {""rank"": 3, ""document"": ""d24106576.pdf"", ""page"": 45, ""distance"": 0.8490758538246155}, {""rank"": 4, ""document"": ""d24106576.pdf"", ""page"": 7, ""distance"": 0.8526620864868164}]",0.010776499984785914
EQ021,What is a critical-infrastructure operational technology system?,It is a system that interacts with the physical environment to support critical-infrastructure operations.,GAO-24-107231,PDF p. 4,5,False,"[{""rank"": 1, ""document"": ""d24106576.pdf"", ""page"": 5, ""distance"": 0.8009089231491089}, {""rank"": 2, ""document"": ""gao-24-107231.pdf"", ""page"": 49, ""distance"": 0.8412813544273376}, {""rank"": 3, ""document"": ""d24106576.pdf"", ""page"": 45, ""distance"": 0.8490758538246155}, {""rank"": 4, ""document"": ""d24106576.pdf"", ""page"": 7, ""distance"": 0.8526620864868164}, {""rank"": 5, ""document"": ""gao-24-107231.pdf"", ""page"": 50, ""distance"": 0.8664970993995667}]",0.010621500026900321
EQ021,What is a critical-infrastructure operational technology system?,It is a system that interacts with the physical environment to support critical-infrastructure operations.,GAO-24-107231,PDF p. 4,6,False,"[{""rank"": 1, ""document"": ""d24106576.pdf"", ""page"": 5, ""distance"": 0.8009089231491089}, {""rank"": 2, ""document"": ""gao-24-107231.pdf"", ""page"": 49, ""distance"": 0.8412813544273376}, {""rank"": 3, ""document"": ""d24106576.pdf"", ""page"": 45, ""distance"": 0.8490758538246155}, {""rank"": 4, ""document"": ""d24106576.pdf"", ""page"": 7, ""distance"": 0.8526620864868164}, {""rank"": 5, ""document"": ""gao-24-107231.pdf"", ""page"": 50, ""distance"": 0.8664970993995667}, {""rank"": 6, ""document"": ""d24106576.pdf"", ""page"": 13, ""distance"": 0.8679369688034058}]",0.011659500014502555
EQ021,What is a critical-infrastructure operational technology system?,It is a system that interacts with the physical environment to support critical-infrastructure operations.,GAO-24-107231,PDF p. 4,7,False,"[{""rank"": 1, ""document"": ""d24106576.pdf"", ""page"": 5, ""distance"": 0.8009089231491089}, {""rank"": 2, ""document"": ""gao-24-107231.pdf"", ""page"": 49, ""distance"": 0.8412813544273376}, {""rank"": 3, ""document"": ""d24106576.pdf"", ""page"": 45, ""distance"": 0.8490758538246155}, {""rank"": 4, ""document"": ""d24106576.pdf"", ""page"": 7, ""distance"": 0.8526620864868164}, {""rank"": 5, ""document"": ""gao-24-107231.pdf"", ""page"": 50, ""distance"": 0.8664970993995667}, {""rank"": 6, ""document"": ""d24106576.pdf"", ""page"": 13, ""distance"": 0.8679369688034058}, {""rank"": 7, ""document"": ""gao-24-107231-highlights.pdf"", ""page"": 3, ""distance"": 0.9425042867660522}]",0.009381700016092509
EQ021,What is a critical-infrastructure operational technology system?,It is a system that interacts with the physical environment to support critical-infrastructure operations.,GAO-24-107231,PDF p. 4,8,False,"[{""rank"": 1, ""document"": ""d24106576.pdf"", ""page"": 5, ""distance"": 0.8009089231491089}, {""rank"": 2, ""document"": ""gao-24-107231.pdf"", ""page"": 49, ""distance"": 0.8412813544273376}, {""rank"": 3, ""document"": ""d24106576.pdf"", ""page"": 45, ""distance"": 0.8490758538246155}, {""rank"": 4, ""document"": ""d24106576.pdf"", ""page"": 7, ""distance"": 0.8526620864868164}, {""rank"": 5, ""document"": ""gao-24-107231.pdf"", ""page"": 50, ""distance"": 0.8664970993995667}, {""rank"": 6, ""document"": ""d24106576.pdf"", ""page"": 13, ""distance"": 0.8679369688034058}, {""rank"": 7, ""document"": ""gao-24-107231-highlights.pdf"", ""page"": 3, ""distance"": 0.9425042867660522}, {""rank"": 8, ""document"": ""gao-24-107231.pdf"", ""page"": 4, ""distance"": 0.9425042867660522}]",0.010147999972105026
EQ021,What is a critical-infrastructure operational technology system?,It is a system that interacts with the physical environment to support critical-infrastructure operations.,GAO-24-107231,PDF p. 4,9,False,"[{""rank"": 1, ""document"": ""d24106576.pdf"", ""page"": 5, ""distance"": 0.8009089231491089}, {""rank"": 2, ""document"": ""gao-24-107231.pdf"", ""page"": 49, ""distance"": 0.8412813544273376}, {""rank"": 3, ""document"": ""d24106576.pdf"", ""page"": 45, ""distance"": 0.8490758538246155}, {""rank"": 4, ""document"": ""d24106576.pdf"", ""page"": 7, ""distance"": 0.8526620864868164}, {""rank"": 5, ""document"": ""gao-24-107231.pdf"", ""page"": 50, ""distance"": 0.8664970993995667}, {""rank"": 6, ""document"": ""d24106576.pdf"", ""page"": 13, ""distance"": 0.8679369688034058}, {""rank"": 7, ""document"": ""gao-24-107231-highlights.pdf"", ""page"": 3, ""distance"": 0.9425042867660522}, {""rank"": 8, ""document"": ""gao-24-107231.pdf"", ""page"": 4, ""distance"": 0.9425042867660522}, {""rank"": 9, ""document"": ""d24106576.pdf"", ""page"": 14, ""distance"": 0.9505184292793274}]",0.010091700009070337
EQ021,What is a critical-infrastructure operational technology system?,It is a system that interacts with the physical environment to support critical-infrastructure operations.,GAO-24-107231,PDF p. 4,10,False,"[{""rank"": 1, ""document"": ""d24106576.pdf"", ""page"": 5, ""distance"": 0.8009089231491089}, {""rank"": 2, ""document"": ""gao-24-107231.pdf"", ""page"": 49, ""distance"": 0.8412813544273376}, {""rank"": 3, ""document"": ""d24106576.pdf"", ""page"": 45, ""distance"": 0.8490758538246155}, {""rank"": 4, ""document"": ""d24106576.pdf"", ""page"": 7, ""distance"": 0.8526620864868164}, {""rank"": 5, ""document"": ""gao-24-107231.pdf"", ""page"": 50, ""distance"": 0.8664970993995667}, {""rank"": 6, ""document"": ""d24106576.pdf"", ""page"": 13, ""distance"": 0.8679369688034058}, {""rank"": 7, ""document"": ""gao-24-107231-highlights.pdf"", ""page"": 3, ""distance"": 0.9425042867660522}, {""rank"": 8, ""document"": ""gao-24-107231.pdf"", ""page"": 4, ""distance"": 0.9425042867660522}, {""rank"": 9, ""document"": ""d24106576.pdf"", ""page"": 14, ""distance"": 0.9505184292793274}, {""rank"": 10, ""document"": ""d24106576.pdf"", ""page"": 9, ""distance"": 0.9716188907623291}]",0.01212249998934567
EQ022,What does supply chain risk management mean in the CrowdStrike outage context?,"It concerns managing risks introduced through products, software, and other suppliers that support an organization's systems.",GAO-24-107733,PDF p. 1,1,False,"[{""rank"": 1, ""document"": ""gao-24-107231.pdf"", ""page"": 22, ""distance"": 1.0883681774139404}]",0.013370500004384667
EQ022,What does supply chain risk management mean in the CrowdStrike outage context?,"It concerns managing risks introduced through products, software, and other suppliers that support an organization's systems.",GAO-24-107733,PDF p. 1,2,False,"[{""rank"": 1, ""document"": ""gao-24-107231.pdf"", ""page"": 22, ""distance"": 1.0883681774139404}, {""rank"": 2, ""document"": ""gao-24-107231.pdf"", ""page"": 23, ""distance"": 1.1495485305786133}]",0.015446899982634932
EQ022,What does supply chain risk management mean in the CrowdStrike outage context?,"It concerns managing risks introduced through products, software, and other suppliers that support an organization's systems.",GAO-24-107733,PDF p. 1,3,False,"[{""rank"": 1, ""document"": ""gao-24-107231.pdf"", ""page"": 22, ""distance"": 1.0883681774139404}, {""rank"": 2, ""document"": ""gao-24-107231.pdf"", ""page"": 23, ""distance"": 1.1495485305786133}, {""rank"": 3, ""document"": ""gao-24-107733.pdf"", ""page"": 1, ""distance"": 1.250576376914978}]",0.02031110000098124
EQ022,What does supply chain risk management mean in the CrowdStrike outage context?,"It concerns managing risks introduced through products, software, and other suppliers that support an organization's systems.",GAO-24-107733,PDF p. 1,4,False,"[{""rank"": 1, ""document"": ""gao-24-107231.pdf"", ""page"": 22, ""distance"": 1.0883681774139404}, {""rank"": 2, ""document"": ""gao-24-107231.pdf"", ""page"": 23, ""distance"": 1.1495485305786133}, {""rank"": 3, ""document"": ""gao-24-107733.pdf"", ""page"": 1, ""distance"": 1.250576376914978}, {""rank"": 4, ""document"": ""d24106576.pdf"", ""page"": 8, ""distance"": 1.3280009031295776}]",0.012212299974635243
EQ022,What does supply chain risk management mean in the CrowdStrike outage context?,"It concerns managing risks introduced through products, software, and other suppliers that support an organization's systems.",GAO-24-107733,PDF p. 1,5,False,"[{""rank"": 1, ""document"": ""gao-24-107231.pdf"", ""page"": 22, ""distance"": 1.0883681774139404}, {""rank"": 2, ""document"": ""gao-24-107231.pdf"", ""page"": 23, ""distance"": 1.1495485305786133}, {""rank"": 3, ""document"": ""gao-24-107733.pdf"", ""page"": 1, ""distance"": 1.250576376914978}, {""rank"": 4, ""document"": ""d24106576.pdf"", ""page"": 8, ""distance"": 1.3280009031295776}, {""rank"": 5, ""document"": ""gao-24-107231.pdf"", ""page"": 57, ""distance"": 1.3543905019760132}]",0.011482300003990531
EQ022,What does supply chain risk management mean in the CrowdStrike outage context?,"It concerns managing risks introduced through products, software, and other suppliers that support an organization's systems.",GAO-24-107733,PDF p. 1,6,False,"[{""rank"": 1, ""document"": ""gao-24-107231.pdf"", ""page"": 22, ""distance"": 1.0883681774139404}, {""rank"": 2, ""document"": ""gao-24-107231.pdf"", ""page"": 23, ""distance"": 1.1495485305786133}, {""rank"": 3, ""document"": ""gao-24-107733.pdf"", ""page"": 1, ""distance"": 1.250576376914978}, {""rank"": 4, ""document"": ""d24106576.pdf"", ""page"": 8, ""distance"": 1.3280009031295776}, {""rank"": 5, ""document"": ""gao-24-107231.pdf"", ""page"": 57, ""distance"": 1.3543905019760132}, {""rank"": 6, ""document"": ""d24105658.pdf"", ""page"": 19, ""distance"": 1.3606277704238892}]",0.010215099959168583
EQ022,What does supply chain risk management mean in the CrowdStrike outage context?,"It concerns managing risks introduced through products, software, and other suppliers that support an organization's systems.",GAO-24-107733,PDF p. 1,7,False,"[{""rank"": 1, ""document"": ""gao-24-107231.pdf"", ""page"": 22, ""distance"": 1.0883681774139404}, {""rank"": 2, ""document"": ""gao-24-107231.pdf"", ""page"": 23, ""distance"": 1.1495485305786133}, {""rank"": 3, ""document"": ""gao-24-107733.pdf"", ""page"": 1, ""distance"": 1.250576376914978}, {""rank"": 4, ""document"": ""d24106576.pdf"", ""page"": 8, ""distance"": 1.3280009031295776}, {""rank"": 5, ""document"": ""gao-24-107231.pdf"", ""page"": 57, ""distance"": 1.3543905019760132}, {""rank"": 6, ""document"": ""d24105658.pdf"", ""page"": 19, ""distance"": 1.3606277704238892}, {""rank"": 7, ""document"": ""d24106576.pdf"", ""page"": 20, ""distance"": 1.3649547100067139}]",0.012266599980648607
EQ022,What does supply chain risk management mean in the CrowdStrike outage context?,"It concerns managing risks introduced through products, software, and other suppliers that support an organization's systems.",GAO-24-107733,PDF p. 1,8,False,"[{""rank"": 1, ""document"": ""gao-24-107231.pdf"", ""page"": 22, ""distance"": 1.0883681774139404}, {""rank"": 2, ""document"": ""gao-24-107231.pdf"", ""page"": 23, ""distance"": 1.1495485305786133}, {""rank"": 3, ""document"": ""gao-24-107733.pdf"", ""page"": 1, ""distance"": 1.250576376914978}, {""rank"": 4, ""document"": ""d24106576.pdf"", ""page"": 8, ""distance"": 1.3280009031295776}, {""rank"": 5, ""document"": ""gao-24-107231.pdf"", ""page"": 57, ""distance"": 1.3543905019760132}, {""rank"": 6, ""document"": ""d24105658.pdf"", ""page"": 19, ""distance"": 1.3606277704238892}, {""rank"": 7, ""document"": ""d24106576.pdf"", ""page"": 20, ""distance"": 1.3649547100067139}, {""rank"": 8, ""document"": ""d24106576.pdf"", ""page"": 3, ""distance"": 1.366835355758667}]",0.011217100021895021
EQ022,What does supply chain risk management mean in the CrowdStrike outage context?,"It concerns managing risks introduced through products, software, and other suppliers that support an organization's systems.",GAO-24-107733,PDF p. 1,9,False,"[{""rank"": 1, ""document"": ""gao-24-107231.pdf"", ""page"": 22, ""distance"": 1.0883681774139404}, {""rank"": 2, ""document"": ""gao-24-107231.pdf"", ""page"": 23, ""distance"": 1.1495485305786133}, {""rank"": 3, ""document"": ""gao-24-107733.pdf"", ""page"": 1, ""distance"": 1.250576376914978}, {""rank"": 4, ""document"": ""d24106576.pdf"", ""page"": 8, ""distance"": 1.3280009031295776}, {""rank"": 5, ""document"": ""gao-24-107231.pdf"", ""page"": 57, ""distance"": 1.3543905019760132}, {""rank"": 6, ""document"": ""d24105658.pdf"", ""page"": 19, ""distance"": 1.3606277704238892}, {""rank"": 7, ""document"": ""d24106576.pdf"", ""page"": 20, ""distance"": 1.3649547100067139}, {""rank"": 8, ""document"": ""d24106576.pdf"", ""page"": 3, ""distance"": 1.366835355758667}, {""rank"": 9, ""document"": ""gao-24-107231.pdf"", ""page"": 3, ""distance"": 1.3722221851348877}]",0.013160200032871217
EQ022,What does supply chain risk management mean in the CrowdStrike outage context?,"It concerns managing risks introduced through products, software, and other suppliers that support an organization's systems.",GAO-24-107733,PDF p. 1,10,False,"[{""rank"": 1, ""document"": ""gao-24-107231.pdf"", ""page"": 22, ""distance"": 1.0883681774139404}, {""rank"": 2, ""document"": ""gao-24-107231.pdf"", ""page"": 23, ""distance"": 1.1495485305786133}, {""rank"": 3, ""document"": ""gao-24-107733.pdf"", ""page"": 1, ""distance"": 1.250576376914978}, {""rank"": 4, ""document"": ""d24106576.pdf"", ""page"": 8, ""distance"": 1.3280009031295776}, {""rank"": 5, ""document"": ""gao-24-107231.pdf"", ""page"": 57, ""distance"": 1.3543905019760132}, {""rank"": 6, ""document"": ""d24105658.pdf"", ""page"": 19, ""distance"": 1.3606277704238892}, {""rank"": 7, ""document"": ""d24106576.pdf"", ""page"": 20, ""distance"": 1.3649547100067139}, {""rank"": 8, ""document"": ""d24106576.pdf"", ""page"": 3, ""distance"": 1.366835355758667}, {""rank"": 9, ""document"": ""gao-24-107231-highlights.pdf"", ""page"": 2, ""distance"": 1.3722221851348877}, {""rank"": 10, ""document"": ""gao-24-107231.pdf"", ""page"": 3, ""distance"": 1.3722221851348877}]",0.027861899987328798
EQ023,What is the Wall of Receipts?,"It is DOGE's web page for posting estimated savings from terminated contracts, grants, and leases.",GAO-26-108615,PDF p. 2,1,False,"[{""rank"": 1, ""document"": ""gao-26-108615.pdf"", ""page"": 1, ""distance"": 0.7495755553245544}]",0.011593400035053492
EQ023,What is the Wall of Receipts?,"It is DOGE's web page for posting estimated savings from terminated contracts, grants, and leases.",GAO-26-108615,PDF p. 2,2,False,"[{""rank"": 1, ""document"": ""gao-26-108615.pdf"", ""page"": 1, ""distance"": 0.7495755553245544}, {""rank"": 2, ""document"": ""gao-26-108615.pdf"", ""page"": 37, ""distance"": 0.7716174125671387}]",0.009290900023188442
EQ023,What is the Wall of Receipts?,"It is DOGE's web page for posting estimated savings from terminated contracts, grants, and leases.",GAO-26-108615,PDF p. 2,3,False,"[{""rank"": 1, ""document"": ""gao-26-108615.pdf"", ""page"": 1, ""distance"": 0.7495755553245544}, {""rank"": 2, ""document"": ""gao-26-108615.pdf"", ""page"": 37, ""distance"": 0.7716174125671387}, {""rank"": 3, ""document"": ""gao-26-108615.pdf"", ""page"": 38, ""distance"": 0.7817723751068115}]",0.011538899969309568
EQ023,What is the Wall of Receipts?,"It is DOGE's web page for posting estimated savings from terminated contracts, grants, and leases.",GAO-26-108615,PDF p. 2,4,False,"[{""rank"": 1, ""document"": ""gao-26-108615.pdf"", ""page"": 1, ""distance"": 0.7495755553245544}, {""rank"": 2, ""document"": ""gao-26-108615.pdf"", ""page"": 37, ""distance"": 0.7716174125671387}, {""rank"": 3, ""document"": ""gao-26-108615.pdf"", ""page"": 38, ""distance"": 0.7817723751068115}, {""rank"": 4, ""document"": ""gao-26-108615.pdf"", ""page"": 6, ""distance"": 0.851497232913971}]",0.010056000028271228
EQ023,What is the Wall of Receipts?,"It is DOGE's web page for posting estimated savings from terminated contracts, grants, and leases.",GAO-26-108615,PDF p. 2,5,False,"[{""rank"": 1, ""document"": ""gao-26-108615.pdf"", ""page"": 1, ""distance"": 0.7495755553245544}, {""rank"": 2, ""document"": ""gao-26-108615.pdf"", ""page"": 37, ""distance"": 0.7716174125671387}, {""rank"": 3, ""document"": ""gao-26-108615.pdf"", ""page"": 38, ""distance"": 0.7817723751068115}, {""rank"": 4, ""document"": ""gao-26-108615.pdf"", ""page"": 6, ""distance"": 0.851497232913971}, {""rank"": 5, ""document"": ""gao-26-108615.pdf"", ""page"": 46, ""distance"": 0.8658839464187622}]",0.012974000012036413
EQ023,What is the Wall of Receipts?,"It is DOGE's web page for posting estimated savings from terminated contracts, grants, and leases.",GAO-26-108615,PDF p. 2,6,False,"[{""rank"": 1, ""document"": ""gao-26-108615.pdf"", ""page"": 1, ""distance"": 0.7495755553245544}, {""rank"": 2, ""document"": ""gao-26-108615.pdf"", ""page"": 37, ""distance"": 0.7716174125671387}, {""rank"": 3, ""document"": ""gao-26-108615.pdf"", ""page"": 38, ""distance"": 0.7817723751068115}, {""rank"": 4, ""document"": ""gao-26-108615.pdf"", ""page"": 6, ""distance"": 0.851497232913971}, {""rank"": 5, ""document"": ""gao-26-108615.pdf"", ""page"": 46, ""distance"": 0.8658839464187622}, {""rank"": 6, ""document"": ""gao-26-108615.pdf"", ""page"": 40, ""distance"": 0.8871191740036011}]",0.009600299992598593
EQ023,What is the Wall of Receipts?,"It is DOGE's web page for posting estimated savings from terminated contracts, grants, and leases.",GAO-26-108615,PDF p. 2,7,False,"[{""rank"": 1, ""document"": ""gao-26-108615.pdf"", ""page"": 1, ""distance"": 0.7495755553245544}, {""rank"": 2, ""document"": ""gao-26-108615.pdf"", ""page"": 37, ""distance"": 0.7716174125671387}, {""rank"": 3, ""document"": ""gao-26-108615.pdf"", ""page"": 38, ""distance"": 0.7817723751068115}, {""rank"": 4, ""document"": ""gao-26-108615.pdf"", ""page"": 6, ""distance"": 0.851497232913971}, {""rank"": 5, ""document"": ""gao-26-108615.pdf"", ""page"": 46, ""distance"": 0.8658839464187622}, {""rank"": 6, ""document"": ""gao-26-108615.pdf"", ""page"": 40, ""distance"": 0.8871191740036011}, {""rank"": 7, ""document"": ""gao-26-108615.pdf"", ""page"": 35, ""distance"": 0.8973318338394165}]",0.012396000034641474
EQ023,What is the Wall of Receipts?,"It is DOGE's web page for posting estimated savings from terminated contracts, grants, and leases.",GAO-26-108615,PDF p. 2,8,False,"[{""rank"": 1, ""document"": ""gao-26-108615.pdf"", ""page"": 1, ""distance"": 0.7495755553245544}, {""rank"": 2, ""document"": ""gao-26-108615.pdf"", ""page"": 37, ""distance"": 0.7716174125671387}, {""rank"": 3, ""document"": ""gao-26-108615.pdf"", ""page"": 38, ""distance"": 0.7817723751068115}, {""rank"": 4, ""document"": ""gao-26-108615.pdf"", ""page"": 6, ""distance"": 0.851497232913971}, {""rank"": 5, ""document"": ""gao-26-108615.pdf"", ""page"": 46, ""distance"": 0.8658839464187622}, {""rank"": 6, ""document"": ""gao-26-108615.pdf"", ""page"": 40, ""distance"": 0.8871191740036011}, {""rank"": 7, ""document"": ""gao-26-108615.pdf"", ""page"": 35, ""distance"": 0.8973318338394165}, {""rank"": 8, ""document"": ""gao-26-108615.pdf"", ""page"": 2, ""distance"": 0.9125909209251404}]",0.009796899976208806
EQ023,What is the Wall of Receipts?,"It is DOGE's web page for posting estimated savings from terminated contracts, grants, and leases.",GAO-26-108615,PDF p. 2,9,False,"[{""rank"": 1, ""document"": ""gao-26-108615.pdf"", ""page"": 1, ""distance"": 0.7495755553245544}, {""rank"": 2, ""document"": ""gao-26-108615.pdf"", ""page"": 37, ""distance"": 0.7716174125671387}, {""rank"": 3, ""document"": ""gao-26-108615.pdf"", ""page"": 38, ""distance"": 0.7817723751068115}, {""rank"": 4, ""document"": ""gao-26-108615.pdf"", ""page"": 6, ""distance"": 0.851497232913971}, {""rank"": 5, ""document"": ""gao-26-108615.pdf"", ""page"": 46, ""distance"": 0.8658839464187622}, {""rank"": 6, ""document"": ""gao-26-108615.pdf"", ""page"": 40, ""distance"": 0.8871191740036011}, {""rank"": 7, ""document"": ""gao-26-108615.pdf"", ""page"": 35, ""distance"": 0.8973318338394165}, {""rank"": 8, ""document"": ""gao-26-108615.pdf"", ""page"": 2, ""distance"": 0.9125909209251404}, {""rank"": 9, ""document"": ""gao-26-108615.pdf"", ""page"": 14, ""distance"": 0.9158519506454468}]",0.011029299988877028
EQ023,What is the Wall of Receipts?,"It is DOGE's web page for posting estimated savings from terminated contracts, grants, and leases.",GAO-26-108615,PDF p. 2,10,False,"[{""rank"": 1, ""document"": ""gao-26-108615.pdf"", ""page"": 1, ""distance"": 0.7495755553245544}, {""rank"": 2, ""document"": ""gao-26-108615.pdf"", ""page"": 37, ""distance"": 0.7716174125671387}, {""rank"": 3, ""document"": ""gao-26-108615.pdf"", ""page"": 38, ""distance"": 0.7817723751068115}, {""rank"": 4, ""document"": ""gao-26-108615.pdf"", ""page"": 6, ""distance"": 0.851497232913971}, {""rank"": 5, ""document"": ""gao-26-108615.pdf"", ""page"": 46, ""distance"": 0.8658839464187622}, {""rank"": 6, ""document"": ""gao-26-108615.pdf"", ""page"": 40, ""distance"": 0.8871191740036011}, {""rank"": 7, ""document"": ""gao-26-108615.pdf"", ""page"": 35, ""distance"": 0.8973318338394165}, {""rank"": 8, ""document"": ""gao-26-108615.pdf"", ""page"": 2, ""distance"": 0.9125909209251404}, {""rank"": 9, ""document"": ""gao-26-108615.pdf"", ""page"": 14, ""distance"": 0.9158519506454468}, {""rank"": 10, ""document"": ""gao-26-108615.pdf"", ""page"": 20, ""distance"": 0.9521262645721436}]",0.012023599992971867
EQ024,What is the Main Street Lending Program intended to serve?,Its five facilities targeted small and midsize businesses and nonprofits.,GAO-26-108011,PDF p. 1,1,False,"[{""rank"": 1, ""document"": ""gao-26-108011-highlights.pdf"", ""page"": 1, ""distance"": 0.7773251533508301}]",0.012667000002693385
EQ024,What is the Main Street Lending Program intended to serve?,Its five facilities targeted small and midsize businesses and nonprofits.,GAO-26-108011,PDF p. 1,2,False,"[{""rank"": 1, ""document"": ""gao-26-108011-highlights.pdf"", ""page"": 1, ""distance"": 0.7773251533508301}, {""rank"": 2, ""document"": ""gao-26-108011-highlights.pdf"", ""page"": 1, ""distance"": 0.8754789233207703}]",0.012528199993539602
EQ024,What is the Main Street Lending Program intended to serve?,Its five facilities targeted small and midsize businesses and nonprofits.,GAO-26-108011,PDF p. 1,3,False,"[{""rank"": 1, ""document"": ""gao-26-108011-highlights.pdf"", ""page"": 1, ""distance"": 0.7773251533508301}, {""rank"": 2, ""document"": ""gao-26-108011-highlights.pdf"", ""page"": 1, ""distance"": 0.8754789233207703}, {""rank"": 3, ""document"": ""gao-26-107529.pdf"", ""page"": 12, ""distance"": 1.288179636001587}]",0.011843200016301125
EQ024,What is the Main Street Lending Program intended to serve?,Its five facilities targeted small and midsize businesses and nonprofits.,GAO-26-108011,PDF p. 1,4,False,"[{""rank"": 1, ""document"": ""gao-26-108011-highlights.pdf"", ""page"": 1, ""distance"": 0.7773251533508301}, {""rank"": 2, ""document"": ""gao-26-108011-highlights.pdf"", ""page"": 1, ""distance"": 0.8754789233207703}, {""rank"": 3, ""document"": ""gao-26-107529.pdf"", ""page"": 12, ""distance"": 1.288179636001587}, {""rank"": 4, ""document"": ""gao-26-107529.pdf"", ""page"": 23, ""distance"": 1.3042429685592651}]",0.011961399985011667
EQ024,What is the Main Street Lending Program intended to serve?,Its five facilities targeted small and midsize businesses and nonprofits.,GAO-26-108011,PDF p. 1,5,False,"[{""rank"": 1, ""document"": ""gao-26-108011-highlights.pdf"", ""page"": 1, ""distance"": 0.7773251533508301}, {""rank"": 2, ""document"": ""gao-26-108011-highlights.pdf"", ""page"": 1, ""distance"": 0.8754789233207703}, {""rank"": 3, ""document"": ""gao-26-107529.pdf"", ""page"": 12, ""distance"": 1.288179636001587}, {""rank"": 4, ""document"": ""gao-26-107529.pdf"", ""page"": 23, ""distance"": 1.3042429685592651}, {""rank"": 5, ""document"": ""gao-26-107529.pdf"", ""page"": 57, ""distance"": 1.3356436491012573}]",0.011298400000669062
EQ024,What is the Main Street Lending Program intended to serve?,Its five facilities targeted small and midsize businesses and nonprofits.,GAO-26-108011,PDF p. 1,6,False,"[{""rank"": 1, ""document"": ""gao-26-108011-highlights.pdf"", ""page"": 1, ""distance"": 0.7773251533508301}, {""rank"": 2, ""document"": ""gao-26-108011-highlights.pdf"", ""page"": 1, ""distance"": 0.8754789233207703}, {""rank"": 3, ""document"": ""gao-26-107529.pdf"", ""page"": 12, ""distance"": 1.288179636001587}, {""rank"": 4, ""document"": ""gao-26-107529.pdf"", ""page"": 23, ""distance"": 1.3042429685592651}, {""rank"": 5, ""document"": ""gao-26-107529.pdf"", ""page"": 57, ""distance"": 1.3356436491012573}, {""rank"": 6, ""document"": ""gao-26-900644.pdf"", ""page"": 62, ""distance"": 1.3490681648254395}]",0.009724300005473197
EQ024,What is the Main Street Lending Program intended to serve?,Its five facilities targeted small and midsize businesses and nonprofits.,GAO-26-108011,PDF p. 1,7,False,"[{""rank"": 1, ""document"": ""gao-26-108011-highlights.pdf"", ""page"": 1, ""distance"": 0.7773251533508301}, {""rank"": 2, ""document"": ""gao-26-108011-highlights.pdf"", ""page"": 1, ""distance"": 0.8754789233207703}, {""rank"": 3, ""document"": ""gao-26-107529.pdf"", ""page"": 12, ""distance"": 1.288179636001587}, {""rank"": 4, ""document"": ""gao-26-107529.pdf"", ""page"": 23, ""distance"": 1.3042429685592651}, {""rank"": 5, ""document"": ""gao-26-107529.pdf"", ""page"": 57, ""distance"": 1.3356436491012573}, {""rank"": 6, ""document"": ""gao-26-900644.pdf"", ""page"": 62, ""distance"": 1.3490681648254395}, {""rank"": 7, ""document"": ""gao-26-900644.pdf"", ""page"": 60, ""distance"": 1.3696664571762085}]",0.010381100000813603
EQ024,What is the Main Street Lending Program intended to serve?,Its five facilities targeted small and midsize businesses and nonprofits.,GAO-26-108011,PDF p. 1,8,False,"[{""rank"": 1, ""document"": ""gao-26-108011-highlights.pdf"", ""page"": 1, ""distance"": 0.7773251533508301}, {""rank"": 2, ""document"": ""gao-26-108011-highlights.pdf"", ""page"": 1, ""distance"": 0.8754789233207703}, {""rank"": 3, ""document"": ""gao-26-107529.pdf"", ""page"": 12, ""distance"": 1.288179636001587}, {""rank"": 4, ""document"": ""gao-26-107529.pdf"", ""page"": 23, ""distance"": 1.3042429685592651}, {""rank"": 5, ""document"": ""gao-26-107529.pdf"", ""page"": 57, ""distance"": 1.3356436491012573}, {""rank"": 6, ""document"": ""gao-26-900644.pdf"", ""page"": 62, ""distance"": 1.3490681648254395}, {""rank"": 7, ""document"": ""gao-26-900644.pdf"", ""page"": 60, ""distance"": 1.3696664571762085}, {""rank"": 8, ""document"": ""gao-26-900644.pdf"", ""page"": 42, ""distance"": 1.3789172172546387}]",0.012160599988419563
EQ024,What is the Main Street Lending Program intended to serve?,Its five facilities targeted small and midsize businesses and nonprofits.,GAO-26-108011,PDF p. 1,9,False,"[{""rank"": 1, ""document"": ""gao-26-108011-highlights.pdf"", ""page"": 1, ""distance"": 0.7773251533508301}, {""rank"": 2, ""document"": ""gao-26-108011-highlights.pdf"", ""page"": 1, ""distance"": 0.8754789233207703}, {""rank"": 3, ""document"": ""gao-26-107529.pdf"", ""page"": 12, ""distance"": 1.288179636001587}, {""rank"": 4, ""document"": ""gao-26-107529.pdf"", ""page"": 23, ""distance"": 1.3042429685592651}, {""rank"": 5, ""document"": ""gao-26-107529.pdf"", ""page"": 57, ""distance"": 1.3356436491012573}, {""rank"": 6, ""document"": ""gao-26-900644.pdf"", ""page"": 62, ""distance"": 1.3490681648254395}, {""rank"": 7, ""document"": ""gao-26-900644.pdf"", ""page"": 60, ""distance"": 1.3696664571762085}, {""rank"": 8, ""document"": ""gao-26-900644.pdf"", ""page"": 42, ""distance"": 1.3789172172546387}, {""rank"": 9, ""document"": ""gao-26-900644.pdf"", ""page"": 30, ""distance"": 1.3792555332183838}]",0.010197199997492135
EQ024,What is the Main Street Lending Program intended to serve?,Its five facilities targeted small and midsize businesses and nonprofits.,GAO-26-108011,PDF p. 1,10,False,"[{""rank"": 1, ""document"": ""gao-26-108011-highlights.pdf"", ""page"": 1, ""distance"": 0.7773251533508301}, {""rank"": 2, ""document"": ""gao-26-108011-highlights.pdf"", ""page"": 1, ""distance"": 0.8754789233207703}, {""rank"": 3, ""document"": ""gao-26-107529.pdf"", ""page"": 12, ""distance"": 1.288179636001587}, {""rank"": 4, ""document"": ""gao-26-107529.pdf"", ""page"": 23, ""distance"": 1.3042429685592651}, {""rank"": 5, ""document"": ""gao-26-107529.pdf"", ""page"": 57, ""distance"": 1.3356436491012573}, {""rank"": 6, ""document"": ""gao-26-900644.pdf"", ""page"": 62, ""distance"": 1.3490681648254395}, {""rank"": 7, ""document"": ""gao-26-900644.pdf"", ""page"": 60, ""distance"": 1.3696664571762085}, {""rank"": 8, ""document"": ""gao-26-900644.pdf"", ""page"": 42, ""distance"": 1.3789172172546387}, {""rank"": 9, ""document"": ""gao-26-900644.pdf"", ""page"": 30, ""distance"": 1.3792555332183838}, {""rank"": 10, ""document"": ""gao-26-107529.pdf"", ""page"": 21, ""distance"": 1.3816099166870117}]",0.013043700018897653
EQ025,What does GAO mean by a comprehensive cybersecurity strategy?,"It is a strategy and implementation approach that addresses desirable characteristics, including measurable outcomes and resources and costs.",GAO-24-106916,PDF p. 2,1,False,"[{""rank"": 1, ""document"": ""d24106916.pdf"", ""page"": 17, ""distance"": 0.3892396092414856}]",0.013687999977264553
EQ025,What does GAO mean by a comprehensive cybersecurity strategy?,"It is a strategy and implementation approach that addresses desirable characteristics, including measurable outcomes and resources and costs.",GAO-24-106916,PDF p. 2,2,False,"[{""rank"": 1, ""document"": ""d24106916.pdf"", ""page"": 17, ""distance"": 0.3892396092414856}, {""rank"": 2, ""document"": ""d24106916.pdf"", ""page"": 3, ""distance"": 0.4042404294013977}]",0.012486699968576431
EQ025,What does GAO mean by a comprehensive cybersecurity strategy?,"It is a strategy and implementation approach that addresses desirable characteristics, including measurable outcomes and resources and costs.",GAO-24-106916,PDF p. 2,3,False,"[{""rank"": 1, ""document"": ""d24106916.pdf"", ""page"": 17, ""distance"": 0.3892396092414856}, {""rank"": 2, ""document"": ""d24106916.pdf"", ""page"": 3, ""distance"": 0.4042404294013977}, {""rank"": 3, ""document"": ""d24106916.pdf"", ""page"": 6, ""distance"": 0.42225348949432373}]",0.012554100016131997
EQ025,What does GAO mean by a comprehensive cybersecurity strategy?,"It is a strategy and implementation approach that addresses desirable characteristics, including measurable outcomes and resources and costs.",GAO-24-106916,PDF p. 2,4,False,"[{""rank"": 1, ""document"": ""d24106916.pdf"", ""page"": 17, ""distance"": 0.3892396092414856}, {""rank"": 2, ""document"": ""d24106916.pdf"", ""page"": 3, ""distance"": 0.4042404294013977}, {""rank"": 3, ""document"": ""d24106916.pdf"", ""page"": 6, ""distance"": 0.42225348949432373}, {""rank"": 4, ""document"": ""d24106916.pdf"", ""page"": 33, ""distance"": 0.45253634452819824}]",0.009905800048727542
EQ025,What does GAO mean by a comprehensive cybersecurity strategy?,"It is a strategy and implementation approach that addresses desirable characteristics, including measurable outcomes and resources and costs.",GAO-24-106916,PDF p. 2,5,False,"[{""rank"": 1, ""document"": ""d24106916.pdf"", ""page"": 17, ""distance"": 0.3892396092414856}, {""rank"": 2, ""document"": ""d24106916.pdf"", ""page"": 3, ""distance"": 0.4042404294013977}, {""rank"": 3, ""document"": ""d24106916.pdf"", ""page"": 6, ""distance"": 0.42225348949432373}, {""rank"": 4, ""document"": ""d24106916.pdf"", ""page"": 33, ""distance"": 0.45253634452819824}, {""rank"": 5, ""document"": ""d24106916.pdf"", ""page"": 23, ""distance"": 0.49429771304130554}]",0.012582299998030066
EQ025,What does GAO mean by a comprehensive cybersecurity strategy?,"It is a strategy and implementation approach that addresses desirable characteristics, including measurable outcomes and resources and costs.",GAO-24-106916,PDF p. 2,6,False,"[{""rank"": 1, ""document"": ""d24106916.pdf"", ""page"": 17, ""distance"": 0.3892396092414856}, {""rank"": 2, ""document"": ""d24106916.pdf"", ""page"": 3, ""distance"": 0.4042404294013977}, {""rank"": 3, ""document"": ""d24106916.pdf"", ""page"": 6, ""distance"": 0.42225348949432373}, {""rank"": 4, ""document"": ""d24106916.pdf"", ""page"": 33, ""distance"": 0.45253634452819824}, {""rank"": 5, ""document"": ""d24106916.pdf"", ""page"": 23, ""distance"": 0.49429771304130554}, {""rank"": 6, ""document"": ""gao-24-107231.pdf"", ""page"": 18, ""distance"": 0.5115747451782227}]",0.012420599989127368
EQ025,What does GAO mean by a comprehensive cybersecurity strategy?,"It is a strategy and implementation approach that addresses desirable characteristics, including measurable outcomes and resources and costs.",GAO-24-106916,PDF p. 2,7,False,"[{""rank"": 1, ""document"": ""d24106916.pdf"", ""page"": 17, ""distance"": 0.3892396092414856}, {""rank"": 2, ""document"": ""d24106916.pdf"", ""page"": 3, ""distance"": 0.4042404294013977}, {""rank"": 3, ""document"": ""d24106916.pdf"", ""page"": 6, ""distance"": 0.42225348949432373}, {""rank"": 4, ""document"": ""d24106916.pdf"", ""page"": 33, ""distance"": 0.45253634452819824}, {""rank"": 5, ""document"": ""d24106916.pdf"", ""page"": 23, ""distance"": 0.49429771304130554}, {""rank"": 6, ""document"": ""gao-24-107231.pdf"", ""page"": 18, ""distance"": 0.5115747451782227}, {""rank"": 7, ""document"": ""d24106916.pdf"", ""page"": 12, ""distance"": 0.5198560357093811}]",0.012850400002207607
EQ025,What does GAO mean by a comprehensive cybersecurity strategy?,"It is a strategy and implementation approach that addresses desirable characteristics, including measurable outcomes and resources and costs.",GAO-24-106916,PDF p. 2,8,False,"[{""rank"": 1, ""document"": ""d24106916.pdf"", ""page"": 17, ""distance"": 0.3892396092414856}, {""rank"": 2, ""document"": ""d24106916.pdf"", ""page"": 3, ""distance"": 0.4042404294013977}, {""rank"": 3, ""document"": ""d24106916.pdf"", ""page"": 6, ""distance"": 0.42225348949432373}, {""rank"": 4, ""document"": ""d24106916.pdf"", ""page"": 33, ""distance"": 0.45253634452819824}, {""rank"": 5, ""document"": ""d24106916.pdf"", ""page"": 23, ""distance"": 0.49429771304130554}, {""rank"": 6, ""document"": ""gao-24-107231.pdf"", ""page"": 18, ""distance"": 0.5115747451782227}, {""rank"": 7, ""document"": ""d24106916.pdf"", ""page"": 12, ""distance"": 0.5198560357093811}, {""rank"": 8, ""document"": ""d24106916.pdf"", ""page"": 13, ""distance"": 0.5300451517105103}]",0.012246500002220273
EQ025,What does GAO mean by a comprehensive cybersecurity strategy?,"It is a strategy and implementation approach that addresses desirable characteristics, including measurable outcomes and resources and costs.",GAO-24-106916,PDF p. 2,9,False,"[{""rank"": 1, ""document"": ""d24106916.pdf"", ""page"": 17, ""distance"": 0.3892396092414856}, {""rank"": 2, ""document"": ""d24106916.pdf"", ""page"": 3, ""distance"": 0.4042404294013977}, {""rank"": 3, ""document"": ""d24106916.pdf"", ""page"": 6, ""distance"": 0.42225348949432373}, {""rank"": 4, ""document"": ""d24106916.pdf"", ""page"": 33, ""distance"": 0.45253634452819824}, {""rank"": 5, ""document"": ""d24106916.pdf"", ""page"": 23, ""distance"": 0.49429771304130554}, {""rank"": 6, ""document"": ""gao-24-107231.pdf"", ""page"": 18, ""distance"": 0.5115747451782227}, {""rank"": 7, ""document"": ""d24106916.pdf"", ""page"": 12, ""distance"": 0.5198560357093811}, {""rank"": 8, ""document"": ""d24106916.pdf"", ""page"": 13, ""distance"": 0.5300451517105103}, {""rank"": 9, ""document"": ""gao-24-107231.pdf"", ""page"": 86, ""distance"": 0.5379619598388672}]",0.012932599987834692
EQ025,What does GAO mean by a comprehensive cybersecurity strategy?,"It is a strategy and implementation approach that addresses desirable characteristics, including measurable outcomes and resources and costs.",GAO-24-106916,PDF p. 2,10,False,"[{""rank"": 1, ""document"": ""d24106916.pdf"", ""page"": 17, ""distance"": 0.3892396092414856}, {""rank"": 2, ""document"": ""d24106916.pdf"", ""page"": 3, ""distance"": 0.4042404294013977}, {""rank"": 3, ""document"": ""d24106916.pdf"", ""page"": 6, ""distance"": 0.42225348949432373}, {""rank"": 4, ""document"": ""d24106916.pdf"", ""page"": 33, ""distance"": 0.45253634452819824}, {""rank"": 5, ""document"": ""d24106916.pdf"", ""page"": 23, ""distance"": 0.49429771304130554}, {""rank"": 6, ""document"": ""gao-24-107231.pdf"", ""page"": 18, ""distance"": 0.5115747451782227}, {""rank"": 7, ""document"": ""d24106916.pdf"", ""page"": 12, ""distance"": 0.5198560357093811}, {""rank"": 8, ""document"": ""d24106916.pdf"", ""page"": 13, ""distance"": 0.5300451517105103}, {""rank"": 9, ""document"": ""gao-24-107231.pdf"", ""page"": 86, ""distance"": 0.5379619598388672}, {""rank"": 10, ""document"": ""d24106916.pdf"", ""page"": 16, ""distance"": 0.5433592200279236}]",0.012688000046182424
EQ026,What is the policy expectation for using CISA's playbook in incident response?,Agencies are to use CISA's playbook to plan and conduct cybersecurity vulnerability and incident-response activities.,GAO-24-105658,PDF p. 2,1,False,"[{""rank"": 1, ""document"": ""d24105658.pdf"", ""page"": 24, ""distance"": 0.6345866918563843}]",0.01223960000788793
EQ026,What is the policy expectation for using CISA's playbook in incident response?,Agencies are to use CISA's playbook to plan and conduct cybersecurity vulnerability and incident-response activities.,GAO-24-105658,PDF p. 2,2,False,"[{""rank"": 1, ""document"": ""d24105658.pdf"", ""page"": 24, ""distance"": 0.6345866918563843}, {""rank"": 2, ""document"": ""d24105658.pdf"", ""page"": 25, ""distance"": 0.7670222520828247}]",0.011579100042581558
EQ026,What is the policy expectation for using CISA's playbook in incident response?,Agencies are to use CISA's playbook to plan and conduct cybersecurity vulnerability and incident-response activities.,GAO-24-105658,PDF p. 2,3,False,"[{""rank"": 1, ""document"": ""d24105658.pdf"", ""page"": 24, ""distance"": 0.6345866918563843}, {""rank"": 2, ""document"": ""d24105658.pdf"", ""page"": 25, ""distance"": 0.7670222520828247}, {""rank"": 3, ""document"": ""d24105658.pdf"", ""page"": 38, ""distance"": 0.7848436236381531}]",0.012305599986575544
EQ026,What is the policy expectation for using CISA's playbook in incident response?,Agencies are to use CISA's playbook to plan and conduct cybersecurity vulnerability and incident-response activities.,GAO-24-105658,PDF p. 2,4,False,"[{""rank"": 1, ""document"": ""d24105658.pdf"", ""page"": 24, ""distance"": 0.6345866918563843}, {""rank"": 2, ""document"": ""d24105658.pdf"", ""page"": 25, ""distance"": 0.7670222520828247}, {""rank"": 3, ""document"": ""d24105658.pdf"", ""page"": 38, ""distance"": 0.7848436236381531}, {""rank"": 4, ""document"": ""d24105658.pdf"", ""page"": 14, ""distance"": 0.8061472177505493}]",0.010434399999212474
EQ026,What is the policy expectation for using CISA's playbook in incident response?,Agencies are to use CISA's playbook to plan and conduct cybersecurity vulnerability and incident-response activities.,GAO-24-105658,PDF p. 2,5,False,"[{""rank"": 1, ""document"": ""d24105658.pdf"", ""page"": 24, ""distance"": 0.6345866918563843}, {""rank"": 2, ""document"": ""d24105658.pdf"", ""page"": 25, ""distance"": 0.7670222520828247}, {""rank"": 3, ""document"": ""d24105658.pdf"", ""page"": 38, ""distance"": 0.7848436236381531}, {""rank"": 4, ""document"": ""d24105658.pdf"", ""page"": 14, ""distance"": 0.8061472177505493}, {""rank"": 5, ""document"": ""d24105658.pdf"", ""page"": 20, ""distance"": 0.9144969582557678}]",0.01096700003836304
EQ026,What is the policy expectation for using CISA's playbook in incident response?,Agencies are to use CISA's playbook to plan and conduct cybersecurity vulnerability and incident-response activities.,GAO-24-105658,PDF p. 2,6,False,"[{""rank"": 1, ""document"": ""d24105658.pdf"", ""page"": 24, ""distance"": 0.6345866918563843}, {""rank"": 2, ""document"": ""d24105658.pdf"", ""page"": 25, ""distance"": 0.7670222520828247}, {""rank"": 3, ""document"": ""d24105658.pdf"", ""page"": 38, ""distance"": 0.7848436236381531}, {""rank"": 4, ""document"": ""d24105658.pdf"", ""page"": 14, ""distance"": 0.8061472177505493}, {""rank"": 5, ""document"": ""d24105658.pdf"", ""page"": 20, ""distance"": 0.9144969582557678}, {""rank"": 6, ""document"": ""d24105658.pdf"", ""page"": 46, ""distance"": 0.9412261247634888}]",0.012676300015300512
EQ026,What is the policy expectation for using CISA's playbook in incident response?,Agencies are to use CISA's playbook to plan and conduct cybersecurity vulnerability and incident-response activities.,GAO-24-105658,PDF p. 2,7,False,"[{""rank"": 1, ""document"": ""d24105658.pdf"", ""page"": 24, ""distance"": 0.6345866918563843}, {""rank"": 2, ""document"": ""d24105658.pdf"", ""page"": 25, ""distance"": 0.7670222520828247}, {""rank"": 3, ""document"": ""d24105658.pdf"", ""page"": 38, ""distance"": 0.7848436236381531}, {""rank"": 4, ""document"": ""d24105658.pdf"", ""page"": 14, ""distance"": 0.8061472177505493}, {""rank"": 5, ""document"": ""d24105658.pdf"", ""page"": 20, ""distance"": 0.9144969582557678}, {""rank"": 6, ""document"": ""d24105658.pdf"", ""page"": 46, ""distance"": 0.9412261247634888}, {""rank"": 7, ""document"": ""d24105658.pdf"", ""page"": 15, ""distance"": 0.9457402229309082}]",0.010363199980929494
EQ026,What is the policy expectation for using CISA's playbook in incident response?,Agencies are to use CISA's playbook to plan and conduct cybersecurity vulnerability and incident-response activities.,GAO-24-105658,PDF p. 2,8,False,"[{""rank"": 1, ""document"": ""d24105658.pdf"", ""page"": 24, ""distance"": 0.6345866918563843}, {""rank"": 2, ""document"": ""d24105658.pdf"", ""page"": 25, ""distance"": 0.7670222520828247}, {""rank"": 3, ""document"": ""d24105658.pdf"", ""page"": 38, ""distance"": 0.7848436236381531}, {""rank"": 4, ""document"": ""d24105658.pdf"", ""page"": 14, ""distance"": 0.8061472177505493}, {""rank"": 5, ""document"": ""d24105658.pdf"", ""page"": 20, ""distance"": 0.9144969582557678}, {""rank"": 6, ""document"": ""d24105658.pdf"", ""page"": 46, ""distance"": 0.9412261247634888}, {""rank"": 7, ""document"": ""d24105658.pdf"", ""page"": 15, ""distance"": 0.9457402229309082}, {""rank"": 8, ""document"": ""d24105658.pdf"", ""page"": 2, ""distance"": 0.9665766954421997}]",0.009736699983477592
EQ026,What is the policy expectation for using CISA's playbook in incident response?,Agencies are to use CISA's playbook to plan and conduct cybersecurity vulnerability and incident-response activities.,GAO-24-105658,PDF p. 2,9,False,"[{""rank"": 1, ""document"": ""d24105658.pdf"", ""page"": 24, ""distance"": 0.6345866918563843}, {""rank"": 2, ""document"": ""d24105658.pdf"", ""page"": 25, ""distance"": 0.7670222520828247}, {""rank"": 3, ""document"": ""d24105658.pdf"", ""page"": 38, ""distance"": 0.7848436236381531}, {""rank"": 4, ""document"": ""d24105658.pdf"", ""page"": 14, ""distance"": 0.8061472177505493}, {""rank"": 5, ""document"": ""d24105658.pdf"", ""page"": 20, ""distance"": 0.9144969582557678}, {""rank"": 6, ""document"": ""d24105658.pdf"", ""page"": 46, ""distance"": 0.9412261247634888}, {""rank"": 7, ""document"": ""d24105658.pdf"", ""page"": 15, ""distance"": 0.9457402229309082}, {""rank"": 8, ""document"": ""d24105658.pdf"", ""page"": 2, ""distance"": 0.9665766954421997}, {""rank"": 9, ""document"": ""d24105658.pdf"", ""page"": 50, ""distance"": 0.9760226011276245}]",0.010373700002674013
EQ026,What is the policy expectation for using CISA's playbook in incident response?,Agencies are to use CISA's playbook to plan and conduct cybersecurity vulnerability and incident-response activities.,GAO-24-105658,PDF p. 2,10,False,"[{""rank"": 1, ""document"": ""d24105658.pdf"", ""page"": 24, ""distance"": 0.6345866918563843}, {""rank"": 2, ""document"": ""d24105658.pdf"", ""page"": 25, ""distance"": 0.7670222520828247}, {""rank"": 3, ""document"": ""d24105658.pdf"", ""page"": 38, ""distance"": 0.7848436236381531}, {""rank"": 4, ""document"": ""d24105658.pdf"", ""page"": 14, ""distance"": 0.8061472177505493}, {""rank"": 5, ""document"": ""d24105658.pdf"", ""page"": 20, ""distance"": 0.9144969582557678}, {""rank"": 6, ""document"": ""d24105658.pdf"", ""page"": 46, ""distance"": 0.9412261247634888}, {""rank"": 7, ""document"": ""d24105658.pdf"", ""page"": 15, ""distance"": 0.9457402229309082}, {""rank"": 8, ""document"": ""d24105658.pdf"", ""page"": 2, ""distance"": 0.9665766954421997}, {""rank"": 9, ""document"": ""d24105658.pdf"", ""page"": 50, ""distance"": 0.9760226011276245}, {""rank"": 10, ""document"": ""d24105658.pdf"", ""page"": 23, ""distance"": 1.0468324422836304}]",0.010717800003476441
EQ027,What is the policy concern with agencies' event logging implementation?,Agencies had not met the Executive Order 14028 event-logging requirements as of August 2023.,GAO-24-105658,PDF p. 2,1,False,"[{""rank"": 1, ""document"": ""d24105658.pdf"", ""page"": 31, ""distance"": 0.6745692491531372}]",0.01431379996938631
EQ027,What is the policy concern with agencies' event logging implementation?,Agencies had not met the Executive Order 14028 event-logging requirements as of August 2023.,GAO-24-105658,PDF p. 2,2,False,"[{""rank"": 1, ""document"": ""d24105658.pdf"", ""page"": 31, ""distance"": 0.6745692491531372}, {""rank"": 2, ""document"": ""d24105658.pdf"", ""page"": 33, ""distance"": 0.7317449450492859}]",0.009394399996381253
EQ027,What is the policy concern with agencies' event logging implementation?,Agencies had not met the Executive Order 14028 event-logging requirements as of August 2023.,GAO-24-105658,PDF p. 2,3,False,"[{""rank"": 1, ""document"": ""d24105658.pdf"", ""page"": 31, ""distance"": 0.6745692491531372}, {""rank"": 2, ""document"": ""d24105658.pdf"", ""page"": 33, ""distance"": 0.7317449450492859}, {""rank"": 3, ""document"": ""gao-24-107231.pdf"", ""page"": 47, ""distance"": 0.7516423463821411}]",0.010217299975920469
EQ027,What is the policy concern with agencies' event logging implementation?,Agencies had not met the Executive Order 14028 event-logging requirements as of August 2023.,GAO-24-105658,PDF p. 2,4,False,"[{""rank"": 1, ""document"": ""d24105658.pdf"", ""page"": 31, ""distance"": 0.6745692491531372}, {""rank"": 2, ""document"": ""d24105658.pdf"", ""page"": 33, ""distance"": 0.7317449450492859}, {""rank"": 3, ""document"": ""gao-24-107231.pdf"", ""page"": 47, ""distance"": 0.7516423463821411}, {""rank"": 4, ""document"": ""d24105658.pdf"", ""page"": 36, ""distance"": 0.7560554146766663}]",0.012877600034698844
EQ027,What is the policy concern with agencies' event logging implementation?,Agencies had not met the Executive Order 14028 event-logging requirements as of August 2023.,GAO-24-105658,PDF p. 2,5,False,"[{""rank"": 1, ""document"": ""d24105658.pdf"", ""page"": 31, ""distance"": 0.6745692491531372}, {""rank"": 2, ""document"": ""d24105658.pdf"", ""page"": 33, ""distance"": 0.7317449450492859}, {""rank"": 3, ""document"": ""gao-24-107231.pdf"", ""page"": 47, ""distance"": 0.7516423463821411}, {""rank"": 4, ""document"": ""d24105658.pdf"", ""page"": 36, ""distance"": 0.7560554146766663}, {""rank"": 5, ""document"": ""d24105658.pdf"", ""page"": 43, ""distance"": 0.7715635299682617}]",0.010159099998418242
EQ027,What is the policy concern with agencies' event logging implementation?,Agencies had not met the Executive Order 14028 event-logging requirements as of August 2023.,GAO-24-105658,PDF p. 2,6,False,"[{""rank"": 1, ""document"": ""d24105658.pdf"", ""page"": 31, ""distance"": 0.6745692491531372}, {""rank"": 2, ""document"": ""d24105658.pdf"", ""page"": 33, ""distance"": 0.7317449450492859}, {""rank"": 3, ""document"": ""gao-24-107231.pdf"", ""page"": 47, ""distance"": 0.7516423463821411}, {""rank"": 4, ""document"": ""d24105658.pdf"", ""page"": 36, ""distance"": 0.7560554146766663}, {""rank"": 5, ""document"": ""d24105658.pdf"", ""page"": 43, ""distance"": 0.7715635299682617}, {""rank"": 6, ""document"": ""d24105658.pdf"", ""page"": 40, ""distance"": 0.782225489616394}]",0.01315370004158467
EQ027,What is the policy concern with agencies' event logging implementation?,Agencies had not met the Executive Order 14028 event-logging requirements as of August 2023.,GAO-24-105658,PDF p. 2,7,False,"[{""rank"": 1, ""document"": ""d24105658.pdf"", ""page"": 31, ""distance"": 0.6745692491531372}, {""rank"": 2, ""document"": ""d24105658.pdf"", ""page"": 33, ""distance"": 0.7317449450492859}, {""rank"": 3, ""document"": ""gao-24-107231.pdf"", ""page"": 47, ""distance"": 0.7516423463821411}, {""rank"": 4, ""document"": ""d24105658.pdf"", ""page"": 36, ""distance"": 0.7560554146766663}, {""rank"": 5, ""document"": ""d24105658.pdf"", ""page"": 43, ""distance"": 0.7715635299682617}, {""rank"": 6, ""document"": ""d24105658.pdf"", ""page"": 40, ""distance"": 0.782225489616394}, {""rank"": 7, ""document"": ""gao-24-107231.pdf"", ""page"": 3, ""distance"": 0.8071557283401489}]",0.010216000024229288
EQ027,What is the policy concern with agencies' event logging implementation?,Agencies had not met the Executive Order 14028 event-logging requirements as of August 2023.,GAO-24-105658,PDF p. 2,8,False,"[{""rank"": 1, ""document"": ""d24105658.pdf"", ""page"": 31, ""distance"": 0.6745692491531372}, {""rank"": 2, ""document"": ""d24105658.pdf"", ""page"": 33, ""distance"": 0.7317449450492859}, {""rank"": 3, ""document"": ""gao-24-107231.pdf"", ""page"": 47, ""distance"": 0.7516423463821411}, {""rank"": 4, ""document"": ""d24105658.pdf"", ""page"": 36, ""distance"": 0.7560554146766663}, {""rank"": 5, ""document"": ""d24105658.pdf"", ""page"": 43, ""distance"": 0.7715635299682617}, {""rank"": 6, ""document"": ""d24105658.pdf"", ""page"": 40, ""distance"": 0.782225489616394}, {""rank"": 7, ""document"": ""gao-24-107231-highlights.pdf"", ""page"": 2, ""distance"": 0.8071557283401489}, {""rank"": 8, ""document"": ""gao-24-107231.pdf"", ""page"": 3, ""distance"": 0.8071557283401489}]",0.011959900031797588
EQ027,What is the policy concern with agencies' event logging implementation?,Agencies had not met the Executive Order 14028 event-logging requirements as of August 2023.,GAO-24-105658,PDF p. 2,9,False,"[{""rank"": 1, ""document"": ""d24105658.pdf"", ""page"": 31, ""distance"": 0.6745692491531372}, {""rank"": 2, ""document"": ""d24105658.pdf"", ""page"": 33, ""distance"": 0.7317449450492859}, {""rank"": 3, ""document"": ""gao-24-107231.pdf"", ""page"": 47, ""distance"": 0.7516423463821411}, {""rank"": 4, ""document"": ""d24105658.pdf"", ""page"": 36, ""distance"": 0.7560554146766663}, {""rank"": 5, ""document"": ""d24105658.pdf"", ""page"": 43, ""distance"": 0.7715635299682617}, {""rank"": 6, ""document"": ""d24105658.pdf"", ""page"": 40, ""distance"": 0.782225489616394}, {""rank"": 7, ""document"": ""gao-24-107231-highlights.pdf"", ""page"": 2, ""distance"": 0.8071557283401489}, {""rank"": 8, ""document"": ""gao-24-107231.pdf"", ""page"": 3, ""distance"": 0.8071557283401489}, {""rank"": 9, ""document"": ""d24105658.pdf"", ""page"": 31, ""distance"": 0.8375781774520874}]",0.013030299975071102
EQ027,What is the policy concern with agencies' event logging implementation?,Agencies had not met the Executive Order 14028 event-logging requirements as of August 2023.,GAO-24-105658,PDF p. 2,10,False,"[{""rank"": 1, ""document"": ""d24105658.pdf"", ""page"": 31, ""distance"": 0.6745692491531372}, {""rank"": 2, ""document"": ""d24105658.pdf"", ""page"": 33, ""distance"": 0.7317449450492859}, {""rank"": 3, ""document"": ""gao-24-107231.pdf"", ""page"": 47, ""distance"": 0.7516423463821411}, {""rank"": 4, ""document"": ""d24105658.pdf"", ""page"": 36, ""distance"": 0.7560554146766663}, {""rank"": 5, ""document"": ""d24105658.pdf"", ""page"": 43, ""distance"": 0.7715635299682617}, {""rank"": 6, ""document"": ""d24105658.pdf"", ""page"": 40, ""distance"": 0.782225489616394}, {""rank"": 7, ""document"": ""gao-24-107231-highlights.pdf"", ""page"": 2, ""distance"": 0.8071557283401489}, {""rank"": 8, ""document"": ""gao-24-107231.pdf"", ""page"": 3, ""distance"": 0.8071557283401489}, {""rank"": 9, ""document"": ""d24105658.pdf"", ""page"": 31, ""distance"": 0.8375781774520874}, {""rank"": 10, ""document"": ""d24105658.pdf"", ""page"": 41, ""distance"": 0.8580266237258911}]",0.011216900020372123
EQ028,What is GAO's recommendation for State Department contingency plans affecting national security?,The State Department should annually test contingency plans for systems with significant national-security impact.,GAO-24-107733,PDF p. 2,1,False,"[{""rank"": 1, ""document"": ""gao-22-104467-highlights.pdf"", ""page"": 1, ""distance"": 0.7430254220962524}]",0.010957700025755912
EQ028,What is GAO's recommendation for State Department contingency plans affecting national security?,The State Department should annually test contingency plans for systems with significant national-security impact.,GAO-24-107733,PDF p. 2,2,False,"[{""rank"": 1, ""document"": ""gao-22-104467-highlights.pdf"", ""page"": 1, ""distance"": 0.7430254220962524}, {""rank"": 2, ""document"": ""gao-26-900644.pdf"", ""page"": 92, ""distance"": 0.788802444934845}]",0.010421999963000417
EQ028,What is GAO's recommendation for State Department contingency plans affecting national security?,The State Department should annually test contingency plans for systems with significant national-security impact.,GAO-24-107733,PDF p. 2,3,False,"[{""rank"": 1, ""document"": ""gao-22-104467-highlights.pdf"", ""page"": 1, ""distance"": 0.7430254220962524}, {""rank"": 2, ""document"": ""gao-26-900644.pdf"", ""page"": 92, ""distance"": 0.788802444934845}, {""rank"": 3, ""document"": ""gao-16-885t.pdf"", ""page"": 2, ""distance"": 0.8173521757125854}]",0.010804800025653094
EQ028,What is GAO's recommendation for State Department contingency plans affecting national security?,The State Department should annually test contingency plans for systems with significant national-security impact.,GAO-24-107733,PDF p. 2,4,False,"[{""rank"": 1, ""document"": ""gao-22-104467-highlights.pdf"", ""page"": 1, ""distance"": 0.7430254220962524}, {""rank"": 2, ""document"": ""gao-26-900644.pdf"", ""page"": 92, ""distance"": 0.788802444934845}, {""rank"": 3, ""document"": ""gao-16-885t.pdf"", ""page"": 2, ""distance"": 0.8173521757125854}, {""rank"": 4, ""document"": ""d24106916.pdf"", ""page"": 17, ""distance"": 0.8345609903335571}]",0.011162700015120208
EQ028,What is GAO's recommendation for State Department contingency plans affecting national security?,The State Department should annually test contingency plans for systems with significant national-security impact.,GAO-24-107733,PDF p. 2,5,False,"[{""rank"": 1, ""document"": ""gao-22-104467-highlights.pdf"", ""page"": 1, ""distance"": 0.7430254220962524}, {""rank"": 2, ""document"": ""gao-26-900644.pdf"", ""page"": 92, ""distance"": 0.788802444934845}, {""rank"": 3, ""document"": ""gao-16-885t.pdf"", ""page"": 2, ""distance"": 0.8173521757125854}, {""rank"": 4, ""document"": ""d24106916.pdf"", ""page"": 17, ""distance"": 0.8345609903335571}, {""rank"": 5, ""document"": ""gao-24-107231-highlights.pdf"", ""page"": 3, ""distance"": 0.8400406837463379}]",0.009324899991042912
EQ028,What is GAO's recommendation for State Department contingency plans affecting national security?,The State Department should annually test contingency plans for systems with significant national-security impact.,GAO-24-107733,PDF p. 2,6,False,"[{""rank"": 1, ""document"": ""gao-22-104467-highlights.pdf"", ""page"": 1, ""distance"": 0.7430254220962524}, {""rank"": 2, ""document"": ""gao-26-900644.pdf"", ""page"": 92, ""distance"": 0.788802444934845}, {""rank"": 3, ""document"": ""gao-16-885t.pdf"", ""page"": 2, ""distance"": 0.8173521757125854}, {""rank"": 4, ""document"": ""d24106916.pdf"", ""page"": 17, ""distance"": 0.8345609903335571}, {""rank"": 5, ""document"": ""gao-24-107231-highlights.pdf"", ""page"": 3, ""distance"": 0.8400406837463379}, {""rank"": 6, ""document"": ""gao-24-107231.pdf"", ""page"": 4, ""distance"": 0.8400406837463379}]",0.012771599984262139
EQ028,What is GAO's recommendation for State Department contingency plans affecting national security?,The State Department should annually test contingency plans for systems with significant national-security impact.,GAO-24-107733,PDF p. 2,7,False,"[{""rank"": 1, ""document"": ""gao-22-104467-highlights.pdf"", ""page"": 1, ""distance"": 0.7430254220962524}, {""rank"": 2, ""document"": ""gao-26-900644.pdf"", ""page"": 92, ""distance"": 0.788802444934845}, {""rank"": 3, ""document"": ""gao-16-885t.pdf"", ""page"": 2, ""distance"": 0.8173521757125854}, {""rank"": 4, ""document"": ""d24106916.pdf"", ""page"": 17, ""distance"": 0.8345609903335571}, {""rank"": 5, ""document"": ""gao-24-107231-highlights.pdf"", ""page"": 3, ""distance"": 0.8400406837463379}, {""rank"": 6, ""document"": ""gao-24-107231.pdf"", ""page"": 4, ""distance"": 0.8400406837463379}, {""rank"": 7, ""document"": ""d24105658.pdf"", ""page"": 75, ""distance"": 0.8405056595802307}]",0.017291299998760223
EQ028,What is GAO's recommendation for State Department contingency plans affecting national security?,The State Department should annually test contingency plans for systems with significant national-security impact.,GAO-24-107733,PDF p. 2,8,False,"[{""rank"": 1, ""document"": ""gao-22-104467-highlights.pdf"", ""page"": 1, ""distance"": 0.7430254220962524}, {""rank"": 2, ""document"": ""gao-26-900644.pdf"", ""page"": 92, ""distance"": 0.788802444934845}, {""rank"": 3, ""document"": ""gao-16-885t.pdf"", ""page"": 2, ""distance"": 0.8173521757125854}, {""rank"": 4, ""document"": ""d24106916.pdf"", ""page"": 17, ""distance"": 0.8345609903335571}, {""rank"": 5, ""document"": ""gao-24-107231-highlights.pdf"", ""page"": 3, ""distance"": 0.8400406837463379}, {""rank"": 6, ""document"": ""gao-24-107231.pdf"", ""page"": 4, ""distance"": 0.8400406837463379}, {""rank"": 7, ""document"": ""d24105658.pdf"", ""page"": 75, ""distance"": 0.8405056595802307}, {""rank"": 8, ""document"": ""d24106576.pdf"", ""page"": 44, ""distance"": 0.8434802293777466}]",0.013633600028697401
EQ028,What is GAO's recommendation for State Department contingency plans affecting national security?,The State Department should annually test contingency plans for systems with significant national-security impact.,GAO-24-107733,PDF p. 2,9,False,"[{""rank"": 1, ""document"": ""gao-22-104467-highlights.pdf"", ""page"": 1, ""distance"": 0.7430254220962524}, {""rank"": 2, ""document"": ""gao-26-900644.pdf"", ""page"": 92, ""distance"": 0.788802444934845}, {""rank"": 3, ""document"": ""gao-16-885t.pdf"", ""page"": 2, ""distance"": 0.8173521757125854}, {""rank"": 4, ""document"": ""d24106916.pdf"", ""page"": 17, ""distance"": 0.8345609903335571}, {""rank"": 5, ""document"": ""gao-24-107231-highlights.pdf"", ""page"": 3, ""distance"": 0.8400406837463379}, {""rank"": 6, ""document"": ""gao-24-107231.pdf"", ""page"": 4, ""distance"": 0.8400406837463379}, {""rank"": 7, ""document"": ""d24105658.pdf"", ""page"": 75, ""distance"": 0.8405056595802307}, {""rank"": 8, ""document"": ""d24106576.pdf"", ""page"": 44, ""distance"": 0.8434802293777466}, {""rank"": 9, ""document"": ""gao-24-107231.pdf"", ""page"": 5, ""distance"": 0.8471149206161499}]",0.011534899997059256
EQ028,What is GAO's recommendation for State Department contingency plans affecting national security?,The State Department should annually test contingency plans for systems with significant national-security impact.,GAO-24-107733,PDF p. 2,10,False,"[{""rank"": 1, ""document"": ""gao-22-104467-highlights.pdf"", ""page"": 1, ""distance"": 0.7430254220962524}, {""rank"": 2, ""document"": ""gao-26-900644.pdf"", ""page"": 92, ""distance"": 0.788802444934845}, {""rank"": 3, ""document"": ""gao-16-885t.pdf"", ""page"": 2, ""distance"": 0.8173521757125854}, {""rank"": 4, ""document"": ""d24106916.pdf"", ""page"": 17, ""distance"": 0.8345609903335571}, {""rank"": 5, ""document"": ""gao-24-107231-highlights.pdf"", ""page"": 3, ""distance"": 0.8400406837463379}, {""rank"": 6, ""document"": ""gao-24-107231.pdf"", ""page"": 4, ""distance"": 0.8400406837463379}, {""rank"": 7, ""document"": ""d24105658.pdf"", ""page"": 75, ""distance"": 0.8405056595802307}, {""rank"": 8, ""document"": ""d24106576.pdf"", ""page"": 44, ""distance"": 0.8434802293777466}, {""rank"": 9, ""document"": ""gao-24-107231-highlights.pdf"", ""page"": 4, ""distance"": 0.8471149206161499}, {""rank"": 10, ""document"": ""gao-24-107231.pdf"", ""page"": 5, ""distance"": 0.8471149206161499}]",0.010285899974405766
EQ029,What policy role does the National Infrastructure Protection Plan assign for K-12 cybersecurity?,"It establishes roles and responsibilities for protecting critical infrastructure, including the Education Subsector.",GAO-23-105480,PDF p. 2,1,False,"[{""rank"": 1, ""document"": ""gao-23-105480.pdf"", ""page"": 46, ""distance"": 0.3882003426551819}]",0.013414700049906969
EQ029,What policy role does the National Infrastructure Protection Plan assign for K-12 cybersecurity?,"It establishes roles and responsibilities for protecting critical infrastructure, including the Education Subsector.",GAO-23-105480,PDF p. 2,2,False,"[{""rank"": 1, ""document"": ""gao-23-105480.pdf"", ""page"": 46, ""distance"": 0.3882003426551819}, {""rank"": 2, ""document"": ""gao-23-105480.pdf"", ""page"": 1, ""distance"": 0.5814128518104553}]",0.023088399961125106
EQ029,What policy role does the National Infrastructure Protection Plan assign for K-12 cybersecurity?,"It establishes roles and responsibilities for protecting critical infrastructure, including the Education Subsector.",GAO-23-105480,PDF p. 2,3,False,"[{""rank"": 1, ""document"": ""gao-23-105480.pdf"", ""page"": 46, ""distance"": 0.3882003426551819}, {""rank"": 2, ""document"": ""gao-23-105480.pdf"", ""page"": 1, ""distance"": 0.5814128518104553}, {""rank"": 3, ""document"": ""gao-23-105480.pdf"", ""page"": 10, ""distance"": 0.6247291564941406}]",0.014341999951284379
EQ029,What policy role does the National Infrastructure Protection Plan assign for K-12 cybersecurity?,"It establishes roles and responsibilities for protecting critical infrastructure, including the Education Subsector.",GAO-23-105480,PDF p. 2,4,False,"[{""rank"": 1, ""document"": ""gao-23-105480.pdf"", ""page"": 46, ""distance"": 0.3882003426551819}, {""rank"": 2, ""document"": ""gao-23-105480.pdf"", ""page"": 1, ""distance"": 0.5814128518104553}, {""rank"": 3, ""document"": ""gao-23-105480.pdf"", ""page"": 10, ""distance"": 0.6247291564941406}, {""rank"": 4, ""document"": ""gao-23-105480.pdf"", ""page"": 34, ""distance"": 0.6334055662155151}]",0.011275000055320561
EQ029,What policy role does the National Infrastructure Protection Plan assign for K-12 cybersecurity?,"It establishes roles and responsibilities for protecting critical infrastructure, including the Education Subsector.",GAO-23-105480,PDF p. 2,5,False,"[{""rank"": 1, ""document"": ""gao-23-105480.pdf"", ""page"": 46, ""distance"": 0.3882003426551819}, {""rank"": 2, ""document"": ""gao-23-105480.pdf"", ""page"": 1, ""distance"": 0.5814128518104553}, {""rank"": 3, ""document"": ""gao-23-105480.pdf"", ""page"": 10, ""distance"": 0.6247291564941406}, {""rank"": 4, ""document"": ""gao-23-105480.pdf"", ""page"": 34, ""distance"": 0.6334055662155151}, {""rank"": 5, ""document"": ""gao-23-105480.pdf"", ""page"": 47, ""distance"": 0.6507421731948853}]",0.011175099993124604
EQ029,What policy role does the National Infrastructure Protection Plan assign for K-12 cybersecurity?,"It establishes roles and responsibilities for protecting critical infrastructure, including the Education Subsector.",GAO-23-105480,PDF p. 2,6,False,"[{""rank"": 1, ""document"": ""gao-23-105480.pdf"", ""page"": 46, ""distance"": 0.3882003426551819}, {""rank"": 2, ""document"": ""gao-23-105480.pdf"", ""page"": 1, ""distance"": 0.5814128518104553}, {""rank"": 3, ""document"": ""gao-23-105480.pdf"", ""page"": 10, ""distance"": 0.6247291564941406}, {""rank"": 4, ""document"": ""gao-23-105480.pdf"", ""page"": 34, ""distance"": 0.6334055662155151}, {""rank"": 5, ""document"": ""gao-23-105480.pdf"", ""page"": 47, ""distance"": 0.6507421731948853}, {""rank"": 6, ""document"": ""gao-24-107231.pdf"", ""page"": 88, ""distance"": 0.6508655548095703}]",0.009870200010482222
EQ029,What policy role does the National Infrastructure Protection Plan assign for K-12 cybersecurity?,"It establishes roles and responsibilities for protecting critical infrastructure, including the Education Subsector.",GAO-23-105480,PDF p. 2,7,False,"[{""rank"": 1, ""document"": ""gao-23-105480.pdf"", ""page"": 46, ""distance"": 0.3882003426551819}, {""rank"": 2, ""document"": ""gao-23-105480.pdf"", ""page"": 1, ""distance"": 0.5814128518104553}, {""rank"": 3, ""document"": ""gao-23-105480.pdf"", ""page"": 10, ""distance"": 0.6247291564941406}, {""rank"": 4, ""document"": ""gao-23-105480.pdf"", ""page"": 34, ""distance"": 0.6334055662155151}, {""rank"": 5, ""document"": ""gao-23-105480.pdf"", ""page"": 47, ""distance"": 0.6507421731948853}, {""rank"": 6, ""document"": ""gao-24-107231.pdf"", ""page"": 88, ""distance"": 0.6508655548095703}, {""rank"": 7, ""document"": ""gao-23-105480.pdf"", ""page"": 45, ""distance"": 0.654048502445221}]",0.011079599964432418
EQ029,What policy role does the National Infrastructure Protection Plan assign for K-12 cybersecurity?,"It establishes roles and responsibilities for protecting critical infrastructure, including the Education Subsector.",GAO-23-105480,PDF p. 2,8,False,"[{""rank"": 1, ""document"": ""gao-23-105480.pdf"", ""page"": 46, ""distance"": 0.3882003426551819}, {""rank"": 2, ""document"": ""gao-23-105480.pdf"", ""page"": 1, ""distance"": 0.5814128518104553}, {""rank"": 3, ""document"": ""gao-23-105480.pdf"", ""page"": 10, ""distance"": 0.6247291564941406}, {""rank"": 4, ""document"": ""gao-23-105480.pdf"", ""page"": 34, ""distance"": 0.6334055662155151}, {""rank"": 5, ""document"": ""gao-23-105480.pdf"", ""page"": 47, ""distance"": 0.6507421731948853}, {""rank"": 6, ""document"": ""gao-24-107231.pdf"", ""page"": 88, ""distance"": 0.6508655548095703}, {""rank"": 7, ""document"": ""gao-23-105480.pdf"", ""page"": 45, ""distance"": 0.654048502445221}, {""rank"": 8, ""document"": ""gao-23-105480.pdf"", ""page"": 33, ""distance"": 0.6542245149612427}]",0.01226170000154525
EQ029,What policy role does the National Infrastructure Protection Plan assign for K-12 cybersecurity?,"It establishes roles and responsibilities for protecting critical infrastructure, including the Education Subsector.",GAO-23-105480,PDF p. 2,9,False,"[{""rank"": 1, ""document"": ""gao-23-105480.pdf"", ""page"": 46, ""distance"": 0.3882003426551819}, {""rank"": 2, ""document"": ""gao-23-105480.pdf"", ""page"": 1, ""distance"": 0.5814128518104553}, {""rank"": 3, ""document"": ""gao-23-105480.pdf"", ""page"": 10, ""distance"": 0.6247291564941406}, {""rank"": 4, ""document"": ""gao-23-105480.pdf"", ""page"": 34, ""distance"": 0.6334055662155151}, {""rank"": 5, ""document"": ""gao-23-105480.pdf"", ""page"": 47, ""distance"": 0.6507421731948853}, {""rank"": 6, ""document"": ""gao-24-107231.pdf"", ""page"": 88, ""distance"": 0.6508655548095703}, {""rank"": 7, ""document"": ""gao-23-105480.pdf"", ""page"": 45, ""distance"": 0.654048502445221}, {""rank"": 8, ""document"": ""gao-23-105480.pdf"", ""page"": 33, ""distance"": 0.6542245149612427}, {""rank"": 9, ""document"": ""gao-23-105480.pdf"", ""page"": 2, ""distance"": 0.6615118980407715}]",0.010361900029238313
EQ029,What policy role does the National Infrastructure Protection Plan assign for K-12 cybersecurity?,"It establishes roles and responsibilities for protecting critical infrastructure, including the Education Subsector.",GAO-23-105480,PDF p. 2,10,False,"[{""rank"": 1, ""document"": ""gao-23-105480.pdf"", ""page"": 46, ""distance"": 0.3882003426551819}, {""rank"": 2, ""document"": ""gao-23-105480.pdf"", ""page"": 1, ""distance"": 0.5814128518104553}, {""rank"": 3, ""document"": ""gao-23-105480.pdf"", ""page"": 10, ""distance"": 0.6247291564941406}, {""rank"": 4, ""document"": ""gao-23-105480.pdf"", ""page"": 34, ""distance"": 0.6334055662155151}, {""rank"": 5, ""document"": ""gao-23-105480.pdf"", ""page"": 47, ""distance"": 0.6507421731948853}, {""rank"": 6, ""document"": ""gao-24-107231.pdf"", ""page"": 88, ""distance"": 0.6508655548095703}, {""rank"": 7, ""document"": ""gao-23-105480.pdf"", ""page"": 45, ""distance"": 0.654048502445221}, {""rank"": 8, ""document"": ""gao-23-105480.pdf"", ""page"": 33, ""distance"": 0.6542245149612427}, {""rank"": 9, ""document"": ""gao-23-105480.pdf"", ""page"": 2, ""distance"": 0.6615118980407715}, {""rank"": 10, ""document"": ""d24106576.pdf"", ""page"": 20, ""distance"": 0.6640628576278687}]",0.01416419999441132
EQ030,What policy concern did GAO identify about transparency of DOGE contract savings?,DOGE was not transparent about its calculation methodologies and did not use its stated method for most reported terminated-contract savings.,GAO-26-108615,PDF p. 2,1,False,"[{""rank"": 1, ""document"": ""gao-26-108615.pdf"", ""page"": 23, ""distance"": 0.565742015838623}]",0.013562100008130074
EQ030,What policy concern did GAO identify about transparency of DOGE contract savings?,DOGE was not transparent about its calculation methodologies and did not use its stated method for most reported terminated-contract savings.,GAO-26-108615,PDF p. 2,2,False,"[{""rank"": 1, ""document"": ""gao-26-108615.pdf"", ""page"": 23, ""distance"": 0.565742015838623}, {""rank"": 2, ""document"": ""gao-26-108615.pdf"", ""page"": 6, ""distance"": 0.5778198838233948}]",0.013332400005310774
EQ030,What policy concern did GAO identify about transparency of DOGE contract savings?,DOGE was not transparent about its calculation methodologies and did not use its stated method for most reported terminated-contract savings.,GAO-26-108615,PDF p. 2,3,False,"[{""rank"": 1, ""document"": ""gao-26-108615.pdf"", ""page"": 23, ""distance"": 0.565742015838623}, {""rank"": 2, ""document"": ""gao-26-108615.pdf"", ""page"": 6, ""distance"": 0.5778198838233948}, {""rank"": 3, ""document"": ""gao-26-108615.pdf"", ""page"": 1, ""distance"": 0.5981123447418213}]",0.01101870002457872
EQ030,What policy concern did GAO identify about transparency of DOGE contract savings?,DOGE was not transparent about its calculation methodologies and did not use its stated method for most reported terminated-contract savings.,GAO-26-108615,PDF p. 2,4,False,"[{""rank"": 1, ""document"": ""gao-26-108615.pdf"", ""page"": 23, ""distance"": 0.565742015838623}, {""rank"": 2, ""document"": ""gao-26-108615.pdf"", ""page"": 6, ""distance"": 0.5778198838233948}, {""rank"": 3, ""document"": ""gao-26-108615.pdf"", ""page"": 1, ""distance"": 0.5981123447418213}, {""rank"": 4, ""document"": ""gao-26-108615.pdf"", ""page"": 9, ""distance"": 0.6078377366065979}]",0.012272599968127906
EQ030,What policy concern did GAO identify about transparency of DOGE contract savings?,DOGE was not transparent about its calculation methodologies and did not use its stated method for most reported terminated-contract savings.,GAO-26-108615,PDF p. 2,5,False,"[{""rank"": 1, ""document"": ""gao-26-108615.pdf"", ""page"": 23, ""distance"": 0.565742015838623}, {""rank"": 2, ""document"": ""gao-26-108615.pdf"", ""page"": 6, ""distance"": 0.5778198838233948}, {""rank"": 3, ""document"": ""gao-26-108615.pdf"", ""page"": 1, ""distance"": 0.5981123447418213}, {""rank"": 4, ""document"": ""gao-26-108615.pdf"", ""page"": 9, ""distance"": 0.6078377366065979}, {""rank"": 5, ""document"": ""gao-26-108615.pdf"", ""page"": 2, ""distance"": 0.6169119477272034}]",0.010754100047051907
EQ030,What policy concern did GAO identify about transparency of DOGE contract savings?,DOGE was not transparent about its calculation methodologies and did not use its stated method for most reported terminated-contract savings.,GAO-26-108615,PDF p. 2,6,False,"[{""rank"": 1, ""document"": ""gao-26-108615.pdf"", ""page"": 23, ""distance"": 0.565742015838623}, {""rank"": 2, ""document"": ""gao-26-108615.pdf"", ""page"": 6, ""distance"": 0.5778198838233948}, {""rank"": 3, ""document"": ""gao-26-108615.pdf"", ""page"": 1, ""distance"": 0.5981123447418213}, {""rank"": 4, ""document"": ""gao-26-108615.pdf"", ""page"": 9, ""distance"": 0.6078377366065979}, {""rank"": 5, ""document"": ""gao-26-108615.pdf"", ""page"": 2, ""distance"": 0.6169119477272034}, {""rank"": 6, ""document"": ""gao-26-108615.pdf"", ""page"": 2, ""distance"": 0.6264489889144897}]",0.009063199977390468
EQ030,What policy concern did GAO identify about transparency of DOGE contract savings?,DOGE was not transparent about its calculation methodologies and did not use its stated method for most reported terminated-contract savings.,GAO-26-108615,PDF p. 2,7,False,"[{""rank"": 1, ""document"": ""gao-26-108615.pdf"", ""page"": 23, ""distance"": 0.565742015838623}, {""rank"": 2, ""document"": ""gao-26-108615.pdf"", ""page"": 6, ""distance"": 0.5778198838233948}, {""rank"": 3, ""document"": ""gao-26-108615.pdf"", ""page"": 1, ""distance"": 0.5981123447418213}, {""rank"": 4, ""document"": ""gao-26-108615.pdf"", ""page"": 9, ""distance"": 0.6078377366065979}, {""rank"": 5, ""document"": ""gao-26-108615.pdf"", ""page"": 2, ""distance"": 0.6169119477272034}, {""rank"": 6, ""document"": ""gao-26-108615.pdf"", ""page"": 2, ""distance"": 0.6264489889144897}, {""rank"": 7, ""document"": ""gao-26-108615.pdf"", ""page"": 19, ""distance"": 0.6390742659568787}]",0.009437400032766163
EQ030,What policy concern did GAO identify about transparency of DOGE contract savings?,DOGE was not transparent about its calculation methodologies and did not use its stated method for most reported terminated-contract savings.,GAO-26-108615,PDF p. 2,8,False,"[{""rank"": 1, ""document"": ""gao-26-108615.pdf"", ""page"": 23, ""distance"": 0.565742015838623}, {""rank"": 2, ""document"": ""gao-26-108615.pdf"", ""page"": 6, ""distance"": 0.5778198838233948}, {""rank"": 3, ""document"": ""gao-26-108615.pdf"", ""page"": 1, ""distance"": 0.5981123447418213}, {""rank"": 4, ""document"": ""gao-26-108615.pdf"", ""page"": 9, ""distance"": 0.6078377366065979}, {""rank"": 5, ""document"": ""gao-26-108615.pdf"", ""page"": 2, ""distance"": 0.6169119477272034}, {""rank"": 6, ""document"": ""gao-26-108615.pdf"", ""page"": 2, ""distance"": 0.6264489889144897}, {""rank"": 7, ""document"": ""gao-26-108615.pdf"", ""page"": 19, ""distance"": 0.6390742659568787}, {""rank"": 8, ""document"": ""gao-26-108615.pdf"", ""page"": 36, ""distance"": 0.6404086351394653}]",0.012088000017683953
EQ030,What policy concern did GAO identify about transparency of DOGE contract savings?,DOGE was not transparent about its calculation methodologies and did not use its stated method for most reported terminated-contract savings.,GAO-26-108615,PDF p. 2,9,False,"[{""rank"": 1, ""document"": ""gao-26-108615.pdf"", ""page"": 23, ""distance"": 0.565742015838623}, {""rank"": 2, ""document"": ""gao-26-108615.pdf"", ""page"": 6, ""distance"": 0.5778198838233948}, {""rank"": 3, ""document"": ""gao-26-108615.pdf"", ""page"": 1, ""distance"": 0.5981123447418213}, {""rank"": 4, ""document"": ""gao-26-108615.pdf"", ""page"": 9, ""distance"": 0.6078377366065979}, {""rank"": 5, ""document"": ""gao-26-108615.pdf"", ""page"": 2, ""distance"": 0.6169119477272034}, {""rank"": 6, ""document"": ""gao-26-108615.pdf"", ""page"": 2, ""distance"": 0.6264489889144897}, {""rank"": 7, ""document"": ""gao-26-108615.pdf"", ""page"": 19, ""distance"": 0.6390742659568787}, {""rank"": 8, ""document"": ""gao-26-108615.pdf"", ""page"": 36, ""distance"": 0.6404086351394653}, {""rank"": 9, ""document"": ""gao-26-108615.pdf"", ""page"": 3, ""distance"": 0.6486595869064331}]",0.01085279998369515
EQ030,What policy concern did GAO identify about transparency of DOGE contract savings?,DOGE was not transparent about its calculation methodologies and did not use its stated method for most reported terminated-contract savings.,GAO-26-108615,PDF p. 2,10,False,"[{""rank"": 1, ""document"": ""gao-26-108615.pdf"", ""page"": 23, ""distance"": 0.565742015838623}, {""rank"": 2, ""document"": ""gao-26-108615.pdf"", ""page"": 6, ""distance"": 0.5778198838233948}, {""rank"": 3, ""document"": ""gao-26-108615.pdf"", ""page"": 1, ""distance"": 0.5981123447418213}, {""rank"": 4, ""document"": ""gao-26-108615.pdf"", ""page"": 9, ""distance"": 0.6078377366065979}, {""rank"": 5, ""document"": ""gao-26-108615.pdf"", ""page"": 2, ""distance"": 0.6169119477272034}, {""rank"": 6, ""document"": ""gao-26-108615.pdf"", ""page"": 2, ""distance"": 0.6264489889144897}, {""rank"": 7, ""document"": ""gao-26-108615.pdf"", ""page"": 19, ""distance"": 0.6390742659568787}, {""rank"": 8, ""document"": ""gao-26-108615.pdf"", ""page"": 36, ""distance"": 0.6404086351394653}, {""rank"": 9, ""document"": ""gao-26-108615.pdf"", ""page"": 3, ""distance"": 0.6486595869064331}, {""rank"": 10, ""document"": ""gao-26-108615.pdf"", ""page"": 12, ""distance"": 0.6569051146507263}]",0.009690800041425973
EQ031,What are agencies expected to improve in risk-based information security programs?,"They need stronger threat identification, secure configuration, timely patching or replacement of unsupported software, and comprehensive testing and evaluation.",GAO-16-885T,PDF p. 2,1,False,"[{""rank"": 1, ""document"": ""gao-16-885t.pdf"", ""page"": 10, ""distance"": 0.6435267925262451}]",0.013260499981697649
EQ031,What are agencies expected to improve in risk-based information security programs?,"They need stronger threat identification, secure configuration, timely patching or replacement of unsupported software, and comprehensive testing and evaluation.",GAO-16-885T,PDF p. 2,2,False,"[{""rank"": 1, ""document"": ""gao-16-885t.pdf"", ""page"": 10, ""distance"": 0.6435267925262451}, {""rank"": 2, ""document"": ""gao-16-885t.pdf"", ""page"": 2, ""distance"": 0.6583357453346252}]",0.011392799962777644
EQ031,What are agencies expected to improve in risk-based information security programs?,"They need stronger threat identification, secure configuration, timely patching or replacement of unsupported software, and comprehensive testing and evaluation.",GAO-16-885T,PDF p. 2,3,False,"[{""rank"": 1, ""document"": ""gao-16-885t.pdf"", ""page"": 10, ""distance"": 0.6435267925262451}, {""rank"": 2, ""document"": ""gao-16-885t.pdf"", ""page"": 2, ""distance"": 0.6583357453346252}, {""rank"": 3, ""document"": ""gao-24-107231.pdf"", ""page"": 35, ""distance"": 0.6762109398841858}]",0.011105499987024814
EQ031,What are agencies expected to improve in risk-based information security programs?,"They need stronger threat identification, secure configuration, timely patching or replacement of unsupported software, and comprehensive testing and evaluation.",GAO-16-885T,PDF p. 2,4,False,"[{""rank"": 1, ""document"": ""gao-16-885t.pdf"", ""page"": 10, ""distance"": 0.6435267925262451}, {""rank"": 2, ""document"": ""gao-16-885t.pdf"", ""page"": 2, ""distance"": 0.6583357453346252}, {""rank"": 3, ""document"": ""gao-24-107231.pdf"", ""page"": 35, ""distance"": 0.6762109398841858}, {""rank"": 4, ""document"": ""gao-24-107231.pdf"", ""page"": 34, ""distance"": 0.6790846586227417}]",0.010776300041470677
EQ031,What are agencies expected to improve in risk-based information security programs?,"They need stronger threat identification, secure configuration, timely patching or replacement of unsupported software, and comprehensive testing and evaluation.",GAO-16-885T,PDF p. 2,5,False,"[{""rank"": 1, ""document"": ""gao-16-885t.pdf"", ""page"": 10, ""distance"": 0.6435267925262451}, {""rank"": 2, ""document"": ""gao-16-885t.pdf"", ""page"": 2, ""distance"": 0.6583357453346252}, {""rank"": 3, ""document"": ""gao-24-107231.pdf"", ""page"": 35, ""distance"": 0.6762109398841858}, {""rank"": 4, ""document"": ""gao-24-107231.pdf"", ""page"": 34, ""distance"": 0.6790846586227417}, {""rank"": 5, ""document"": ""gao-16-885t.pdf"", ""page"": 8, ""distance"": 0.7145213484764099}]",0.012668400013353676
EQ031,What are agencies expected to improve in risk-based information security programs?,"They need stronger threat identification, secure configuration, timely patching or replacement of unsupported software, and comprehensive testing and evaluation.",GAO-16-885T,PDF p. 2,6,False,"[{""rank"": 1, ""document"": ""gao-16-885t.pdf"", ""page"": 10, ""distance"": 0.6435267925262451}, {""rank"": 2, ""document"": ""gao-16-885t.pdf"", ""page"": 2, ""distance"": 0.6583357453346252}, {""rank"": 3, ""document"": ""gao-24-107231.pdf"", ""page"": 35, ""distance"": 0.6762109398841858}, {""rank"": 4, ""document"": ""gao-24-107231.pdf"", ""page"": 34, ""distance"": 0.6790846586227417}, {""rank"": 5, ""document"": ""gao-16-885t.pdf"", ""page"": 8, ""distance"": 0.7145213484764099}, {""rank"": 6, ""document"": ""gao-16-885t.pdf"", ""page"": 6, ""distance"": 0.715429961681366}]",0.00998170004459098
EQ031,What are agencies expected to improve in risk-based information security programs?,"They need stronger threat identification, secure configuration, timely patching or replacement of unsupported software, and comprehensive testing and evaluation.",GAO-16-885T,PDF p. 2,7,False,"[{""rank"": 1, ""document"": ""gao-16-885t.pdf"", ""page"": 10, ""distance"": 0.6435267925262451}, {""rank"": 2, ""document"": ""gao-16-885t.pdf"", ""page"": 2, ""distance"": 0.6583357453346252}, {""rank"": 3, ""document"": ""gao-24-107231.pdf"", ""page"": 35, ""distance"": 0.6762109398841858}, {""rank"": 4, ""document"": ""gao-24-107231.pdf"", ""page"": 34, ""distance"": 0.6790846586227417}, {""rank"": 5, ""document"": ""gao-16-885t.pdf"", ""page"": 8, ""distance"": 0.7145213484764099}, {""rank"": 6, ""document"": ""gao-16-885t.pdf"", ""page"": 6, ""distance"": 0.715429961681366}, {""rank"": 7, ""document"": ""gao-24-107231.pdf"", ""page"": 41, ""distance"": 0.7237845063209534}]",0.009002399980090559
EQ031,What are agencies expected to improve in risk-based information security programs?,"They need stronger threat identification, secure configuration, timely patching or replacement of unsupported software, and comprehensive testing and evaluation.",GAO-16-885T,PDF p. 2,8,False,"[{""rank"": 1, ""document"": ""gao-16-885t.pdf"", ""page"": 10, ""distance"": 0.6435267925262451}, {""rank"": 2, ""document"": ""gao-16-885t.pdf"", ""page"": 2, ""distance"": 0.6583357453346252}, {""rank"": 3, ""document"": ""gao-24-107231.pdf"", ""page"": 35, ""distance"": 0.6762109398841858}, {""rank"": 4, ""document"": ""gao-24-107231.pdf"", ""page"": 34, ""distance"": 0.6790846586227417}, {""rank"": 5, ""document"": ""gao-16-885t.pdf"", ""page"": 8, ""distance"": 0.7145213484764099}, {""rank"": 6, ""document"": ""gao-16-885t.pdf"", ""page"": 6, ""distance"": 0.715429961681366}, {""rank"": 7, ""document"": ""gao-24-107231.pdf"", ""page"": 41, ""distance"": 0.7237845063209534}, {""rank"": 8, ""document"": ""gao-24-107231.pdf"", ""page"": 33, ""distance"": 0.7317781448364258}]",0.009269499976653606
EQ031,What are agencies expected to improve in risk-based information security programs?,"They need stronger threat identification, secure configuration, timely patching or replacement of unsupported software, and comprehensive testing and evaluation.",GAO-16-885T,PDF p. 2,9,False,"[{""rank"": 1, ""document"": ""gao-16-885t.pdf"", ""page"": 10, ""distance"": 0.6435267925262451}, {""rank"": 2, ""document"": ""gao-16-885t.pdf"", ""page"": 2, ""distance"": 0.6583357453346252}, {""rank"": 3, ""document"": ""gao-24-107231.pdf"", ""page"": 35, ""distance"": 0.6762109398841858}, {""rank"": 4, ""document"": ""gao-24-107231.pdf"", ""page"": 34, ""distance"": 0.6790846586227417}, {""rank"": 5, ""document"": ""gao-16-885t.pdf"", ""page"": 8, ""distance"": 0.7145213484764099}, {""rank"": 6, ""document"": ""gao-16-885t.pdf"", ""page"": 6, ""distance"": 0.715429961681366}, {""rank"": 7, ""document"": ""gao-24-107231.pdf"", ""page"": 41, ""distance"": 0.7237845063209534}, {""rank"": 8, ""document"": ""gao-24-107231.pdf"", ""page"": 33, ""distance"": 0.7317781448364258}, {""rank"": 9, ""document"": ""gao-16-885t.pdf"", ""page"": 12, ""distance"": 0.7334964275360107}]",0.009539199993014336
EQ031,What are agencies expected to improve in risk-based information security programs?,"They need stronger threat identification, secure configuration, timely patching or replacement of unsupported software, and comprehensive testing and evaluation.",GAO-16-885T,PDF p. 2,10,False,"[{""rank"": 1, ""document"": ""gao-16-885t.pdf"", ""page"": 10, ""distance"": 0.6435267925262451}, {""rank"": 2, ""document"": ""gao-16-885t.pdf"", ""page"": 2, ""distance"": 0.6583357453346252}, {""rank"": 3, ""document"": ""gao-24-107231.pdf"", ""page"": 35, ""distance"": 0.6762109398841858}, {""rank"": 4, ""document"": ""gao-24-107231.pdf"", ""page"": 34, ""distance"": 0.6790846586227417}, {""rank"": 5, ""document"": ""gao-16-885t.pdf"", ""page"": 8, ""distance"": 0.7145213484764099}, {""rank"": 6, ""document"": ""gao-16-885t.pdf"", ""page"": 6, ""distance"": 0.715429961681366}, {""rank"": 7, ""document"": ""gao-24-107231.pdf"", ""page"": 41, ""distance"": 0.7237845063209534}, {""rank"": 8, ""document"": ""gao-24-107231.pdf"", ""page"": 33, ""distance"": 0.7317781448364258}, {""rank"": 9, ""document"": ""gao-16-885t.pdf"", ""page"": 12, ""distance"": 0.7334964275360107}, {""rank"": 10, ""document"": ""d24106916.pdf"", ""page"": 25, ""distance"": 0.7453305125236511}]",0.011117600020952523
EQ032,What policy issue did GAO identify for sharing cyber threat information with critical infrastructure?,Federal agencies and critical-infrastructure owners and operators need information sharing that is effective and timely; voluntary sharing and actionable-information gaps remain barriers.,GAO-24-107733,PDF p. 2,1,False,"[{""rank"": 1, ""document"": ""gao-24-107231.pdf"", ""page"": 54, ""distance"": 0.4580376446247101}]",0.0113625000230968
EQ032,What policy issue did GAO identify for sharing cyber threat information with critical infrastructure?,Federal agencies and critical-infrastructure owners and operators need information sharing that is effective and timely; voluntary sharing and actionable-information gaps remain barriers.,GAO-24-107733,PDF p. 2,2,False,"[{""rank"": 1, ""document"": ""gao-24-107231.pdf"", ""page"": 54, ""distance"": 0.4580376446247101}, {""rank"": 2, ""document"": ""gao-24-107733.pdf"", ""page"": 2, ""distance"": 0.5695397257804871}]",0.013017000048421323
EQ032,What policy issue did GAO identify for sharing cyber threat information with critical infrastructure?,Federal agencies and critical-infrastructure owners and operators need information sharing that is effective and timely; voluntary sharing and actionable-information gaps remain barriers.,GAO-24-107733,PDF p. 2,3,False,"[{""rank"": 1, ""document"": ""gao-24-107231.pdf"", ""page"": 54, ""distance"": 0.4580376446247101}, {""rank"": 2, ""document"": ""gao-24-107733.pdf"", ""page"": 2, ""distance"": 0.5695397257804871}, {""rank"": 3, ""document"": ""gao-24-107231.pdf"", ""page"": 21, ""distance"": 0.5834020972251892}]",0.010844499978702515
EQ032,What policy issue did GAO identify for sharing cyber threat information with critical infrastructure?,Federal agencies and critical-infrastructure owners and operators need information sharing that is effective and timely; voluntary sharing and actionable-information gaps remain barriers.,GAO-24-107733,PDF p. 2,4,False,"[{""rank"": 1, ""document"": ""gao-24-107231.pdf"", ""page"": 54, ""distance"": 0.4580376446247101}, {""rank"": 2, ""document"": ""gao-24-107733.pdf"", ""page"": 2, ""distance"": 0.5695397257804871}, {""rank"": 3, ""document"": ""gao-24-107231.pdf"", ""page"": 21, ""distance"": 0.5834020972251892}, {""rank"": 4, ""document"": ""gao-24-107231.pdf"", ""page"": 2, ""distance"": 0.5988318920135498}]",0.010932299948763102
EQ032,What policy issue did GAO identify for sharing cyber threat information with critical infrastructure?,Federal agencies and critical-infrastructure owners and operators need information sharing that is effective and timely; voluntary sharing and actionable-information gaps remain barriers.,GAO-24-107733,PDF p. 2,5,False,"[{""rank"": 1, ""document"": ""gao-24-107231.pdf"", ""page"": 54, ""distance"": 0.4580376446247101}, {""rank"": 2, ""document"": ""gao-24-107733.pdf"", ""page"": 2, ""distance"": 0.5695397257804871}, {""rank"": 3, ""document"": ""gao-24-107231.pdf"", ""page"": 21, ""distance"": 0.5834020972251892}, {""rank"": 4, ""document"": ""gao-24-107231-highlights.pdf"", ""page"": 1, ""distance"": 0.5988318920135498}, {""rank"": 5, ""document"": ""gao-24-107231.pdf"", ""page"": 2, ""distance"": 0.5988318920135498}]",0.013453600055072457
EQ032,What policy issue did GAO identify for sharing cyber threat information with critical infrastructure?,Federal agencies and critical-infrastructure owners and operators need information sharing that is effective and timely; voluntary sharing and actionable-information gaps remain barriers.,GAO-24-107733,PDF p. 2,6,False,"[{""rank"": 1, ""document"": ""gao-24-107231.pdf"", ""page"": 54, ""distance"": 0.4580376446247101}, {""rank"": 2, ""document"": ""gao-24-107733.pdf"", ""page"": 2, ""distance"": 0.5695397257804871}, {""rank"": 3, ""document"": ""gao-24-107231.pdf"", ""page"": 21, ""distance"": 0.5834020972251892}, {""rank"": 4, ""document"": ""gao-24-107231-highlights.pdf"", ""page"": 1, ""distance"": 0.5988318920135498}, {""rank"": 5, ""document"": ""gao-24-107231.pdf"", ""page"": 2, ""distance"": 0.5988318920135498}, {""rank"": 6, ""document"": ""gao-24-107733.pdf"", ""page"": 2, ""distance"": 0.6195393204689026}]",0.009598999982699752
EQ032,What policy issue did GAO identify for sharing cyber threat information with critical infrastructure?,Federal agencies and critical-infrastructure owners and operators need information sharing that is effective and timely; voluntary sharing and actionable-information gaps remain barriers.,GAO-24-107733,PDF p. 2,7,False,"[{""rank"": 1, ""document"": ""gao-24-107231.pdf"", ""page"": 54, ""distance"": 0.4580376446247101}, {""rank"": 2, ""document"": ""gao-24-107733.pdf"", ""page"": 2, ""distance"": 0.5695397257804871}, {""rank"": 3, ""document"": ""gao-24-107231.pdf"", ""page"": 21, ""distance"": 0.5834020972251892}, {""rank"": 4, ""document"": ""gao-24-107231-highlights.pdf"", ""page"": 1, ""distance"": 0.5988318920135498}, {""rank"": 5, ""document"": ""gao-24-107231.pdf"", ""page"": 2, ""distance"": 0.5988318920135498}, {""rank"": 6, ""document"": ""gao-24-107733.pdf"", ""page"": 2, ""distance"": 0.6195393204689026}, {""rank"": 7, ""document"": ""gao-24-107231-highlights.pdf"", ""page"": 1, ""distance"": 0.6281686425209045}]",0.010000099951867014
EQ032,What policy issue did GAO identify for sharing cyber threat information with critical infrastructure?,Federal agencies and critical-infrastructure owners and operators need information sharing that is effective and timely; voluntary sharing and actionable-information gaps remain barriers.,GAO-24-107733,PDF p. 2,8,False,"[{""rank"": 1, ""document"": ""gao-24-107231.pdf"", ""page"": 54, ""distance"": 0.4580376446247101}, {""rank"": 2, ""document"": ""gao-24-107733.pdf"", ""page"": 2, ""distance"": 0.5695397257804871}, {""rank"": 3, ""document"": ""gao-24-107231.pdf"", ""page"": 21, ""distance"": 0.5834020972251892}, {""rank"": 4, ""document"": ""gao-24-107231-highlights.pdf"", ""page"": 1, ""distance"": 0.5988318920135498}, {""rank"": 5, ""document"": ""gao-24-107231.pdf"", ""page"": 2, ""distance"": 0.5988318920135498}, {""rank"": 6, ""document"": ""gao-24-107733.pdf"", ""page"": 2, ""distance"": 0.6195393204689026}, {""rank"": 7, ""document"": ""gao-24-107231-highlights.pdf"", ""page"": 1, ""distance"": 0.6281686425209045}, {""rank"": 8, ""document"": ""gao-24-107231.pdf"", ""page"": 2, ""distance"": 0.6281686425209045}]",0.009245399967767298
EQ032,What policy issue did GAO identify for sharing cyber threat information with critical infrastructure?,Federal agencies and critical-infrastructure owners and operators need information sharing that is effective and timely; voluntary sharing and actionable-information gaps remain barriers.,GAO-24-107733,PDF p. 2,9,False,"[{""rank"": 1, ""document"": ""gao-24-107231.pdf"", ""page"": 54, ""distance"": 0.4580376446247101}, {""rank"": 2, ""document"": ""gao-24-107733.pdf"", ""page"": 2, ""distance"": 0.5695397257804871}, {""rank"": 3, ""document"": ""gao-24-107231.pdf"", ""page"": 21, ""distance"": 0.5834020972251892}, {""rank"": 4, ""document"": ""gao-24-107231-highlights.pdf"", ""page"": 1, ""distance"": 0.5988318920135498}, {""rank"": 5, ""document"": ""gao-24-107231.pdf"", ""page"": 2, ""distance"": 0.5988318920135498}, {""rank"": 6, ""document"": ""gao-24-107733.pdf"", ""page"": 2, ""distance"": 0.6195393204689026}, {""rank"": 7, ""document"": ""gao-24-107231-highlights.pdf"", ""page"": 1, ""distance"": 0.6281686425209045}, {""rank"": 8, ""document"": ""gao-24-107231.pdf"", ""page"": 2, ""distance"": 0.6281686425209045}, {""rank"": 9, ""document"": ""gao-24-107231.pdf"", ""page"": 53, ""distance"": 0.6282579302787781}]",0.009779400017578155
EQ032,What policy issue did GAO identify for sharing cyber threat information with critical infrastructure?,Federal agencies and critical-infrastructure owners and operators need information sharing that is effective and timely; voluntary sharing and actionable-information gaps remain barriers.,GAO-24-107733,PDF p. 2,10,False,"[{""rank"": 1, ""document"": ""gao-24-107231.pdf"", ""page"": 54, ""distance"": 0.4580376446247101}, {""rank"": 2, ""document"": ""gao-24-107733.pdf"", ""page"": 2, ""distance"": 0.5695397257804871}, {""rank"": 3, ""document"": ""gao-24-107231.pdf"", ""page"": 21, ""distance"": 0.5834020972251892}, {""rank"": 4, ""document"": ""gao-24-107231-highlights.pdf"", ""page"": 1, ""distance"": 0.5988318920135498}, {""rank"": 5, ""document"": ""gao-24-107231.pdf"", ""page"": 2, ""distance"": 0.5988318920135498}, {""rank"": 6, ""document"": ""gao-24-107733.pdf"", ""page"": 2, ""distance"": 0.6195393204689026}, {""rank"": 7, ""document"": ""gao-24-107231-highlights.pdf"", ""page"": 1, ""distance"": 0.6281686425209045}, {""rank"": 8, ""document"": ""gao-24-107231.pdf"", ""page"": 2, ""distance"": 0.6281686425209045}, {""rank"": 9, ""document"": ""gao-24-107231.pdf"", ""page"": 53, ""distance"": 0.6282579302787781}, {""rank"": 10, ""document"": ""d24105658.pdf"", ""page"": 75, ""distance"": 0.6513275504112244}]",0.009945700003299862
EQ033,What policy gaps remained in the National Cybersecurity Strategy and implementation plan?,They did not fully incorporate outcome-oriented performance measures or estimated resources and costs.,GAO-24-107231,PDF p. 3,1,False,"[{""rank"": 1, ""document"": ""d24106916.pdf"", ""page"": 14, ""distance"": 0.5430662035942078}]",0.012865500000771135
EQ033,What policy gaps remained in the National Cybersecurity Strategy and implementation plan?,They did not fully incorporate outcome-oriented performance measures or estimated resources and costs.,GAO-24-107231,PDF p. 3,2,False,"[{""rank"": 1, ""document"": ""d24106916.pdf"", ""page"": 14, ""distance"": 0.5430662035942078}, {""rank"": 2, ""document"": ""d24106916.pdf"", ""page"": 33, ""distance"": 0.5677154064178467}]",0.015072200039867312
EQ033,What policy gaps remained in the National Cybersecurity Strategy and implementation plan?,They did not fully incorporate outcome-oriented performance measures or estimated resources and costs.,GAO-24-107231,PDF p. 3,3,False,"[{""rank"": 1, ""document"": ""d24106916.pdf"", ""page"": 14, ""distance"": 0.5430662035942078}, {""rank"": 2, ""document"": ""d24106916.pdf"", ""page"": 33, ""distance"": 0.5677154064178467}, {""rank"": 3, ""document"": ""d24106916.pdf"", ""page"": 17, ""distance"": 0.5688803195953369}]",0.012965100002475083
EQ033,What policy gaps remained in the National Cybersecurity Strategy and implementation plan?,They did not fully incorporate outcome-oriented performance measures or estimated resources and costs.,GAO-24-107231,PDF p. 3,4,False,"[{""rank"": 1, ""document"": ""d24106916.pdf"", ""page"": 14, ""distance"": 0.5430662035942078}, {""rank"": 2, ""document"": ""d24106916.pdf"", ""page"": 33, ""distance"": 0.5677154064178467}, {""rank"": 3, ""document"": ""d24106916.pdf"", ""page"": 17, ""distance"": 0.5688803195953369}, {""rank"": 4, ""document"": ""gao-24-107231.pdf"", ""page"": 18, ""distance"": 0.5813168287277222}]",0.013962199969682842
EQ033,What policy gaps remained in the National Cybersecurity Strategy and implementation plan?,They did not fully incorporate outcome-oriented performance measures or estimated resources and costs.,GAO-24-107231,PDF p. 3,5,False,"[{""rank"": 1, ""document"": ""d24106916.pdf"", ""page"": 14, ""distance"": 0.5430662035942078}, {""rank"": 2, ""document"": ""d24106916.pdf"", ""page"": 33, ""distance"": 0.5677154064178467}, {""rank"": 3, ""document"": ""d24106916.pdf"", ""page"": 17, ""distance"": 0.5688803195953369}, {""rank"": 4, ""document"": ""gao-24-107231.pdf"", ""page"": 18, ""distance"": 0.5813168287277222}, {""rank"": 5, ""document"": ""d24106916.pdf"", ""page"": 23, ""distance"": 0.596956729888916}]",0.010718100005760789
EQ033,What policy gaps remained in the National Cybersecurity Strategy and implementation plan?,They did not fully incorporate outcome-oriented performance measures or estimated resources and costs.,GAO-24-107231,PDF p. 3,6,False,"[{""rank"": 1, ""document"": ""d24106916.pdf"", ""page"": 14, ""distance"": 0.5430662035942078}, {""rank"": 2, ""document"": ""d24106916.pdf"", ""page"": 33, ""distance"": 0.5677154064178467}, {""rank"": 3, ""document"": ""d24106916.pdf"", ""page"": 17, ""distance"": 0.5688803195953369}, {""rank"": 4, ""document"": ""gao-24-107231.pdf"", ""page"": 18, ""distance"": 0.5813168287277222}, {""rank"": 5, ""document"": ""d24106916.pdf"", ""page"": 23, ""distance"": 0.596956729888916}, {""rank"": 6, ""document"": ""d24106916.pdf"", ""page"": 3, ""distance"": 0.6046451330184937}]",0.012152599985711277
EQ033,What policy gaps remained in the National Cybersecurity Strategy and implementation plan?,They did not fully incorporate outcome-oriented performance measures or estimated resources and costs.,GAO-24-107231,PDF p. 3,7,False,"[{""rank"": 1, ""document"": ""d24106916.pdf"", ""page"": 14, ""distance"": 0.5430662035942078}, {""rank"": 2, ""document"": ""d24106916.pdf"", ""page"": 33, ""distance"": 0.5677154064178467}, {""rank"": 3, ""document"": ""d24106916.pdf"", ""page"": 17, ""distance"": 0.5688803195953369}, {""rank"": 4, ""document"": ""gao-24-107231.pdf"", ""page"": 18, ""distance"": 0.5813168287277222}, {""rank"": 5, ""document"": ""d24106916.pdf"", ""page"": 23, ""distance"": 0.596956729888916}, {""rank"": 6, ""document"": ""d24106916.pdf"", ""page"": 3, ""distance"": 0.6046451330184937}, {""rank"": 7, ""document"": ""d24106916.pdf"", ""page"": 16, ""distance"": 0.6090284585952759}]",0.010378500039223582
EQ033,What policy gaps remained in the National Cybersecurity Strategy and implementation plan?,They did not fully incorporate outcome-oriented performance measures or estimated resources and costs.,GAO-24-107231,PDF p. 3,8,False,"[{""rank"": 1, ""document"": ""d24106916.pdf"", ""page"": 14, ""distance"": 0.5430662035942078}, {""rank"": 2, ""document"": ""d24106916.pdf"", ""page"": 33, ""distance"": 0.5677154064178467}, {""rank"": 3, ""document"": ""d24106916.pdf"", ""page"": 17, ""distance"": 0.5688803195953369}, {""rank"": 4, ""document"": ""gao-24-107231.pdf"", ""page"": 18, ""distance"": 0.5813168287277222}, {""rank"": 5, ""document"": ""d24106916.pdf"", ""page"": 23, ""distance"": 0.596956729888916}, {""rank"": 6, ""document"": ""d24106916.pdf"", ""page"": 3, ""distance"": 0.6046451330184937}, {""rank"": 7, ""document"": ""d24106916.pdf"", ""page"": 16, ""distance"": 0.6090284585952759}, {""rank"": 8, ""document"": ""d24106916.pdf"", ""page"": 20, ""distance"": 0.6144039630889893}]",0.012360499997157604
EQ033,What policy gaps remained in the National Cybersecurity Strategy and implementation plan?,They did not fully incorporate outcome-oriented performance measures or estimated resources and costs.,GAO-24-107231,PDF p. 3,9,False,"[{""rank"": 1, ""document"": ""d24106916.pdf"", ""page"": 14, ""distance"": 0.5430662035942078}, {""rank"": 2, ""document"": ""d24106916.pdf"", ""page"": 33, ""distance"": 0.5677154064178467}, {""rank"": 3, ""document"": ""d24106916.pdf"", ""page"": 17, ""distance"": 0.5688803195953369}, {""rank"": 4, ""document"": ""gao-24-107231.pdf"", ""page"": 18, ""distance"": 0.5813168287277222}, {""rank"": 5, ""document"": ""d24106916.pdf"", ""page"": 23, ""distance"": 0.596956729888916}, {""rank"": 6, ""document"": ""d24106916.pdf"", ""page"": 3, ""distance"": 0.6046451330184937}, {""rank"": 7, ""document"": ""d24106916.pdf"", ""page"": 16, ""distance"": 0.6090284585952759}, {""rank"": 8, ""document"": ""d24106916.pdf"", ""page"": 20, ""distance"": 0.6144039630889893}, {""rank"": 9, ""document"": ""d24106916.pdf"", ""page"": 13, ""distance"": 0.629763662815094}]",0.01071510004112497
EQ033,What policy gaps remained in the National Cybersecurity Strategy and implementation plan?,They did not fully incorporate outcome-oriented performance measures or estimated resources and costs.,GAO-24-107231,PDF p. 3,10,False,"[{""rank"": 1, ""document"": ""d24106916.pdf"", ""page"": 14, ""distance"": 0.5430662035942078}, {""rank"": 2, ""document"": ""d24106916.pdf"", ""page"": 33, ""distance"": 0.5677154064178467}, {""rank"": 3, ""document"": ""d24106916.pdf"", ""page"": 17, ""distance"": 0.5688803195953369}, {""rank"": 4, ""document"": ""gao-24-107231.pdf"", ""page"": 18, ""distance"": 0.5813168287277222}, {""rank"": 5, ""document"": ""d24106916.pdf"", ""page"": 23, ""distance"": 0.596956729888916}, {""rank"": 6, ""document"": ""d24106916.pdf"", ""page"": 3, ""distance"": 0.6046451330184937}, {""rank"": 7, ""document"": ""d24106916.pdf"", ""page"": 16, ""distance"": 0.6090284585952759}, {""rank"": 8, ""document"": ""d24106916.pdf"", ""page"": 20, ""distance"": 0.6144039630889893}, {""rank"": 9, ""document"": ""d24106916.pdf"", ""page"": 13, ""distance"": 0.629763662815094}, {""rank"": 10, ""document"": ""d24106916.pdf"", ""page"": 27, ""distance"": 0.6355142593383789}]",0.011473699996713549
EQ034,What policy issue did GAO find in CISA's coordination on OT risks?,CISA had not fully addressed any of five selected leading collaboration practices with seven selected agencies.,GAO-24-106576,PDF p. 3,1,False,"[{""rank"": 1, ""document"": ""d24106576.pdf"", ""page"": 2, ""distance"": 0.7421483993530273}]",0.015236400009598583
EQ034,What policy issue did GAO find in CISA's coordination on OT risks?,CISA had not fully addressed any of five selected leading collaboration practices with seven selected agencies.,GAO-24-106576,PDF p. 3,2,False,"[{""rank"": 1, ""document"": ""d24106576.pdf"", ""page"": 2, ""distance"": 0.7421483993530273}, {""rank"": 2, ""document"": ""d24106576.pdf"", ""page"": 3, ""distance"": 0.7698779702186584}]",0.01214930001879111
EQ034,What policy issue did GAO find in CISA's coordination on OT risks?,CISA had not fully addressed any of five selected leading collaboration practices with seven selected agencies.,GAO-24-106576,PDF p. 3,3,False,"[{""rank"": 1, ""document"": ""d24106576.pdf"", ""page"": 2, ""distance"": 0.7421483993530273}, {""rank"": 2, ""document"": ""d24106576.pdf"", ""page"": 3, ""distance"": 0.7698779702186584}, {""rank"": 3, ""document"": ""d24106576.pdf"", ""page"": 62, ""distance"": 0.7966769933700562}]",0.018408200005069375
EQ034,What policy issue did GAO find in CISA's coordination on OT risks?,CISA had not fully addressed any of five selected leading collaboration practices with seven selected agencies.,GAO-24-106576,PDF p. 3,4,False,"[{""rank"": 1, ""document"": ""d24106576.pdf"", ""page"": 2, ""distance"": 0.7421483993530273}, {""rank"": 2, ""document"": ""d24106576.pdf"", ""page"": 3, ""distance"": 0.7698779702186584}, {""rank"": 3, ""document"": ""d24106576.pdf"", ""page"": 62, ""distance"": 0.7966769933700562}, {""rank"": 4, ""document"": ""d24106576.pdf"", ""page"": 40, ""distance"": 0.8070309162139893}]",0.016516300034709275
EQ034,What policy issue did GAO find in CISA's coordination on OT risks?,CISA had not fully addressed any of five selected leading collaboration practices with seven selected agencies.,GAO-24-106576,PDF p. 3,5,False,"[{""rank"": 1, ""document"": ""d24106576.pdf"", ""page"": 2, ""distance"": 0.7421483993530273}, {""rank"": 2, ""document"": ""d24106576.pdf"", ""page"": 3, ""distance"": 0.7698779702186584}, {""rank"": 3, ""document"": ""d24106576.pdf"", ""page"": 62, ""distance"": 0.7966769933700562}, {""rank"": 4, ""document"": ""d24106576.pdf"", ""page"": 40, ""distance"": 0.8070309162139893}, {""rank"": 5, ""document"": ""d24106576.pdf"", ""page"": 41, ""distance"": 0.8173143863677979}]",0.013525099959224463
EQ034,What policy issue did GAO find in CISA's coordination on OT risks?,CISA had not fully addressed any of five selected leading collaboration practices with seven selected agencies.,GAO-24-106576,PDF p. 3,6,False,"[{""rank"": 1, ""document"": ""d24106576.pdf"", ""page"": 2, ""distance"": 0.7421483993530273}, {""rank"": 2, ""document"": ""d24106576.pdf"", ""page"": 3, ""distance"": 0.7698779702186584}, {""rank"": 3, ""document"": ""d24106576.pdf"", ""page"": 62, ""distance"": 0.7966769933700562}, {""rank"": 4, ""document"": ""d24106576.pdf"", ""page"": 40, ""distance"": 0.8070309162139893}, {""rank"": 5, ""document"": ""d24106576.pdf"", ""page"": 41, ""distance"": 0.8173143863677979}, {""rank"": 6, ""document"": ""gao-24-107231.pdf"", ""page"": 57, ""distance"": 0.8173227310180664}]",0.009882899990770966
EQ034,What policy issue did GAO find in CISA's coordination on OT risks?,CISA had not fully addressed any of five selected leading collaboration practices with seven selected agencies.,GAO-24-106576,PDF p. 3,7,False,"[{""rank"": 1, ""document"": ""d24106576.pdf"", ""page"": 2, ""distance"": 0.7421483993530273}, {""rank"": 2, ""document"": ""d24106576.pdf"", ""page"": 3, ""distance"": 0.7698779702186584}, {""rank"": 3, ""document"": ""d24106576.pdf"", ""page"": 62, ""distance"": 0.7966769933700562}, {""rank"": 4, ""document"": ""d24106576.pdf"", ""page"": 40, ""distance"": 0.8070309162139893}, {""rank"": 5, ""document"": ""d24106576.pdf"", ""page"": 41, ""distance"": 0.8173143863677979}, {""rank"": 6, ""document"": ""gao-24-107231.pdf"", ""page"": 57, ""distance"": 0.8173227310180664}, {""rank"": 7, ""document"": ""d24106576.pdf"", ""page"": 4, ""distance"": 0.8464411497116089}]",0.01087929995264858
EQ034,What policy issue did GAO find in CISA's coordination on OT risks?,CISA had not fully addressed any of five selected leading collaboration practices with seven selected agencies.,GAO-24-106576,PDF p. 3,8,False,"[{""rank"": 1, ""document"": ""d24106576.pdf"", ""page"": 2, ""distance"": 0.7421483993530273}, {""rank"": 2, ""document"": ""d24106576.pdf"", ""page"": 3, ""distance"": 0.7698779702186584}, {""rank"": 3, ""document"": ""d24106576.pdf"", ""page"": 62, ""distance"": 0.7966769933700562}, {""rank"": 4, ""document"": ""d24106576.pdf"", ""page"": 40, ""distance"": 0.8070309162139893}, {""rank"": 5, ""document"": ""d24106576.pdf"", ""page"": 41, ""distance"": 0.8173143863677979}, {""rank"": 6, ""document"": ""gao-24-107231.pdf"", ""page"": 57, ""distance"": 0.8173227310180664}, {""rank"": 7, ""document"": ""d24106576.pdf"", ""page"": 4, ""distance"": 0.8464411497116089}, {""rank"": 8, ""document"": ""d24106576.pdf"", ""page"": 38, ""distance"": 0.8472691774368286}]",0.009078099974431098
EQ034,What policy issue did GAO find in CISA's coordination on OT risks?,CISA had not fully addressed any of five selected leading collaboration practices with seven selected agencies.,GAO-24-106576,PDF p. 3,9,False,"[{""rank"": 1, ""document"": ""d24106576.pdf"", ""page"": 2, ""distance"": 0.7421483993530273}, {""rank"": 2, ""document"": ""d24106576.pdf"", ""page"": 3, ""distance"": 0.7698779702186584}, {""rank"": 3, ""document"": ""d24106576.pdf"", ""page"": 62, ""distance"": 0.7966769933700562}, {""rank"": 4, ""document"": ""d24106576.pdf"", ""page"": 40, ""distance"": 0.8070309162139893}, {""rank"": 5, ""document"": ""d24106576.pdf"", ""page"": 41, ""distance"": 0.8173143863677979}, {""rank"": 6, ""document"": ""gao-24-107231.pdf"", ""page"": 57, ""distance"": 0.8173227310180664}, {""rank"": 7, ""document"": ""d24106576.pdf"", ""page"": 4, ""distance"": 0.8464411497116089}, {""rank"": 8, ""document"": ""d24106576.pdf"", ""page"": 38, ""distance"": 0.8472691774368286}, {""rank"": 9, ""document"": ""d24106576.pdf"", ""page"": 33, ""distance"": 0.8560641407966614}]",0.011832299991510808
EQ034,What policy issue did GAO find in CISA's coordination on OT risks?,CISA had not fully addressed any of five selected leading collaboration practices with seven selected agencies.,GAO-24-106576,PDF p. 3,10,False,"[{""rank"": 1, ""document"": ""d24106576.pdf"", ""page"": 2, ""distance"": 0.7421483993530273}, {""rank"": 2, ""document"": ""d24106576.pdf"", ""page"": 3, ""distance"": 0.7698779702186584}, {""rank"": 3, ""document"": ""d24106576.pdf"", ""page"": 62, ""distance"": 0.7966769933700562}, {""rank"": 4, ""document"": ""d24106576.pdf"", ""page"": 40, ""distance"": 0.8070309162139893}, {""rank"": 5, ""document"": ""d24106576.pdf"", ""page"": 41, ""distance"": 0.8173143863677979}, {""rank"": 6, ""document"": ""gao-24-107231.pdf"", ""page"": 57, ""distance"": 0.8173227310180664}, {""rank"": 7, ""document"": ""d24106576.pdf"", ""page"": 4, ""distance"": 0.8464411497116089}, {""rank"": 8, ""document"": ""d24106576.pdf"", ""page"": 38, ""distance"": 0.8472691774368286}, {""rank"": 9, ""document"": ""d24106576.pdf"", ""page"": 33, ""distance"": 0.8560641407966614}, {""rank"": 10, ""document"": ""d24106576.pdf"", ""page"": 35, ""distance"": 0.8602778315544128}]",0.009185199975036085
EQ035,What policy issue did GAO identify with the security of NIH's information systems?,"NIH had deficiencies across identifying risk, protecting systems, detecting and responding to events, and recovering operations.",GAO-22-104467,PDF p. 1,1,False,"[{""rank"": 1, ""document"": ""gao-22-104467-highlights.pdf"", ""page"": 1, ""distance"": 0.47849711775779724}]",0.01162020000629127
EQ035,What policy issue did GAO identify with the security of NIH's information systems?,"NIH had deficiencies across identifying risk, protecting systems, detecting and responding to events, and recovering operations.",GAO-22-104467,PDF p. 1,2,False,"[{""rank"": 1, ""document"": ""gao-22-104467-highlights.pdf"", ""page"": 1, ""distance"": 0.47849711775779724}, {""rank"": 2, ""document"": ""gao-22-104467-highlights.pdf"", ""page"": 1, ""distance"": 0.6447888612747192}]",0.013176699983887374
EQ035,What policy issue did GAO identify with the security of NIH's information systems?,"NIH had deficiencies across identifying risk, protecting systems, detecting and responding to events, and recovering operations.",GAO-22-104467,PDF p. 1,3,False,"[{""rank"": 1, ""document"": ""gao-22-104467-highlights.pdf"", ""page"": 1, ""distance"": 0.47849711775779724}, {""rank"": 2, ""document"": ""gao-22-104467-highlights.pdf"", ""page"": 1, ""distance"": 0.6447888612747192}, {""rank"": 3, ""document"": ""gao-16-885t.pdf"", ""page"": 2, ""distance"": 0.845524787902832}]",0.010272599989548326
EQ035,What policy issue did GAO identify with the security of NIH's information systems?,"NIH had deficiencies across identifying risk, protecting systems, detecting and responding to events, and recovering operations.",GAO-22-104467,PDF p. 1,4,False,"[{""rank"": 1, ""document"": ""gao-22-104467-highlights.pdf"", ""page"": 1, ""distance"": 0.47849711775779724}, {""rank"": 2, ""document"": ""gao-22-104467-highlights.pdf"", ""page"": 1, ""distance"": 0.6447888612747192}, {""rank"": 3, ""document"": ""gao-16-885t.pdf"", ""page"": 2, ""distance"": 0.845524787902832}, {""rank"": 4, ""document"": ""gao-16-885t.pdf"", ""page"": 8, ""distance"": 0.8491220474243164}]",0.01266609999584034
EQ035,What policy issue did GAO identify with the security of NIH's information systems?,"NIH had deficiencies across identifying risk, protecting systems, detecting and responding to events, and recovering operations.",GAO-22-104467,PDF p. 1,5,False,"[{""rank"": 1, ""document"": ""gao-22-104467-highlights.pdf"", ""page"": 1, ""distance"": 0.47849711775779724}, {""rank"": 2, ""document"": ""gao-22-104467-highlights.pdf"", ""page"": 1, ""distance"": 0.6447888612747192}, {""rank"": 3, ""document"": ""gao-16-885t.pdf"", ""page"": 2, ""distance"": 0.845524787902832}, {""rank"": 4, ""document"": ""gao-16-885t.pdf"", ""page"": 8, ""distance"": 0.8491220474243164}, {""rank"": 5, ""document"": ""gao-16-885t.pdf"", ""page"": 6, ""distance"": 0.8621614575386047}]",0.012044400034938008
EQ035,What policy issue did GAO identify with the security of NIH's information systems?,"NIH had deficiencies across identifying risk, protecting systems, detecting and responding to events, and recovering operations.",GAO-22-104467,PDF p. 1,6,False,"[{""rank"": 1, ""document"": ""gao-22-104467-highlights.pdf"", ""page"": 1, ""distance"": 0.47849711775779724}, {""rank"": 2, ""document"": ""gao-22-104467-highlights.pdf"", ""page"": 1, ""distance"": 0.6447888612747192}, {""rank"": 3, ""document"": ""gao-16-885t.pdf"", ""page"": 2, ""distance"": 0.845524787902832}, {""rank"": 4, ""document"": ""gao-16-885t.pdf"", ""page"": 8, ""distance"": 0.8491220474243164}, {""rank"": 5, ""document"": ""gao-16-885t.pdf"", ""page"": 6, ""distance"": 0.8621614575386047}, {""rank"": 6, ""document"": ""gao-24-107231-highlights.pdf"", ""page"": 1, ""distance"": 0.862762987613678}]",0.010156599979382008
EQ035,What policy issue did GAO identify with the security of NIH's information systems?,"NIH had deficiencies across identifying risk, protecting systems, detecting and responding to events, and recovering operations.",GAO-22-104467,PDF p. 1,7,False,"[{""rank"": 1, ""document"": ""gao-22-104467-highlights.pdf"", ""page"": 1, ""distance"": 0.47849711775779724}, {""rank"": 2, ""document"": ""gao-22-104467-highlights.pdf"", ""page"": 1, ""distance"": 0.6447888612747192}, {""rank"": 3, ""document"": ""gao-16-885t.pdf"", ""page"": 2, ""distance"": 0.845524787902832}, {""rank"": 4, ""document"": ""gao-16-885t.pdf"", ""page"": 8, ""distance"": 0.8491220474243164}, {""rank"": 5, ""document"": ""gao-16-885t.pdf"", ""page"": 6, ""distance"": 0.8621614575386047}, {""rank"": 6, ""document"": ""gao-24-107231-highlights.pdf"", ""page"": 1, ""distance"": 0.862762987613678}, {""rank"": 7, ""document"": ""gao-24-107231.pdf"", ""page"": 2, ""distance"": 0.862762987613678}]",0.011046600004192442
EQ035,What policy issue did GAO identify with the security of NIH's information systems?,"NIH had deficiencies across identifying risk, protecting systems, detecting and responding to events, and recovering operations.",GAO-22-104467,PDF p. 1,8,False,"[{""rank"": 1, ""document"": ""gao-22-104467-highlights.pdf"", ""page"": 1, ""distance"": 0.47849711775779724}, {""rank"": 2, ""document"": ""gao-22-104467-highlights.pdf"", ""page"": 1, ""distance"": 0.6447888612747192}, {""rank"": 3, ""document"": ""gao-16-885t.pdf"", ""page"": 2, ""distance"": 0.845524787902832}, {""rank"": 4, ""document"": ""gao-16-885t.pdf"", ""page"": 8, ""distance"": 0.8491220474243164}, {""rank"": 5, ""document"": ""gao-16-885t.pdf"", ""page"": 6, ""distance"": 0.8621614575386047}, {""rank"": 6, ""document"": ""gao-24-107231-highlights.pdf"", ""page"": 1, ""distance"": 0.862762987613678}, {""rank"": 7, ""document"": ""gao-24-107231.pdf"", ""page"": 2, ""distance"": 0.862762987613678}, {""rank"": 8, ""document"": ""gao-16-885t.pdf"", ""page"": 7, ""distance"": 0.8649144768714905}]",0.009686900011729449
EQ035,What policy issue did GAO identify with the security of NIH's information systems?,"NIH had deficiencies across identifying risk, protecting systems, detecting and responding to events, and recovering operations.",GAO-22-104467,PDF p. 1,9,False,"[{""rank"": 1, ""document"": ""gao-22-104467-highlights.pdf"", ""page"": 1, ""distance"": 0.47849711775779724}, {""rank"": 2, ""document"": ""gao-22-104467-highlights.pdf"", ""page"": 1, ""distance"": 0.6447888612747192}, {""rank"": 3, ""document"": ""gao-16-885t.pdf"", ""page"": 2, ""distance"": 0.845524787902832}, {""rank"": 4, ""document"": ""gao-16-885t.pdf"", ""page"": 8, ""distance"": 0.8491220474243164}, {""rank"": 5, ""document"": ""gao-16-885t.pdf"", ""page"": 6, ""distance"": 0.8621614575386047}, {""rank"": 6, ""document"": ""gao-24-107231-highlights.pdf"", ""page"": 1, ""distance"": 0.862762987613678}, {""rank"": 7, ""document"": ""gao-24-107231.pdf"", ""page"": 2, ""distance"": 0.862762987613678}, {""rank"": 8, ""document"": ""gao-16-885t.pdf"", ""page"": 7, ""distance"": 0.8649144768714905}, {""rank"": 9, ""document"": ""gao-16-885t.pdf"", ""page"": 9, ""distance"": 0.8756564855575562}]",0.00953260000096634
EQ035,What policy issue did GAO identify with the security of NIH's information systems?,"NIH had deficiencies across identifying risk, protecting systems, detecting and responding to events, and recovering operations.",GAO-22-104467,PDF p. 1,10,False,"[{""rank"": 1, ""document"": ""gao-22-104467-highlights.pdf"", ""page"": 1, ""distance"": 0.47849711775779724}, {""rank"": 2, ""document"": ""gao-22-104467-highlights.pdf"", ""page"": 1, ""distance"": 0.6447888612747192}, {""rank"": 3, ""document"": ""gao-16-885t.pdf"", ""page"": 2, ""distance"": 0.845524787902832}, {""rank"": 4, ""document"": ""gao-16-885t.pdf"", ""page"": 8, ""distance"": 0.8491220474243164}, {""rank"": 5, ""document"": ""gao-16-885t.pdf"", ""page"": 6, ""distance"": 0.8621614575386047}, {""rank"": 6, ""document"": ""gao-24-107231-highlights.pdf"", ""page"": 1, ""distance"": 0.862762987613678}, {""rank"": 7, ""document"": ""gao-24-107231.pdf"", ""page"": 2, ""distance"": 0.862762987613678}, {""rank"": 8, ""document"": ""gao-16-885t.pdf"", ""page"": 7, ""distance"": 0.8649144768714905}, {""rank"": 9, ""document"": ""gao-16-885t.pdf"", ""page"": 9, ""distance"": 0.8756564855575562}, {""rank"": 10, ""document"": ""gao-26-900644.pdf"", ""page"": 81, ""distance"": 0.8756808042526245}]",0.010371399985160679
EQ036,What policy approach should agencies use for cybersecurity technologies protecting critical infrastructure?,"They should use a cybersecurity framework that determines security requirements, performs risk assessments, establishes policy, and selects appropriate technologies.",GAO-04-321,PDF p. 1,1,False,"[{""rank"": 1, ""document"": ""gao-23-105480.pdf"", ""page"": 46, ""distance"": 0.6579741835594177}]",0.013275899982545525
EQ036,What policy approach should agencies use for cybersecurity technologies protecting critical infrastructure?,"They should use a cybersecurity framework that determines security requirements, performs risk assessments, establishes policy, and selects appropriate technologies.",GAO-04-321,PDF p. 1,2,False,"[{""rank"": 1, ""document"": ""gao-23-105480.pdf"", ""page"": 46, ""distance"": 0.6579741835594177}, {""rank"": 2, ""document"": ""gao-04-321-highlights.pdf"", ""page"": 1, ""distance"": 0.6788626313209534}]",0.013382899982389063
EQ036,What policy approach should agencies use for cybersecurity technologies protecting critical infrastructure?,"They should use a cybersecurity framework that determines security requirements, performs risk assessments, establishes policy, and selects appropriate technologies.",GAO-04-321,PDF p. 1,3,False,"[{""rank"": 1, ""document"": ""gao-23-105480.pdf"", ""page"": 46, ""distance"": 0.6579741835594177}, {""rank"": 2, ""document"": ""gao-04-321-highlights.pdf"", ""page"": 1, ""distance"": 0.6788626313209534}, {""rank"": 3, ""document"": ""gao-24-107231.pdf"", ""page"": 60, ""distance"": 0.6835601329803467}]",0.010745899984613061
EQ036,What policy approach should agencies use for cybersecurity technologies protecting critical infrastructure?,"They should use a cybersecurity framework that determines security requirements, performs risk assessments, establishes policy, and selects appropriate technologies.",GAO-04-321,PDF p. 1,4,False,"[{""rank"": 1, ""document"": ""gao-23-105480.pdf"", ""page"": 46, ""distance"": 0.6579741835594177}, {""rank"": 2, ""document"": ""gao-04-321-highlights.pdf"", ""page"": 1, ""distance"": 0.6788626313209534}, {""rank"": 3, ""document"": ""gao-24-107231.pdf"", ""page"": 60, ""distance"": 0.6835601329803467}, {""rank"": 4, ""document"": ""gao-24-107231-highlights.pdf"", ""page"": 3, ""distance"": 0.684213399887085}]",0.011346500017680228
EQ036,What policy approach should agencies use for cybersecurity technologies protecting critical infrastructure?,"They should use a cybersecurity framework that determines security requirements, performs risk assessments, establishes policy, and selects appropriate technologies.",GAO-04-321,PDF p. 1,5,False,"[{""rank"": 1, ""document"": ""gao-23-105480.pdf"", ""page"": 46, ""distance"": 0.6579741835594177}, {""rank"": 2, ""document"": ""gao-04-321-highlights.pdf"", ""page"": 1, ""distance"": 0.6788626313209534}, {""rank"": 3, ""document"": ""gao-24-107231.pdf"", ""page"": 60, ""distance"": 0.6835601329803467}, {""rank"": 4, ""document"": ""gao-24-107231-highlights.pdf"", ""page"": 3, ""distance"": 0.684213399887085}, {""rank"": 5, ""document"": ""gao-24-107231.pdf"", ""page"": 4, ""distance"": 0.684213399887085}]",0.0099340999731794
EQ036,What policy approach should agencies use for cybersecurity technologies protecting critical infrastructure?,"They should use a cybersecurity framework that determines security requirements, performs risk assessments, establishes policy, and selects appropriate technologies.",GAO-04-321,PDF p. 1,6,False,"[{""rank"": 1, ""document"": ""gao-23-105480.pdf"", ""page"": 46, ""distance"": 0.6579741835594177}, {""rank"": 2, ""document"": ""gao-04-321-highlights.pdf"", ""page"": 1, ""distance"": 0.6788626313209534}, {""rank"": 3, ""document"": ""gao-24-107231.pdf"", ""page"": 60, ""distance"": 0.6835601329803467}, {""rank"": 4, ""document"": ""gao-24-107231-highlights.pdf"", ""page"": 3, ""distance"": 0.684213399887085}, {""rank"": 5, ""document"": ""gao-24-107231.pdf"", ""page"": 4, ""distance"": 0.684213399887085}, {""rank"": 6, ""document"": ""gao-24-107231.pdf"", ""page"": 53, ""distance"": 0.691205620765686}]",0.012326300027780235
EQ036,What policy approach should agencies use for cybersecurity technologies protecting critical infrastructure?,"They should use a cybersecurity framework that determines security requirements, performs risk assessments, establishes policy, and selects appropriate technologies.",GAO-04-321,PDF p. 1,7,False,"[{""rank"": 1, ""document"": ""gao-23-105480.pdf"", ""page"": 46, ""distance"": 0.6579741835594177}, {""rank"": 2, ""document"": ""gao-04-321-highlights.pdf"", ""page"": 1, ""distance"": 0.6788626313209534}, {""rank"": 3, ""document"": ""gao-24-107231.pdf"", ""page"": 60, ""distance"": 0.6835601329803467}, {""rank"": 4, ""document"": ""gao-24-107231-highlights.pdf"", ""page"": 3, ""distance"": 0.684213399887085}, {""rank"": 5, ""document"": ""gao-24-107231.pdf"", ""page"": 4, ""distance"": 0.684213399887085}, {""rank"": 6, ""document"": ""gao-24-107231.pdf"", ""page"": 53, ""distance"": 0.691205620765686}, {""rank"": 7, ""document"": ""gao-24-107231.pdf"", ""page"": 88, ""distance"": 0.6985479593276978}]",0.010462200036272407
EQ036,What policy approach should agencies use for cybersecurity technologies protecting critical infrastructure?,"They should use a cybersecurity framework that determines security requirements, performs risk assessments, establishes policy, and selects appropriate technologies.",GAO-04-321,PDF p. 1,8,False,"[{""rank"": 1, ""document"": ""gao-23-105480.pdf"", ""page"": 46, ""distance"": 0.6579741835594177}, {""rank"": 2, ""document"": ""gao-04-321-highlights.pdf"", ""page"": 1, ""distance"": 0.6788626313209534}, {""rank"": 3, ""document"": ""gao-24-107231.pdf"", ""page"": 60, ""distance"": 0.6835601329803467}, {""rank"": 4, ""document"": ""gao-24-107231-highlights.pdf"", ""page"": 3, ""distance"": 0.684213399887085}, {""rank"": 5, ""document"": ""gao-24-107231.pdf"", ""page"": 4, ""distance"": 0.684213399887085}, {""rank"": 6, ""document"": ""gao-24-107231.pdf"", ""page"": 53, ""distance"": 0.691205620765686}, {""rank"": 7, ""document"": ""gao-24-107231.pdf"", ""page"": 88, ""distance"": 0.6985479593276978}, {""rank"": 8, ""document"": ""d24106576.pdf"", ""page"": 39, ""distance"": 0.7033137083053589}]",0.010074099991470575
EQ036,What policy approach should agencies use for cybersecurity technologies protecting critical infrastructure?,"They should use a cybersecurity framework that determines security requirements, performs risk assessments, establishes policy, and selects appropriate technologies.",GAO-04-321,PDF p. 1,9,False,"[{""rank"": 1, ""document"": ""gao-23-105480.pdf"", ""page"": 46, ""distance"": 0.6579741835594177}, {""rank"": 2, ""document"": ""gao-04-321-highlights.pdf"", ""page"": 1, ""distance"": 0.6788626313209534}, {""rank"": 3, ""document"": ""gao-24-107231.pdf"", ""page"": 60, ""distance"": 0.6835601329803467}, {""rank"": 4, ""document"": ""gao-24-107231-highlights.pdf"", ""page"": 3, ""distance"": 0.684213399887085}, {""rank"": 5, ""document"": ""gao-24-107231.pdf"", ""page"": 4, ""distance"": 0.684213399887085}, {""rank"": 6, ""document"": ""gao-24-107231.pdf"", ""page"": 53, ""distance"": 0.691205620765686}, {""rank"": 7, ""document"": ""gao-24-107231.pdf"", ""page"": 88, ""distance"": 0.6985479593276978}, {""rank"": 8, ""document"": ""d24106576.pdf"", ""page"": 39, ""distance"": 0.7033137083053589}, {""rank"": 9, ""document"": ""gao-24-107733.pdf"", ""page"": 2, ""distance"": 0.7312440276145935}]",0.012742299993988127
EQ036,What policy approach should agencies use for cybersecurity technologies protecting critical infrastructure?,"They should use a cybersecurity framework that determines security requirements, performs risk assessments, establishes policy, and selects appropriate technologies.",GAO-04-321,PDF p. 1,10,False,"[{""rank"": 1, ""document"": ""gao-23-105480.pdf"", ""page"": 46, ""distance"": 0.6579741835594177}, {""rank"": 2, ""document"": ""gao-04-321-highlights.pdf"", ""page"": 1, ""distance"": 0.6788626313209534}, {""rank"": 3, ""document"": ""gao-24-107231.pdf"", ""page"": 60, ""distance"": 0.6835601329803467}, {""rank"": 4, ""document"": ""gao-24-107231-highlights.pdf"", ""page"": 3, ""distance"": 0.684213399887085}, {""rank"": 5, ""document"": ""gao-24-107231.pdf"", ""page"": 4, ""distance"": 0.684213399887085}, {""rank"": 6, ""document"": ""gao-24-107231.pdf"", ""page"": 53, ""distance"": 0.691205620765686}, {""rank"": 7, ""document"": ""gao-24-107231.pdf"", ""page"": 88, ""distance"": 0.6985479593276978}, {""rank"": 8, ""document"": ""d24106576.pdf"", ""page"": 39, ""distance"": 0.7033137083053589}, {""rank"": 9, ""document"": ""gao-24-107733.pdf"", ""page"": 2, ""distance"": 0.7312440276145935}, {""rank"": 10, ""document"": ""d24106576.pdf"", ""page"": 20, ""distance"": 0.7369876503944397}]",0.011395299981813878
EQ037,What policy issue did GAO identify with the Navy's hypersonic modernization strategy?,The Navy and Army lacked a comprehensive strategy to guide investment decisions for the capability.,GAO-26-107974,PDF p. 3,1,False,"[{""rank"": 1, ""document"": ""gao-26-107974.pdf"", ""page"": 1, ""distance"": 0.6688414812088013}]",0.011559900012798607
EQ037,What policy issue did GAO identify with the Navy's hypersonic modernization strategy?,The Navy and Army lacked a comprehensive strategy to guide investment decisions for the capability.,GAO-26-107974,PDF p. 3,2,False,"[{""rank"": 1, ""document"": ""gao-26-107974.pdf"", ""page"": 1, ""distance"": 0.6688414812088013}, {""rank"": 2, ""document"": ""gao-26-107974.pdf"", ""page"": 3, ""distance"": 0.9028878211975098}]",0.01067339995643124
EQ037,What policy issue did GAO identify with the Navy's hypersonic modernization strategy?,The Navy and Army lacked a comprehensive strategy to guide investment decisions for the capability.,GAO-26-107974,PDF p. 3,3,False,"[{""rank"": 1, ""document"": ""gao-26-107974.pdf"", ""page"": 1, ""distance"": 0.6688414812088013}, {""rank"": 2, ""document"": ""gao-26-107974.pdf"", ""page"": 3, ""distance"": 0.9028878211975098}, {""rank"": 3, ""document"": ""gao-26-107974.pdf"", ""page"": 30, ""distance"": 0.9287893176078796}]",0.014103699999395758
EQ037,What policy issue did GAO identify with the Navy's hypersonic modernization strategy?,The Navy and Army lacked a comprehensive strategy to guide investment decisions for the capability.,GAO-26-107974,PDF p. 3,4,False,"[{""rank"": 1, ""document"": ""gao-26-107974.pdf"", ""page"": 1, ""distance"": 0.6688414812088013}, {""rank"": 2, ""document"": ""gao-26-107974.pdf"", ""page"": 3, ""distance"": 0.9028878211975098}, {""rank"": 3, ""document"": ""gao-26-107974.pdf"", ""page"": 30, ""distance"": 0.9287893176078796}, {""rank"": 4, ""document"": ""gao-26-107974.pdf"", ""page"": 31, ""distance"": 0.9772581458091736}]",0.010328800010029227
EQ037,What policy issue did GAO identify with the Navy's hypersonic modernization strategy?,The Navy and Army lacked a comprehensive strategy to guide investment decisions for the capability.,GAO-26-107974,PDF p. 3,5,False,"[{""rank"": 1, ""document"": ""gao-26-107974.pdf"", ""page"": 1, ""distance"": 0.6688414812088013}, {""rank"": 2, ""document"": ""gao-26-107974.pdf"", ""page"": 3, ""distance"": 0.9028878211975098}, {""rank"": 3, ""document"": ""gao-26-107974.pdf"", ""page"": 30, ""distance"": 0.9287893176078796}, {""rank"": 4, ""document"": ""gao-26-107974.pdf"", ""page"": 31, ""distance"": 0.9772581458091736}, {""rank"": 5, ""document"": ""gao-26-107974.pdf"", ""page"": 5, ""distance"": 0.9871007204055786}]",0.011629000015091151
EQ037,What policy issue did GAO identify with the Navy's hypersonic modernization strategy?,The Navy and Army lacked a comprehensive strategy to guide investment decisions for the capability.,GAO-26-107974,PDF p. 3,6,False,"[{""rank"": 1, ""document"": ""gao-26-107974.pdf"", ""page"": 1, ""distance"": 0.6688414812088013}, {""rank"": 2, ""document"": ""gao-26-107974.pdf"", ""page"": 3, ""distance"": 0.9028878211975098}, {""rank"": 3, ""document"": ""gao-26-107974.pdf"", ""page"": 30, ""distance"": 0.9287893176078796}, {""rank"": 4, ""document"": ""gao-26-107974.pdf"", ""page"": 31, ""distance"": 0.9772581458091736}, {""rank"": 5, ""document"": ""gao-26-107974.pdf"", ""page"": 5, ""distance"": 0.9871007204055786}, {""rank"": 6, ""document"": ""gao-26-107974.pdf"", ""page"": 2, ""distance"": 1.0096917152404785}]",0.010271700040902942
EQ037,What policy issue did GAO identify with the Navy's hypersonic modernization strategy?,The Navy and Army lacked a comprehensive strategy to guide investment decisions for the capability.,GAO-26-107974,PDF p. 3,7,False,"[{""rank"": 1, ""document"": ""gao-26-107974.pdf"", ""page"": 1, ""distance"": 0.6688414812088013}, {""rank"": 2, ""document"": ""gao-26-107974.pdf"", ""page"": 3, ""distance"": 0.9028878211975098}, {""rank"": 3, ""document"": ""gao-26-107974.pdf"", ""page"": 30, ""distance"": 0.9287893176078796}, {""rank"": 4, ""document"": ""gao-26-107974.pdf"", ""page"": 31, ""distance"": 0.9772581458091736}, {""rank"": 5, ""document"": ""gao-26-107974.pdf"", ""page"": 5, ""distance"": 0.9871007204055786}, {""rank"": 6, ""document"": ""gao-26-107974.pdf"", ""page"": 2, ""distance"": 1.0096917152404785}, {""rank"": 7, ""document"": ""gao-26-107974.pdf"", ""page"": 4, ""distance"": 1.0248569250106812}]",0.009988299978431314
EQ037,What policy issue did GAO identify with the Navy's hypersonic modernization strategy?,The Navy and Army lacked a comprehensive strategy to guide investment decisions for the capability.,GAO-26-107974,PDF p. 3,8,False,"[{""rank"": 1, ""document"": ""gao-26-107974.pdf"", ""page"": 1, ""distance"": 0.6688414812088013}, {""rank"": 2, ""document"": ""gao-26-107974.pdf"", ""page"": 3, ""distance"": 0.9028878211975098}, {""rank"": 3, ""document"": ""gao-26-107974.pdf"", ""page"": 30, ""distance"": 0.9287893176078796}, {""rank"": 4, ""document"": ""gao-26-107974.pdf"", ""page"": 31, ""distance"": 0.9772581458091736}, {""rank"": 5, ""document"": ""gao-26-107974.pdf"", ""page"": 5, ""distance"": 0.9871007204055786}, {""rank"": 6, ""document"": ""gao-26-107974.pdf"", ""page"": 2, ""distance"": 1.0096917152404785}, {""rank"": 7, ""document"": ""gao-26-107974.pdf"", ""page"": 4, ""distance"": 1.0248569250106812}, {""rank"": 8, ""document"": ""gao-26-107974.pdf"", ""page"": 29, ""distance"": 1.0357168912887573}]",0.00994879996869713
EQ037,What policy issue did GAO identify with the Navy's hypersonic modernization strategy?,The Navy and Army lacked a comprehensive strategy to guide investment decisions for the capability.,GAO-26-107974,PDF p. 3,9,False,"[{""rank"": 1, ""document"": ""gao-26-107974.pdf"", ""page"": 1, ""distance"": 0.6688414812088013}, {""rank"": 2, ""document"": ""gao-26-107974.pdf"", ""page"": 3, ""distance"": 0.9028878211975098}, {""rank"": 3, ""document"": ""gao-26-107974.pdf"", ""page"": 30, ""distance"": 0.9287893176078796}, {""rank"": 4, ""document"": ""gao-26-107974.pdf"", ""page"": 31, ""distance"": 0.9772581458091736}, {""rank"": 5, ""document"": ""gao-26-107974.pdf"", ""page"": 5, ""distance"": 0.9871007204055786}, {""rank"": 6, ""document"": ""gao-26-107974.pdf"", ""page"": 2, ""distance"": 1.0096917152404785}, {""rank"": 7, ""document"": ""gao-26-107974.pdf"", ""page"": 4, ""distance"": 1.0248569250106812}, {""rank"": 8, ""document"": ""gao-26-107974.pdf"", ""page"": 29, ""distance"": 1.0357168912887573}, {""rank"": 9, ""document"": ""gao-26-107974.pdf"", ""page"": 11, ""distance"": 1.0666228532791138}]",0.010090499999932945
EQ037,What policy issue did GAO identify with the Navy's hypersonic modernization strategy?,The Navy and Army lacked a comprehensive strategy to guide investment decisions for the capability.,GAO-26-107974,PDF p. 3,10,False,"[{""rank"": 1, ""document"": ""gao-26-107974.pdf"", ""page"": 1, ""distance"": 0.6688414812088013}, {""rank"": 2, ""document"": ""gao-26-107974.pdf"", ""page"": 3, ""distance"": 0.9028878211975098}, {""rank"": 3, ""document"": ""gao-26-107974.pdf"", ""page"": 30, ""distance"": 0.9287893176078796}, {""rank"": 4, ""document"": ""gao-26-107974.pdf"", ""page"": 31, ""distance"": 0.9772581458091736}, {""rank"": 5, ""document"": ""gao-26-107974.pdf"", ""page"": 5, ""distance"": 0.9871007204055786}, {""rank"": 6, ""document"": ""gao-26-107974.pdf"", ""page"": 2, ""distance"": 1.0096917152404785}, {""rank"": 7, ""document"": ""gao-26-107974.pdf"", ""page"": 4, ""distance"": 1.0248569250106812}, {""rank"": 8, ""document"": ""gao-26-107974.pdf"", ""page"": 29, ""distance"": 1.0357168912887573}, {""rank"": 9, ""document"": ""gao-26-107974.pdf"", ""page"": 11, ""distance"": 1.0666228532791138}, {""rank"": 10, ""document"": ""gao-26-107974.pdf"", ""page"": 27, ""distance"": 1.0803683996200562}]",0.010061900014989078
EQ038,What policy safeguards are relevant when an organization deploys a widely used security update?,"The reports emphasize supply-chain risk management, testing, contingency planning, and timely cyber information sharing to mitigate disruption risk.",GAO-24-107733; GAO-24-107231,PDF pp. 1-3,1,False,"[{""rank"": 1, ""document"": ""d24106576.pdf"", ""page"": 28, ""distance"": 0.9010926485061646}]",0.020105700008571148
EQ038,What policy safeguards are relevant when an organization deploys a widely used security update?,"The reports emphasize supply-chain risk management, testing, contingency planning, and timely cyber information sharing to mitigate disruption risk.",GAO-24-107733; GAO-24-107231,PDF pp. 1-3,2,False,"[{""rank"": 1, ""document"": ""d24106576.pdf"", ""page"": 28, ""distance"": 0.9010926485061646}, {""rank"": 2, ""document"": ""gao-24-107231.pdf"", ""page"": 43, ""distance"": 1.0179591178894043}]",0.010626500006765127
EQ038,What policy safeguards are relevant when an organization deploys a widely used security update?,"The reports emphasize supply-chain risk management, testing, contingency planning, and timely cyber information sharing to mitigate disruption risk.",GAO-24-107733; GAO-24-107231,PDF pp. 1-3,3,False,"[{""rank"": 1, ""document"": ""d24106576.pdf"", ""page"": 28, ""distance"": 0.9010926485061646}, {""rank"": 2, ""document"": ""gao-24-107231.pdf"", ""page"": 43, ""distance"": 1.0179591178894043}, {""rank"": 3, ""document"": ""gao-24-107231.pdf"", ""page"": 39, ""distance"": 1.0240614414215088}]",0.010459500015713274
EQ038,What policy safeguards are relevant when an organization deploys a widely used security update?,"The reports emphasize supply-chain risk management, testing, contingency planning, and timely cyber information sharing to mitigate disruption risk.",GAO-24-107733; GAO-24-107231,PDF pp. 1-3,4,False,"[{""rank"": 1, ""document"": ""d24106576.pdf"", ""page"": 28, ""distance"": 0.9010926485061646}, {""rank"": 2, ""document"": ""gao-24-107231.pdf"", ""page"": 43, ""distance"": 1.0179591178894043}, {""rank"": 3, ""document"": ""gao-24-107231.pdf"", ""page"": 39, ""distance"": 1.0240614414215088}, {""rank"": 4, ""document"": ""d24106576.pdf"", ""page"": 60, ""distance"": 1.0257289409637451}]",0.010060300002805889
EQ038,What policy safeguards are relevant when an organization deploys a widely used security update?,"The reports emphasize supply-chain risk management, testing, contingency planning, and timely cyber information sharing to mitigate disruption risk.",GAO-24-107733; GAO-24-107231,PDF pp. 1-3,5,False,"[{""rank"": 1, ""document"": ""d24106576.pdf"", ""page"": 28, ""distance"": 0.9010926485061646}, {""rank"": 2, ""document"": ""gao-24-107231.pdf"", ""page"": 43, ""distance"": 1.0179591178894043}, {""rank"": 3, ""document"": ""gao-24-107231.pdf"", ""page"": 39, ""distance"": 1.0240614414215088}, {""rank"": 4, ""document"": ""d24106576.pdf"", ""page"": 60, ""distance"": 1.0257289409637451}, {""rank"": 5, ""document"": ""gao-16-885t.pdf"", ""page"": 12, ""distance"": 1.0260142087936401}]",0.011219800042454153
EQ038,What policy safeguards are relevant when an organization deploys a widely used security update?,"The reports emphasize supply-chain risk management, testing, contingency planning, and timely cyber information sharing to mitigate disruption risk.",GAO-24-107733; GAO-24-107231,PDF pp. 1-3,6,False,"[{""rank"": 1, ""document"": ""d24106576.pdf"", ""page"": 28, ""distance"": 0.9010926485061646}, {""rank"": 2, ""document"": ""gao-24-107231.pdf"", ""page"": 43, ""distance"": 1.0179591178894043}, {""rank"": 3, ""document"": ""gao-24-107231.pdf"", ""page"": 39, ""distance"": 1.0240614414215088}, {""rank"": 4, ""document"": ""d24106576.pdf"", ""page"": 60, ""distance"": 1.0257289409637451}, {""rank"": 5, ""document"": ""gao-16-885t.pdf"", ""page"": 12, ""distance"": 1.0260142087936401}, {""rank"": 6, ""document"": ""gao-24-107231.pdf"", ""page"": 23, ""distance"": 1.0299203395843506}]",0.01020659995265305
EQ038,What policy safeguards are relevant when an organization deploys a widely used security update?,"The reports emphasize supply-chain risk management, testing, contingency planning, and timely cyber information sharing to mitigate disruption risk.",GAO-24-107733; GAO-24-107231,PDF pp. 1-3,7,False,"[{""rank"": 1, ""document"": ""d24106576.pdf"", ""page"": 28, ""distance"": 0.9010926485061646}, {""rank"": 2, ""document"": ""gao-24-107231.pdf"", ""page"": 43, ""distance"": 1.0179591178894043}, {""rank"": 3, ""document"": ""gao-24-107231.pdf"", ""page"": 39, ""distance"": 1.0240614414215088}, {""rank"": 4, ""document"": ""d24106576.pdf"", ""page"": 60, ""distance"": 1.0257289409637451}, {""rank"": 5, ""document"": ""gao-16-885t.pdf"", ""page"": 12, ""distance"": 1.0260142087936401}, {""rank"": 6, ""document"": ""gao-24-107231.pdf"", ""page"": 23, ""distance"": 1.0299203395843506}, {""rank"": 7, ""document"": ""gao-23-105480.pdf"", ""page"": 16, ""distance"": 1.0382401943206787}]",0.011617499985732138
EQ038,What policy safeguards are relevant when an organization deploys a widely used security update?,"The reports emphasize supply-chain risk management, testing, contingency planning, and timely cyber information sharing to mitigate disruption risk.",GAO-24-107733; GAO-24-107231,PDF pp. 1-3,8,False,"[{""rank"": 1, ""document"": ""d24106576.pdf"", ""page"": 28, ""distance"": 0.9010926485061646}, {""rank"": 2, ""document"": ""gao-24-107231.pdf"", ""page"": 43, ""distance"": 1.0179591178894043}, {""rank"": 3, ""document"": ""gao-24-107231.pdf"", ""page"": 39, ""distance"": 1.0240614414215088}, {""rank"": 4, ""document"": ""d24106576.pdf"", ""page"": 60, ""distance"": 1.0257289409637451}, {""rank"": 5, ""document"": ""gao-16-885t.pdf"", ""page"": 12, ""distance"": 1.0260142087936401}, {""rank"": 6, ""document"": ""gao-24-107231.pdf"", ""page"": 23, ""distance"": 1.0299203395843506}, {""rank"": 7, ""document"": ""gao-23-105480.pdf"", ""page"": 16, ""distance"": 1.0382401943206787}, {""rank"": 8, ""document"": ""gao-16-885t.pdf"", ""page"": 11, ""distance"": 1.039027452468872}]",0.010855500004254282
EQ038,What policy safeguards are relevant when an organization deploys a widely used security update?,"The reports emphasize supply-chain risk management, testing, contingency planning, and timely cyber information sharing to mitigate disruption risk.",GAO-24-107733; GAO-24-107231,PDF pp. 1-3,9,False,"[{""rank"": 1, ""document"": ""d24106576.pdf"", ""page"": 28, ""distance"": 0.9010926485061646}, {""rank"": 2, ""document"": ""gao-24-107231.pdf"", ""page"": 43, ""distance"": 1.0179591178894043}, {""rank"": 3, ""document"": ""gao-24-107231.pdf"", ""page"": 39, ""distance"": 1.0240614414215088}, {""rank"": 4, ""document"": ""d24106576.pdf"", ""page"": 60, ""distance"": 1.0257289409637451}, {""rank"": 5, ""document"": ""gao-16-885t.pdf"", ""page"": 12, ""distance"": 1.0260142087936401}, {""rank"": 6, ""document"": ""gao-24-107231.pdf"", ""page"": 23, ""distance"": 1.0299203395843506}, {""rank"": 7, ""document"": ""gao-23-105480.pdf"", ""page"": 16, ""distance"": 1.0382401943206787}, {""rank"": 8, ""document"": ""gao-16-885t.pdf"", ""page"": 11, ""distance"": 1.039027452468872}, {""rank"": 9, ""document"": ""gao-24-107231.pdf"", ""page"": 64, ""distance"": 1.0395512580871582}]",0.01011769997421652
EQ038,What policy safeguards are relevant when an organization deploys a widely used security update?,"The reports emphasize supply-chain risk management, testing, contingency planning, and timely cyber information sharing to mitigate disruption risk.",GAO-24-107733; GAO-24-107231,PDF pp. 1-3,10,False,"[{""rank"": 1, ""document"": ""d24106576.pdf"", ""page"": 28, ""distance"": 0.9010926485061646}, {""rank"": 2, ""document"": ""gao-24-107231.pdf"", ""page"": 43, ""distance"": 1.0179591178894043}, {""rank"": 3, ""document"": ""gao-24-107231.pdf"", ""page"": 39, ""distance"": 1.0240614414215088}, {""rank"": 4, ""document"": ""d24106576.pdf"", ""page"": 60, ""distance"": 1.0257289409637451}, {""rank"": 5, ""document"": ""gao-16-885t.pdf"", ""page"": 12, ""distance"": 1.0260142087936401}, {""rank"": 6, ""document"": ""gao-24-107231.pdf"", ""page"": 23, ""distance"": 1.0299203395843506}, {""rank"": 7, ""document"": ""gao-23-105480.pdf"", ""page"": 16, ""distance"": 1.0382401943206787}, {""rank"": 8, ""document"": ""gao-16-885t.pdf"", ""page"": 11, ""distance"": 1.039027452468872}, {""rank"": 9, ""document"": ""gao-24-107231.pdf"", ""page"": 64, ""distance"": 1.0395512580871582}, {""rank"": 10, ""document"": ""gao-24-107231.pdf"", ""page"": 57, ""distance"": 1.0472112894058228}]",0.011774000013247132
EQ039,"How should agencies prioritize cybersecurity oversight across strategy, systems, infrastructure, and privacy?","They should address the four major challenges: comprehensive strategy and oversight, federal systems and information, critical infrastructure cybersecurity, and privacy and sensitive data.",GAO-24-107231,PDF pp. 1-2,1,False,"[{""rank"": 1, ""document"": ""d24106916.pdf"", ""page"": 16, ""distance"": 0.7042558193206787}]",0.021205299999564886
EQ039,"How should agencies prioritize cybersecurity oversight across strategy, systems, infrastructure, and privacy?","They should address the four major challenges: comprehensive strategy and oversight, federal systems and information, critical infrastructure cybersecurity, and privacy and sensitive data.",GAO-24-107231,PDF pp. 1-2,2,False,"[{""rank"": 1, ""document"": ""d24106916.pdf"", ""page"": 16, ""distance"": 0.7042558193206787}, {""rank"": 2, ""document"": ""gao-24-107231.pdf"", ""page"": 53, ""distance"": 0.7303426265716553}]",0.010314600018318743
EQ039,"How should agencies prioritize cybersecurity oversight across strategy, systems, infrastructure, and privacy?","They should address the four major challenges: comprehensive strategy and oversight, federal systems and information, critical infrastructure cybersecurity, and privacy and sensitive data.",GAO-24-107231,PDF pp. 1-2,3,False,"[{""rank"": 1, ""document"": ""d24106916.pdf"", ""page"": 16, ""distance"": 0.7042558193206787}, {""rank"": 2, ""document"": ""gao-24-107231.pdf"", ""page"": 53, ""distance"": 0.7303426265716553}, {""rank"": 3, ""document"": ""gao-16-885t.pdf"", ""page"": 2, ""distance"": 0.7342815399169922}]",0.010218999988865107
EQ039,"How should agencies prioritize cybersecurity oversight across strategy, systems, infrastructure, and privacy?","They should address the four major challenges: comprehensive strategy and oversight, federal systems and information, critical infrastructure cybersecurity, and privacy and sensitive data.",GAO-24-107231,PDF pp. 1-2,4,False,"[{""rank"": 1, ""document"": ""d24106916.pdf"", ""page"": 16, ""distance"": 0.7042558193206787}, {""rank"": 2, ""document"": ""gao-24-107231.pdf"", ""page"": 53, ""distance"": 0.7303426265716553}, {""rank"": 3, ""document"": ""gao-16-885t.pdf"", ""page"": 2, ""distance"": 0.7342815399169922}, {""rank"": 4, ""document"": ""d24106576.pdf"", ""page"": 11, ""distance"": 0.7365574836730957}]",0.010418499994557351
EQ039,"How should agencies prioritize cybersecurity oversight across strategy, systems, infrastructure, and privacy?","They should address the four major challenges: comprehensive strategy and oversight, federal systems and information, critical infrastructure cybersecurity, and privacy and sensitive data.",GAO-24-107231,PDF pp. 1-2,5,False,"[{""rank"": 1, ""document"": ""d24106916.pdf"", ""page"": 16, ""distance"": 0.7042558193206787}, {""rank"": 2, ""document"": ""gao-24-107231.pdf"", ""page"": 53, ""distance"": 0.7303426265716553}, {""rank"": 3, ""document"": ""gao-16-885t.pdf"", ""page"": 2, ""distance"": 0.7342815399169922}, {""rank"": 4, ""document"": ""d24106576.pdf"", ""page"": 11, ""distance"": 0.7365574836730957}, {""rank"": 5, ""document"": ""d24106916.pdf"", ""page"": 13, ""distance"": 0.7455790042877197}]",0.011610999994445592
EQ039,"How should agencies prioritize cybersecurity oversight across strategy, systems, infrastructure, and privacy?","They should address the four major challenges: comprehensive strategy and oversight, federal systems and information, critical infrastructure cybersecurity, and privacy and sensitive data.",GAO-24-107231,PDF pp. 1-2,6,False,"[{""rank"": 1, ""document"": ""d24106916.pdf"", ""page"": 16, ""distance"": 0.7042558193206787}, {""rank"": 2, ""document"": ""gao-24-107231.pdf"", ""page"": 53, ""distance"": 0.7303426265716553}, {""rank"": 3, ""document"": ""gao-16-885t.pdf"", ""page"": 2, ""distance"": 0.7342815399169922}, {""rank"": 4, ""document"": ""d24106576.pdf"", ""page"": 11, ""distance"": 0.7365574836730957}, {""rank"": 5, ""document"": ""d24106916.pdf"", ""page"": 13, ""distance"": 0.7455790042877197}, {""rank"": 6, ""document"": ""d24106576.pdf"", ""page"": 50, ""distance"": 0.7585525512695312}]",0.033046299999114126
EQ039,"How should agencies prioritize cybersecurity oversight across strategy, systems, infrastructure, and privacy?","They should address the four major challenges: comprehensive strategy and oversight, federal systems and information, critical infrastructure cybersecurity, and privacy and sensitive data.",GAO-24-107231,PDF pp. 1-2,7,False,"[{""rank"": 1, ""document"": ""d24106916.pdf"", ""page"": 16, ""distance"": 0.7042558193206787}, {""rank"": 2, ""document"": ""gao-24-107231.pdf"", ""page"": 53, ""distance"": 0.7303426265716553}, {""rank"": 3, ""document"": ""gao-16-885t.pdf"", ""page"": 2, ""distance"": 0.7342815399169922}, {""rank"": 4, ""document"": ""d24106576.pdf"", ""page"": 11, ""distance"": 0.7365574836730957}, {""rank"": 5, ""document"": ""d24106916.pdf"", ""page"": 13, ""distance"": 0.7455790042877197}, {""rank"": 6, ""document"": ""d24106576.pdf"", ""page"": 50, ""distance"": 0.7585525512695312}, {""rank"": 7, ""document"": ""d24106916.pdf"", ""page"": 11, ""distance"": 0.7587260007858276}]",0.01612859999295324
EQ039,"How should agencies prioritize cybersecurity oversight across strategy, systems, infrastructure, and privacy?","They should address the four major challenges: comprehensive strategy and oversight, federal systems and information, critical infrastructure cybersecurity, and privacy and sensitive data.",GAO-24-107231,PDF pp. 1-2,8,False,"[{""rank"": 1, ""document"": ""d24106916.pdf"", ""page"": 16, ""distance"": 0.7042558193206787}, {""rank"": 2, ""document"": ""gao-24-107231.pdf"", ""page"": 53, ""distance"": 0.7303426265716553}, {""rank"": 3, ""document"": ""gao-16-885t.pdf"", ""page"": 2, ""distance"": 0.7342815399169922}, {""rank"": 4, ""document"": ""d24106576.pdf"", ""page"": 11, ""distance"": 0.7365574836730957}, {""rank"": 5, ""document"": ""d24106916.pdf"", ""page"": 13, ""distance"": 0.7455790042877197}, {""rank"": 6, ""document"": ""d24106576.pdf"", ""page"": 50, ""distance"": 0.7585525512695312}, {""rank"": 7, ""document"": ""d24106916.pdf"", ""page"": 11, ""distance"": 0.7587260007858276}, {""rank"": 8, ""document"": ""gao-24-107231.pdf"", ""page"": 54, ""distance"": 0.771649956703186}]",0.011644100013654679
EQ039,"How should agencies prioritize cybersecurity oversight across strategy, systems, infrastructure, and privacy?","They should address the four major challenges: comprehensive strategy and oversight, federal systems and information, critical infrastructure cybersecurity, and privacy and sensitive data.",GAO-24-107231,PDF pp. 1-2,9,False,"[{""rank"": 1, ""document"": ""d24106916.pdf"", ""page"": 16, ""distance"": 0.7042558193206787}, {""rank"": 2, ""document"": ""gao-24-107231.pdf"", ""page"": 53, ""distance"": 0.7303426265716553}, {""rank"": 3, ""document"": ""gao-16-885t.pdf"", ""page"": 2, ""distance"": 0.7342815399169922}, {""rank"": 4, ""document"": ""d24106576.pdf"", ""page"": 11, ""distance"": 0.7365574836730957}, {""rank"": 5, ""document"": ""d24106916.pdf"", ""page"": 13, ""distance"": 0.7455790042877197}, {""rank"": 6, ""document"": ""d24106576.pdf"", ""page"": 50, ""distance"": 0.7585525512695312}, {""rank"": 7, ""document"": ""d24106916.pdf"", ""page"": 11, ""distance"": 0.7587260007858276}, {""rank"": 8, ""document"": ""gao-24-107231.pdf"", ""page"": 54, ""distance"": 0.771649956703186}, {""rank"": 9, ""document"": ""gao-24-107231.pdf"", ""page"": 18, ""distance"": 0.7730758190155029}]",0.010529500024858862
EQ039,"How should agencies prioritize cybersecurity oversight across strategy, systems, infrastructure, and privacy?","They should address the four major challenges: comprehensive strategy and oversight, federal systems and information, critical infrastructure cybersecurity, and privacy and sensitive data.",GAO-24-107231,PDF pp. 1-2,10,False,"[{""rank"": 1, ""document"": ""d24106916.pdf"", ""page"": 16, ""distance"": 0.7042558193206787}, {""rank"": 2, ""document"": ""gao-24-107231.pdf"", ""page"": 53, ""distance"": 0.7303426265716553}, {""rank"": 3, ""document"": ""gao-16-885t.pdf"", ""page"": 2, ""distance"": 0.7342815399169922}, {""rank"": 4, ""document"": ""d24106576.pdf"", ""page"": 11, ""distance"": 0.7365574836730957}, {""rank"": 5, ""document"": ""d24106916.pdf"", ""page"": 13, ""distance"": 0.7455790042877197}, {""rank"": 6, ""document"": ""d24106576.pdf"", ""page"": 50, ""distance"": 0.7585525512695312}, {""rank"": 7, ""document"": ""d24106916.pdf"", ""page"": 11, ""distance"": 0.7587260007858276}, {""rank"": 8, ""document"": ""gao-24-107231.pdf"", ""page"": 54, ""distance"": 0.771649956703186}, {""rank"": 9, ""document"": ""gao-24-107231.pdf"", ""page"": 18, ""distance"": 0.7730758190155029}, {""rank"": 10, ""document"": ""d24106916.pdf"", ""page"": 14, ""distance"": 0.7766978740692139}]",0.016981200024019927
EQ040,What policy response follows when a national strategy lacks outcome measures and resource estimates?,The strategy should add applicable outcome-oriented measures and estimated resources and costs so implementation can be assessed and managed.,GAO-24-106916; GAO-24-107231,PDF pp. 2-3,1,False,"[{""rank"": 1, ""document"": ""d24106916.pdf"", ""page"": 34, ""distance"": 1.0829962491989136}]",0.015188299992587417
EQ040,What policy response follows when a national strategy lacks outcome measures and resource estimates?,The strategy should add applicable outcome-oriented measures and estimated resources and costs so implementation can be assessed and managed.,GAO-24-106916; GAO-24-107231,PDF pp. 2-3,2,False,"[{""rank"": 1, ""document"": ""d24106916.pdf"", ""page"": 34, ""distance"": 1.0829962491989136}, {""rank"": 2, ""document"": ""gao-24-107231.pdf"", ""page"": 19, ""distance"": 1.135561227798462}]",0.011604600003920496
EQ040,What policy response follows when a national strategy lacks outcome measures and resource estimates?,The strategy should add applicable outcome-oriented measures and estimated resources and costs so implementation can be assessed and managed.,GAO-24-106916; GAO-24-107231,PDF pp. 2-3,3,False,"[{""rank"": 1, ""document"": ""d24106916.pdf"", ""page"": 34, ""distance"": 1.0829962491989136}, {""rank"": 2, ""document"": ""gao-24-107231.pdf"", ""page"": 19, ""distance"": 1.135561227798462}, {""rank"": 3, ""document"": ""gao-26-900644.pdf"", ""page"": 96, ""distance"": 1.1632812023162842}]",0.011821000021882355
EQ040,What policy response follows when a national strategy lacks outcome measures and resource estimates?,The strategy should add applicable outcome-oriented measures and estimated resources and costs so implementation can be assessed and managed.,GAO-24-106916; GAO-24-107231,PDF pp. 2-3,4,False,"[{""rank"": 1, ""document"": ""d24106916.pdf"", ""page"": 34, ""distance"": 1.0829962491989136}, {""rank"": 2, ""document"": ""gao-24-107231.pdf"", ""page"": 19, ""distance"": 1.135561227798462}, {""rank"": 3, ""document"": ""gao-26-900644.pdf"", ""page"": 96, ""distance"": 1.1632812023162842}, {""rank"": 4, ""document"": ""gao-26-900644.pdf"", ""page"": 28, ""distance"": 1.1672849655151367}]",0.009905300044920295
EQ040,What policy response follows when a national strategy lacks outcome measures and resource estimates?,The strategy should add applicable outcome-oriented measures and estimated resources and costs so implementation can be assessed and managed.,GAO-24-106916; GAO-24-107231,PDF pp. 2-3,5,False,"[{""rank"": 1, ""document"": ""d24106916.pdf"", ""page"": 34, ""distance"": 1.0829962491989136}, {""rank"": 2, ""document"": ""gao-24-107231.pdf"", ""page"": 19, ""distance"": 1.135561227798462}, {""rank"": 3, ""document"": ""gao-26-900644.pdf"", ""page"": 96, ""distance"": 1.1632812023162842}, {""rank"": 4, ""document"": ""gao-26-900644.pdf"", ""page"": 28, ""distance"": 1.1672849655151367}, {""rank"": 5, ""document"": ""d24106916.pdf"", ""page"": 2, ""distance"": 1.1697927713394165}]",0.011447199969552457
EQ040,What policy response follows when a national strategy lacks outcome measures and resource estimates?,The strategy should add applicable outcome-oriented measures and estimated resources and costs so implementation can be assessed and managed.,GAO-24-106916; GAO-24-107231,PDF pp. 2-3,6,False,"[{""rank"": 1, ""document"": ""d24106916.pdf"", ""page"": 34, ""distance"": 1.0829962491989136}, {""rank"": 2, ""document"": ""gao-24-107231.pdf"", ""page"": 19, ""distance"": 1.135561227798462}, {""rank"": 3, ""document"": ""gao-26-900644.pdf"", ""page"": 96, ""distance"": 1.1632812023162842}, {""rank"": 4, ""document"": ""gao-26-900644.pdf"", ""page"": 28, ""distance"": 1.1672849655151367}, {""rank"": 5, ""document"": ""d24106916.pdf"", ""page"": 2, ""distance"": 1.1697927713394165}, {""rank"": 6, ""document"": ""gao-24-107231.pdf"", ""page"": 86, ""distance"": 1.18036687374115}]",0.011561699968297035
EQ040,What policy response follows when a national strategy lacks outcome measures and resource estimates?,The strategy should add applicable outcome-oriented measures and estimated resources and costs so implementation can be assessed and managed.,GAO-24-106916; GAO-24-107231,PDF pp. 2-3,7,False,"[{""rank"": 1, ""document"": ""d24106916.pdf"", ""page"": 34, ""distance"": 1.0829962491989136}, {""rank"": 2, ""document"": ""gao-24-107231.pdf"", ""page"": 19, ""distance"": 1.135561227798462}, {""rank"": 3, ""document"": ""gao-26-900644.pdf"", ""page"": 96, ""distance"": 1.1632812023162842}, {""rank"": 4, ""document"": ""gao-26-900644.pdf"", ""page"": 28, ""distance"": 1.1672849655151367}, {""rank"": 5, ""document"": ""d24106916.pdf"", ""page"": 2, ""distance"": 1.1697927713394165}, {""rank"": 6, ""document"": ""gao-24-107231.pdf"", ""page"": 86, ""distance"": 1.18036687374115}, {""rank"": 7, ""document"": ""gao-26-900644.pdf"", ""page"": 24, ""distance"": 1.1945801973342896}]",0.011510799988172948
EQ040,What policy response follows when a national strategy lacks outcome measures and resource estimates?,The strategy should add applicable outcome-oriented measures and estimated resources and costs so implementation can be assessed and managed.,GAO-24-106916; GAO-24-107231,PDF pp. 2-3,8,False,"[{""rank"": 1, ""document"": ""d24106916.pdf"", ""page"": 34, ""distance"": 1.0829962491989136}, {""rank"": 2, ""document"": ""gao-24-107231.pdf"", ""page"": 19, ""distance"": 1.135561227798462}, {""rank"": 3, ""document"": ""gao-26-900644.pdf"", ""page"": 96, ""distance"": 1.1632812023162842}, {""rank"": 4, ""document"": ""gao-26-900644.pdf"", ""page"": 28, ""distance"": 1.1672849655151367}, {""rank"": 5, ""document"": ""d24106916.pdf"", ""page"": 2, ""distance"": 1.1697927713394165}, {""rank"": 6, ""document"": ""gao-24-107231.pdf"", ""page"": 86, ""distance"": 1.18036687374115}, {""rank"": 7, ""document"": ""gao-26-900644.pdf"", ""page"": 24, ""distance"": 1.1945801973342896}, {""rank"": 8, ""document"": ""gao-26-900644.pdf"", ""page"": 93, ""distance"": 1.1955540180206299}]",0.011571700044441968
EQ040,What policy response follows when a national strategy lacks outcome measures and resource estimates?,The strategy should add applicable outcome-oriented measures and estimated resources and costs so implementation can be assessed and managed.,GAO-24-106916; GAO-24-107231,PDF pp. 2-3,9,False,"[{""rank"": 1, ""document"": ""d24106916.pdf"", ""page"": 34, ""distance"": 1.0829962491989136}, {""rank"": 2, ""document"": ""gao-24-107231.pdf"", ""page"": 19, ""distance"": 1.135561227798462}, {""rank"": 3, ""document"": ""gao-26-900644.pdf"", ""page"": 96, ""distance"": 1.1632812023162842}, {""rank"": 4, ""document"": ""gao-26-900644.pdf"", ""page"": 28, ""distance"": 1.1672849655151367}, {""rank"": 5, ""document"": ""d24106916.pdf"", ""page"": 2, ""distance"": 1.1697927713394165}, {""rank"": 6, ""document"": ""gao-24-107231.pdf"", ""page"": 86, ""distance"": 1.18036687374115}, {""rank"": 7, ""document"": ""gao-26-900644.pdf"", ""page"": 24, ""distance"": 1.1945801973342896}, {""rank"": 8, ""document"": ""gao-26-900644.pdf"", ""page"": 93, ""distance"": 1.1955540180206299}, {""rank"": 9, ""document"": ""d24106916.pdf"", ""page"": 27, ""distance"": 1.1987910270690918}]",0.012144099979195744
EQ040,What policy response follows when a national strategy lacks outcome measures and resource estimates?,The strategy should add applicable outcome-oriented measures and estimated resources and costs so implementation can be assessed and managed.,GAO-24-106916; GAO-24-107231,PDF pp. 2-3,10,False,"[{""rank"": 1, ""document"": ""d24106916.pdf"", ""page"": 34, ""distance"": 1.0829962491989136}, {""rank"": 2, ""document"": ""gao-24-107231.pdf"", ""page"": 19, ""distance"": 1.135561227798462}, {""rank"": 3, ""document"": ""gao-26-900644.pdf"", ""page"": 96, ""distance"": 1.1632812023162842}, {""rank"": 4, ""document"": ""gao-26-900644.pdf"", ""page"": 28, ""distance"": 1.1672849655151367}, {""rank"": 5, ""document"": ""d24106916.pdf"", ""page"": 2, ""distance"": 1.1697927713394165}, {""rank"": 6, ""document"": ""gao-24-107231.pdf"", ""page"": 86, ""distance"": 1.18036687374115}, {""rank"": 7, ""document"": ""gao-26-900644.pdf"", ""page"": 24, ""distance"": 1.1945801973342896}, {""rank"": 8, ""document"": ""gao-26-900644.pdf"", ""page"": 93, ""distance"": 1.1955540180206299}, {""rank"": 9, ""document"": ""d24106916.pdf"", ""page"": 27, ""distance"": 1.1987910270690918}, {""rank"": 10, ""document"": ""gao-26-900644.pdf"", ""page"": 100, ""distance"": 1.2146111726760864}]",0.013719799986574799
EQ041,How should a K-12 organization prepare for a cyber incident according to the supplied reports?,"Use the applicable federal roles and guidance, coordinate with relevant federal support, and prepare for recovery because incidents can disrupt learning and operations.",GAO-23-105480,PDF p. 2,1,False,"[{""rank"": 1, ""document"": ""gao-23-105480.pdf"", ""page"": 2, ""distance"": 0.5794131755828857}]",0.013759399997070432
EQ041,How should a K-12 organization prepare for a cyber incident according to the supplied reports?,"Use the applicable federal roles and guidance, coordinate with relevant federal support, and prepare for recovery because incidents can disrupt learning and operations.",GAO-23-105480,PDF p. 2,2,False,"[{""rank"": 1, ""document"": ""gao-23-105480.pdf"", ""page"": 2, ""distance"": 0.5794131755828857}, {""rank"": 2, ""document"": ""gao-23-105480.pdf"", ""page"": 16, ""distance"": 0.6360723972320557}]",0.01322769996477291
EQ041,How should a K-12 organization prepare for a cyber incident according to the supplied reports?,"Use the applicable federal roles and guidance, coordinate with relevant federal support, and prepare for recovery because incidents can disrupt learning and operations.",GAO-23-105480,PDF p. 2,3,False,"[{""rank"": 1, ""document"": ""gao-23-105480.pdf"", ""page"": 2, ""distance"": 0.5794131755828857}, {""rank"": 2, ""document"": ""gao-23-105480.pdf"", ""page"": 16, ""distance"": 0.6360723972320557}, {""rank"": 3, ""document"": ""gao-23-105480.pdf"", ""page"": 7, ""distance"": 0.6542962193489075}]",0.012161300051957369
EQ041,How should a K-12 organization prepare for a cyber incident according to the supplied reports?,"Use the applicable federal roles and guidance, coordinate with relevant federal support, and prepare for recovery because incidents can disrupt learning and operations.",GAO-23-105480,PDF p. 2,4,False,"[{""rank"": 1, ""document"": ""gao-23-105480.pdf"", ""page"": 2, ""distance"": 0.5794131755828857}, {""rank"": 2, ""document"": ""gao-23-105480.pdf"", ""page"": 16, ""distance"": 0.6360723972320557}, {""rank"": 3, ""document"": ""gao-23-105480.pdf"", ""page"": 7, ""distance"": 0.6542962193489075}, {""rank"": 4, ""document"": ""gao-23-105480.pdf"", ""page"": 22, ""distance"": 0.677082896232605}]",0.011222900007851422
EQ041,How should a K-12 organization prepare for a cyber incident according to the supplied reports?,"Use the applicable federal roles and guidance, coordinate with relevant federal support, and prepare for recovery because incidents can disrupt learning and operations.",GAO-23-105480,PDF p. 2,5,False,"[{""rank"": 1, ""document"": ""gao-23-105480.pdf"", ""page"": 2, ""distance"": 0.5794131755828857}, {""rank"": 2, ""document"": ""gao-23-105480.pdf"", ""page"": 16, ""distance"": 0.6360723972320557}, {""rank"": 3, ""document"": ""gao-23-105480.pdf"", ""page"": 7, ""distance"": 0.6542962193489075}, {""rank"": 4, ""document"": ""gao-23-105480.pdf"", ""page"": 22, ""distance"": 0.677082896232605}, {""rank"": 5, ""document"": ""gao-23-105480.pdf"", ""page"": 42, ""distance"": 0.6926804780960083}]",0.01669919997220859
EQ041,How should a K-12 organization prepare for a cyber incident according to the supplied reports?,"Use the applicable federal roles and guidance, coordinate with relevant federal support, and prepare for recovery because incidents can disrupt learning and operations.",GAO-23-105480,PDF p. 2,6,False,"[{""rank"": 1, ""document"": ""gao-23-105480.pdf"", ""page"": 2, ""distance"": 0.5794131755828857}, {""rank"": 2, ""document"": ""gao-23-105480.pdf"", ""page"": 16, ""distance"": 0.6360723972320557}, {""rank"": 3, ""document"": ""gao-23-105480.pdf"", ""page"": 7, ""distance"": 0.6542962193489075}, {""rank"": 4, ""document"": ""gao-23-105480.pdf"", ""page"": 22, ""distance"": 0.677082896232605}, {""rank"": 5, ""document"": ""gao-23-105480.pdf"", ""page"": 42, ""distance"": 0.6926804780960083}, {""rank"": 6, ""document"": ""gao-23-105480.pdf"", ""page"": 37, ""distance"": 0.7025610208511353}]",0.010455099982209504
EQ041,How should a K-12 organization prepare for a cyber incident according to the supplied reports?,"Use the applicable federal roles and guidance, coordinate with relevant federal support, and prepare for recovery because incidents can disrupt learning and operations.",GAO-23-105480,PDF p. 2,7,False,"[{""rank"": 1, ""document"": ""gao-23-105480.pdf"", ""page"": 2, ""distance"": 0.5794131755828857}, {""rank"": 2, ""document"": ""gao-23-105480.pdf"", ""page"": 16, ""distance"": 0.6360723972320557}, {""rank"": 3, ""document"": ""gao-23-105480.pdf"", ""page"": 7, ""distance"": 0.6542962193489075}, {""rank"": 4, ""document"": ""gao-23-105480.pdf"", ""page"": 22, ""distance"": 0.677082896232605}, {""rank"": 5, ""document"": ""gao-23-105480.pdf"", ""page"": 42, ""distance"": 0.6926804780960083}, {""rank"": 6, ""document"": ""gao-23-105480.pdf"", ""page"": 37, ""distance"": 0.7025610208511353}, {""rank"": 7, ""document"": ""gao-23-105480.pdf"", ""page"": 10, ""distance"": 0.7084083557128906}]",0.011083399993367493
EQ041,How should a K-12 organization prepare for a cyber incident according to the supplied reports?,"Use the applicable federal roles and guidance, coordinate with relevant federal support, and prepare for recovery because incidents can disrupt learning and operations.",GAO-23-105480,PDF p. 2,8,False,"[{""rank"": 1, ""document"": ""gao-23-105480.pdf"", ""page"": 2, ""distance"": 0.5794131755828857}, {""rank"": 2, ""document"": ""gao-23-105480.pdf"", ""page"": 16, ""distance"": 0.6360723972320557}, {""rank"": 3, ""document"": ""gao-23-105480.pdf"", ""page"": 7, ""distance"": 0.6542962193489075}, {""rank"": 4, ""document"": ""gao-23-105480.pdf"", ""page"": 22, ""distance"": 0.677082896232605}, {""rank"": 5, ""document"": ""gao-23-105480.pdf"", ""page"": 42, ""distance"": 0.6926804780960083}, {""rank"": 6, ""document"": ""gao-23-105480.pdf"", ""page"": 37, ""distance"": 0.7025610208511353}, {""rank"": 7, ""document"": ""gao-23-105480.pdf"", ""page"": 10, ""distance"": 0.7084083557128906}, {""rank"": 8, ""document"": ""gao-23-105480.pdf"", ""page"": 48, ""distance"": 0.7152400016784668}]",0.014102399989496917
EQ041,How should a K-12 organization prepare for a cyber incident according to the supplied reports?,"Use the applicable federal roles and guidance, coordinate with relevant federal support, and prepare for recovery because incidents can disrupt learning and operations.",GAO-23-105480,PDF p. 2,9,False,"[{""rank"": 1, ""document"": ""gao-23-105480.pdf"", ""page"": 2, ""distance"": 0.5794131755828857}, {""rank"": 2, ""document"": ""gao-23-105480.pdf"", ""page"": 16, ""distance"": 0.6360723972320557}, {""rank"": 3, ""document"": ""gao-23-105480.pdf"", ""page"": 7, ""distance"": 0.6542962193489075}, {""rank"": 4, ""document"": ""gao-23-105480.pdf"", ""page"": 22, ""distance"": 0.677082896232605}, {""rank"": 5, ""document"": ""gao-23-105480.pdf"", ""page"": 42, ""distance"": 0.6926804780960083}, {""rank"": 6, ""document"": ""gao-23-105480.pdf"", ""page"": 37, ""distance"": 0.7025610208511353}, {""rank"": 7, ""document"": ""gao-23-105480.pdf"", ""page"": 10, ""distance"": 0.7084083557128906}, {""rank"": 8, ""document"": ""gao-23-105480.pdf"", ""page"": 48, ""distance"": 0.7152400016784668}, {""rank"": 9, ""document"": ""gao-23-105480.pdf"", ""page"": 26, ""distance"": 0.7571493983268738}]",0.009899800003040582
EQ041,How should a K-12 organization prepare for a cyber incident according to the supplied reports?,"Use the applicable federal roles and guidance, coordinate with relevant federal support, and prepare for recovery because incidents can disrupt learning and operations.",GAO-23-105480,PDF p. 2,10,False,"[{""rank"": 1, ""document"": ""gao-23-105480.pdf"", ""page"": 2, ""distance"": 0.5794131755828857}, {""rank"": 2, ""document"": ""gao-23-105480.pdf"", ""page"": 16, ""distance"": 0.6360723972320557}, {""rank"": 3, ""document"": ""gao-23-105480.pdf"", ""page"": 7, ""distance"": 0.6542962193489075}, {""rank"": 4, ""document"": ""gao-23-105480.pdf"", ""page"": 22, ""distance"": 0.677082896232605}, {""rank"": 5, ""document"": ""gao-23-105480.pdf"", ""page"": 42, ""distance"": 0.6926804780960083}, {""rank"": 6, ""document"": ""gao-23-105480.pdf"", ""page"": 37, ""distance"": 0.7025610208511353}, {""rank"": 7, ""document"": ""gao-23-105480.pdf"", ""page"": 10, ""distance"": 0.7084083557128906}, {""rank"": 8, ""document"": ""gao-23-105480.pdf"", ""page"": 48, ""distance"": 0.7152400016784668}, {""rank"": 9, ""document"": ""gao-23-105480.pdf"", ""page"": 26, ""distance"": 0.7571493983268738}, {""rank"": 10, ""document"": ""gao-23-105480.pdf"", ""page"": 44, ""distance"": 0.775518536567688}]",0.013514099991880357
EQ042,How should an agency begin planning cyber vulnerability and incident-response activities?,Begin by using CISA's incident-response playbook for planning and conducting the activities.,GAO-24-105658,PDF p. 2,1,False,"[{""rank"": 1, ""document"": ""d24106576.pdf"", ""page"": 11, ""distance"": 0.661072850227356}]",0.014466599968727678
EQ042,How should an agency begin planning cyber vulnerability and incident-response activities?,Begin by using CISA's incident-response playbook for planning and conducting the activities.,GAO-24-105658,PDF p. 2,2,False,"[{""rank"": 1, ""document"": ""d24106576.pdf"", ""page"": 11, ""distance"": 0.661072850227356}, {""rank"": 2, ""document"": ""d24106576.pdf"", ""page"": 48, ""distance"": 0.6680392622947693}]",0.014245500031393021
EQ042,How should an agency begin planning cyber vulnerability and incident-response activities?,Begin by using CISA's incident-response playbook for planning and conducting the activities.,GAO-24-105658,PDF p. 2,3,False,"[{""rank"": 1, ""document"": ""d24106576.pdf"", ""page"": 11, ""distance"": 0.661072850227356}, {""rank"": 2, ""document"": ""d24106576.pdf"", ""page"": 48, ""distance"": 0.6680392622947693}, {""rank"": 3, ""document"": ""d24105658.pdf"", ""page"": 38, ""distance"": 0.6775740385055542}]",0.011221199994906783
EQ042,How should an agency begin planning cyber vulnerability and incident-response activities?,Begin by using CISA's incident-response playbook for planning and conducting the activities.,GAO-24-105658,PDF p. 2,4,False,"[{""rank"": 1, ""document"": ""d24106576.pdf"", ""page"": 11, ""distance"": 0.661072850227356}, {""rank"": 2, ""document"": ""d24106576.pdf"", ""page"": 48, ""distance"": 0.6680392622947693}, {""rank"": 3, ""document"": ""d24105658.pdf"", ""page"": 38, ""distance"": 0.6775740385055542}, {""rank"": 4, ""document"": ""d24105658.pdf"", ""page"": 9, ""distance"": 0.6829326152801514}]",0.011038199998438358
EQ042,How should an agency begin planning cyber vulnerability and incident-response activities?,Begin by using CISA's incident-response playbook for planning and conducting the activities.,GAO-24-105658,PDF p. 2,5,False,"[{""rank"": 1, ""document"": ""d24106576.pdf"", ""page"": 11, ""distance"": 0.661072850227356}, {""rank"": 2, ""document"": ""d24106576.pdf"", ""page"": 48, ""distance"": 0.6680392622947693}, {""rank"": 3, ""document"": ""d24105658.pdf"", ""page"": 38, ""distance"": 0.6775740385055542}, {""rank"": 4, ""document"": ""d24105658.pdf"", ""page"": 9, ""distance"": 0.6829326152801514}, {""rank"": 5, ""document"": ""d24105658.pdf"", ""page"": 47, ""distance"": 0.6855525970458984}]",0.010839800001122057
EQ042,How should an agency begin planning cyber vulnerability and incident-response activities?,Begin by using CISA's incident-response playbook for planning and conducting the activities.,GAO-24-105658,PDF p. 2,6,False,"[{""rank"": 1, ""document"": ""d24106576.pdf"", ""page"": 11, ""distance"": 0.661072850227356}, {""rank"": 2, ""document"": ""d24106576.pdf"", ""page"": 48, ""distance"": 0.6680392622947693}, {""rank"": 3, ""document"": ""d24105658.pdf"", ""page"": 38, ""distance"": 0.6775740385055542}, {""rank"": 4, ""document"": ""d24105658.pdf"", ""page"": 9, ""distance"": 0.6829326152801514}, {""rank"": 5, ""document"": ""d24105658.pdf"", ""page"": 47, ""distance"": 0.6855525970458984}, {""rank"": 6, ""document"": ""d24105658.pdf"", ""page"": 50, ""distance"": 0.7085773944854736}]",0.01218610000796616
EQ042,How should an agency begin planning cyber vulnerability and incident-response activities?,Begin by using CISA's incident-response playbook for planning and conducting the activities.,GAO-24-105658,PDF p. 2,7,False,"[{""rank"": 1, ""document"": ""d24106576.pdf"", ""page"": 11, ""distance"": 0.661072850227356}, {""rank"": 2, ""document"": ""d24106576.pdf"", ""page"": 48, ""distance"": 0.6680392622947693}, {""rank"": 3, ""document"": ""d24105658.pdf"", ""page"": 38, ""distance"": 0.6775740385055542}, {""rank"": 4, ""document"": ""d24105658.pdf"", ""page"": 9, ""distance"": 0.6829326152801514}, {""rank"": 5, ""document"": ""d24105658.pdf"", ""page"": 47, ""distance"": 0.6855525970458984}, {""rank"": 6, ""document"": ""d24105658.pdf"", ""page"": 50, ""distance"": 0.7085773944854736}, {""rank"": 7, ""document"": ""d24105658.pdf"", ""page"": 3, ""distance"": 0.7105373740196228}]",0.012744400009978563
EQ042,How should an agency begin planning cyber vulnerability and incident-response activities?,Begin by using CISA's incident-response playbook for planning and conducting the activities.,GAO-24-105658,PDF p. 2,8,False,"[{""rank"": 1, ""document"": ""d24106576.pdf"", ""page"": 11, ""distance"": 0.661072850227356}, {""rank"": 2, ""document"": ""d24106576.pdf"", ""page"": 48, ""distance"": 0.6680392622947693}, {""rank"": 3, ""document"": ""d24105658.pdf"", ""page"": 38, ""distance"": 0.6775740385055542}, {""rank"": 4, ""document"": ""d24105658.pdf"", ""page"": 9, ""distance"": 0.6829326152801514}, {""rank"": 5, ""document"": ""d24105658.pdf"", ""page"": 47, ""distance"": 0.6855525970458984}, {""rank"": 6, ""document"": ""d24105658.pdf"", ""page"": 50, ""distance"": 0.7085773944854736}, {""rank"": 7, ""document"": ""d24105658.pdf"", ""page"": 3, ""distance"": 0.7105373740196228}, {""rank"": 8, ""document"": ""d24105658.pdf"", ""page"": 25, ""distance"": 0.7145177125930786}]",0.009195799997542053
EQ042,How should an agency begin planning cyber vulnerability and incident-response activities?,Begin by using CISA's incident-response playbook for planning and conducting the activities.,GAO-24-105658,PDF p. 2,9,False,"[{""rank"": 1, ""document"": ""d24106576.pdf"", ""page"": 11, ""distance"": 0.661072850227356}, {""rank"": 2, ""document"": ""d24106576.pdf"", ""page"": 48, ""distance"": 0.6680392622947693}, {""rank"": 3, ""document"": ""d24105658.pdf"", ""page"": 38, ""distance"": 0.6775740385055542}, {""rank"": 4, ""document"": ""d24105658.pdf"", ""page"": 9, ""distance"": 0.6829326152801514}, {""rank"": 5, ""document"": ""d24105658.pdf"", ""page"": 47, ""distance"": 0.6855525970458984}, {""rank"": 6, ""document"": ""d24105658.pdf"", ""page"": 50, ""distance"": 0.7085773944854736}, {""rank"": 7, ""document"": ""d24105658.pdf"", ""page"": 3, ""distance"": 0.7105373740196228}, {""rank"": 8, ""document"": ""d24105658.pdf"", ""page"": 25, ""distance"": 0.7145177125930786}, {""rank"": 9, ""document"": ""gao-24-107231.pdf"", ""page"": 46, ""distance"": 0.7169380187988281}]",0.00965409999480471
EQ042,How should an agency begin planning cyber vulnerability and incident-response activities?,Begin by using CISA's incident-response playbook for planning and conducting the activities.,GAO-24-105658,PDF p. 2,10,False,"[{""rank"": 1, ""document"": ""d24106576.pdf"", ""page"": 11, ""distance"": 0.661072850227356}, {""rank"": 2, ""document"": ""d24106576.pdf"", ""page"": 48, ""distance"": 0.6680392622947693}, {""rank"": 3, ""document"": ""d24105658.pdf"", ""page"": 38, ""distance"": 0.6775740385055542}, {""rank"": 4, ""document"": ""d24105658.pdf"", ""page"": 9, ""distance"": 0.6829326152801514}, {""rank"": 5, ""document"": ""d24105658.pdf"", ""page"": 47, ""distance"": 0.6855525970458984}, {""rank"": 6, ""document"": ""d24105658.pdf"", ""page"": 50, ""distance"": 0.7085773944854736}, {""rank"": 7, ""document"": ""d24105658.pdf"", ""page"": 3, ""distance"": 0.7105373740196228}, {""rank"": 8, ""document"": ""d24105658.pdf"", ""page"": 25, ""distance"": 0.7145177125930786}, {""rank"": 9, ""document"": ""gao-24-107231.pdf"", ""page"": 46, ""distance"": 0.7169380187988281}, {""rank"": 10, ""document"": ""d24105658.pdf"", ""page"": 15, ""distance"": 0.718298077583313}]",0.009301999991293997
EQ043,How should an agency improve its ability to recover from a service disruption?,"Develop, plan for, and test contingency plans so it can detect, mitigate, and recover while preserving access to vital information.",GAO-24-107733,PDF p. 2,1,False,"[{""rank"": 1, ""document"": ""d24105658.pdf"", ""page"": 24, ""distance"": 1.0229090452194214}]",0.01086320000467822
EQ043,How should an agency improve its ability to recover from a service disruption?,"Develop, plan for, and test contingency plans so it can detect, mitigate, and recover while preserving access to vital information.",GAO-24-107733,PDF p. 2,2,False,"[{""rank"": 1, ""document"": ""d24105658.pdf"", ""page"": 24, ""distance"": 1.0229090452194214}, {""rank"": 2, ""document"": ""d24105658.pdf"", ""page"": 20, ""distance"": 1.0370453596115112}]",0.012325699965003878
EQ043,How should an agency improve its ability to recover from a service disruption?,"Develop, plan for, and test contingency plans so it can detect, mitigate, and recover while preserving access to vital information.",GAO-24-107733,PDF p. 2,3,False,"[{""rank"": 1, ""document"": ""d24105658.pdf"", ""page"": 24, ""distance"": 1.0229090452194214}, {""rank"": 2, ""document"": ""d24105658.pdf"", ""page"": 20, ""distance"": 1.0370453596115112}, {""rank"": 3, ""document"": ""d24106576.pdf"", ""page"": 3, ""distance"": 1.0835288763046265}]",0.009980600036215037
EQ043,How should an agency improve its ability to recover from a service disruption?,"Develop, plan for, and test contingency plans so it can detect, mitigate, and recover while preserving access to vital information.",GAO-24-107733,PDF p. 2,4,False,"[{""rank"": 1, ""document"": ""d24105658.pdf"", ""page"": 24, ""distance"": 1.0229090452194214}, {""rank"": 2, ""document"": ""d24105658.pdf"", ""page"": 20, ""distance"": 1.0370453596115112}, {""rank"": 3, ""document"": ""d24106576.pdf"", ""page"": 3, ""distance"": 1.0835288763046265}, {""rank"": 4, ""document"": ""d24105658.pdf"", ""page"": 34, ""distance"": 1.1007055044174194}]",0.012050799967255443
EQ043,How should an agency improve its ability to recover from a service disruption?,"Develop, plan for, and test contingency plans so it can detect, mitigate, and recover while preserving access to vital information.",GAO-24-107733,PDF p. 2,5,False,"[{""rank"": 1, ""document"": ""d24105658.pdf"", ""page"": 24, ""distance"": 1.0229090452194214}, {""rank"": 2, ""document"": ""d24105658.pdf"", ""page"": 20, ""distance"": 1.0370453596115112}, {""rank"": 3, ""document"": ""d24106576.pdf"", ""page"": 3, ""distance"": 1.0835288763046265}, {""rank"": 4, ""document"": ""d24105658.pdf"", ""page"": 34, ""distance"": 1.1007055044174194}, {""rank"": 5, ""document"": ""d24105658.pdf"", ""page"": 3, ""distance"": 1.1187770366668701}]",0.0137624999624677
EQ043,How should an agency improve its ability to recover from a service disruption?,"Develop, plan for, and test contingency plans so it can detect, mitigate, and recover while preserving access to vital information.",GAO-24-107733,PDF p. 2,6,False,"[{""rank"": 1, ""document"": ""d24105658.pdf"", ""page"": 24, ""distance"": 1.0229090452194214}, {""rank"": 2, ""document"": ""d24105658.pdf"", ""page"": 20, ""distance"": 1.0370453596115112}, {""rank"": 3, ""document"": ""d24106576.pdf"", ""page"": 3, ""distance"": 1.0835288763046265}, {""rank"": 4, ""document"": ""d24105658.pdf"", ""page"": 34, ""distance"": 1.1007055044174194}, {""rank"": 5, ""document"": ""d24105658.pdf"", ""page"": 3, ""distance"": 1.1187770366668701}, {""rank"": 6, ""document"": ""d24105658.pdf"", ""page"": 26, ""distance"": 1.1212047338485718}]",0.010470099980011582
EQ043,How should an agency improve its ability to recover from a service disruption?,"Develop, plan for, and test contingency plans so it can detect, mitigate, and recover while preserving access to vital information.",GAO-24-107733,PDF p. 2,7,False,"[{""rank"": 1, ""document"": ""d24105658.pdf"", ""page"": 24, ""distance"": 1.0229090452194214}, {""rank"": 2, ""document"": ""d24105658.pdf"", ""page"": 20, ""distance"": 1.0370453596115112}, {""rank"": 3, ""document"": ""d24106576.pdf"", ""page"": 3, ""distance"": 1.0835288763046265}, {""rank"": 4, ""document"": ""d24105658.pdf"", ""page"": 34, ""distance"": 1.1007055044174194}, {""rank"": 5, ""document"": ""d24105658.pdf"", ""page"": 3, ""distance"": 1.1187770366668701}, {""rank"": 6, ""document"": ""d24105658.pdf"", ""page"": 26, ""distance"": 1.1212047338485718}, {""rank"": 7, ""document"": ""d24105658.pdf"", ""page"": 35, ""distance"": 1.1368792057037354}]",0.009000300022307783
EQ043,How should an agency improve its ability to recover from a service disruption?,"Develop, plan for, and test contingency plans so it can detect, mitigate, and recover while preserving access to vital information.",GAO-24-107733,PDF p. 2,8,False,"[{""rank"": 1, ""document"": ""d24105658.pdf"", ""page"": 24, ""distance"": 1.0229090452194214}, {""rank"": 2, ""document"": ""d24105658.pdf"", ""page"": 20, ""distance"": 1.0370453596115112}, {""rank"": 3, ""document"": ""d24106576.pdf"", ""page"": 3, ""distance"": 1.0835288763046265}, {""rank"": 4, ""document"": ""d24105658.pdf"", ""page"": 34, ""distance"": 1.1007055044174194}, {""rank"": 5, ""document"": ""d24105658.pdf"", ""page"": 3, ""distance"": 1.1187770366668701}, {""rank"": 6, ""document"": ""d24105658.pdf"", ""page"": 26, ""distance"": 1.1212047338485718}, {""rank"": 7, ""document"": ""d24105658.pdf"", ""page"": 35, ""distance"": 1.1368792057037354}, {""rank"": 8, ""document"": ""d24106576.pdf"", ""page"": 29, ""distance"": 1.1378560066223145}]",0.012240300013218075
EQ043,How should an agency improve its ability to recover from a service disruption?,"Develop, plan for, and test contingency plans so it can detect, mitigate, and recover while preserving access to vital information.",GAO-24-107733,PDF p. 2,9,False,"[{""rank"": 1, ""document"": ""d24105658.pdf"", ""page"": 24, ""distance"": 1.0229090452194214}, {""rank"": 2, ""document"": ""d24105658.pdf"", ""page"": 20, ""distance"": 1.0370453596115112}, {""rank"": 3, ""document"": ""d24106576.pdf"", ""page"": 3, ""distance"": 1.0835288763046265}, {""rank"": 4, ""document"": ""d24105658.pdf"", ""page"": 34, ""distance"": 1.1007055044174194}, {""rank"": 5, ""document"": ""d24105658.pdf"", ""page"": 3, ""distance"": 1.1187770366668701}, {""rank"": 6, ""document"": ""d24105658.pdf"", ""page"": 26, ""distance"": 1.1212047338485718}, {""rank"": 7, ""document"": ""d24105658.pdf"", ""page"": 35, ""distance"": 1.1368792057037354}, {""rank"": 8, ""document"": ""d24106576.pdf"", ""page"": 29, ""distance"": 1.1378560066223145}, {""rank"": 9, ""document"": ""d24106576.pdf"", ""page"": 10, ""distance"": 1.1575911045074463}]",0.011746599979232997
EQ043,How should an agency improve its ability to recover from a service disruption?,"Develop, plan for, and test contingency plans so it can detect, mitigate, and recover while preserving access to vital information.",GAO-24-107733,PDF p. 2,10,False,"[{""rank"": 1, ""document"": ""d24105658.pdf"", ""page"": 24, ""distance"": 1.0229090452194214}, {""rank"": 2, ""document"": ""d24105658.pdf"", ""page"": 20, ""distance"": 1.0370453596115112}, {""rank"": 3, ""document"": ""d24106576.pdf"", ""page"": 3, ""distance"": 1.0835288763046265}, {""rank"": 4, ""document"": ""d24105658.pdf"", ""page"": 34, ""distance"": 1.1007055044174194}, {""rank"": 5, ""document"": ""d24105658.pdf"", ""page"": 3, ""distance"": 1.1187770366668701}, {""rank"": 6, ""document"": ""d24105658.pdf"", ""page"": 26, ""distance"": 1.1212047338485718}, {""rank"": 7, ""document"": ""d24105658.pdf"", ""page"": 35, ""distance"": 1.1368792057037354}, {""rank"": 8, ""document"": ""d24106576.pdf"", ""page"": 29, ""distance"": 1.1378560066223145}, {""rank"": 9, ""document"": ""d24106576.pdf"", ""page"": 10, ""distance"": 1.1575911045074463}, {""rank"": 10, ""document"": ""d24105658.pdf"", ""page"": 15, ""distance"": 1.1617178916931152}]",0.011926000006496906
EQ044,What steps should an agency take to strengthen a risk-based information-security program?,Identify threats; securely configure assets; patch vulnerable systems or replace unsupported software; and comprehensively test and evaluate security controls.,GAO-16-885T,PDF p. 2,1,False,"[{""rank"": 1, ""document"": ""gao-16-885t.pdf"", ""page"": 8, ""distance"": 0.6034807562828064}]",0.01232699997490272
EQ044,What steps should an agency take to strengthen a risk-based information-security program?,Identify threats; securely configure assets; patch vulnerable systems or replace unsupported software; and comprehensively test and evaluate security controls.,GAO-16-885T,PDF p. 2,2,False,"[{""rank"": 1, ""document"": ""gao-16-885t.pdf"", ""page"": 8, ""distance"": 0.6034807562828064}, {""rank"": 2, ""document"": ""gao-16-885t.pdf"", ""page"": 10, ""distance"": 0.6582022905349731}]",0.012003300013020635
EQ044,What steps should an agency take to strengthen a risk-based information-security program?,Identify threats; securely configure assets; patch vulnerable systems or replace unsupported software; and comprehensively test and evaluate security controls.,GAO-16-885T,PDF p. 2,3,False,"[{""rank"": 1, ""document"": ""gao-16-885t.pdf"", ""page"": 8, ""distance"": 0.6034807562828064}, {""rank"": 2, ""document"": ""gao-16-885t.pdf"", ""page"": 10, ""distance"": 0.6582022905349731}, {""rank"": 3, ""document"": ""gao-16-885t.pdf"", ""page"": 2, ""distance"": 0.667993426322937}]",0.013305399974342436
EQ044,What steps should an agency take to strengthen a risk-based information-security program?,Identify threats; securely configure assets; patch vulnerable systems or replace unsupported software; and comprehensively test and evaluate security controls.,GAO-16-885T,PDF p. 2,4,False,"[{""rank"": 1, ""document"": ""gao-16-885t.pdf"", ""page"": 8, ""distance"": 0.6034807562828064}, {""rank"": 2, ""document"": ""gao-16-885t.pdf"", ""page"": 10, ""distance"": 0.6582022905349731}, {""rank"": 3, ""document"": ""gao-16-885t.pdf"", ""page"": 2, ""distance"": 0.667993426322937}, {""rank"": 4, ""document"": ""gao-24-107231.pdf"", ""page"": 41, ""distance"": 0.7066881656646729}]",0.01274189999094233
EQ044,What steps should an agency take to strengthen a risk-based information-security program?,Identify threats; securely configure assets; patch vulnerable systems or replace unsupported software; and comprehensively test and evaluate security controls.,GAO-16-885T,PDF p. 2,5,False,"[{""rank"": 1, ""document"": ""gao-16-885t.pdf"", ""page"": 8, ""distance"": 0.6034807562828064}, {""rank"": 2, ""document"": ""gao-16-885t.pdf"", ""page"": 10, ""distance"": 0.6582022905349731}, {""rank"": 3, ""document"": ""gao-16-885t.pdf"", ""page"": 2, ""distance"": 0.667993426322937}, {""rank"": 4, ""document"": ""gao-24-107231.pdf"", ""page"": 41, ""distance"": 0.7066881656646729}, {""rank"": 5, ""document"": ""d24106916.pdf"", ""page"": 25, ""distance"": 0.7312582731246948}]",0.01027500000782311
EQ044,What steps should an agency take to strengthen a risk-based information-security program?,Identify threats; securely configure assets; patch vulnerable systems or replace unsupported software; and comprehensively test and evaluate security controls.,GAO-16-885T,PDF p. 2,6,False,"[{""rank"": 1, ""document"": ""gao-16-885t.pdf"", ""page"": 8, ""distance"": 0.6034807562828064}, {""rank"": 2, ""document"": ""gao-16-885t.pdf"", ""page"": 10, ""distance"": 0.6582022905349731}, {""rank"": 3, ""document"": ""gao-16-885t.pdf"", ""page"": 2, ""distance"": 0.667993426322937}, {""rank"": 4, ""document"": ""gao-24-107231.pdf"", ""page"": 41, ""distance"": 0.7066881656646729}, {""rank"": 5, ""document"": ""d24106916.pdf"", ""page"": 25, ""distance"": 0.7312582731246948}, {""rank"": 6, ""document"": ""gao-16-885t.pdf"", ""page"": 6, ""distance"": 0.7413204908370972}]",0.010983599990140647
EQ044,What steps should an agency take to strengthen a risk-based information-security program?,Identify threats; securely configure assets; patch vulnerable systems or replace unsupported software; and comprehensively test and evaluate security controls.,GAO-16-885T,PDF p. 2,7,False,"[{""rank"": 1, ""document"": ""gao-16-885t.pdf"", ""page"": 8, ""distance"": 0.6034807562828064}, {""rank"": 2, ""document"": ""gao-16-885t.pdf"", ""page"": 10, ""distance"": 0.6582022905349731}, {""rank"": 3, ""document"": ""gao-16-885t.pdf"", ""page"": 2, ""distance"": 0.667993426322937}, {""rank"": 4, ""document"": ""gao-24-107231.pdf"", ""page"": 41, ""distance"": 0.7066881656646729}, {""rank"": 5, ""document"": ""d24106916.pdf"", ""page"": 25, ""distance"": 0.7312582731246948}, {""rank"": 6, ""document"": ""gao-16-885t.pdf"", ""page"": 6, ""distance"": 0.7413204908370972}, {""rank"": 7, ""document"": ""gao-16-885t.pdf"", ""page"": 12, ""distance"": 0.74271160364151}]",0.01276250003138557
EQ044,What steps should an agency take to strengthen a risk-based information-security program?,Identify threats; securely configure assets; patch vulnerable systems or replace unsupported software; and comprehensively test and evaluate security controls.,GAO-16-885T,PDF p. 2,8,False,"[{""rank"": 1, ""document"": ""gao-16-885t.pdf"", ""page"": 8, ""distance"": 0.6034807562828064}, {""rank"": 2, ""document"": ""gao-16-885t.pdf"", ""page"": 10, ""distance"": 0.6582022905349731}, {""rank"": 3, ""document"": ""gao-16-885t.pdf"", ""page"": 2, ""distance"": 0.667993426322937}, {""rank"": 4, ""document"": ""gao-24-107231.pdf"", ""page"": 41, ""distance"": 0.7066881656646729}, {""rank"": 5, ""document"": ""d24106916.pdf"", ""page"": 25, ""distance"": 0.7312582731246948}, {""rank"": 6, ""document"": ""gao-16-885t.pdf"", ""page"": 6, ""distance"": 0.7413204908370972}, {""rank"": 7, ""document"": ""gao-16-885t.pdf"", ""page"": 12, ""distance"": 0.74271160364151}, {""rank"": 8, ""document"": ""gao-24-107231.pdf"", ""page"": 34, ""distance"": 0.7446204423904419}]",0.012876900029368699
EQ044,What steps should an agency take to strengthen a risk-based information-security program?,Identify threats; securely configure assets; patch vulnerable systems or replace unsupported software; and comprehensively test and evaluate security controls.,GAO-16-885T,PDF p. 2,9,False,"[{""rank"": 1, ""document"": ""gao-16-885t.pdf"", ""page"": 8, ""distance"": 0.6034807562828064}, {""rank"": 2, ""document"": ""gao-16-885t.pdf"", ""page"": 10, ""distance"": 0.6582022905349731}, {""rank"": 3, ""document"": ""gao-16-885t.pdf"", ""page"": 2, ""distance"": 0.667993426322937}, {""rank"": 4, ""document"": ""gao-24-107231.pdf"", ""page"": 41, ""distance"": 0.7066881656646729}, {""rank"": 5, ""document"": ""d24106916.pdf"", ""page"": 25, ""distance"": 0.7312582731246948}, {""rank"": 6, ""document"": ""gao-16-885t.pdf"", ""page"": 6, ""distance"": 0.7413204908370972}, {""rank"": 7, ""document"": ""gao-16-885t.pdf"", ""page"": 12, ""distance"": 0.74271160364151}, {""rank"": 8, ""document"": ""gao-24-107231.pdf"", ""page"": 34, ""distance"": 0.7446204423904419}, {""rank"": 9, ""document"": ""gao-24-107231.pdf"", ""page"": 57, ""distance"": 0.770007848739624}]",0.01092700002482161
EQ044,What steps should an agency take to strengthen a risk-based information-security program?,Identify threats; securely configure assets; patch vulnerable systems or replace unsupported software; and comprehensively test and evaluate security controls.,GAO-16-885T,PDF p. 2,10,False,"[{""rank"": 1, ""document"": ""gao-16-885t.pdf"", ""page"": 8, ""distance"": 0.6034807562828064}, {""rank"": 2, ""document"": ""gao-16-885t.pdf"", ""page"": 10, ""distance"": 0.6582022905349731}, {""rank"": 3, ""document"": ""gao-16-885t.pdf"", ""page"": 2, ""distance"": 0.667993426322937}, {""rank"": 4, ""document"": ""gao-24-107231.pdf"", ""page"": 41, ""distance"": 0.7066881656646729}, {""rank"": 5, ""document"": ""d24106916.pdf"", ""page"": 25, ""distance"": 0.7312582731246948}, {""rank"": 6, ""document"": ""gao-16-885t.pdf"", ""page"": 6, ""distance"": 0.7413204908370972}, {""rank"": 7, ""document"": ""gao-16-885t.pdf"", ""page"": 12, ""distance"": 0.74271160364151}, {""rank"": 8, ""document"": ""gao-24-107231.pdf"", ""page"": 34, ""distance"": 0.7446204423904419}, {""rank"": 9, ""document"": ""gao-24-107231.pdf"", ""page"": 57, ""distance"": 0.770007848739624}, {""rank"": 10, ""document"": ""gao-16-885t.pdf"", ""page"": 7, ""distance"": 0.7773216962814331}]",0.014756200020201504
EQ045,How should an organization select cybersecurity technologies for critical-infrastructure protection?,"Determine security business requirements, perform risk assessments, establish a security policy, and use the framework to select technologies.",GAO-04-321,PDF p. 1,1,False,"[{""rank"": 1, ""document"": ""gao-04-321-highlights.pdf"", ""page"": 1, ""distance"": 0.6278942823410034}]",0.015313099953345954
EQ045,How should an organization select cybersecurity technologies for critical-infrastructure protection?,"Determine security business requirements, perform risk assessments, establish a security policy, and use the framework to select technologies.",GAO-04-321,PDF p. 1,2,False,"[{""rank"": 1, ""document"": ""gao-04-321-highlights.pdf"", ""page"": 1, ""distance"": 0.6278942823410034}, {""rank"": 2, ""document"": ""d24106576.pdf"", ""page"": 47, ""distance"": 0.6860442161560059}]",0.011923699988983572
EQ045,How should an organization select cybersecurity technologies for critical-infrastructure protection?,"Determine security business requirements, perform risk assessments, establish a security policy, and use the framework to select technologies.",GAO-04-321,PDF p. 1,3,False,"[{""rank"": 1, ""document"": ""gao-04-321-highlights.pdf"", ""page"": 1, ""distance"": 0.6278942823410034}, {""rank"": 2, ""document"": ""d24106576.pdf"", ""page"": 47, ""distance"": 0.6860442161560059}, {""rank"": 3, ""document"": ""d24106576.pdf"", ""page"": 67, ""distance"": 0.7060662508010864}]",0.009198900021146983
EQ045,How should an organization select cybersecurity technologies for critical-infrastructure protection?,"Determine security business requirements, perform risk assessments, establish a security policy, and use the framework to select technologies.",GAO-04-321,PDF p. 1,4,False,"[{""rank"": 1, ""document"": ""gao-04-321-highlights.pdf"", ""page"": 1, ""distance"": 0.6278942823410034}, {""rank"": 2, ""document"": ""d24106576.pdf"", ""page"": 47, ""distance"": 0.6860442161560059}, {""rank"": 3, ""document"": ""d24106576.pdf"", ""page"": 67, ""distance"": 0.7060662508010864}, {""rank"": 4, ""document"": ""d24106576.pdf"", ""page"": 45, ""distance"": 0.7177789211273193}]",0.014338199980556965
EQ045,How should an organization select cybersecurity technologies for critical-infrastructure protection?,"Determine security business requirements, perform risk assessments, establish a security policy, and use the framework to select technologies.",GAO-04-321,PDF p. 1,5,False,"[{""rank"": 1, ""document"": ""gao-04-321-highlights.pdf"", ""page"": 1, ""distance"": 0.6278942823410034}, {""rank"": 2, ""document"": ""d24106576.pdf"", ""page"": 47, ""distance"": 0.6860442161560059}, {""rank"": 3, ""document"": ""d24106576.pdf"", ""page"": 67, ""distance"": 0.7060662508010864}, {""rank"": 4, ""document"": ""d24106576.pdf"", ""page"": 45, ""distance"": 0.7177789211273193}, {""rank"": 5, ""document"": ""gao-04-321-highlights.pdf"", ""page"": 1, ""distance"": 0.7183685302734375}]",0.012456999975256622
EQ045,How should an organization select cybersecurity technologies for critical-infrastructure protection?,"Determine security business requirements, perform risk assessments, establish a security policy, and use the framework to select technologies.",GAO-04-321,PDF p. 1,6,False,"[{""rank"": 1, ""document"": ""gao-04-321-highlights.pdf"", ""page"": 1, ""distance"": 0.6278942823410034}, {""rank"": 2, ""document"": ""d24106576.pdf"", ""page"": 47, ""distance"": 0.6860442161560059}, {""rank"": 3, ""document"": ""d24106576.pdf"", ""page"": 67, ""distance"": 0.7060662508010864}, {""rank"": 4, ""document"": ""d24106576.pdf"", ""page"": 45, ""distance"": 0.7177789211273193}, {""rank"": 5, ""document"": ""gao-04-321-highlights.pdf"", ""page"": 1, ""distance"": 0.7183685302734375}, {""rank"": 6, ""document"": ""d24106576.pdf"", ""page"": 4, ""distance"": 0.7349467277526855}]",0.011760199966374785
EQ045,How should an organization select cybersecurity technologies for critical-infrastructure protection?,"Determine security business requirements, perform risk assessments, establish a security policy, and use the framework to select technologies.",GAO-04-321,PDF p. 1,7,False,"[{""rank"": 1, ""document"": ""gao-04-321-highlights.pdf"", ""page"": 1, ""distance"": 0.6278942823410034}, {""rank"": 2, ""document"": ""d24106576.pdf"", ""page"": 47, ""distance"": 0.6860442161560059}, {""rank"": 3, ""document"": ""d24106576.pdf"", ""page"": 67, ""distance"": 0.7060662508010864}, {""rank"": 4, ""document"": ""d24106576.pdf"", ""page"": 45, ""distance"": 0.7177789211273193}, {""rank"": 5, ""document"": ""gao-04-321-highlights.pdf"", ""page"": 1, ""distance"": 0.7183685302734375}, {""rank"": 6, ""document"": ""d24106576.pdf"", ""page"": 4, ""distance"": 0.7349467277526855}, {""rank"": 7, ""document"": ""d24106576.pdf"", ""page"": 9, ""distance"": 0.7373287677764893}]",0.010980700026266277
EQ045,How should an organization select cybersecurity technologies for critical-infrastructure protection?,"Determine security business requirements, perform risk assessments, establish a security policy, and use the framework to select technologies.",GAO-04-321,PDF p. 1,8,False,"[{""rank"": 1, ""document"": ""gao-04-321-highlights.pdf"", ""page"": 1, ""distance"": 0.6278942823410034}, {""rank"": 2, ""document"": ""d24106576.pdf"", ""page"": 47, ""distance"": 0.6860442161560059}, {""rank"": 3, ""document"": ""d24106576.pdf"", ""page"": 67, ""distance"": 0.7060662508010864}, {""rank"": 4, ""document"": ""d24106576.pdf"", ""page"": 45, ""distance"": 0.7177789211273193}, {""rank"": 5, ""document"": ""gao-04-321-highlights.pdf"", ""page"": 1, ""distance"": 0.7183685302734375}, {""rank"": 6, ""document"": ""d24106576.pdf"", ""page"": 4, ""distance"": 0.7349467277526855}, {""rank"": 7, ""document"": ""d24106576.pdf"", ""page"": 9, ""distance"": 0.7373287677764893}, {""rank"": 8, ""document"": ""gao-24-107231.pdf"", ""page"": 88, ""distance"": 0.7437999248504639}]",0.01093880005646497
EQ045,How should an organization select cybersecurity technologies for critical-infrastructure protection?,"Determine security business requirements, perform risk assessments, establish a security policy, and use the framework to select technologies.",GAO-04-321,PDF p. 1,9,False,"[{""rank"": 1, ""document"": ""gao-04-321-highlights.pdf"", ""page"": 1, ""distance"": 0.6278942823410034}, {""rank"": 2, ""document"": ""d24106576.pdf"", ""page"": 47, ""distance"": 0.6860442161560059}, {""rank"": 3, ""document"": ""d24106576.pdf"", ""page"": 67, ""distance"": 0.7060662508010864}, {""rank"": 4, ""document"": ""d24106576.pdf"", ""page"": 45, ""distance"": 0.7177789211273193}, {""rank"": 5, ""document"": ""gao-04-321-highlights.pdf"", ""page"": 1, ""distance"": 0.7183685302734375}, {""rank"": 6, ""document"": ""d24106576.pdf"", ""page"": 4, ""distance"": 0.7349467277526855}, {""rank"": 7, ""document"": ""d24106576.pdf"", ""page"": 9, ""distance"": 0.7373287677764893}, {""rank"": 8, ""document"": ""gao-24-107231.pdf"", ""page"": 88, ""distance"": 0.7437999248504639}, {""rank"": 9, ""document"": ""d24106576.pdf"", ""page"": 3, ""distance"": 0.7447916865348816}]",0.012601499969605356
EQ045,How should an organization select cybersecurity technologies for critical-infrastructure protection?,"Determine security business requirements, perform risk assessments, establish a security policy, and use the framework to select technologies.",GAO-04-321,PDF p. 1,10,False,"[{""rank"": 1, ""document"": ""gao-04-321-highlights.pdf"", ""page"": 1, ""distance"": 0.6278942823410034}, {""rank"": 2, ""document"": ""d24106576.pdf"", ""page"": 47, ""distance"": 0.6860442161560059}, {""rank"": 3, ""document"": ""d24106576.pdf"", ""page"": 67, ""distance"": 0.7060662508010864}, {""rank"": 4, ""document"": ""d24106576.pdf"", ""page"": 45, ""distance"": 0.7177789211273193}, {""rank"": 5, ""document"": ""gao-04-321-highlights.pdf"", ""page"": 1, ""distance"": 0.7183685302734375}, {""rank"": 6, ""document"": ""d24106576.pdf"", ""page"": 4, ""distance"": 0.7349467277526855}, {""rank"": 7, ""document"": ""d24106576.pdf"", ""page"": 9, ""distance"": 0.7373287677764893}, {""rank"": 8, ""document"": ""gao-24-107231.pdf"", ""page"": 88, ""distance"": 0.7437999248504639}, {""rank"": 9, ""document"": ""d24106576.pdf"", ""page"": 3, ""distance"": 0.7447916865348816}, {""rank"": 10, ""document"": ""gao-24-107231.pdf"", ""page"": 53, ""distance"": 0.7491756677627563}]",0.011448200035374612
EQ046,How should CISA and partner agencies improve collaboration on OT cybersecurity risks?,"Use leading collaboration practices, including defining common outcomes, ensuring accountability, bridging cultures, and clarifying roles and responsibilities.",GAO-24-106576,PDF p. 3,1,False,"[{""rank"": 1, ""document"": ""gao-24-107231.pdf"", ""page"": 57, ""distance"": 0.3707388937473297}]",0.012872399995103478
EQ046,How should CISA and partner agencies improve collaboration on OT cybersecurity risks?,"Use leading collaboration practices, including defining common outcomes, ensuring accountability, bridging cultures, and clarifying roles and responsibilities.",GAO-24-106576,PDF p. 3,2,False,"[{""rank"": 1, ""document"": ""gao-24-107231.pdf"", ""page"": 57, ""distance"": 0.3707388937473297}, {""rank"": 2, ""document"": ""d24106576.pdf"", ""page"": 3, ""distance"": 0.42486798763275146}]",0.009939799958374351
EQ046,How should CISA and partner agencies improve collaboration on OT cybersecurity risks?,"Use leading collaboration practices, including defining common outcomes, ensuring accountability, bridging cultures, and clarifying roles and responsibilities.",GAO-24-106576,PDF p. 3,3,False,"[{""rank"": 1, ""document"": ""gao-24-107231.pdf"", ""page"": 57, ""distance"": 0.3707388937473297}, {""rank"": 2, ""document"": ""d24106576.pdf"", ""page"": 3, ""distance"": 0.42486798763275146}, {""rank"": 3, ""document"": ""d24106576.pdf"", ""page"": 11, ""distance"": 0.4313196837902069}]",0.009594300005119294
EQ046,How should CISA and partner agencies improve collaboration on OT cybersecurity risks?,"Use leading collaboration practices, including defining common outcomes, ensuring accountability, bridging cultures, and clarifying roles and responsibilities.",GAO-24-106576,PDF p. 3,4,False,"[{""rank"": 1, ""document"": ""gao-24-107231.pdf"", ""page"": 57, ""distance"": 0.3707388937473297}, {""rank"": 2, ""document"": ""d24106576.pdf"", ""page"": 3, ""distance"": 0.42486798763275146}, {""rank"": 3, ""document"": ""d24106576.pdf"", ""page"": 11, ""distance"": 0.4313196837902069}, {""rank"": 4, ""document"": ""d24106576.pdf"", ""page"": 43, ""distance"": 0.43873196840286255}]",0.023134500021114945
EQ046,How should CISA and partner agencies improve collaboration on OT cybersecurity risks?,"Use leading collaboration practices, including defining common outcomes, ensuring accountability, bridging cultures, and clarifying roles and responsibilities.",GAO-24-106576,PDF p. 3,5,False,"[{""rank"": 1, ""document"": ""gao-24-107231.pdf"", ""page"": 57, ""distance"": 0.3707388937473297}, {""rank"": 2, ""document"": ""d24106576.pdf"", ""page"": 3, ""distance"": 0.42486798763275146}, {""rank"": 3, ""document"": ""d24106576.pdf"", ""page"": 11, ""distance"": 0.4313196837902069}, {""rank"": 4, ""document"": ""d24106576.pdf"", ""page"": 43, ""distance"": 0.43873196840286255}, {""rank"": 5, ""document"": ""d24106576.pdf"", ""page"": 2, ""distance"": 0.47209709882736206}]",0.01788269996177405
EQ046,How should CISA and partner agencies improve collaboration on OT cybersecurity risks?,"Use leading collaboration practices, including defining common outcomes, ensuring accountability, bridging cultures, and clarifying roles and responsibilities.",GAO-24-106576,PDF p. 3,6,False,"[{""rank"": 1, ""document"": ""gao-24-107231.pdf"", ""page"": 57, ""distance"": 0.3707388937473297}, {""rank"": 2, ""document"": ""d24106576.pdf"", ""page"": 3, ""distance"": 0.42486798763275146}, {""rank"": 3, ""document"": ""d24106576.pdf"", ""page"": 11, ""distance"": 0.4313196837902069}, {""rank"": 4, ""document"": ""d24106576.pdf"", ""page"": 43, ""distance"": 0.43873196840286255}, {""rank"": 5, ""document"": ""d24106576.pdf"", ""page"": 2, ""distance"": 0.47209709882736206}, {""rank"": 6, ""document"": ""d24106576.pdf"", ""page"": 4, ""distance"": 0.4862271249294281}]",0.010496900009457022
EQ046,How should CISA and partner agencies improve collaboration on OT cybersecurity risks?,"Use leading collaboration practices, including defining common outcomes, ensuring accountability, bridging cultures, and clarifying roles and responsibilities.",GAO-24-106576,PDF p. 3,7,False,"[{""rank"": 1, ""document"": ""gao-24-107231.pdf"", ""page"": 57, ""distance"": 0.3707388937473297}, {""rank"": 2, ""document"": ""d24106576.pdf"", ""page"": 3, ""distance"": 0.42486798763275146}, {""rank"": 3, ""document"": ""d24106576.pdf"", ""page"": 11, ""distance"": 0.4313196837902069}, {""rank"": 4, ""document"": ""d24106576.pdf"", ""page"": 43, ""distance"": 0.43873196840286255}, {""rank"": 5, ""document"": ""d24106576.pdf"", ""page"": 2, ""distance"": 0.47209709882736206}, {""rank"": 6, ""document"": ""d24106576.pdf"", ""page"": 4, ""distance"": 0.4862271249294281}, {""rank"": 7, ""document"": ""d24106576.pdf"", ""page"": 49, ""distance"": 0.49180078506469727}]",0.013336499978322536
EQ046,How should CISA and partner agencies improve collaboration on OT cybersecurity risks?,"Use leading collaboration practices, including defining common outcomes, ensuring accountability, bridging cultures, and clarifying roles and responsibilities.",GAO-24-106576,PDF p. 3,8,False,"[{""rank"": 1, ""document"": ""gao-24-107231.pdf"", ""page"": 57, ""distance"": 0.3707388937473297}, {""rank"": 2, ""document"": ""d24106576.pdf"", ""page"": 3, ""distance"": 0.42486798763275146}, {""rank"": 3, ""document"": ""d24106576.pdf"", ""page"": 11, ""distance"": 0.4313196837902069}, {""rank"": 4, ""document"": ""d24106576.pdf"", ""page"": 43, ""distance"": 0.43873196840286255}, {""rank"": 5, ""document"": ""d24106576.pdf"", ""page"": 2, ""distance"": 0.47209709882736206}, {""rank"": 6, ""document"": ""d24106576.pdf"", ""page"": 4, ""distance"": 0.4862271249294281}, {""rank"": 7, ""document"": ""d24106576.pdf"", ""page"": 49, ""distance"": 0.49180078506469727}, {""rank"": 8, ""document"": ""d24106576.pdf"", ""page"": 48, ""distance"": 0.5203028321266174}]",0.012604999996256083
EQ046,How should CISA and partner agencies improve collaboration on OT cybersecurity risks?,"Use leading collaboration practices, including defining common outcomes, ensuring accountability, bridging cultures, and clarifying roles and responsibilities.",GAO-24-106576,PDF p. 3,9,False,"[{""rank"": 1, ""document"": ""gao-24-107231.pdf"", ""page"": 57, ""distance"": 0.3707388937473297}, {""rank"": 2, ""document"": ""d24106576.pdf"", ""page"": 3, ""distance"": 0.42486798763275146}, {""rank"": 3, ""document"": ""d24106576.pdf"", ""page"": 11, ""distance"": 0.4313196837902069}, {""rank"": 4, ""document"": ""d24106576.pdf"", ""page"": 43, ""distance"": 0.43873196840286255}, {""rank"": 5, ""document"": ""d24106576.pdf"", ""page"": 2, ""distance"": 0.47209709882736206}, {""rank"": 6, ""document"": ""d24106576.pdf"", ""page"": 4, ""distance"": 0.4862271249294281}, {""rank"": 7, ""document"": ""d24106576.pdf"", ""page"": 49, ""distance"": 0.49180078506469727}, {""rank"": 8, ""document"": ""d24106576.pdf"", ""page"": 48, ""distance"": 0.5203028321266174}, {""rank"": 9, ""document"": ""d24106576.pdf"", ""page"": 58, ""distance"": 0.5502755045890808}]",0.011182799993548542
EQ046,How should CISA and partner agencies improve collaboration on OT cybersecurity risks?,"Use leading collaboration practices, including defining common outcomes, ensuring accountability, bridging cultures, and clarifying roles and responsibilities.",GAO-24-106576,PDF p. 3,10,False,"[{""rank"": 1, ""document"": ""gao-24-107231.pdf"", ""page"": 57, ""distance"": 0.3707388937473297}, {""rank"": 2, ""document"": ""d24106576.pdf"", ""page"": 3, ""distance"": 0.42486798763275146}, {""rank"": 3, ""document"": ""d24106576.pdf"", ""page"": 11, ""distance"": 0.4313196837902069}, {""rank"": 4, ""document"": ""d24106576.pdf"", ""page"": 43, ""distance"": 0.43873196840286255}, {""rank"": 5, ""document"": ""d24106576.pdf"", ""page"": 2, ""distance"": 0.47209709882736206}, {""rank"": 6, ""document"": ""d24106576.pdf"", ""page"": 4, ""distance"": 0.4862271249294281}, {""rank"": 7, ""document"": ""d24106576.pdf"", ""page"": 49, ""distance"": 0.49180078506469727}, {""rank"": 8, ""document"": ""d24106576.pdf"", ""page"": 48, ""distance"": 0.5203028321266174}, {""rank"": 9, ""document"": ""d24106576.pdf"", ""page"": 58, ""distance"": 0.5502755045890808}, {""rank"": 10, ""document"": ""d24106576.pdf"", ""page"": 59, ""distance"": 0.5545987486839294}]",0.012921500019729137
EQ047,How should a federal agency make its cyber threat information sharing more useful?,Work with relevant agencies and critical-sector partners to make sharing effective and timely and address gaps in voluntary and actionable information.,GAO-24-107733,PDF p. 2,1,False,"[{""rank"": 1, ""document"": ""gao-24-107231.pdf"", ""page"": 54, ""distance"": 0.4681602120399475}]",0.012849099992308766
EQ047,How should a federal agency make its cyber threat information sharing more useful?,Work with relevant agencies and critical-sector partners to make sharing effective and timely and address gaps in voluntary and actionable information.,GAO-24-107733,PDF p. 2,2,False,"[{""rank"": 1, ""document"": ""gao-24-107231.pdf"", ""page"": 54, ""distance"": 0.4681602120399475}, {""rank"": 2, ""document"": ""gao-24-107231.pdf"", ""page"": 53, ""distance"": 0.5017412304878235}]",0.010168800014071167
EQ047,How should a federal agency make its cyber threat information sharing more useful?,Work with relevant agencies and critical-sector partners to make sharing effective and timely and address gaps in voluntary and actionable information.,GAO-24-107733,PDF p. 2,3,False,"[{""rank"": 1, ""document"": ""gao-24-107231.pdf"", ""page"": 54, ""distance"": 0.4681602120399475}, {""rank"": 2, ""document"": ""gao-24-107231.pdf"", ""page"": 53, ""distance"": 0.5017412304878235}, {""rank"": 3, ""document"": ""d24105658.pdf"", ""page"": 2, ""distance"": 0.5614218711853027}]",0.011808800045400858
EQ047,How should a federal agency make its cyber threat information sharing more useful?,Work with relevant agencies and critical-sector partners to make sharing effective and timely and address gaps in voluntary and actionable information.,GAO-24-107733,PDF p. 2,4,False,"[{""rank"": 1, ""document"": ""gao-24-107231.pdf"", ""page"": 54, ""distance"": 0.4681602120399475}, {""rank"": 2, ""document"": ""gao-24-107231.pdf"", ""page"": 53, ""distance"": 0.5017412304878235}, {""rank"": 3, ""document"": ""d24105658.pdf"", ""page"": 2, ""distance"": 0.5614218711853027}, {""rank"": 4, ""document"": ""gao-24-107733.pdf"", ""page"": 2, ""distance"": 0.577118992805481}]",0.011686299985740334
EQ047,How should a federal agency make its cyber threat information sharing more useful?,Work with relevant agencies and critical-sector partners to make sharing effective and timely and address gaps in voluntary and actionable information.,GAO-24-107733,PDF p. 2,5,False,"[{""rank"": 1, ""document"": ""gao-24-107231.pdf"", ""page"": 54, ""distance"": 0.4681602120399475}, {""rank"": 2, ""document"": ""gao-24-107231.pdf"", ""page"": 53, ""distance"": 0.5017412304878235}, {""rank"": 3, ""document"": ""d24105658.pdf"", ""page"": 2, ""distance"": 0.5614218711853027}, {""rank"": 4, ""document"": ""gao-24-107733.pdf"", ""page"": 2, ""distance"": 0.577118992805481}, {""rank"": 5, ""document"": ""gao-16-885t.pdf"", ""page"": 13, ""distance"": 0.6317800283432007}]",0.012257800030056387
EQ047,How should a federal agency make its cyber threat information sharing more useful?,Work with relevant agencies and critical-sector partners to make sharing effective and timely and address gaps in voluntary and actionable information.,GAO-24-107733,PDF p. 2,6,False,"[{""rank"": 1, ""document"": ""gao-24-107231.pdf"", ""page"": 54, ""distance"": 0.4681602120399475}, {""rank"": 2, ""document"": ""gao-24-107231.pdf"", ""page"": 53, ""distance"": 0.5017412304878235}, {""rank"": 3, ""document"": ""d24105658.pdf"", ""page"": 2, ""distance"": 0.5614218711853027}, {""rank"": 4, ""document"": ""gao-24-107733.pdf"", ""page"": 2, ""distance"": 0.577118992805481}, {""rank"": 5, ""document"": ""gao-16-885t.pdf"", ""page"": 13, ""distance"": 0.6317800283432007}, {""rank"": 6, ""document"": ""d24106576.pdf"", ""page"": 11, ""distance"": 0.6603940725326538}]",0.013534599973354489
EQ047,How should a federal agency make its cyber threat information sharing more useful?,Work with relevant agencies and critical-sector partners to make sharing effective and timely and address gaps in voluntary and actionable information.,GAO-24-107733,PDF p. 2,7,False,"[{""rank"": 1, ""document"": ""gao-24-107231.pdf"", ""page"": 54, ""distance"": 0.4681602120399475}, {""rank"": 2, ""document"": ""gao-24-107231.pdf"", ""page"": 53, ""distance"": 0.5017412304878235}, {""rank"": 3, ""document"": ""d24105658.pdf"", ""page"": 2, ""distance"": 0.5614218711853027}, {""rank"": 4, ""document"": ""gao-24-107733.pdf"", ""page"": 2, ""distance"": 0.577118992805481}, {""rank"": 5, ""document"": ""gao-16-885t.pdf"", ""page"": 13, ""distance"": 0.6317800283432007}, {""rank"": 6, ""document"": ""d24106576.pdf"", ""page"": 11, ""distance"": 0.6603940725326538}, {""rank"": 7, ""document"": ""d24105658.pdf"", ""page"": 37, ""distance"": 0.6616434454917908}]",0.009483499976340681
EQ047,How should a federal agency make its cyber threat information sharing more useful?,Work with relevant agencies and critical-sector partners to make sharing effective and timely and address gaps in voluntary and actionable information.,GAO-24-107733,PDF p. 2,8,False,"[{""rank"": 1, ""document"": ""gao-24-107231.pdf"", ""page"": 54, ""distance"": 0.4681602120399475}, {""rank"": 2, ""document"": ""gao-24-107231.pdf"", ""page"": 53, ""distance"": 0.5017412304878235}, {""rank"": 3, ""document"": ""d24105658.pdf"", ""page"": 2, ""distance"": 0.5614218711853027}, {""rank"": 4, ""document"": ""gao-24-107733.pdf"", ""page"": 2, ""distance"": 0.577118992805481}, {""rank"": 5, ""document"": ""gao-16-885t.pdf"", ""page"": 13, ""distance"": 0.6317800283432007}, {""rank"": 6, ""document"": ""d24106576.pdf"", ""page"": 11, ""distance"": 0.6603940725326538}, {""rank"": 7, ""document"": ""d24105658.pdf"", ""page"": 37, ""distance"": 0.6616434454917908}, {""rank"": 8, ""document"": ""gao-24-107231.pdf"", ""page"": 20, ""distance"": 0.6679252982139587}]",0.010594799998216331
EQ047,How should a federal agency make its cyber threat information sharing more useful?,Work with relevant agencies and critical-sector partners to make sharing effective and timely and address gaps in voluntary and actionable information.,GAO-24-107733,PDF p. 2,9,False,"[{""rank"": 1, ""document"": ""gao-24-107231.pdf"", ""page"": 54, ""distance"": 0.4681602120399475}, {""rank"": 2, ""document"": ""gao-24-107231.pdf"", ""page"": 53, ""distance"": 0.5017412304878235}, {""rank"": 3, ""document"": ""d24105658.pdf"", ""page"": 2, ""distance"": 0.5614218711853027}, {""rank"": 4, ""document"": ""gao-24-107733.pdf"", ""page"": 2, ""distance"": 0.577118992805481}, {""rank"": 5, ""document"": ""gao-16-885t.pdf"", ""page"": 13, ""distance"": 0.6317800283432007}, {""rank"": 6, ""document"": ""d24106576.pdf"", ""page"": 11, ""distance"": 0.6603940725326538}, {""rank"": 7, ""document"": ""d24105658.pdf"", ""page"": 37, ""distance"": 0.6616434454917908}, {""rank"": 8, ""document"": ""gao-24-107231.pdf"", ""page"": 20, ""distance"": 0.6679252982139587}, {""rank"": 9, ""document"": ""gao-24-107231.pdf"", ""page"": 57, ""distance"": 0.668655276298523}]",0.012552599946502596
EQ047,How should a federal agency make its cyber threat information sharing more useful?,Work with relevant agencies and critical-sector partners to make sharing effective and timely and address gaps in voluntary and actionable information.,GAO-24-107733,PDF p. 2,10,False,"[{""rank"": 1, ""document"": ""gao-24-107231.pdf"", ""page"": 54, ""distance"": 0.4681602120399475}, {""rank"": 2, ""document"": ""gao-24-107231.pdf"", ""page"": 53, ""distance"": 0.5017412304878235}, {""rank"": 3, ""document"": ""d24105658.pdf"", ""page"": 2, ""distance"": 0.5614218711853027}, {""rank"": 4, ""document"": ""gao-24-107733.pdf"", ""page"": 2, ""distance"": 0.577118992805481}, {""rank"": 5, ""document"": ""gao-16-885t.pdf"", ""page"": 13, ""distance"": 0.6317800283432007}, {""rank"": 6, ""document"": ""d24106576.pdf"", ""page"": 11, ""distance"": 0.6603940725326538}, {""rank"": 7, ""document"": ""d24105658.pdf"", ""page"": 37, ""distance"": 0.6616434454917908}, {""rank"": 8, ""document"": ""gao-24-107231.pdf"", ""page"": 20, ""distance"": 0.6679252982139587}, {""rank"": 9, ""document"": ""gao-24-107231.pdf"", ""page"": 57, ""distance"": 0.668655276298523}, {""rank"": 10, ""document"": ""d24105658.pdf"", ""page"": 17, ""distance"": 0.6708413362503052}]",0.012129399983678013
EQ048,"How should an agency structure incident-response readiness around people, tools, and outside support?","Combine response tools such as EDR, services such as threat hunting and intelligence, and resources including skilled staff and funding.",GAO-24-105658,PDF p. 2,1,False,"[{""rank"": 1, ""document"": ""d24105658.pdf"", ""page"": 24, ""distance"": 0.7497791647911072}]",0.013126100006047636
EQ048,"How should an agency structure incident-response readiness around people, tools, and outside support?","Combine response tools such as EDR, services such as threat hunting and intelligence, and resources including skilled staff and funding.",GAO-24-105658,PDF p. 2,2,False,"[{""rank"": 1, ""document"": ""d24105658.pdf"", ""page"": 24, ""distance"": 0.7497791647911072}, {""rank"": 2, ""document"": ""d24105658.pdf"", ""page"": 15, ""distance"": 0.7966537475585938}]",0.012491900008171797
EQ048,"How should an agency structure incident-response readiness around people, tools, and outside support?","Combine response tools such as EDR, services such as threat hunting and intelligence, and resources including skilled staff and funding.",GAO-24-105658,PDF p. 2,3,False,"[{""rank"": 1, ""document"": ""d24105658.pdf"", ""page"": 24, ""distance"": 0.7497791647911072}, {""rank"": 2, ""document"": ""d24105658.pdf"", ""page"": 15, ""distance"": 0.7966537475585938}, {""rank"": 3, ""document"": ""d24105658.pdf"", ""page"": 22, ""distance"": 0.8137295842170715}]",0.011132100014947355
EQ048,"How should an agency structure incident-response readiness around people, tools, and outside support?","Combine response tools such as EDR, services such as threat hunting and intelligence, and resources including skilled staff and funding.",GAO-24-105658,PDF p. 2,4,False,"[{""rank"": 1, ""document"": ""d24105658.pdf"", ""page"": 24, ""distance"": 0.7497791647911072}, {""rank"": 2, ""document"": ""d24105658.pdf"", ""page"": 15, ""distance"": 0.7966537475585938}, {""rank"": 3, ""document"": ""d24105658.pdf"", ""page"": 22, ""distance"": 0.8137295842170715}, {""rank"": 4, ""document"": ""d24105658.pdf"", ""page"": 3, ""distance"": 0.843244194984436}]",0.012610499979928136
EQ048,"How should an agency structure incident-response readiness around people, tools, and outside support?","Combine response tools such as EDR, services such as threat hunting and intelligence, and resources including skilled staff and funding.",GAO-24-105658,PDF p. 2,5,False,"[{""rank"": 1, ""document"": ""d24105658.pdf"", ""page"": 24, ""distance"": 0.7497791647911072}, {""rank"": 2, ""document"": ""d24105658.pdf"", ""page"": 15, ""distance"": 0.7966537475585938}, {""rank"": 3, ""document"": ""d24105658.pdf"", ""page"": 22, ""distance"": 0.8137295842170715}, {""rank"": 4, ""document"": ""d24105658.pdf"", ""page"": 3, ""distance"": 0.843244194984436}, {""rank"": 5, ""document"": ""d24106576.pdf"", ""page"": 41, ""distance"": 0.8505465984344482}]",0.01234180002938956
EQ048,"How should an agency structure incident-response readiness around people, tools, and outside support?","Combine response tools such as EDR, services such as threat hunting and intelligence, and resources including skilled staff and funding.",GAO-24-105658,PDF p. 2,6,False,"[{""rank"": 1, ""document"": ""d24105658.pdf"", ""page"": 24, ""distance"": 0.7497791647911072}, {""rank"": 2, ""document"": ""d24105658.pdf"", ""page"": 15, ""distance"": 0.7966537475585938}, {""rank"": 3, ""document"": ""d24105658.pdf"", ""page"": 22, ""distance"": 0.8137295842170715}, {""rank"": 4, ""document"": ""d24105658.pdf"", ""page"": 3, ""distance"": 0.843244194984436}, {""rank"": 5, ""document"": ""d24106576.pdf"", ""page"": 41, ""distance"": 0.8505465984344482}, {""rank"": 6, ""document"": ""d24105658.pdf"", ""page"": 34, ""distance"": 0.8607158064842224}]",0.01541009999345988
EQ048,"How should an agency structure incident-response readiness around people, tools, and outside support?","Combine response tools such as EDR, services such as threat hunting and intelligence, and resources including skilled staff and funding.",GAO-24-105658,PDF p. 2,7,False,"[{""rank"": 1, ""document"": ""d24105658.pdf"", ""page"": 24, ""distance"": 0.7497791647911072}, {""rank"": 2, ""document"": ""d24105658.pdf"", ""page"": 15, ""distance"": 0.7966537475585938}, {""rank"": 3, ""document"": ""d24105658.pdf"", ""page"": 22, ""distance"": 0.8137295842170715}, {""rank"": 4, ""document"": ""d24105658.pdf"", ""page"": 3, ""distance"": 0.843244194984436}, {""rank"": 5, ""document"": ""d24106576.pdf"", ""page"": 41, ""distance"": 0.8505465984344482}, {""rank"": 6, ""document"": ""d24105658.pdf"", ""page"": 34, ""distance"": 0.8607158064842224}, {""rank"": 7, ""document"": ""d24105658.pdf"", ""page"": 9, ""distance"": 0.8675263524055481}]",0.011948100000154227
EQ048,"How should an agency structure incident-response readiness around people, tools, and outside support?","Combine response tools such as EDR, services such as threat hunting and intelligence, and resources including skilled staff and funding.",GAO-24-105658,PDF p. 2,8,False,"[{""rank"": 1, ""document"": ""d24105658.pdf"", ""page"": 24, ""distance"": 0.7497791647911072}, {""rank"": 2, ""document"": ""d24105658.pdf"", ""page"": 15, ""distance"": 0.7966537475585938}, {""rank"": 3, ""document"": ""d24105658.pdf"", ""page"": 22, ""distance"": 0.8137295842170715}, {""rank"": 4, ""document"": ""d24105658.pdf"", ""page"": 3, ""distance"": 0.843244194984436}, {""rank"": 5, ""document"": ""d24106576.pdf"", ""page"": 41, ""distance"": 0.8505465984344482}, {""rank"": 6, ""document"": ""d24105658.pdf"", ""page"": 34, ""distance"": 0.8607158064842224}, {""rank"": 7, ""document"": ""d24105658.pdf"", ""page"": 9, ""distance"": 0.8675263524055481}, {""rank"": 8, ""document"": ""d24105658.pdf"", ""page"": 2, ""distance"": 0.8754251003265381}]",0.012964299996383488
EQ048,"How should an agency structure incident-response readiness around people, tools, and outside support?","Combine response tools such as EDR, services such as threat hunting and intelligence, and resources including skilled staff and funding.",GAO-24-105658,PDF p. 2,9,False,"[{""rank"": 1, ""document"": ""d24105658.pdf"", ""page"": 24, ""distance"": 0.7497791647911072}, {""rank"": 2, ""document"": ""d24105658.pdf"", ""page"": 15, ""distance"": 0.7966537475585938}, {""rank"": 3, ""document"": ""d24105658.pdf"", ""page"": 22, ""distance"": 0.8137295842170715}, {""rank"": 4, ""document"": ""d24105658.pdf"", ""page"": 3, ""distance"": 0.843244194984436}, {""rank"": 5, ""document"": ""d24106576.pdf"", ""page"": 41, ""distance"": 0.8505465984344482}, {""rank"": 6, ""document"": ""d24105658.pdf"", ""page"": 34, ""distance"": 0.8607158064842224}, {""rank"": 7, ""document"": ""d24105658.pdf"", ""page"": 9, ""distance"": 0.8675263524055481}, {""rank"": 8, ""document"": ""d24105658.pdf"", ""page"": 2, ""distance"": 0.8754251003265381}, {""rank"": 9, ""document"": ""d24105658.pdf"", ""page"": 50, ""distance"": 0.8885306715965271}]",0.012985599983949214
EQ048,"How should an agency structure incident-response readiness around people, tools, and outside support?","Combine response tools such as EDR, services such as threat hunting and intelligence, and resources including skilled staff and funding.",GAO-24-105658,PDF p. 2,10,False,"[{""rank"": 1, ""document"": ""d24105658.pdf"", ""page"": 24, ""distance"": 0.7497791647911072}, {""rank"": 2, ""document"": ""d24105658.pdf"", ""page"": 15, ""distance"": 0.7966537475585938}, {""rank"": 3, ""document"": ""d24105658.pdf"", ""page"": 22, ""distance"": 0.8137295842170715}, {""rank"": 4, ""document"": ""d24105658.pdf"", ""page"": 3, ""distance"": 0.843244194984436}, {""rank"": 5, ""document"": ""d24106576.pdf"", ""page"": 41, ""distance"": 0.8505465984344482}, {""rank"": 6, ""document"": ""d24105658.pdf"", ""page"": 34, ""distance"": 0.8607158064842224}, {""rank"": 7, ""document"": ""d24105658.pdf"", ""page"": 9, ""distance"": 0.8675263524055481}, {""rank"": 8, ""document"": ""d24105658.pdf"", ""page"": 2, ""distance"": 0.8754251003265381}, {""rank"": 9, ""document"": ""d24105658.pdf"", ""page"": 50, ""distance"": 0.8885306715965271}, {""rank"": 10, ""document"": ""d24105658.pdf"", ""page"": 24, ""distance"": 0.8946084976196289}]",0.013366200029850006
EQ049,How should a team measure progress on a national cybersecurity initiative?,"Develop applicable outcome-oriented measures and use them with implementation planning, resources, and cost information to monitor progress.",GAO-24-106916,PDF p. 2,1,False,"[{""rank"": 1, ""document"": ""d24106916.pdf"", ""page"": 24, ""distance"": 0.6686814427375793}]",0.010419300000648946
EQ049,How should a team measure progress on a national cybersecurity initiative?,"Develop applicable outcome-oriented measures and use them with implementation planning, resources, and cost information to monitor progress.",GAO-24-106916,PDF p. 2,2,False,"[{""rank"": 1, ""document"": ""d24106916.pdf"", ""page"": 24, ""distance"": 0.6686814427375793}, {""rank"": 2, ""document"": ""gao-24-107231.pdf"", ""page"": 25, ""distance"": 0.6952142119407654}]",0.011018799967132509
EQ049,How should a team measure progress on a national cybersecurity initiative?,"Develop applicable outcome-oriented measures and use them with implementation planning, resources, and cost information to monitor progress.",GAO-24-106916,PDF p. 2,3,False,"[{""rank"": 1, ""document"": ""d24106916.pdf"", ""page"": 24, ""distance"": 0.6686814427375793}, {""rank"": 2, ""document"": ""gao-24-107231.pdf"", ""page"": 25, ""distance"": 0.6952142119407654}, {""rank"": 3, ""document"": ""d24106916.pdf"", ""page"": 15, ""distance"": 0.6995612978935242}]",0.011437000008299947
EQ049,How should a team measure progress on a national cybersecurity initiative?,"Develop applicable outcome-oriented measures and use them with implementation planning, resources, and cost information to monitor progress.",GAO-24-106916,PDF p. 2,4,False,"[{""rank"": 1, ""document"": ""d24106916.pdf"", ""page"": 24, ""distance"": 0.6686814427375793}, {""rank"": 2, ""document"": ""gao-24-107231.pdf"", ""page"": 25, ""distance"": 0.6952142119407654}, {""rank"": 3, ""document"": ""d24106916.pdf"", ""page"": 15, ""distance"": 0.6995612978935242}, {""rank"": 4, ""document"": ""d24106916.pdf"", ""page"": 27, ""distance"": 0.7341414093971252}]",0.00922000000718981
EQ049,How should a team measure progress on a national cybersecurity initiative?,"Develop applicable outcome-oriented measures and use them with implementation planning, resources, and cost information to monitor progress.",GAO-24-106916,PDF p. 2,5,False,"[{""rank"": 1, ""document"": ""d24106916.pdf"", ""page"": 24, ""distance"": 0.6686814427375793}, {""rank"": 2, ""document"": ""gao-24-107231.pdf"", ""page"": 25, ""distance"": 0.6952142119407654}, {""rank"": 3, ""document"": ""d24106916.pdf"", ""page"": 15, ""distance"": 0.6995612978935242}, {""rank"": 4, ""document"": ""d24106916.pdf"", ""page"": 27, ""distance"": 0.7341414093971252}, {""rank"": 5, ""document"": ""gao-24-107231.pdf"", ""page"": 55, ""distance"": 0.7469619512557983}]",0.011000300000887364
EQ049,How should a team measure progress on a national cybersecurity initiative?,"Develop applicable outcome-oriented measures and use them with implementation planning, resources, and cost information to monitor progress.",GAO-24-106916,PDF p. 2,6,False,"[{""rank"": 1, ""document"": ""d24106916.pdf"", ""page"": 24, ""distance"": 0.6686814427375793}, {""rank"": 2, ""document"": ""gao-24-107231.pdf"", ""page"": 25, ""distance"": 0.6952142119407654}, {""rank"": 3, ""document"": ""d24106916.pdf"", ""page"": 15, ""distance"": 0.6995612978935242}, {""rank"": 4, ""document"": ""d24106916.pdf"", ""page"": 27, ""distance"": 0.7341414093971252}, {""rank"": 5, ""document"": ""gao-24-107231.pdf"", ""page"": 55, ""distance"": 0.7469619512557983}, {""rank"": 6, ""document"": ""d24106916.pdf"", ""page"": 25, ""distance"": 0.7508796453475952}]",0.014077599975280464
EQ049,How should a team measure progress on a national cybersecurity initiative?,"Develop applicable outcome-oriented measures and use them with implementation planning, resources, and cost information to monitor progress.",GAO-24-106916,PDF p. 2,7,False,"[{""rank"": 1, ""document"": ""d24106916.pdf"", ""page"": 24, ""distance"": 0.6686814427375793}, {""rank"": 2, ""document"": ""gao-24-107231.pdf"", ""page"": 25, ""distance"": 0.6952142119407654}, {""rank"": 3, ""document"": ""d24106916.pdf"", ""page"": 15, ""distance"": 0.6995612978935242}, {""rank"": 4, ""document"": ""d24106916.pdf"", ""page"": 27, ""distance"": 0.7341414093971252}, {""rank"": 5, ""document"": ""gao-24-107231.pdf"", ""page"": 55, ""distance"": 0.7469619512557983}, {""rank"": 6, ""document"": ""d24106916.pdf"", ""page"": 25, ""distance"": 0.7508796453475952}, {""rank"": 7, ""document"": ""d24106916.pdf"", ""page"": 2, ""distance"": 0.7700299024581909}]",0.012621500005479902
EQ049,How should a team measure progress on a national cybersecurity initiative?,"Develop applicable outcome-oriented measures and use them with implementation planning, resources, and cost information to monitor progress.",GAO-24-106916,PDF p. 2,8,False,"[{""rank"": 1, ""document"": ""d24106916.pdf"", ""page"": 24, ""distance"": 0.6686814427375793}, {""rank"": 2, ""document"": ""gao-24-107231.pdf"", ""page"": 25, ""distance"": 0.6952142119407654}, {""rank"": 3, ""document"": ""d24106916.pdf"", ""page"": 15, ""distance"": 0.6995612978935242}, {""rank"": 4, ""document"": ""d24106916.pdf"", ""page"": 27, ""distance"": 0.7341414093971252}, {""rank"": 5, ""document"": ""gao-24-107231.pdf"", ""page"": 55, ""distance"": 0.7469619512557983}, {""rank"": 6, ""document"": ""d24106916.pdf"", ""page"": 25, ""distance"": 0.7508796453475952}, {""rank"": 7, ""document"": ""d24106916.pdf"", ""page"": 2, ""distance"": 0.7700299024581909}, {""rank"": 8, ""document"": ""d24106916.pdf"", ""page"": 16, ""distance"": 0.7758280038833618}]",0.011337800009641796
EQ049,How should a team measure progress on a national cybersecurity initiative?,"Develop applicable outcome-oriented measures and use them with implementation planning, resources, and cost information to monitor progress.",GAO-24-106916,PDF p. 2,9,False,"[{""rank"": 1, ""document"": ""d24106916.pdf"", ""page"": 24, ""distance"": 0.6686814427375793}, {""rank"": 2, ""document"": ""gao-24-107231.pdf"", ""page"": 25, ""distance"": 0.6952142119407654}, {""rank"": 3, ""document"": ""d24106916.pdf"", ""page"": 15, ""distance"": 0.6995612978935242}, {""rank"": 4, ""document"": ""d24106916.pdf"", ""page"": 27, ""distance"": 0.7341414093971252}, {""rank"": 5, ""document"": ""gao-24-107231.pdf"", ""page"": 55, ""distance"": 0.7469619512557983}, {""rank"": 6, ""document"": ""d24106916.pdf"", ""page"": 25, ""distance"": 0.7508796453475952}, {""rank"": 7, ""document"": ""d24106916.pdf"", ""page"": 2, ""distance"": 0.7700299024581909}, {""rank"": 8, ""document"": ""d24106916.pdf"", ""page"": 16, ""distance"": 0.7758280038833618}, {""rank"": 9, ""document"": ""d24106916.pdf"", ""page"": 14, ""distance"": 0.7809269428253174}]",0.01153130002785474
EQ049,How should a team measure progress on a national cybersecurity initiative?,"Develop applicable outcome-oriented measures and use them with implementation planning, resources, and cost information to monitor progress.",GAO-24-106916,PDF p. 2,10,False,"[{""rank"": 1, ""document"": ""d24106916.pdf"", ""page"": 24, ""distance"": 0.6686814427375793}, {""rank"": 2, ""document"": ""gao-24-107231.pdf"", ""page"": 25, ""distance"": 0.6952142119407654}, {""rank"": 3, ""document"": ""d24106916.pdf"", ""page"": 15, ""distance"": 0.6995612978935242}, {""rank"": 4, ""document"": ""d24106916.pdf"", ""page"": 27, ""distance"": 0.7341414093971252}, {""rank"": 5, ""document"": ""gao-24-107231.pdf"", ""page"": 55, ""distance"": 0.7469619512557983}, {""rank"": 6, ""document"": ""d24106916.pdf"", ""page"": 25, ""distance"": 0.7508796453475952}, {""rank"": 7, ""document"": ""d24106916.pdf"", ""page"": 2, ""distance"": 0.7700299024581909}, {""rank"": 8, ""document"": ""d24106916.pdf"", ""page"": 16, ""distance"": 0.7758280038833618}, {""rank"": 9, ""document"": ""d24106916.pdf"", ""page"": 14, ""distance"": 0.7809269428253174}, {""rank"": 10, ""document"": ""d24105658.pdf"", ""page"": 50, ""distance"": 0.787971019744873}]",0.013024999992921948
EQ050,"How should an oversight team review reported savings from terminated contracts, grants, and leases?","Check the calculation method, supporting evidence, data-quality limitations, and whether reported savings are overstated or unverifiable.",GAO-26-108615,PDF pp. 2-3,1,False,"[{""rank"": 1, ""document"": ""gao-26-108615.pdf"", ""page"": 8, ""distance"": 0.7133315801620483}]",0.013370300002861768
EQ050,"How should an oversight team review reported savings from terminated contracts, grants, and leases?","Check the calculation method, supporting evidence, data-quality limitations, and whether reported savings are overstated or unverifiable.",GAO-26-108615,PDF pp. 2-3,2,False,"[{""rank"": 1, ""document"": ""gao-26-108615.pdf"", ""page"": 8, ""distance"": 0.7133315801620483}, {""rank"": 2, ""document"": ""gao-26-108615.pdf"", ""page"": 45, ""distance"": 0.7407907247543335}]",0.01070030004484579
EQ050,"How should an oversight team review reported savings from terminated contracts, grants, and leases?","Check the calculation method, supporting evidence, data-quality limitations, and whether reported savings are overstated or unverifiable.",GAO-26-108615,PDF pp. 2-3,3,False,"[{""rank"": 1, ""document"": ""gao-26-108615.pdf"", ""page"": 8, ""distance"": 0.7133315801620483}, {""rank"": 2, ""document"": ""gao-26-108615.pdf"", ""page"": 45, ""distance"": 0.7407907247543335}, {""rank"": 3, ""document"": ""gao-26-108615.pdf"", ""page"": 13, ""distance"": 0.752887487411499}]",0.010503900004550815
EQ050,"How should an oversight team review reported savings from terminated contracts, grants, and leases?","Check the calculation method, supporting evidence, data-quality limitations, and whether reported savings are overstated or unverifiable.",GAO-26-108615,PDF pp. 2-3,4,False,"[{""rank"": 1, ""document"": ""gao-26-108615.pdf"", ""page"": 8, ""distance"": 0.7133315801620483}, {""rank"": 2, ""document"": ""gao-26-108615.pdf"", ""page"": 45, ""distance"": 0.7407907247543335}, {""rank"": 3, ""document"": ""gao-26-108615.pdf"", ""page"": 13, ""distance"": 0.752887487411499}, {""rank"": 4, ""document"": ""gao-26-108615.pdf"", ""page"": 9, ""distance"": 0.767464816570282}]",0.012052400037646294
EQ050,"How should an oversight team review reported savings from terminated contracts, grants, and leases?","Check the calculation method, supporting evidence, data-quality limitations, and whether reported savings are overstated or unverifiable.",GAO-26-108615,PDF pp. 2-3,5,False,"[{""rank"": 1, ""document"": ""gao-26-108615.pdf"", ""page"": 8, ""distance"": 0.7133315801620483}, {""rank"": 2, ""document"": ""gao-26-108615.pdf"", ""page"": 45, ""distance"": 0.7407907247543335}, {""rank"": 3, ""document"": ""gao-26-108615.pdf"", ""page"": 13, ""distance"": 0.752887487411499}, {""rank"": 4, ""document"": ""gao-26-108615.pdf"", ""page"": 9, ""distance"": 0.767464816570282}, {""rank"": 5, ""document"": ""gao-26-108615.pdf"", ""page"": 39, ""distance"": 0.7849832773208618}]",0.021999499993398786
EQ050,"How should an oversight team review reported savings from terminated contracts, grants, and leases?","Check the calculation method, supporting evidence, data-quality limitations, and whether reported savings are overstated or unverifiable.",GAO-26-108615,PDF pp. 2-3,6,False,"[{""rank"": 1, ""document"": ""gao-26-108615.pdf"", ""page"": 8, ""distance"": 0.7133315801620483}, {""rank"": 2, ""document"": ""gao-26-108615.pdf"", ""page"": 45, ""distance"": 0.7407907247543335}, {""rank"": 3, ""document"": ""gao-26-108615.pdf"", ""page"": 13, ""distance"": 0.752887487411499}, {""rank"": 4, ""document"": ""gao-26-108615.pdf"", ""page"": 9, ""distance"": 0.767464816570282}, {""rank"": 5, ""document"": ""gao-26-108615.pdf"", ""page"": 39, ""distance"": 0.7849832773208618}, {""rank"": 6, ""document"": ""gao-26-108615.pdf"", ""page"": 7, ""distance"": 0.8024048209190369}]",0.014886299963109195
EQ050,"How should an oversight team review reported savings from terminated contracts, grants, and leases?","Check the calculation method, supporting evidence, data-quality limitations, and whether reported savings are overstated or unverifiable.",GAO-26-108615,PDF pp. 2-3,7,False,"[{""rank"": 1, ""document"": ""gao-26-108615.pdf"", ""page"": 8, ""distance"": 0.7133315801620483}, {""rank"": 2, ""document"": ""gao-26-108615.pdf"", ""page"": 45, ""distance"": 0.7407907247543335}, {""rank"": 3, ""document"": ""gao-26-108615.pdf"", ""page"": 13, ""distance"": 0.752887487411499}, {""rank"": 4, ""document"": ""gao-26-108615.pdf"", ""page"": 9, ""distance"": 0.767464816570282}, {""rank"": 5, ""document"": ""gao-26-108615.pdf"", ""page"": 39, ""distance"": 0.7849832773208618}, {""rank"": 6, ""document"": ""gao-26-108615.pdf"", ""page"": 7, ""distance"": 0.8024048209190369}, {""rank"": 7, ""document"": ""gao-26-108615.pdf"", ""page"": 21, ""distance"": 0.8100895285606384}]",0.01273900002706796
EQ050,"How should an oversight team review reported savings from terminated contracts, grants, and leases?","Check the calculation method, supporting evidence, data-quality limitations, and whether reported savings are overstated or unverifiable.",GAO-26-108615,PDF pp. 2-3,8,False,"[{""rank"": 1, ""document"": ""gao-26-108615.pdf"", ""page"": 8, ""distance"": 0.7133315801620483}, {""rank"": 2, ""document"": ""gao-26-108615.pdf"", ""page"": 45, ""distance"": 0.7407907247543335}, {""rank"": 3, ""document"": ""gao-26-108615.pdf"", ""page"": 13, ""distance"": 0.752887487411499}, {""rank"": 4, ""document"": ""gao-26-108615.pdf"", ""page"": 9, ""distance"": 0.767464816570282}, {""rank"": 5, ""document"": ""gao-26-108615.pdf"", ""page"": 39, ""distance"": 0.7849832773208618}, {""rank"": 6, ""document"": ""gao-26-108615.pdf"", ""page"": 7, ""distance"": 0.8024048209190369}, {""rank"": 7, ""document"": ""gao-26-108615.pdf"", ""page"": 21, ""distance"": 0.8100895285606384}, {""rank"": 8, ""document"": ""gao-26-108615.pdf"", ""page"": 7, ""distance"": 0.8151242136955261}]",0.010927599971182644
EQ050,"How should an oversight team review reported savings from terminated contracts, grants, and leases?","Check the calculation method, supporting evidence, data-quality limitations, and whether reported savings are overstated or unverifiable.",GAO-26-108615,PDF pp. 2-3,9,False,"[{""rank"": 1, ""document"": ""gao-26-108615.pdf"", ""page"": 8, ""distance"": 0.7133315801620483}, {""rank"": 2, ""document"": ""gao-26-108615.pdf"", ""page"": 45, ""distance"": 0.7407907247543335}, {""rank"": 3, ""document"": ""gao-26-108615.pdf"", ""page"": 13, ""distance"": 0.752887487411499}, {""rank"": 4, ""document"": ""gao-26-108615.pdf"", ""page"": 9, ""distance"": 0.767464816570282}, {""rank"": 5, ""document"": ""gao-26-108615.pdf"", ""page"": 39, ""distance"": 0.7849832773208618}, {""rank"": 6, ""document"": ""gao-26-108615.pdf"", ""page"": 7, ""distance"": 0.8024048209190369}, {""rank"": 7, ""document"": ""gao-26-108615.pdf"", ""page"": 21, ""distance"": 0.8100895285606384}, {""rank"": 8, ""document"": ""gao-26-108615.pdf"", ""page"": 7, ""distance"": 0.8151242136955261}, {""rank"": 9, ""document"": ""gao-26-108615.pdf"", ""page"": 2, ""distance"": 0.8237906098365784}]",0.011529100011102855
EQ050,"How should an oversight team review reported savings from terminated contracts, grants, and leases?","Check the calculation method, supporting evidence, data-quality limitations, and whether reported savings are overstated or unverifiable.",GAO-26-108615,PDF pp. 2-3,10,False,"[{""rank"": 1, ""document"": ""gao-26-108615.pdf"", ""page"": 8, ""distance"": 0.7133315801620483}, {""rank"": 2, ""document"": ""gao-26-108615.pdf"", ""page"": 45, ""distance"": 0.7407907247543335}, {""rank"": 3, ""document"": ""gao-26-108615.pdf"", ""page"": 13, ""distance"": 0.752887487411499}, {""rank"": 4, ""document"": ""gao-26-108615.pdf"", ""page"": 9, ""distance"": 0.767464816570282}, {""rank"": 5, ""document"": ""gao-26-108615.pdf"", ""page"": 39, ""distance"": 0.7849832773208618}, {""rank"": 6, ""document"": ""gao-26-108615.pdf"", ""page"": 7, ""distance"": 0.8024048209190369}, {""rank"": 7, ""document"": ""gao-26-108615.pdf"", ""page"": 21, ""distance"": 0.8100895285606384}, {""rank"": 8, ""document"": ""gao-26-108615.pdf"", ""page"": 7, ""distance"": 0.8151242136955261}, {""rank"": 9, ""document"": ""gao-26-108615.pdf"", ""page"": 2, ""distance"": 0.8237906098365784}, {""rank"": 10, ""document"": ""gao-26-108615.pdf"", ""page"": 42, ""distance"": 0.8430097103118896}]",0.011486699979286641
EQ051,How should the Navy address its delayed hypersonic capability effort?,"Use a comprehensive Navy-Army strategy to guide investment decisions while addressing modernization, testing, funding, quality, and production challenges.",GAO-26-107974,PDF pp. 2-3,1,False,"[{""rank"": 1, ""document"": ""gao-26-107974.pdf"", ""page"": 1, ""distance"": 0.6574069261550903}]",0.01211800001328811
EQ051,How should the Navy address its delayed hypersonic capability effort?,"Use a comprehensive Navy-Army strategy to guide investment decisions while addressing modernization, testing, funding, quality, and production challenges.",GAO-26-107974,PDF pp. 2-3,2,False,"[{""rank"": 1, ""document"": ""gao-26-107974.pdf"", ""page"": 1, ""distance"": 0.6574069261550903}, {""rank"": 2, ""document"": ""gao-26-107974.pdf"", ""page"": 5, ""distance"": 0.7217938899993896}]",0.01298769999993965
EQ051,How should the Navy address its delayed hypersonic capability effort?,"Use a comprehensive Navy-Army strategy to guide investment decisions while addressing modernization, testing, funding, quality, and production challenges.",GAO-26-107974,PDF pp. 2-3,3,False,"[{""rank"": 1, ""document"": ""gao-26-107974.pdf"", ""page"": 1, ""distance"": 0.6574069261550903}, {""rank"": 2, ""document"": ""gao-26-107974.pdf"", ""page"": 5, ""distance"": 0.7217938899993896}, {""rank"": 3, ""document"": ""gao-26-107974.pdf"", ""page"": 2, ""distance"": 0.8978558778762817}]",0.010792699991725385
EQ051,How should the Navy address its delayed hypersonic capability effort?,"Use a comprehensive Navy-Army strategy to guide investment decisions while addressing modernization, testing, funding, quality, and production challenges.",GAO-26-107974,PDF pp. 2-3,4,False,"[{""rank"": 1, ""document"": ""gao-26-107974.pdf"", ""page"": 1, ""distance"": 0.6574069261550903}, {""rank"": 2, ""document"": ""gao-26-107974.pdf"", ""page"": 5, ""distance"": 0.7217938899993896}, {""rank"": 3, ""document"": ""gao-26-107974.pdf"", ""page"": 2, ""distance"": 0.8978558778762817}, {""rank"": 4, ""document"": ""gao-26-107974.pdf"", ""page"": 28, ""distance"": 0.9136773347854614}]",0.010912999976426363
EQ051,How should the Navy address its delayed hypersonic capability effort?,"Use a comprehensive Navy-Army strategy to guide investment decisions while addressing modernization, testing, funding, quality, and production challenges.",GAO-26-107974,PDF pp. 2-3,5,False,"[{""rank"": 1, ""document"": ""gao-26-107974.pdf"", ""page"": 1, ""distance"": 0.6574069261550903}, {""rank"": 2, ""document"": ""gao-26-107974.pdf"", ""page"": 5, ""distance"": 0.7217938899993896}, {""rank"": 3, ""document"": ""gao-26-107974.pdf"", ""page"": 2, ""distance"": 0.8978558778762817}, {""rank"": 4, ""document"": ""gao-26-107974.pdf"", ""page"": 28, ""distance"": 0.9136773347854614}, {""rank"": 5, ""document"": ""gao-26-900644.pdf"", ""page"": 97, ""distance"": 0.9496039152145386}]",0.01024979999056086
EQ051,How should the Navy address its delayed hypersonic capability effort?,"Use a comprehensive Navy-Army strategy to guide investment decisions while addressing modernization, testing, funding, quality, and production challenges.",GAO-26-107974,PDF pp. 2-3,6,False,"[{""rank"": 1, ""document"": ""gao-26-107974.pdf"", ""page"": 1, ""distance"": 0.6574069261550903}, {""rank"": 2, ""document"": ""gao-26-107974.pdf"", ""page"": 5, ""distance"": 0.7217938899993896}, {""rank"": 3, ""document"": ""gao-26-107974.pdf"", ""page"": 2, ""distance"": 0.8978558778762817}, {""rank"": 4, ""document"": ""gao-26-107974.pdf"", ""page"": 28, ""distance"": 0.9136773347854614}, {""rank"": 5, ""document"": ""gao-26-900644.pdf"", ""page"": 97, ""distance"": 0.9496039152145386}, {""rank"": 6, ""document"": ""gao-26-107974.pdf"", ""page"": 4, ""distance"": 0.9556424021720886}]",0.010081699991133064
EQ051,How should the Navy address its delayed hypersonic capability effort?,"Use a comprehensive Navy-Army strategy to guide investment decisions while addressing modernization, testing, funding, quality, and production challenges.",GAO-26-107974,PDF pp. 2-3,7,False,"[{""rank"": 1, ""document"": ""gao-26-107974.pdf"", ""page"": 1, ""distance"": 0.6574069261550903}, {""rank"": 2, ""document"": ""gao-26-107974.pdf"", ""page"": 5, ""distance"": 0.7217938899993896}, {""rank"": 3, ""document"": ""gao-26-107974.pdf"", ""page"": 2, ""distance"": 0.8978558778762817}, {""rank"": 4, ""document"": ""gao-26-107974.pdf"", ""page"": 28, ""distance"": 0.9136773347854614}, {""rank"": 5, ""document"": ""gao-26-900644.pdf"", ""page"": 97, ""distance"": 0.9496039152145386}, {""rank"": 6, ""document"": ""gao-26-107974.pdf"", ""page"": 4, ""distance"": 0.9556424021720886}, {""rank"": 7, ""document"": ""gao-26-107974.pdf"", ""page"": 9, ""distance"": 0.9581948518753052}]",0.009691699990071356
EQ051,How should the Navy address its delayed hypersonic capability effort?,"Use a comprehensive Navy-Army strategy to guide investment decisions while addressing modernization, testing, funding, quality, and production challenges.",GAO-26-107974,PDF pp. 2-3,8,False,"[{""rank"": 1, ""document"": ""gao-26-107974.pdf"", ""page"": 1, ""distance"": 0.6574069261550903}, {""rank"": 2, ""document"": ""gao-26-107974.pdf"", ""page"": 5, ""distance"": 0.7217938899993896}, {""rank"": 3, ""document"": ""gao-26-107974.pdf"", ""page"": 2, ""distance"": 0.8978558778762817}, {""rank"": 4, ""document"": ""gao-26-107974.pdf"", ""page"": 28, ""distance"": 0.9136773347854614}, {""rank"": 5, ""document"": ""gao-26-900644.pdf"", ""page"": 97, ""distance"": 0.9496039152145386}, {""rank"": 6, ""document"": ""gao-26-107974.pdf"", ""page"": 4, ""distance"": 0.9556424021720886}, {""rank"": 7, ""document"": ""gao-26-107974.pdf"", ""page"": 9, ""distance"": 0.9581948518753052}, {""rank"": 8, ""document"": ""gao-26-107974.pdf"", ""page"": 11, ""distance"": 0.9707037210464478}]",0.012029899982735515
EQ051,How should the Navy address its delayed hypersonic capability effort?,"Use a comprehensive Navy-Army strategy to guide investment decisions while addressing modernization, testing, funding, quality, and production challenges.",GAO-26-107974,PDF pp. 2-3,9,False,"[{""rank"": 1, ""document"": ""gao-26-107974.pdf"", ""page"": 1, ""distance"": 0.6574069261550903}, {""rank"": 2, ""document"": ""gao-26-107974.pdf"", ""page"": 5, ""distance"": 0.7217938899993896}, {""rank"": 3, ""document"": ""gao-26-107974.pdf"", ""page"": 2, ""distance"": 0.8978558778762817}, {""rank"": 4, ""document"": ""gao-26-107974.pdf"", ""page"": 28, ""distance"": 0.9136773347854614}, {""rank"": 5, ""document"": ""gao-26-900644.pdf"", ""page"": 97, ""distance"": 0.9496039152145386}, {""rank"": 6, ""document"": ""gao-26-107974.pdf"", ""page"": 4, ""distance"": 0.9556424021720886}, {""rank"": 7, ""document"": ""gao-26-107974.pdf"", ""page"": 9, ""distance"": 0.9581948518753052}, {""rank"": 8, ""document"": ""gao-26-107974.pdf"", ""page"": 11, ""distance"": 0.9707037210464478}, {""rank"": 9, ""document"": ""gao-26-107974.pdf"", ""page"": 27, ""distance"": 0.97144615650177}]",0.012559700000565499
EQ051,How should the Navy address its delayed hypersonic capability effort?,"Use a comprehensive Navy-Army strategy to guide investment decisions while addressing modernization, testing, funding, quality, and production challenges.",GAO-26-107974,PDF pp. 2-3,10,False,"[{""rank"": 1, ""document"": ""gao-26-107974.pdf"", ""page"": 1, ""distance"": 0.6574069261550903}, {""rank"": 2, ""document"": ""gao-26-107974.pdf"", ""page"": 5, ""distance"": 0.7217938899993896}, {""rank"": 3, ""document"": ""gao-26-107974.pdf"", ""page"": 2, ""distance"": 0.8978558778762817}, {""rank"": 4, ""document"": ""gao-26-107974.pdf"", ""page"": 28, ""distance"": 0.9136773347854614}, {""rank"": 5, ""document"": ""gao-26-900644.pdf"", ""page"": 97, ""distance"": 0.9496039152145386}, {""rank"": 6, ""document"": ""gao-26-107974.pdf"", ""page"": 4, ""distance"": 0.9556424021720886}, {""rank"": 7, ""document"": ""gao-26-107974.pdf"", ""page"": 9, ""distance"": 0.9581948518753052}, {""rank"": 8, ""document"": ""gao-26-107974.pdf"", ""page"": 11, ""distance"": 0.9707037210464478}, {""rank"": 9, ""document"": ""gao-26-107974.pdf"", ""page"": 27, ""distance"": 0.97144615650177}, {""rank"": 10, ""document"": ""gao-26-107974.pdf"", ""page"": 2, ""distance"": 0.9764549732208252}]",0.011219399981200695
EQ052,How should an agency prepare for a software-supply-chain disruption like the CrowdStrike outage?,"Manage supply-chain risk, test updates and contingency plans, and establish timely information-sharing arrangements to detect, mitigate, and recover from disruption.",GAO-24-107733,PDF pp. 1-2,1,False,"[{""rank"": 1, ""document"": ""gao-24-107231.pdf"", ""page"": 22, ""distance"": 0.99869704246521}]",0.013345899991691113
EQ052,How should an agency prepare for a software-supply-chain disruption like the CrowdStrike outage?,"Manage supply-chain risk, test updates and contingency plans, and establish timely information-sharing arrangements to detect, mitigate, and recover from disruption.",GAO-24-107733,PDF pp. 1-2,2,False,"[{""rank"": 1, ""document"": ""gao-24-107231.pdf"", ""page"": 22, ""distance"": 0.99869704246521}, {""rank"": 2, ""document"": ""gao-24-107733.pdf"", ""page"": 1, ""distance"": 1.0803217887878418}]",0.013195800012908876
EQ052,How should an agency prepare for a software-supply-chain disruption like the CrowdStrike outage?,"Manage supply-chain risk, test updates and contingency plans, and establish timely information-sharing arrangements to detect, mitigate, and recover from disruption.",GAO-24-107733,PDF pp. 1-2,3,False,"[{""rank"": 1, ""document"": ""gao-24-107231.pdf"", ""page"": 22, ""distance"": 0.99869704246521}, {""rank"": 2, ""document"": ""gao-24-107733.pdf"", ""page"": 1, ""distance"": 1.0803217887878418}, {""rank"": 3, ""document"": ""gao-24-107231.pdf"", ""page"": 23, ""distance"": 1.120399832725525}]",0.014051000005565584
EQ052,How should an agency prepare for a software-supply-chain disruption like the CrowdStrike outage?,"Manage supply-chain risk, test updates and contingency plans, and establish timely information-sharing arrangements to detect, mitigate, and recover from disruption.",GAO-24-107733,PDF pp. 1-2,4,False,"[{""rank"": 1, ""document"": ""gao-24-107231.pdf"", ""page"": 22, ""distance"": 0.99869704246521}, {""rank"": 2, ""document"": ""gao-24-107733.pdf"", ""page"": 1, ""distance"": 1.0803217887878418}, {""rank"": 3, ""document"": ""gao-24-107231.pdf"", ""page"": 23, ""distance"": 1.120399832725525}, {""rank"": 4, ""document"": ""d24106576.pdf"", ""page"": 3, ""distance"": 1.1368061304092407}]",0.010638200037647039
EQ052,How should an agency prepare for a software-supply-chain disruption like the CrowdStrike outage?,"Manage supply-chain risk, test updates and contingency plans, and establish timely information-sharing arrangements to detect, mitigate, and recover from disruption.",GAO-24-107733,PDF pp. 1-2,5,False,"[{""rank"": 1, ""document"": ""gao-24-107231.pdf"", ""page"": 22, ""distance"": 0.99869704246521}, {""rank"": 2, ""document"": ""gao-24-107733.pdf"", ""page"": 1, ""distance"": 1.0803217887878418}, {""rank"": 3, ""document"": ""gao-24-107231.pdf"", ""page"": 23, ""distance"": 1.120399832725525}, {""rank"": 4, ""document"": ""d24106576.pdf"", ""page"": 3, ""distance"": 1.1368061304092407}, {""rank"": 5, ""document"": ""gao-24-107231.pdf"", ""page"": 49, ""distance"": 1.1474319696426392}]",0.011445999960415065
EQ052,How should an agency prepare for a software-supply-chain disruption like the CrowdStrike outage?,"Manage supply-chain risk, test updates and contingency plans, and establish timely information-sharing arrangements to detect, mitigate, and recover from disruption.",GAO-24-107733,PDF pp. 1-2,6,False,"[{""rank"": 1, ""document"": ""gao-24-107231.pdf"", ""page"": 22, ""distance"": 0.99869704246521}, {""rank"": 2, ""document"": ""gao-24-107733.pdf"", ""page"": 1, ""distance"": 1.0803217887878418}, {""rank"": 3, ""document"": ""gao-24-107231.pdf"", ""page"": 23, ""distance"": 1.120399832725525}, {""rank"": 4, ""document"": ""d24106576.pdf"", ""page"": 3, ""distance"": 1.1368061304092407}, {""rank"": 5, ""document"": ""gao-24-107231.pdf"", ""page"": 49, ""distance"": 1.1474319696426392}, {""rank"": 6, ""document"": ""gao-24-107231-highlights.pdf"", ""page"": 2, ""distance"": 1.160032868385315}]",0.012468699947930872
EQ052,How should an agency prepare for a software-supply-chain disruption like the CrowdStrike outage?,"Manage supply-chain risk, test updates and contingency plans, and establish timely information-sharing arrangements to detect, mitigate, and recover from disruption.",GAO-24-107733,PDF pp. 1-2,7,False,"[{""rank"": 1, ""document"": ""gao-24-107231.pdf"", ""page"": 22, ""distance"": 0.99869704246521}, {""rank"": 2, ""document"": ""gao-24-107733.pdf"", ""page"": 1, ""distance"": 1.0803217887878418}, {""rank"": 3, ""document"": ""gao-24-107231.pdf"", ""page"": 23, ""distance"": 1.120399832725525}, {""rank"": 4, ""document"": ""d24106576.pdf"", ""page"": 3, ""distance"": 1.1368061304092407}, {""rank"": 5, ""document"": ""gao-24-107231.pdf"", ""page"": 49, ""distance"": 1.1474319696426392}, {""rank"": 6, ""document"": ""gao-24-107231-highlights.pdf"", ""page"": 2, ""distance"": 1.160032868385315}, {""rank"": 7, ""document"": ""gao-24-107231.pdf"", ""page"": 3, ""distance"": 1.160032868385315}]",0.010072299977764487
EQ052,How should an agency prepare for a software-supply-chain disruption like the CrowdStrike outage?,"Manage supply-chain risk, test updates and contingency plans, and establish timely information-sharing arrangements to detect, mitigate, and recover from disruption.",GAO-24-107733,PDF pp. 1-2,8,False,"[{""rank"": 1, ""document"": ""gao-24-107231.pdf"", ""page"": 22, ""distance"": 0.99869704246521}, {""rank"": 2, ""document"": ""gao-24-107733.pdf"", ""page"": 1, ""distance"": 1.0803217887878418}, {""rank"": 3, ""document"": ""gao-24-107231.pdf"", ""page"": 23, ""distance"": 1.120399832725525}, {""rank"": 4, ""document"": ""d24106576.pdf"", ""page"": 3, ""distance"": 1.1368061304092407}, {""rank"": 5, ""document"": ""gao-24-107231.pdf"", ""page"": 49, ""distance"": 1.1474319696426392}, {""rank"": 6, ""document"": ""gao-24-107231-highlights.pdf"", ""page"": 2, ""distance"": 1.160032868385315}, {""rank"": 7, ""document"": ""gao-24-107231.pdf"", ""page"": 3, ""distance"": 1.160032868385315}, {""rank"": 8, ""document"": ""d24105658.pdf"", ""page"": 34, ""distance"": 1.1716396808624268}]",0.012679800041951239
EQ052,How should an agency prepare for a software-supply-chain disruption like the CrowdStrike outage?,"Manage supply-chain risk, test updates and contingency plans, and establish timely information-sharing arrangements to detect, mitigate, and recover from disruption.",GAO-24-107733,PDF pp. 1-2,9,False,"[{""rank"": 1, ""document"": ""gao-24-107231.pdf"", ""page"": 22, ""distance"": 0.99869704246521}, {""rank"": 2, ""document"": ""gao-24-107733.pdf"", ""page"": 1, ""distance"": 1.0803217887878418}, {""rank"": 3, ""document"": ""gao-24-107231.pdf"", ""page"": 23, ""distance"": 1.120399832725525}, {""rank"": 4, ""document"": ""d24106576.pdf"", ""page"": 3, ""distance"": 1.1368061304092407}, {""rank"": 5, ""document"": ""gao-24-107231.pdf"", ""page"": 49, ""distance"": 1.1474319696426392}, {""rank"": 6, ""document"": ""gao-24-107231-highlights.pdf"", ""page"": 2, ""distance"": 1.160032868385315}, {""rank"": 7, ""document"": ""gao-24-107231.pdf"", ""page"": 3, ""distance"": 1.160032868385315}, {""rank"": 8, ""document"": ""d24105658.pdf"", ""page"": 34, ""distance"": 1.1716396808624268}, {""rank"": 9, ""document"": ""d24106576.pdf"", ""page"": 43, ""distance"": 1.176100492477417}]",0.012694000033661723
EQ052,How should an agency prepare for a software-supply-chain disruption like the CrowdStrike outage?,"Manage supply-chain risk, test updates and contingency plans, and establish timely information-sharing arrangements to detect, mitigate, and recover from disruption.",GAO-24-107733,PDF pp. 1-2,10,False,"[{""rank"": 1, ""document"": ""gao-24-107231.pdf"", ""page"": 22, ""distance"": 0.99869704246521}, {""rank"": 2, ""document"": ""gao-24-107733.pdf"", ""page"": 1, ""distance"": 1.0803217887878418}, {""rank"": 3, ""document"": ""gao-24-107231.pdf"", ""page"": 23, ""distance"": 1.120399832725525}, {""rank"": 4, ""document"": ""d24106576.pdf"", ""page"": 3, ""distance"": 1.1368061304092407}, {""rank"": 5, ""document"": ""gao-24-107231.pdf"", ""page"": 49, ""distance"": 1.1474319696426392}, {""rank"": 6, ""document"": ""gao-24-107231-highlights.pdf"", ""page"": 2, ""distance"": 1.160032868385315}, {""rank"": 7, ""document"": ""gao-24-107231.pdf"", ""page"": 3, ""distance"": 1.160032868385315}, {""rank"": 8, ""document"": ""d24105658.pdf"", ""page"": 34, ""distance"": 1.1716396808624268}, {""rank"": 9, ""document"": ""d24106576.pdf"", ""page"": 43, ""distance"": 1.176100492477417}, {""rank"": 10, ""document"": ""d24106576.pdf"", ""page"": 10, ""distance"": 1.1916005611419678}]",0.013387299957685173
EQ053,How should federal leaders close gaps in a national cybersecurity strategy?,"Add outcome measures and resource/cost estimates, then strengthen oversight of supply-chain, workforce, and emerging-technology risks.",GAO-24-106916; GAO-24-107231,PDF pp. 2-3,1,False,"[{""rank"": 1, ""document"": ""d24106916.pdf"", ""page"": 14, ""distance"": 0.6133249998092651}]",0.011627200001385063
EQ053,How should federal leaders close gaps in a national cybersecurity strategy?,"Add outcome measures and resource/cost estimates, then strengthen oversight of supply-chain, workforce, and emerging-technology risks.",GAO-24-106916; GAO-24-107231,PDF pp. 2-3,2,False,"[{""rank"": 1, ""document"": ""d24106916.pdf"", ""page"": 14, ""distance"": 0.6133249998092651}, {""rank"": 2, ""document"": ""gao-24-107231.pdf"", ""page"": 18, ""distance"": 0.6441642642021179}]",0.012587400036863983
EQ053,How should federal leaders close gaps in a national cybersecurity strategy?,"Add outcome measures and resource/cost estimates, then strengthen oversight of supply-chain, workforce, and emerging-technology risks.",GAO-24-106916; GAO-24-107231,PDF pp. 2-3,3,False,"[{""rank"": 1, ""document"": ""d24106916.pdf"", ""page"": 14, ""distance"": 0.6133249998092651}, {""rank"": 2, ""document"": ""gao-24-107231.pdf"", ""page"": 18, ""distance"": 0.6441642642021179}, {""rank"": 3, ""document"": ""d24106916.pdf"", ""page"": 16, ""distance"": 0.6784714460372925}]",0.012655999977141619
EQ053,How should federal leaders close gaps in a national cybersecurity strategy?,"Add outcome measures and resource/cost estimates, then strengthen oversight of supply-chain, workforce, and emerging-technology risks.",GAO-24-106916; GAO-24-107231,PDF pp. 2-3,4,False,"[{""rank"": 1, ""document"": ""d24106916.pdf"", ""page"": 14, ""distance"": 0.6133249998092651}, {""rank"": 2, ""document"": ""gao-24-107231.pdf"", ""page"": 18, ""distance"": 0.6441642642021179}, {""rank"": 3, ""document"": ""d24106916.pdf"", ""page"": 16, ""distance"": 0.6784714460372925}, {""rank"": 4, ""document"": ""d24106916.pdf"", ""page"": 13, ""distance"": 0.6882823705673218}]",0.013249600015114993
EQ053,How should federal leaders close gaps in a national cybersecurity strategy?,"Add outcome measures and resource/cost estimates, then strengthen oversight of supply-chain, workforce, and emerging-technology risks.",GAO-24-106916; GAO-24-107231,PDF pp. 2-3,5,False,"[{""rank"": 1, ""document"": ""d24106916.pdf"", ""page"": 14, ""distance"": 0.6133249998092651}, {""rank"": 2, ""document"": ""gao-24-107231.pdf"", ""page"": 18, ""distance"": 0.6441642642021179}, {""rank"": 3, ""document"": ""d24106916.pdf"", ""page"": 16, ""distance"": 0.6784714460372925}, {""rank"": 4, ""document"": ""d24106916.pdf"", ""page"": 13, ""distance"": 0.6882823705673218}, {""rank"": 5, ""document"": ""d24106916.pdf"", ""page"": 9, ""distance"": 0.699711263179779}]",0.010240399977192283
EQ053,How should federal leaders close gaps in a national cybersecurity strategy?,"Add outcome measures and resource/cost estimates, then strengthen oversight of supply-chain, workforce, and emerging-technology risks.",GAO-24-106916; GAO-24-107231,PDF pp. 2-3,6,False,"[{""rank"": 1, ""document"": ""d24106916.pdf"", ""page"": 14, ""distance"": 0.6133249998092651}, {""rank"": 2, ""document"": ""gao-24-107231.pdf"", ""page"": 18, ""distance"": 0.6441642642021179}, {""rank"": 3, ""document"": ""d24106916.pdf"", ""page"": 16, ""distance"": 0.6784714460372925}, {""rank"": 4, ""document"": ""d24106916.pdf"", ""page"": 13, ""distance"": 0.6882823705673218}, {""rank"": 5, ""document"": ""d24106916.pdf"", ""page"": 9, ""distance"": 0.699711263179779}, {""rank"": 6, ""document"": ""d24106916.pdf"", ""page"": 27, ""distance"": 0.7328092455863953}]",0.011779899999964982
EQ053,How should federal leaders close gaps in a national cybersecurity strategy?,"Add outcome measures and resource/cost estimates, then strengthen oversight of supply-chain, workforce, and emerging-technology risks.",GAO-24-106916; GAO-24-107231,PDF pp. 2-3,7,False,"[{""rank"": 1, ""document"": ""d24106916.pdf"", ""page"": 14, ""distance"": 0.6133249998092651}, {""rank"": 2, ""document"": ""gao-24-107231.pdf"", ""page"": 18, ""distance"": 0.6441642642021179}, {""rank"": 3, ""document"": ""d24106916.pdf"", ""page"": 16, ""distance"": 0.6784714460372925}, {""rank"": 4, ""document"": ""d24106916.pdf"", ""page"": 13, ""distance"": 0.6882823705673218}, {""rank"": 5, ""document"": ""d24106916.pdf"", ""page"": 9, ""distance"": 0.699711263179779}, {""rank"": 6, ""document"": ""d24106916.pdf"", ""page"": 27, ""distance"": 0.7328092455863953}, {""rank"": 7, ""document"": ""d24106916.pdf"", ""page"": 11, ""distance"": 0.7351216077804565}]",0.011942399956751615
EQ053,How should federal leaders close gaps in a national cybersecurity strategy?,"Add outcome measures and resource/cost estimates, then strengthen oversight of supply-chain, workforce, and emerging-technology risks.",GAO-24-106916; GAO-24-107231,PDF pp. 2-3,8,False,"[{""rank"": 1, ""document"": ""d24106916.pdf"", ""page"": 14, ""distance"": 0.6133249998092651}, {""rank"": 2, ""document"": ""gao-24-107231.pdf"", ""page"": 18, ""distance"": 0.6441642642021179}, {""rank"": 3, ""document"": ""d24106916.pdf"", ""page"": 16, ""distance"": 0.6784714460372925}, {""rank"": 4, ""document"": ""d24106916.pdf"", ""page"": 13, ""distance"": 0.6882823705673218}, {""rank"": 5, ""document"": ""d24106916.pdf"", ""page"": 9, ""distance"": 0.699711263179779}, {""rank"": 6, ""document"": ""d24106916.pdf"", ""page"": 27, ""distance"": 0.7328092455863953}, {""rank"": 7, ""document"": ""d24106916.pdf"", ""page"": 11, ""distance"": 0.7351216077804565}, {""rank"": 8, ""document"": ""gao-16-885t.pdf"", ""page"": 15, ""distance"": 0.7361064553260803}]",0.013441599963698536
EQ053,How should federal leaders close gaps in a national cybersecurity strategy?,"Add outcome measures and resource/cost estimates, then strengthen oversight of supply-chain, workforce, and emerging-technology risks.",GAO-24-106916; GAO-24-107231,PDF pp. 2-3,9,False,"[{""rank"": 1, ""document"": ""d24106916.pdf"", ""page"": 14, ""distance"": 0.6133249998092651}, {""rank"": 2, ""document"": ""gao-24-107231.pdf"", ""page"": 18, ""distance"": 0.6441642642021179}, {""rank"": 3, ""document"": ""d24106916.pdf"", ""page"": 16, ""distance"": 0.6784714460372925}, {""rank"": 4, ""document"": ""d24106916.pdf"", ""page"": 13, ""distance"": 0.6882823705673218}, {""rank"": 5, ""document"": ""d24106916.pdf"", ""page"": 9, ""distance"": 0.699711263179779}, {""rank"": 6, ""document"": ""d24106916.pdf"", ""page"": 27, ""distance"": 0.7328092455863953}, {""rank"": 7, ""document"": ""d24106916.pdf"", ""page"": 11, ""distance"": 0.7351216077804565}, {""rank"": 8, ""document"": ""gao-16-885t.pdf"", ""page"": 15, ""distance"": 0.7361064553260803}, {""rank"": 9, ""document"": ""d24106916.pdf"", ""page"": 10, ""distance"": 0.7484130263328552}]",0.010560200025793165
EQ053,How should federal leaders close gaps in a national cybersecurity strategy?,"Add outcome measures and resource/cost estimates, then strengthen oversight of supply-chain, workforce, and emerging-technology risks.",GAO-24-106916; GAO-24-107231,PDF pp. 2-3,10,False,"[{""rank"": 1, ""document"": ""d24106916.pdf"", ""page"": 14, ""distance"": 0.6133249998092651}, {""rank"": 2, ""document"": ""gao-24-107231.pdf"", ""page"": 18, ""distance"": 0.6441642642021179}, {""rank"": 3, ""document"": ""d24106916.pdf"", ""page"": 16, ""distance"": 0.6784714460372925}, {""rank"": 4, ""document"": ""d24106916.pdf"", ""page"": 13, ""distance"": 0.6882823705673218}, {""rank"": 5, ""document"": ""d24106916.pdf"", ""page"": 9, ""distance"": 0.699711263179779}, {""rank"": 6, ""document"": ""d24106916.pdf"", ""page"": 27, ""distance"": 0.7328092455863953}, {""rank"": 7, ""document"": ""d24106916.pdf"", ""page"": 11, ""distance"": 0.7351216077804565}, {""rank"": 8, ""document"": ""gao-16-885t.pdf"", ""page"": 15, ""distance"": 0.7361064553260803}, {""rank"": 9, ""document"": ""d24106916.pdf"", ""page"": 10, ""distance"": 0.7484130263328552}, {""rank"": 10, ""document"": ""d24106916.pdf"", ""page"": 15, ""distance"": 0.7564234137535095}]",0.011583000014070421
EQ054,How should a cybersecurity program address deficiencies across the five core security functions?,"Assess and remediate deficiencies in identifying risk, protecting systems, detecting events, responding to events, and recovering operations, using the report's recommendations as the remediation agenda.",GAO-22-104467,PDF p. 1,1,False,"[{""rank"": 1, ""document"": ""gao-24-107231.pdf"", ""page"": 14, ""distance"": 0.8415838479995728}]",0.011874200019519776
EQ054,How should a cybersecurity program address deficiencies across the five core security functions?,"Assess and remediate deficiencies in identifying risk, protecting systems, detecting events, responding to events, and recovering operations, using the report's recommendations as the remediation agenda.",GAO-22-104467,PDF p. 1,2,False,"[{""rank"": 1, ""document"": ""gao-24-107231.pdf"", ""page"": 14, ""distance"": 0.8415838479995728}, {""rank"": 2, ""document"": ""gao-24-107231.pdf"", ""page"": 36, ""distance"": 0.8580460548400879}]",0.013932799978647381
EQ054,How should a cybersecurity program address deficiencies across the five core security functions?,"Assess and remediate deficiencies in identifying risk, protecting systems, detecting events, responding to events, and recovering operations, using the report's recommendations as the remediation agenda.",GAO-22-104467,PDF p. 1,3,False,"[{""rank"": 1, ""document"": ""gao-24-107231.pdf"", ""page"": 14, ""distance"": 0.8415838479995728}, {""rank"": 2, ""document"": ""gao-24-107231.pdf"", ""page"": 36, ""distance"": 0.8580460548400879}, {""rank"": 3, ""document"": ""gao-16-885t.pdf"", ""page"": 11, ""distance"": 0.8715318441390991}]",0.01125440001487732
EQ054,How should a cybersecurity program address deficiencies across the five core security functions?,"Assess and remediate deficiencies in identifying risk, protecting systems, detecting events, responding to events, and recovering operations, using the report's recommendations as the remediation agenda.",GAO-22-104467,PDF p. 1,4,False,"[{""rank"": 1, ""document"": ""gao-24-107231.pdf"", ""page"": 14, ""distance"": 0.8415838479995728}, {""rank"": 2, ""document"": ""gao-24-107231.pdf"", ""page"": 36, ""distance"": 0.8580460548400879}, {""rank"": 3, ""document"": ""gao-16-885t.pdf"", ""page"": 11, ""distance"": 0.8715318441390991}, {""rank"": 4, ""document"": ""gao-24-107231.pdf"", ""page"": 13, ""distance"": 0.875893235206604}]",0.014207499974872917
EQ054,How should a cybersecurity program address deficiencies across the five core security functions?,"Assess and remediate deficiencies in identifying risk, protecting systems, detecting events, responding to events, and recovering operations, using the report's recommendations as the remediation agenda.",GAO-22-104467,PDF p. 1,5,False,"[{""rank"": 1, ""document"": ""gao-24-107231.pdf"", ""page"": 14, ""distance"": 0.8415838479995728}, {""rank"": 2, ""document"": ""gao-24-107231.pdf"", ""page"": 36, ""distance"": 0.8580460548400879}, {""rank"": 3, ""document"": ""gao-16-885t.pdf"", ""page"": 11, ""distance"": 0.8715318441390991}, {""rank"": 4, ""document"": ""gao-24-107231.pdf"", ""page"": 13, ""distance"": 0.875893235206604}, {""rank"": 5, ""document"": ""gao-22-104467-highlights.pdf"", ""page"": 1, ""distance"": 0.8790206909179688}]",0.020188800001051277
EQ054,How should a cybersecurity program address deficiencies across the five core security functions?,"Assess and remediate deficiencies in identifying risk, protecting systems, detecting events, responding to events, and recovering operations, using the report's recommendations as the remediation agenda.",GAO-22-104467,PDF p. 1,6,False,"[{""rank"": 1, ""document"": ""gao-24-107231.pdf"", ""page"": 14, ""distance"": 0.8415838479995728}, {""rank"": 2, ""document"": ""gao-24-107231.pdf"", ""page"": 36, ""distance"": 0.8580460548400879}, {""rank"": 3, ""document"": ""gao-16-885t.pdf"", ""page"": 11, ""distance"": 0.8715318441390991}, {""rank"": 4, ""document"": ""gao-24-107231.pdf"", ""page"": 13, ""distance"": 0.875893235206604}, {""rank"": 5, ""document"": ""gao-22-104467-highlights.pdf"", ""page"": 1, ""distance"": 0.8790206909179688}, {""rank"": 6, ""document"": ""d24106916.pdf"", ""page"": 14, ""distance"": 0.8850411772727966}]",0.012839099974371493
EQ054,How should a cybersecurity program address deficiencies across the five core security functions?,"Assess and remediate deficiencies in identifying risk, protecting systems, detecting events, responding to events, and recovering operations, using the report's recommendations as the remediation agenda.",GAO-22-104467,PDF p. 1,7,False,"[{""rank"": 1, ""document"": ""gao-24-107231.pdf"", ""page"": 14, ""distance"": 0.8415838479995728}, {""rank"": 2, ""document"": ""gao-24-107231.pdf"", ""page"": 36, ""distance"": 0.8580460548400879}, {""rank"": 3, ""document"": ""gao-16-885t.pdf"", ""page"": 11, ""distance"": 0.8715318441390991}, {""rank"": 4, ""document"": ""gao-24-107231.pdf"", ""page"": 13, ""distance"": 0.875893235206604}, {""rank"": 5, ""document"": ""gao-22-104467-highlights.pdf"", ""page"": 1, ""distance"": 0.8790206909179688}, {""rank"": 6, ""document"": ""d24106916.pdf"", ""page"": 14, ""distance"": 0.8850411772727966}, {""rank"": 7, ""document"": ""gao-24-107231-highlights.pdf"", ""page"": 1, ""distance"": 0.8923412561416626}]",0.012153199990279973
EQ054,How should a cybersecurity program address deficiencies across the five core security functions?,"Assess and remediate deficiencies in identifying risk, protecting systems, detecting events, responding to events, and recovering operations, using the report's recommendations as the remediation agenda.",GAO-22-104467,PDF p. 1,8,False,"[{""rank"": 1, ""document"": ""gao-24-107231.pdf"", ""page"": 14, ""distance"": 0.8415838479995728}, {""rank"": 2, ""document"": ""gao-24-107231.pdf"", ""page"": 36, ""distance"": 0.8580460548400879}, {""rank"": 3, ""document"": ""gao-16-885t.pdf"", ""page"": 11, ""distance"": 0.8715318441390991}, {""rank"": 4, ""document"": ""gao-24-107231.pdf"", ""page"": 13, ""distance"": 0.875893235206604}, {""rank"": 5, ""document"": ""gao-22-104467-highlights.pdf"", ""page"": 1, ""distance"": 0.8790206909179688}, {""rank"": 6, ""document"": ""d24106916.pdf"", ""page"": 14, ""distance"": 0.8850411772727966}, {""rank"": 7, ""document"": ""gao-24-107231-highlights.pdf"", ""page"": 1, ""distance"": 0.8923412561416626}, {""rank"": 8, ""document"": ""gao-24-107231.pdf"", ""page"": 2, ""distance"": 0.8923412561416626}]",0.011443199997302145
EQ054,How should a cybersecurity program address deficiencies across the five core security functions?,"Assess and remediate deficiencies in identifying risk, protecting systems, detecting events, responding to events, and recovering operations, using the report's recommendations as the remediation agenda.",GAO-22-104467,PDF p. 1,9,False,"[{""rank"": 1, ""document"": ""gao-24-107231.pdf"", ""page"": 14, ""distance"": 0.8415838479995728}, {""rank"": 2, ""document"": ""gao-24-107231.pdf"", ""page"": 36, ""distance"": 0.8580460548400879}, {""rank"": 3, ""document"": ""gao-16-885t.pdf"", ""page"": 11, ""distance"": 0.8715318441390991}, {""rank"": 4, ""document"": ""gao-24-107231.pdf"", ""page"": 13, ""distance"": 0.875893235206604}, {""rank"": 5, ""document"": ""gao-22-104467-highlights.pdf"", ""page"": 1, ""distance"": 0.8790206909179688}, {""rank"": 6, ""document"": ""d24106916.pdf"", ""page"": 14, ""distance"": 0.8850411772727966}, {""rank"": 7, ""document"": ""gao-24-107231-highlights.pdf"", ""page"": 1, ""distance"": 0.8923412561416626}, {""rank"": 8, ""document"": ""gao-24-107231.pdf"", ""page"": 2, ""distance"": 0.8923412561416626}, {""rank"": 9, ""document"": ""gao-24-107231.pdf"", ""page"": 25, ""distance"": 0.9061169028282166}]",0.010818100010510534
EQ054,How should a cybersecurity program address deficiencies across the five core security functions?,"Assess and remediate deficiencies in identifying risk, protecting systems, detecting events, responding to events, and recovering operations, using the report's recommendations as the remediation agenda.",GAO-22-104467,PDF p. 1,10,False,"[{""rank"": 1, ""document"": ""gao-24-107231.pdf"", ""page"": 14, ""distance"": 0.8415838479995728}, {""rank"": 2, ""document"": ""gao-24-107231.pdf"", ""page"": 36, ""distance"": 0.8580460548400879}, {""rank"": 3, ""document"": ""gao-16-885t.pdf"", ""page"": 11, ""distance"": 0.8715318441390991}, {""rank"": 4, ""document"": ""gao-24-107231.pdf"", ""page"": 13, ""distance"": 0.875893235206604}, {""rank"": 5, ""document"": ""gao-22-104467-highlights.pdf"", ""page"": 1, ""distance"": 0.8790206909179688}, {""rank"": 6, ""document"": ""d24106916.pdf"", ""page"": 14, ""distance"": 0.8850411772727966}, {""rank"": 7, ""document"": ""gao-24-107231-highlights.pdf"", ""page"": 1, ""distance"": 0.8923412561416626}, {""rank"": 8, ""document"": ""gao-24-107231.pdf"", ""page"": 2, ""distance"": 0.8923412561416626}, {""rank"": 9, ""document"": ""gao-24-107231.pdf"", ""page"": 25, ""distance"": 0.9061169028282166}, {""rank"": 10, ""document"": ""gao-24-107231.pdf"", ""page"": 87, ""distance"": 0.910224974155426}]",0.010038500011432916
EQ055,How should a critical-infrastructure operator use CISA OT services while managing their limitations?,"Use relevant CISA products and services, document negative experiences or disclosure delays, and coordinate with partners to improve information-sharing processes.",GAO-24-106576,PDF pp. 2-3,1,False,"[{""rank"": 1, ""document"": ""d24106576.pdf"", ""page"": 43, ""distance"": 0.5793259143829346}]",0.0143462999840267
EQ055,How should a critical-infrastructure operator use CISA OT services while managing their limitations?,"Use relevant CISA products and services, document negative experiences or disclosure delays, and coordinate with partners to improve information-sharing processes.",GAO-24-106576,PDF pp. 2-3,2,False,"[{""rank"": 1, ""document"": ""d24106576.pdf"", ""page"": 43, ""distance"": 0.5793259143829346}, {""rank"": 2, ""document"": ""d24106576.pdf"", ""page"": 30, ""distance"": 0.6156466603279114}]",0.010003500035963953
EQ055,How should a critical-infrastructure operator use CISA OT services while managing their limitations?,"Use relevant CISA products and services, document negative experiences or disclosure delays, and coordinate with partners to improve information-sharing processes.",GAO-24-106576,PDF pp. 2-3,3,False,"[{""rank"": 1, ""document"": ""d24106576.pdf"", ""page"": 43, ""distance"": 0.5793259143829346}, {""rank"": 2, ""document"": ""d24106576.pdf"", ""page"": 30, ""distance"": 0.6156466603279114}, {""rank"": 3, ""document"": ""d24106576.pdf"", ""page"": 65, ""distance"": 0.6197145581245422}]",0.010340499982703477
EQ055,How should a critical-infrastructure operator use CISA OT services while managing their limitations?,"Use relevant CISA products and services, document negative experiences or disclosure delays, and coordinate with partners to improve information-sharing processes.",GAO-24-106576,PDF pp. 2-3,4,False,"[{""rank"": 1, ""document"": ""d24106576.pdf"", ""page"": 43, ""distance"": 0.5793259143829346}, {""rank"": 2, ""document"": ""d24106576.pdf"", ""page"": 30, ""distance"": 0.6156466603279114}, {""rank"": 3, ""document"": ""d24106576.pdf"", ""page"": 65, ""distance"": 0.6197145581245422}, {""rank"": 4, ""document"": ""d24106576.pdf"", ""page"": 60, ""distance"": 0.6464351415634155}]",0.01364109996939078
EQ055,How should a critical-infrastructure operator use CISA OT services while managing their limitations?,"Use relevant CISA products and services, document negative experiences or disclosure delays, and coordinate with partners to improve information-sharing processes.",GAO-24-106576,PDF pp. 2-3,5,False,"[{""rank"": 1, ""document"": ""d24106576.pdf"", ""page"": 43, ""distance"": 0.5793259143829346}, {""rank"": 2, ""document"": ""d24106576.pdf"", ""page"": 30, ""distance"": 0.6156466603279114}, {""rank"": 3, ""document"": ""d24106576.pdf"", ""page"": 65, ""distance"": 0.6197145581245422}, {""rank"": 4, ""document"": ""d24106576.pdf"", ""page"": 60, ""distance"": 0.6464351415634155}, {""rank"": 5, ""document"": ""d24106576.pdf"", ""page"": 62, ""distance"": 0.6615474820137024}]",0.010132799972780049
EQ055,How should a critical-infrastructure operator use CISA OT services while managing their limitations?,"Use relevant CISA products and services, document negative experiences or disclosure delays, and coordinate with partners to improve information-sharing processes.",GAO-24-106576,PDF pp. 2-3,6,False,"[{""rank"": 1, ""document"": ""d24106576.pdf"", ""page"": 43, ""distance"": 0.5793259143829346}, {""rank"": 2, ""document"": ""d24106576.pdf"", ""page"": 30, ""distance"": 0.6156466603279114}, {""rank"": 3, ""document"": ""d24106576.pdf"", ""page"": 65, ""distance"": 0.6197145581245422}, {""rank"": 4, ""document"": ""d24106576.pdf"", ""page"": 60, ""distance"": 0.6464351415634155}, {""rank"": 5, ""document"": ""d24106576.pdf"", ""page"": 62, ""distance"": 0.6615474820137024}, {""rank"": 6, ""document"": ""d24106576.pdf"", ""page"": 3, ""distance"": 0.7006385326385498}]",0.013605200045276433
EQ055,How should a critical-infrastructure operator use CISA OT services while managing their limitations?,"Use relevant CISA products and services, document negative experiences or disclosure delays, and coordinate with partners to improve information-sharing processes.",GAO-24-106576,PDF pp. 2-3,7,False,"[{""rank"": 1, ""document"": ""d24106576.pdf"", ""page"": 43, ""distance"": 0.5793259143829346}, {""rank"": 2, ""document"": ""d24106576.pdf"", ""page"": 30, ""distance"": 0.6156466603279114}, {""rank"": 3, ""document"": ""d24106576.pdf"", ""page"": 65, ""distance"": 0.6197145581245422}, {""rank"": 4, ""document"": ""d24106576.pdf"", ""page"": 60, ""distance"": 0.6464351415634155}, {""rank"": 5, ""document"": ""d24106576.pdf"", ""page"": 62, ""distance"": 0.6615474820137024}, {""rank"": 6, ""document"": ""d24106576.pdf"", ""page"": 3, ""distance"": 0.7006385326385498}, {""rank"": 7, ""document"": ""d24106576.pdf"", ""page"": 67, ""distance"": 0.7093782424926758}]",0.010667999973520637
EQ055,How should a critical-infrastructure operator use CISA OT services while managing their limitations?,"Use relevant CISA products and services, document negative experiences or disclosure delays, and coordinate with partners to improve information-sharing processes.",GAO-24-106576,PDF pp. 2-3,8,False,"[{""rank"": 1, ""document"": ""d24106576.pdf"", ""page"": 43, ""distance"": 0.5793259143829346}, {""rank"": 2, ""document"": ""d24106576.pdf"", ""page"": 30, ""distance"": 0.6156466603279114}, {""rank"": 3, ""document"": ""d24106576.pdf"", ""page"": 65, ""distance"": 0.6197145581245422}, {""rank"": 4, ""document"": ""d24106576.pdf"", ""page"": 60, ""distance"": 0.6464351415634155}, {""rank"": 5, ""document"": ""d24106576.pdf"", ""page"": 62, ""distance"": 0.6615474820137024}, {""rank"": 6, ""document"": ""d24106576.pdf"", ""page"": 3, ""distance"": 0.7006385326385498}, {""rank"": 7, ""document"": ""d24106576.pdf"", ""page"": 67, ""distance"": 0.7093782424926758}, {""rank"": 8, ""document"": ""d24106576.pdf"", ""page"": 25, ""distance"": 0.7101587653160095}]",0.011558500002138317
EQ055,How should a critical-infrastructure operator use CISA OT services while managing their limitations?,"Use relevant CISA products and services, document negative experiences or disclosure delays, and coordinate with partners to improve information-sharing processes.",GAO-24-106576,PDF pp. 2-3,9,False,"[{""rank"": 1, ""document"": ""d24106576.pdf"", ""page"": 43, ""distance"": 0.5793259143829346}, {""rank"": 2, ""document"": ""d24106576.pdf"", ""page"": 30, ""distance"": 0.6156466603279114}, {""rank"": 3, ""document"": ""d24106576.pdf"", ""page"": 65, ""distance"": 0.6197145581245422}, {""rank"": 4, ""document"": ""d24106576.pdf"", ""page"": 60, ""distance"": 0.6464351415634155}, {""rank"": 5, ""document"": ""d24106576.pdf"", ""page"": 62, ""distance"": 0.6615474820137024}, {""rank"": 6, ""document"": ""d24106576.pdf"", ""page"": 3, ""distance"": 0.7006385326385498}, {""rank"": 7, ""document"": ""d24106576.pdf"", ""page"": 67, ""distance"": 0.7093782424926758}, {""rank"": 8, ""document"": ""d24106576.pdf"", ""page"": 25, ""distance"": 0.7101587653160095}, {""rank"": 9, ""document"": ""d24106576.pdf"", ""page"": 2, ""distance"": 0.7260302305221558}]",0.012795599992386997
EQ055,How should a critical-infrastructure operator use CISA OT services while managing their limitations?,"Use relevant CISA products and services, document negative experiences or disclosure delays, and coordinate with partners to improve information-sharing processes.",GAO-24-106576,PDF pp. 2-3,10,False,"[{""rank"": 1, ""document"": ""d24106576.pdf"", ""page"": 43, ""distance"": 0.5793259143829346}, {""rank"": 2, ""document"": ""d24106576.pdf"", ""page"": 30, ""distance"": 0.6156466603279114}, {""rank"": 3, ""document"": ""d24106576.pdf"", ""page"": 65, ""distance"": 0.6197145581245422}, {""rank"": 4, ""document"": ""d24106576.pdf"", ""page"": 60, ""distance"": 0.6464351415634155}, {""rank"": 5, ""document"": ""d24106576.pdf"", ""page"": 62, ""distance"": 0.6615474820137024}, {""rank"": 6, ""document"": ""d24106576.pdf"", ""page"": 3, ""distance"": 0.7006385326385498}, {""rank"": 7, ""document"": ""d24106576.pdf"", ""page"": 67, ""distance"": 0.7093782424926758}, {""rank"": 8, ""document"": ""d24106576.pdf"", ""page"": 25, ""distance"": 0.7101587653160095}, {""rank"": 9, ""document"": ""d24106576.pdf"", ""page"": 2, ""distance"": 0.7260302305221558}, {""rank"": 10, ""document"": ""d24106576.pdf"", ""page"": 46, ""distance"": 0.7337249517440796}]",0.014461499988101423
EQ056,How does operational technology differ from ordinary information technology in the supplied cybersecurity material?,OT interacts with the physical environment and controls processes; the reports describe IT systems more broadly as supporting information processing and operations.,GAO-24-106576; GAO-24-107231,"PDF pp. 2, 4",1,False,"[{""rank"": 1, ""document"": ""d24106576.pdf"", ""page"": 9, ""distance"": 0.7815748453140259}]",0.013544600049499422
EQ056,How does operational technology differ from ordinary information technology in the supplied cybersecurity material?,OT interacts with the physical environment and controls processes; the reports describe IT systems more broadly as supporting information processing and operations.,GAO-24-106576; GAO-24-107231,"PDF pp. 2, 4",2,False,"[{""rank"": 1, ""document"": ""d24106576.pdf"", ""page"": 9, ""distance"": 0.7815748453140259}, {""rank"": 2, ""document"": ""d24106576.pdf"", ""page"": 45, ""distance"": 0.794577956199646}]",0.011421000002883375
EQ056,How does operational technology differ from ordinary information technology in the supplied cybersecurity material?,OT interacts with the physical environment and controls processes; the reports describe IT systems more broadly as supporting information processing and operations.,GAO-24-106576; GAO-24-107231,"PDF pp. 2, 4",3,False,"[{""rank"": 1, ""document"": ""d24106576.pdf"", ""page"": 9, ""distance"": 0.7815748453140259}, {""rank"": 2, ""document"": ""d24106576.pdf"", ""page"": 45, ""distance"": 0.794577956199646}, {""rank"": 3, ""document"": ""d24106576.pdf"", ""page"": 2, ""distance"": 0.9297685623168945}]",0.011466800002381206
EQ056,How does operational technology differ from ordinary information technology in the supplied cybersecurity material?,OT interacts with the physical environment and controls processes; the reports describe IT systems more broadly as supporting information processing and operations.,GAO-24-106576; GAO-24-107231,"PDF pp. 2, 4",4,False,"[{""rank"": 1, ""document"": ""d24106576.pdf"", ""page"": 9, ""distance"": 0.7815748453140259}, {""rank"": 2, ""document"": ""d24106576.pdf"", ""page"": 45, ""distance"": 0.794577956199646}, {""rank"": 3, ""document"": ""d24106576.pdf"", ""page"": 2, ""distance"": 0.9297685623168945}, {""rank"": 4, ""document"": ""d24106576.pdf"", ""page"": 4, ""distance"": 0.9352877736091614}]",0.01381460000993684
EQ056,How does operational technology differ from ordinary information technology in the supplied cybersecurity material?,OT interacts with the physical environment and controls processes; the reports describe IT systems more broadly as supporting information processing and operations.,GAO-24-106576; GAO-24-107231,"PDF pp. 2, 4",5,False,"[{""rank"": 1, ""document"": ""d24106576.pdf"", ""page"": 9, ""distance"": 0.7815748453140259}, {""rank"": 2, ""document"": ""d24106576.pdf"", ""page"": 45, ""distance"": 0.794577956199646}, {""rank"": 3, ""document"": ""d24106576.pdf"", ""page"": 2, ""distance"": 0.9297685623168945}, {""rank"": 4, ""document"": ""d24106576.pdf"", ""page"": 4, ""distance"": 0.9352877736091614}, {""rank"": 5, ""document"": ""d24106916.pdf"", ""page"": 7, ""distance"": 0.939033031463623}]",0.014794800023082644
EQ056,How does operational technology differ from ordinary information technology in the supplied cybersecurity material?,OT interacts with the physical environment and controls processes; the reports describe IT systems more broadly as supporting information processing and operations.,GAO-24-106576; GAO-24-107231,"PDF pp. 2, 4",6,False,"[{""rank"": 1, ""document"": ""d24106576.pdf"", ""page"": 9, ""distance"": 0.7815748453140259}, {""rank"": 2, ""document"": ""d24106576.pdf"", ""page"": 45, ""distance"": 0.794577956199646}, {""rank"": 3, ""document"": ""d24106576.pdf"", ""page"": 2, ""distance"": 0.9297685623168945}, {""rank"": 4, ""document"": ""d24106576.pdf"", ""page"": 4, ""distance"": 0.9352877736091614}, {""rank"": 5, ""document"": ""d24106916.pdf"", ""page"": 7, ""distance"": 0.939033031463623}, {""rank"": 6, ""document"": ""d24106576.pdf"", ""page"": 5, ""distance"": 0.9600235223770142}]",0.013748600031249225
EQ056,How does operational technology differ from ordinary information technology in the supplied cybersecurity material?,OT interacts with the physical environment and controls processes; the reports describe IT systems more broadly as supporting information processing and operations.,GAO-24-106576; GAO-24-107231,"PDF pp. 2, 4",7,False,"[{""rank"": 1, ""document"": ""d24106576.pdf"", ""page"": 9, ""distance"": 0.7815748453140259}, {""rank"": 2, ""document"": ""d24106576.pdf"", ""page"": 45, ""distance"": 0.794577956199646}, {""rank"": 3, ""document"": ""d24106576.pdf"", ""page"": 2, ""distance"": 0.9297685623168945}, {""rank"": 4, ""document"": ""d24106576.pdf"", ""page"": 4, ""distance"": 0.9352877736091614}, {""rank"": 5, ""document"": ""d24106916.pdf"", ""page"": 7, ""distance"": 0.939033031463623}, {""rank"": 6, ""document"": ""d24106576.pdf"", ""page"": 5, ""distance"": 0.9600235223770142}, {""rank"": 7, ""document"": ""d24106576.pdf"", ""page"": 13, ""distance"": 0.9668264389038086}]",0.015332899987697601
EQ056,How does operational technology differ from ordinary information technology in the supplied cybersecurity material?,OT interacts with the physical environment and controls processes; the reports describe IT systems more broadly as supporting information processing and operations.,GAO-24-106576; GAO-24-107231,"PDF pp. 2, 4",8,False,"[{""rank"": 1, ""document"": ""d24106576.pdf"", ""page"": 9, ""distance"": 0.7815748453140259}, {""rank"": 2, ""document"": ""d24106576.pdf"", ""page"": 45, ""distance"": 0.794577956199646}, {""rank"": 3, ""document"": ""d24106576.pdf"", ""page"": 2, ""distance"": 0.9297685623168945}, {""rank"": 4, ""document"": ""d24106576.pdf"", ""page"": 4, ""distance"": 0.9352877736091614}, {""rank"": 5, ""document"": ""d24106916.pdf"", ""page"": 7, ""distance"": 0.939033031463623}, {""rank"": 6, ""document"": ""d24106576.pdf"", ""page"": 5, ""distance"": 0.9600235223770142}, {""rank"": 7, ""document"": ""d24106576.pdf"", ""page"": 13, ""distance"": 0.9668264389038086}, {""rank"": 8, ""document"": ""d24106576.pdf"", ""page"": 14, ""distance"": 0.971274733543396}]",0.013768999953754246
EQ056,How does operational technology differ from ordinary information technology in the supplied cybersecurity material?,OT interacts with the physical environment and controls processes; the reports describe IT systems more broadly as supporting information processing and operations.,GAO-24-106576; GAO-24-107231,"PDF pp. 2, 4",9,False,"[{""rank"": 1, ""document"": ""d24106576.pdf"", ""page"": 9, ""distance"": 0.7815748453140259}, {""rank"": 2, ""document"": ""d24106576.pdf"", ""page"": 45, ""distance"": 0.794577956199646}, {""rank"": 3, ""document"": ""d24106576.pdf"", ""page"": 2, ""distance"": 0.9297685623168945}, {""rank"": 4, ""document"": ""d24106576.pdf"", ""page"": 4, ""distance"": 0.9352877736091614}, {""rank"": 5, ""document"": ""d24106916.pdf"", ""page"": 7, ""distance"": 0.939033031463623}, {""rank"": 6, ""document"": ""d24106576.pdf"", ""page"": 5, ""distance"": 0.9600235223770142}, {""rank"": 7, ""document"": ""d24106576.pdf"", ""page"": 13, ""distance"": 0.9668264389038086}, {""rank"": 8, ""document"": ""d24106576.pdf"", ""page"": 14, ""distance"": 0.971274733543396}, {""rank"": 9, ""document"": ""d24106576.pdf"", ""page"": 56, ""distance"": 0.9905085563659668}]",0.014799700002186
EQ056,How does operational technology differ from ordinary information technology in the supplied cybersecurity material?,OT interacts with the physical environment and controls processes; the reports describe IT systems more broadly as supporting information processing and operations.,GAO-24-106576; GAO-24-107231,"PDF pp. 2, 4",10,False,"[{""rank"": 1, ""document"": ""d24106576.pdf"", ""page"": 9, ""distance"": 0.7815748453140259}, {""rank"": 2, ""document"": ""d24106576.pdf"", ""page"": 45, ""distance"": 0.794577956199646}, {""rank"": 3, ""document"": ""d24106576.pdf"", ""page"": 2, ""distance"": 0.9297685623168945}, {""rank"": 4, ""document"": ""d24106576.pdf"", ""page"": 4, ""distance"": 0.9352877736091614}, {""rank"": 5, ""document"": ""d24106916.pdf"", ""page"": 7, ""distance"": 0.939033031463623}, {""rank"": 6, ""document"": ""d24106576.pdf"", ""page"": 5, ""distance"": 0.9600235223770142}, {""rank"": 7, ""document"": ""d24106576.pdf"", ""page"": 13, ""distance"": 0.9668264389038086}, {""rank"": 8, ""document"": ""d24106576.pdf"", ""page"": 14, ""distance"": 0.971274733543396}, {""rank"": 9, ""document"": ""d24106576.pdf"", ""page"": 56, ""distance"": 0.9905085563659668}, {""rank"": 10, ""document"": ""d24106576.pdf"", ""page"": 58, ""distance"": 0.9951859712600708}]",0.014277599984779954
EQ057,How does the CrowdStrike outage differ from the SolarWinds attack?,"CrowdStrike involved a faulty security update and human error, while SolarWinds involved malicious actors targeting widely used support software.",GAO-24-107733,PDF p. 1,1,False,"[{""rank"": 1, ""document"": ""gao-24-107733.pdf"", ""page"": 1, ""distance"": 0.974291205406189}]",0.011818500002846122
EQ057,How does the CrowdStrike outage differ from the SolarWinds attack?,"CrowdStrike involved a faulty security update and human error, while SolarWinds involved malicious actors targeting widely used support software.",GAO-24-107733,PDF p. 1,2,False,"[{""rank"": 1, ""document"": ""gao-24-107733.pdf"", ""page"": 1, ""distance"": 0.974291205406189}, {""rank"": 2, ""document"": ""d24106576.pdf"", ""page"": 65, ""distance"": 1.404116153717041}]",0.013164900010451674
EQ057,How does the CrowdStrike outage differ from the SolarWinds attack?,"CrowdStrike involved a faulty security update and human error, while SolarWinds involved malicious actors targeting widely used support software.",GAO-24-107733,PDF p. 1,3,False,"[{""rank"": 1, ""document"": ""gao-24-107733.pdf"", ""page"": 1, ""distance"": 0.974291205406189}, {""rank"": 2, ""document"": ""d24106576.pdf"", ""page"": 65, ""distance"": 1.404116153717041}, {""rank"": 3, ""document"": ""gao-24-107231.pdf"", ""page"": 58, ""distance"": 1.4082624912261963}]",0.010490500018931925
EQ057,How does the CrowdStrike outage differ from the SolarWinds attack?,"CrowdStrike involved a faulty security update and human error, while SolarWinds involved malicious actors targeting widely used support software.",GAO-24-107733,PDF p. 1,4,False,"[{""rank"": 1, ""document"": ""gao-24-107733.pdf"", ""page"": 1, ""distance"": 0.974291205406189}, {""rank"": 2, ""document"": ""d24106576.pdf"", ""page"": 65, ""distance"": 1.404116153717041}, {""rank"": 3, ""document"": ""gao-24-107231.pdf"", ""page"": 58, ""distance"": 1.4082624912261963}, {""rank"": 4, ""document"": ""d24105658.pdf"", ""page"": 54, ""distance"": 1.4344075918197632}]",0.01208110002335161
EQ057,How does the CrowdStrike outage differ from the SolarWinds attack?,"CrowdStrike involved a faulty security update and human error, while SolarWinds involved malicious actors targeting widely used support software.",GAO-24-107733,PDF p. 1,5,False,"[{""rank"": 1, ""document"": ""gao-24-107733.pdf"", ""page"": 1, ""distance"": 0.974291205406189}, {""rank"": 2, ""document"": ""d24106576.pdf"", ""page"": 65, ""distance"": 1.404116153717041}, {""rank"": 3, ""document"": ""gao-24-107231.pdf"", ""page"": 58, ""distance"": 1.4082624912261963}, {""rank"": 4, ""document"": ""d24105658.pdf"", ""page"": 54, ""distance"": 1.4344075918197632}, {""rank"": 5, ""document"": ""gao-24-107231.pdf"", ""page"": 59, ""distance"": 1.4733246564865112}]",0.010854799998924136
EQ057,How does the CrowdStrike outage differ from the SolarWinds attack?,"CrowdStrike involved a faulty security update and human error, while SolarWinds involved malicious actors targeting widely used support software.",GAO-24-107733,PDF p. 1,6,False,"[{""rank"": 1, ""document"": ""gao-24-107733.pdf"", ""page"": 1, ""distance"": 0.974291205406189}, {""rank"": 2, ""document"": ""d24106576.pdf"", ""page"": 65, ""distance"": 1.404116153717041}, {""rank"": 3, ""document"": ""gao-24-107231.pdf"", ""page"": 58, ""distance"": 1.4082624912261963}, {""rank"": 4, ""document"": ""d24105658.pdf"", ""page"": 54, ""distance"": 1.4344075918197632}, {""rank"": 5, ""document"": ""gao-24-107231.pdf"", ""page"": 59, ""distance"": 1.4733246564865112}, {""rank"": 6, ""document"": ""d24106576.pdf"", ""page"": 20, ""distance"": 1.483237862586975}]",0.013608200009912252
EQ057,How does the CrowdStrike outage differ from the SolarWinds attack?,"CrowdStrike involved a faulty security update and human error, while SolarWinds involved malicious actors targeting widely used support software.",GAO-24-107733,PDF p. 1,7,False,"[{""rank"": 1, ""document"": ""gao-24-107733.pdf"", ""page"": 1, ""distance"": 0.974291205406189}, {""rank"": 2, ""document"": ""d24106576.pdf"", ""page"": 65, ""distance"": 1.404116153717041}, {""rank"": 3, ""document"": ""gao-24-107231.pdf"", ""page"": 58, ""distance"": 1.4082624912261963}, {""rank"": 4, ""document"": ""d24105658.pdf"", ""page"": 54, ""distance"": 1.4344075918197632}, {""rank"": 5, ""document"": ""gao-24-107231.pdf"", ""page"": 59, ""distance"": 1.4733246564865112}, {""rank"": 6, ""document"": ""d24106576.pdf"", ""page"": 20, ""distance"": 1.483237862586975}, {""rank"": 7, ""document"": ""d24105658.pdf"", ""page"": 56, ""distance"": 1.4837511777877808}]",0.013863800035323948
EQ057,How does the CrowdStrike outage differ from the SolarWinds attack?,"CrowdStrike involved a faulty security update and human error, while SolarWinds involved malicious actors targeting widely used support software.",GAO-24-107733,PDF p. 1,8,False,"[{""rank"": 1, ""document"": ""gao-24-107733.pdf"", ""page"": 1, ""distance"": 0.974291205406189}, {""rank"": 2, ""document"": ""d24106576.pdf"", ""page"": 65, ""distance"": 1.404116153717041}, {""rank"": 3, ""document"": ""gao-24-107231.pdf"", ""page"": 58, ""distance"": 1.4082624912261963}, {""rank"": 4, ""document"": ""d24105658.pdf"", ""page"": 54, ""distance"": 1.4344075918197632}, {""rank"": 5, ""document"": ""gao-24-107231.pdf"", ""page"": 59, ""distance"": 1.4733246564865112}, {""rank"": 6, ""document"": ""d24106576.pdf"", ""page"": 20, ""distance"": 1.483237862586975}, {""rank"": 7, ""document"": ""d24105658.pdf"", ""page"": 56, ""distance"": 1.4837511777877808}, {""rank"": 8, ""document"": ""d24105658.pdf"", ""page"": 3, ""distance"": 1.484551191329956}]",0.01610189996426925
EQ057,How does the CrowdStrike outage differ from the SolarWinds attack?,"CrowdStrike involved a faulty security update and human error, while SolarWinds involved malicious actors targeting widely used support software.",GAO-24-107733,PDF p. 1,9,False,"[{""rank"": 1, ""document"": ""gao-24-107733.pdf"", ""page"": 1, ""distance"": 0.974291205406189}, {""rank"": 2, ""document"": ""d24106576.pdf"", ""page"": 65, ""distance"": 1.404116153717041}, {""rank"": 3, ""document"": ""gao-24-107231.pdf"", ""page"": 58, ""distance"": 1.4082624912261963}, {""rank"": 4, ""document"": ""d24105658.pdf"", ""page"": 54, ""distance"": 1.4344075918197632}, {""rank"": 5, ""document"": ""gao-24-107231.pdf"", ""page"": 59, ""distance"": 1.4733246564865112}, {""rank"": 6, ""document"": ""d24106576.pdf"", ""page"": 20, ""distance"": 1.483237862586975}, {""rank"": 7, ""document"": ""d24105658.pdf"", ""page"": 56, ""distance"": 1.4837511777877808}, {""rank"": 8, ""document"": ""d24105658.pdf"", ""page"": 3, ""distance"": 1.484551191329956}, {""rank"": 9, ""document"": ""d24105658.pdf"", ""page"": 55, ""distance"": 1.4860111474990845}]",0.013387899962253869
EQ057,How does the CrowdStrike outage differ from the SolarWinds attack?,"CrowdStrike involved a faulty security update and human error, while SolarWinds involved malicious actors targeting widely used support software.",GAO-24-107733,PDF p. 1,10,False,"[{""rank"": 1, ""document"": ""gao-24-107733.pdf"", ""page"": 1, ""distance"": 0.974291205406189}, {""rank"": 2, ""document"": ""d24106576.pdf"", ""page"": 65, ""distance"": 1.404116153717041}, {""rank"": 3, ""document"": ""gao-24-107231.pdf"", ""page"": 58, ""distance"": 1.4082624912261963}, {""rank"": 4, ""document"": ""d24105658.pdf"", ""page"": 54, ""distance"": 1.4344075918197632}, {""rank"": 5, ""document"": ""gao-24-107231.pdf"", ""page"": 59, ""distance"": 1.4733246564865112}, {""rank"": 6, ""document"": ""d24106576.pdf"", ""page"": 20, ""distance"": 1.483237862586975}, {""rank"": 7, ""document"": ""d24105658.pdf"", ""page"": 56, ""distance"": 1.4837511777877808}, {""rank"": 8, ""document"": ""d24105658.pdf"", ""page"": 3, ""distance"": 1.484551191329956}, {""rank"": 9, ""document"": ""d24105658.pdf"", ""page"": 55, ""distance"": 1.4860111474990845}, {""rank"": 10, ""document"": ""d24105658.pdf"", ""page"": 69, ""distance"": 1.4903016090393066}]",0.011806999973487109
EQ058,"Compare the incident-response support roles of tools, services, and resources.",Tools include EDR; services include threat hunting and intelligence; resources include skilled staff and funding.,GAO-24-105658,PDF p. 2,1,False,"[{""rank"": 1, ""document"": ""d24105658.pdf"", ""page"": 22, ""distance"": 0.7223271131515503}]",0.01621899998281151
EQ058,"Compare the incident-response support roles of tools, services, and resources.",Tools include EDR; services include threat hunting and intelligence; resources include skilled staff and funding.,GAO-24-105658,PDF p. 2,2,False,"[{""rank"": 1, ""document"": ""d24105658.pdf"", ""page"": 22, ""distance"": 0.7223271131515503}, {""rank"": 2, ""document"": ""d24105658.pdf"", ""page"": 24, ""distance"": 0.8374836444854736}]",0.011919100012164563
EQ058,"Compare the incident-response support roles of tools, services, and resources.",Tools include EDR; services include threat hunting and intelligence; resources include skilled staff and funding.,GAO-24-105658,PDF p. 2,3,False,"[{""rank"": 1, ""document"": ""d24105658.pdf"", ""page"": 22, ""distance"": 0.7223271131515503}, {""rank"": 2, ""document"": ""d24105658.pdf"", ""page"": 24, ""distance"": 0.8374836444854736}, {""rank"": 3, ""document"": ""d24105658.pdf"", ""page"": 15, ""distance"": 0.838982343673706}]",0.010882599977776408
EQ058,"Compare the incident-response support roles of tools, services, and resources.",Tools include EDR; services include threat hunting and intelligence; resources include skilled staff and funding.,GAO-24-105658,PDF p. 2,4,False,"[{""rank"": 1, ""document"": ""d24105658.pdf"", ""page"": 22, ""distance"": 0.7223271131515503}, {""rank"": 2, ""document"": ""d24105658.pdf"", ""page"": 24, ""distance"": 0.8374836444854736}, {""rank"": 3, ""document"": ""d24105658.pdf"", ""page"": 15, ""distance"": 0.838982343673706}, {""rank"": 4, ""document"": ""d24105658.pdf"", ""page"": 3, ""distance"": 0.8391389846801758}]",0.014368400035891682
EQ058,"Compare the incident-response support roles of tools, services, and resources.",Tools include EDR; services include threat hunting and intelligence; resources include skilled staff and funding.,GAO-24-105658,PDF p. 2,5,False,"[{""rank"": 1, ""document"": ""d24105658.pdf"", ""page"": 22, ""distance"": 0.7223271131515503}, {""rank"": 2, ""document"": ""d24105658.pdf"", ""page"": 24, ""distance"": 0.8374836444854736}, {""rank"": 3, ""document"": ""d24105658.pdf"", ""page"": 15, ""distance"": 0.838982343673706}, {""rank"": 4, ""document"": ""d24105658.pdf"", ""page"": 3, ""distance"": 0.8391389846801758}, {""rank"": 5, ""document"": ""d24105658.pdf"", ""page"": 18, ""distance"": 0.8395382165908813}]",0.010820999974384904
EQ058,"Compare the incident-response support roles of tools, services, and resources.",Tools include EDR; services include threat hunting and intelligence; resources include skilled staff and funding.,GAO-24-105658,PDF p. 2,6,False,"[{""rank"": 1, ""document"": ""d24105658.pdf"", ""page"": 22, ""distance"": 0.7223271131515503}, {""rank"": 2, ""document"": ""d24105658.pdf"", ""page"": 24, ""distance"": 0.8374836444854736}, {""rank"": 3, ""document"": ""d24105658.pdf"", ""page"": 15, ""distance"": 0.838982343673706}, {""rank"": 4, ""document"": ""d24105658.pdf"", ""page"": 3, ""distance"": 0.8391389846801758}, {""rank"": 5, ""document"": ""d24105658.pdf"", ""page"": 18, ""distance"": 0.8395382165908813}, {""rank"": 6, ""document"": ""d24105658.pdf"", ""page"": 38, ""distance"": 0.8406407833099365}]",0.01394190004793927
EQ058,"Compare the incident-response support roles of tools, services, and resources.",Tools include EDR; services include threat hunting and intelligence; resources include skilled staff and funding.,GAO-24-105658,PDF p. 2,7,False,"[{""rank"": 1, ""document"": ""d24105658.pdf"", ""page"": 22, ""distance"": 0.7223271131515503}, {""rank"": 2, ""document"": ""d24105658.pdf"", ""page"": 24, ""distance"": 0.8374836444854736}, {""rank"": 3, ""document"": ""d24105658.pdf"", ""page"": 15, ""distance"": 0.838982343673706}, {""rank"": 4, ""document"": ""d24105658.pdf"", ""page"": 3, ""distance"": 0.8391389846801758}, {""rank"": 5, ""document"": ""d24105658.pdf"", ""page"": 18, ""distance"": 0.8395382165908813}, {""rank"": 6, ""document"": ""d24105658.pdf"", ""page"": 38, ""distance"": 0.8406407833099365}, {""rank"": 7, ""document"": ""d24105658.pdf"", ""page"": 20, ""distance"": 0.8434771299362183}]",0.013944400008767843
EQ058,"Compare the incident-response support roles of tools, services, and resources.",Tools include EDR; services include threat hunting and intelligence; resources include skilled staff and funding.,GAO-24-105658,PDF p. 2,8,False,"[{""rank"": 1, ""document"": ""d24105658.pdf"", ""page"": 22, ""distance"": 0.7223271131515503}, {""rank"": 2, ""document"": ""d24105658.pdf"", ""page"": 24, ""distance"": 0.8374836444854736}, {""rank"": 3, ""document"": ""d24105658.pdf"", ""page"": 15, ""distance"": 0.838982343673706}, {""rank"": 4, ""document"": ""d24105658.pdf"", ""page"": 3, ""distance"": 0.8391389846801758}, {""rank"": 5, ""document"": ""d24105658.pdf"", ""page"": 18, ""distance"": 0.8395382165908813}, {""rank"": 6, ""document"": ""d24105658.pdf"", ""page"": 38, ""distance"": 0.8406407833099365}, {""rank"": 7, ""document"": ""d24105658.pdf"", ""page"": 20, ""distance"": 0.8434771299362183}, {""rank"": 8, ""document"": ""d24105658.pdf"", ""page"": 47, ""distance"": 0.848005473613739}]",0.013275899982545525
EQ058,"Compare the incident-response support roles of tools, services, and resources.",Tools include EDR; services include threat hunting and intelligence; resources include skilled staff and funding.,GAO-24-105658,PDF p. 2,9,False,"[{""rank"": 1, ""document"": ""d24105658.pdf"", ""page"": 22, ""distance"": 0.7223271131515503}, {""rank"": 2, ""document"": ""d24105658.pdf"", ""page"": 24, ""distance"": 0.8374836444854736}, {""rank"": 3, ""document"": ""d24105658.pdf"", ""page"": 15, ""distance"": 0.838982343673706}, {""rank"": 4, ""document"": ""d24105658.pdf"", ""page"": 3, ""distance"": 0.8391389846801758}, {""rank"": 5, ""document"": ""d24105658.pdf"", ""page"": 18, ""distance"": 0.8395382165908813}, {""rank"": 6, ""document"": ""d24105658.pdf"", ""page"": 38, ""distance"": 0.8406407833099365}, {""rank"": 7, ""document"": ""d24105658.pdf"", ""page"": 20, ""distance"": 0.8434771299362183}, {""rank"": 8, ""document"": ""d24105658.pdf"", ""page"": 47, ""distance"": 0.848005473613739}, {""rank"": 9, ""document"": ""d24105658.pdf"", ""page"": 25, ""distance"": 0.8684561848640442}]",0.01344410004094243
EQ058,"Compare the incident-response support roles of tools, services, and resources.",Tools include EDR; services include threat hunting and intelligence; resources include skilled staff and funding.,GAO-24-105658,PDF p. 2,10,False,"[{""rank"": 1, ""document"": ""d24105658.pdf"", ""page"": 22, ""distance"": 0.7223271131515503}, {""rank"": 2, ""document"": ""d24105658.pdf"", ""page"": 24, ""distance"": 0.8374836444854736}, {""rank"": 3, ""document"": ""d24105658.pdf"", ""page"": 15, ""distance"": 0.838982343673706}, {""rank"": 4, ""document"": ""d24105658.pdf"", ""page"": 3, ""distance"": 0.8391389846801758}, {""rank"": 5, ""document"": ""d24105658.pdf"", ""page"": 18, ""distance"": 0.8395382165908813}, {""rank"": 6, ""document"": ""d24105658.pdf"", ""page"": 38, ""distance"": 0.8406407833099365}, {""rank"": 7, ""document"": ""d24105658.pdf"", ""page"": 20, ""distance"": 0.8434771299362183}, {""rank"": 8, ""document"": ""d24105658.pdf"", ""page"": 47, ""distance"": 0.848005473613739}, {""rank"": 9, ""document"": ""d24105658.pdf"", ""page"": 25, ""distance"": 0.8684561848640442}, {""rank"": 10, ""document"": ""d24105658.pdf"", ""page"": 9, ""distance"": 0.8821146488189697}]",0.011605200008489192
EQ059,Compare the two incomplete national-strategy characteristics identified by GAO.,"Outcome-oriented measures show results, while resource and cost estimates show the means required; both were only partially addressed.",GAO-24-106916,PDF p. 2,1,False,"[{""rank"": 1, ""document"": ""d24106916.pdf"", ""page"": 34, ""distance"": 0.9217190742492676}]",0.014748299960047007
EQ059,Compare the two incomplete national-strategy characteristics identified by GAO.,"Outcome-oriented measures show results, while resource and cost estimates show the means required; both were only partially addressed.",GAO-24-106916,PDF p. 2,2,False,"[{""rank"": 1, ""document"": ""d24106916.pdf"", ""page"": 34, ""distance"": 0.9217190742492676}, {""rank"": 2, ""document"": ""gao-26-900644.pdf"", ""page"": 99, ""distance"": 0.947245717048645}]",0.01308100001187995
EQ059,Compare the two incomplete national-strategy characteristics identified by GAO.,"Outcome-oriented measures show results, while resource and cost estimates show the means required; both were only partially addressed.",GAO-24-106916,PDF p. 2,3,False,"[{""rank"": 1, ""document"": ""d24106916.pdf"", ""page"": 34, ""distance"": 0.9217190742492676}, {""rank"": 2, ""document"": ""gao-26-900644.pdf"", ""page"": 99, ""distance"": 0.947245717048645}, {""rank"": 3, ""document"": ""gao-26-900644.pdf"", ""page"": 84, ""distance"": 0.9777321219444275}]",0.010855900007300079
EQ059,Compare the two incomplete national-strategy characteristics identified by GAO.,"Outcome-oriented measures show results, while resource and cost estimates show the means required; both were only partially addressed.",GAO-24-106916,PDF p. 2,4,False,"[{""rank"": 1, ""document"": ""d24106916.pdf"", ""page"": 34, ""distance"": 0.9217190742492676}, {""rank"": 2, ""document"": ""gao-26-900644.pdf"", ""page"": 99, ""distance"": 0.947245717048645}, {""rank"": 3, ""document"": ""gao-26-900644.pdf"", ""page"": 84, ""distance"": 0.9777321219444275}, {""rank"": 4, ""document"": ""d24106916.pdf"", ""page"": 17, ""distance"": 1.0082085132598877}]",0.011191300000064075
EQ059,Compare the two incomplete national-strategy characteristics identified by GAO.,"Outcome-oriented measures show results, while resource and cost estimates show the means required; both were only partially addressed.",GAO-24-106916,PDF p. 2,5,False,"[{""rank"": 1, ""document"": ""d24106916.pdf"", ""page"": 34, ""distance"": 0.9217190742492676}, {""rank"": 2, ""document"": ""gao-26-900644.pdf"", ""page"": 99, ""distance"": 0.947245717048645}, {""rank"": 3, ""document"": ""gao-26-900644.pdf"", ""page"": 84, ""distance"": 0.9777321219444275}, {""rank"": 4, ""document"": ""d24106916.pdf"", ""page"": 17, ""distance"": 1.0082085132598877}, {""rank"": 5, ""document"": ""gao-26-900644.pdf"", ""page"": 28, ""distance"": 1.009943962097168}]",0.04568699997616932
EQ059,Compare the two incomplete national-strategy characteristics identified by GAO.,"Outcome-oriented measures show results, while resource and cost estimates show the means required; both were only partially addressed.",GAO-24-106916,PDF p. 2,6,False,"[{""rank"": 1, ""document"": ""d24106916.pdf"", ""page"": 34, ""distance"": 0.9217190742492676}, {""rank"": 2, ""document"": ""gao-26-900644.pdf"", ""page"": 99, ""distance"": 0.947245717048645}, {""rank"": 3, ""document"": ""gao-26-900644.pdf"", ""page"": 84, ""distance"": 0.9777321219444275}, {""rank"": 4, ""document"": ""d24106916.pdf"", ""page"": 17, ""distance"": 1.0082085132598877}, {""rank"": 5, ""document"": ""gao-26-900644.pdf"", ""page"": 28, ""distance"": 1.009943962097168}, {""rank"": 6, ""document"": ""d24106916.pdf"", ""page"": 3, ""distance"": 1.022848129272461}]",0.01332399999955669
EQ059,Compare the two incomplete national-strategy characteristics identified by GAO.,"Outcome-oriented measures show results, while resource and cost estimates show the means required; both were only partially addressed.",GAO-24-106916,PDF p. 2,7,False,"[{""rank"": 1, ""document"": ""d24106916.pdf"", ""page"": 34, ""distance"": 0.9217190742492676}, {""rank"": 2, ""document"": ""gao-26-900644.pdf"", ""page"": 99, ""distance"": 0.947245717048645}, {""rank"": 3, ""document"": ""gao-26-900644.pdf"", ""page"": 84, ""distance"": 0.9777321219444275}, {""rank"": 4, ""document"": ""d24106916.pdf"", ""page"": 17, ""distance"": 1.0082085132598877}, {""rank"": 5, ""document"": ""gao-26-900644.pdf"", ""page"": 28, ""distance"": 1.009943962097168}, {""rank"": 6, ""document"": ""d24106916.pdf"", ""page"": 3, ""distance"": 1.022848129272461}, {""rank"": 7, ""document"": ""gao-26-900644.pdf"", ""page"": 106, ""distance"": 1.0239222049713135}]",0.011573099996894598
EQ059,Compare the two incomplete national-strategy characteristics identified by GAO.,"Outcome-oriented measures show results, while resource and cost estimates show the means required; both were only partially addressed.",GAO-24-106916,PDF p. 2,8,False,"[{""rank"": 1, ""document"": ""d24106916.pdf"", ""page"": 34, ""distance"": 0.9217190742492676}, {""rank"": 2, ""document"": ""gao-26-900644.pdf"", ""page"": 99, ""distance"": 0.947245717048645}, {""rank"": 3, ""document"": ""gao-26-900644.pdf"", ""page"": 84, ""distance"": 0.9777321219444275}, {""rank"": 4, ""document"": ""d24106916.pdf"", ""page"": 17, ""distance"": 1.0082085132598877}, {""rank"": 5, ""document"": ""gao-26-900644.pdf"", ""page"": 28, ""distance"": 1.009943962097168}, {""rank"": 6, ""document"": ""d24106916.pdf"", ""page"": 3, ""distance"": 1.022848129272461}, {""rank"": 7, ""document"": ""gao-26-900644.pdf"", ""page"": 106, ""distance"": 1.0239222049713135}, {""rank"": 8, ""document"": ""d24106916.pdf"", ""page"": 33, ""distance"": 1.0260627269744873}]",0.01367969997227192
EQ059,Compare the two incomplete national-strategy characteristics identified by GAO.,"Outcome-oriented measures show results, while resource and cost estimates show the means required; both were only partially addressed.",GAO-24-106916,PDF p. 2,9,False,"[{""rank"": 1, ""document"": ""d24106916.pdf"", ""page"": 34, ""distance"": 0.9217190742492676}, {""rank"": 2, ""document"": ""gao-26-900644.pdf"", ""page"": 99, ""distance"": 0.947245717048645}, {""rank"": 3, ""document"": ""gao-26-900644.pdf"", ""page"": 84, ""distance"": 0.9777321219444275}, {""rank"": 4, ""document"": ""d24106916.pdf"", ""page"": 17, ""distance"": 1.0082085132598877}, {""rank"": 5, ""document"": ""gao-26-900644.pdf"", ""page"": 28, ""distance"": 1.009943962097168}, {""rank"": 6, ""document"": ""d24106916.pdf"", ""page"": 3, ""distance"": 1.022848129272461}, {""rank"": 7, ""document"": ""gao-26-900644.pdf"", ""page"": 106, ""distance"": 1.0239222049713135}, {""rank"": 8, ""document"": ""d24106916.pdf"", ""page"": 33, ""distance"": 1.0260627269744873}, {""rank"": 9, ""document"": ""d24106916.pdf"", ""page"": 23, ""distance"": 1.029029130935669}]",0.010906700044870377
EQ059,Compare the two incomplete national-strategy characteristics identified by GAO.,"Outcome-oriented measures show results, while resource and cost estimates show the means required; both were only partially addressed.",GAO-24-106916,PDF p. 2,10,False,"[{""rank"": 1, ""document"": ""d24106916.pdf"", ""page"": 34, ""distance"": 0.9217190742492676}, {""rank"": 2, ""document"": ""gao-26-900644.pdf"", ""page"": 99, ""distance"": 0.947245717048645}, {""rank"": 3, ""document"": ""gao-26-900644.pdf"", ""page"": 84, ""distance"": 0.9777321219444275}, {""rank"": 4, ""document"": ""d24106916.pdf"", ""page"": 17, ""distance"": 1.0082085132598877}, {""rank"": 5, ""document"": ""gao-26-900644.pdf"", ""page"": 28, ""distance"": 1.009943962097168}, {""rank"": 6, ""document"": ""d24106916.pdf"", ""page"": 3, ""distance"": 1.022848129272461}, {""rank"": 7, ""document"": ""gao-26-900644.pdf"", ""page"": 106, ""distance"": 1.0239222049713135}, {""rank"": 8, ""document"": ""d24106916.pdf"", ""page"": 33, ""distance"": 1.0260627269744873}, {""rank"": 9, ""document"": ""d24106916.pdf"", ""page"": 23, ""distance"": 1.029029130935669}, {""rank"": 10, ""document"": ""gao-26-900644.pdf"", ""page"": 24, ""distance"": 1.0501387119293213}]",0.012653500016313046
EQ060,Compare the two main OT coordination challenges identified by selected agencies.,The challenges were ineffective information sharing with owners/operators and no CISA-PHMSA process for sharing cyber threat information.,GAO-24-106576,PDF p. 3,1,False,"[{""rank"": 1, ""document"": ""d24106576.pdf"", ""page"": 40, ""distance"": 0.8641584515571594}]",0.014182100014295429
EQ060,Compare the two main OT coordination challenges identified by selected agencies.,The challenges were ineffective information sharing with owners/operators and no CISA-PHMSA process for sharing cyber threat information.,GAO-24-106576,PDF p. 3,2,False,"[{""rank"": 1, ""document"": ""d24106576.pdf"", ""page"": 40, ""distance"": 0.8641584515571594}, {""rank"": 2, ""document"": ""d24106576.pdf"", ""page"": 3, ""distance"": 0.8683322668075562}]",0.013001400046050549
EQ060,Compare the two main OT coordination challenges identified by selected agencies.,The challenges were ineffective information sharing with owners/operators and no CISA-PHMSA process for sharing cyber threat information.,GAO-24-106576,PDF p. 3,3,False,"[{""rank"": 1, ""document"": ""d24106576.pdf"", ""page"": 40, ""distance"": 0.8641584515571594}, {""rank"": 2, ""document"": ""d24106576.pdf"", ""page"": 3, ""distance"": 0.8683322668075562}, {""rank"": 3, ""document"": ""d24106576.pdf"", ""page"": 2, ""distance"": 0.8824041485786438}]",0.011305899999570101
EQ060,Compare the two main OT coordination challenges identified by selected agencies.,The challenges were ineffective information sharing with owners/operators and no CISA-PHMSA process for sharing cyber threat information.,GAO-24-106576,PDF p. 3,4,False,"[{""rank"": 1, ""document"": ""d24106576.pdf"", ""page"": 40, ""distance"": 0.8641584515571594}, {""rank"": 2, ""document"": ""d24106576.pdf"", ""page"": 3, ""distance"": 0.8683322668075562}, {""rank"": 3, ""document"": ""d24106576.pdf"", ""page"": 2, ""distance"": 0.8824041485786438}, {""rank"": 4, ""document"": ""d24106576.pdf"", ""page"": 48, ""distance"": 0.8897022008895874}]",0.010948700015433133
EQ060,Compare the two main OT coordination challenges identified by selected agencies.,The challenges were ineffective information sharing with owners/operators and no CISA-PHMSA process for sharing cyber threat information.,GAO-24-106576,PDF p. 3,5,False,"[{""rank"": 1, ""document"": ""d24106576.pdf"", ""page"": 40, ""distance"": 0.8641584515571594}, {""rank"": 2, ""document"": ""d24106576.pdf"", ""page"": 3, ""distance"": 0.8683322668075562}, {""rank"": 3, ""document"": ""d24106576.pdf"", ""page"": 2, ""distance"": 0.8824041485786438}, {""rank"": 4, ""document"": ""d24106576.pdf"", ""page"": 48, ""distance"": 0.8897022008895874}, {""rank"": 5, ""document"": ""d24106576.pdf"", ""page"": 43, ""distance"": 0.8984898328781128}]",0.014281000010669231
EQ060,Compare the two main OT coordination challenges identified by selected agencies.,The challenges were ineffective information sharing with owners/operators and no CISA-PHMSA process for sharing cyber threat information.,GAO-24-106576,PDF p. 3,6,False,"[{""rank"": 1, ""document"": ""d24106576.pdf"", ""page"": 40, ""distance"": 0.8641584515571594}, {""rank"": 2, ""document"": ""d24106576.pdf"", ""page"": 3, ""distance"": 0.8683322668075562}, {""rank"": 3, ""document"": ""d24106576.pdf"", ""page"": 2, ""distance"": 0.8824041485786438}, {""rank"": 4, ""document"": ""d24106576.pdf"", ""page"": 48, ""distance"": 0.8897022008895874}, {""rank"": 5, ""document"": ""d24106576.pdf"", ""page"": 43, ""distance"": 0.8984898328781128}, {""rank"": 6, ""document"": ""d24106576.pdf"", ""page"": 34, ""distance"": 0.9166173934936523}]",0.011918200005311519
EQ060,Compare the two main OT coordination challenges identified by selected agencies.,The challenges were ineffective information sharing with owners/operators and no CISA-PHMSA process for sharing cyber threat information.,GAO-24-106576,PDF p. 3,7,False,"[{""rank"": 1, ""document"": ""d24106576.pdf"", ""page"": 40, ""distance"": 0.8641584515571594}, {""rank"": 2, ""document"": ""d24106576.pdf"", ""page"": 3, ""distance"": 0.8683322668075562}, {""rank"": 3, ""document"": ""d24106576.pdf"", ""page"": 2, ""distance"": 0.8824041485786438}, {""rank"": 4, ""document"": ""d24106576.pdf"", ""page"": 48, ""distance"": 0.8897022008895874}, {""rank"": 5, ""document"": ""d24106576.pdf"", ""page"": 43, ""distance"": 0.8984898328781128}, {""rank"": 6, ""document"": ""d24106576.pdf"", ""page"": 34, ""distance"": 0.9166173934936523}, {""rank"": 7, ""document"": ""d24106576.pdf"", ""page"": 11, ""distance"": 0.9172675013542175}]",0.011461900023277849
EQ060,Compare the two main OT coordination challenges identified by selected agencies.,The challenges were ineffective information sharing with owners/operators and no CISA-PHMSA process for sharing cyber threat information.,GAO-24-106576,PDF p. 3,8,False,"[{""rank"": 1, ""document"": ""d24106576.pdf"", ""page"": 40, ""distance"": 0.8641584515571594}, {""rank"": 2, ""document"": ""d24106576.pdf"", ""page"": 3, ""distance"": 0.8683322668075562}, {""rank"": 3, ""document"": ""d24106576.pdf"", ""page"": 2, ""distance"": 0.8824041485786438}, {""rank"": 4, ""document"": ""d24106576.pdf"", ""page"": 48, ""distance"": 0.8897022008895874}, {""rank"": 5, ""document"": ""d24106576.pdf"", ""page"": 43, ""distance"": 0.8984898328781128}, {""rank"": 6, ""document"": ""d24106576.pdf"", ""page"": 34, ""distance"": 0.9166173934936523}, {""rank"": 7, ""document"": ""d24106576.pdf"", ""page"": 11, ""distance"": 0.9172675013542175}, {""rank"": 8, ""document"": ""d24106576.pdf"", ""page"": 49, ""distance"": 0.9175859689712524}]",0.013259299972560257
EQ060,Compare the two main OT coordination challenges identified by selected agencies.,The challenges were ineffective information sharing with owners/operators and no CISA-PHMSA process for sharing cyber threat information.,GAO-24-106576,PDF p. 3,9,False,"[{""rank"": 1, ""document"": ""d24106576.pdf"", ""page"": 40, ""distance"": 0.8641584515571594}, {""rank"": 2, ""document"": ""d24106576.pdf"", ""page"": 3, ""distance"": 0.8683322668075562}, {""rank"": 3, ""document"": ""d24106576.pdf"", ""page"": 2, ""distance"": 0.8824041485786438}, {""rank"": 4, ""document"": ""d24106576.pdf"", ""page"": 48, ""distance"": 0.8897022008895874}, {""rank"": 5, ""document"": ""d24106576.pdf"", ""page"": 43, ""distance"": 0.8984898328781128}, {""rank"": 6, ""document"": ""d24106576.pdf"", ""page"": 34, ""distance"": 0.9166173934936523}, {""rank"": 7, ""document"": ""d24106576.pdf"", ""page"": 11, ""distance"": 0.9172675013542175}, {""rank"": 8, ""document"": ""d24106576.pdf"", ""page"": 49, ""distance"": 0.9175859689712524}, {""rank"": 9, ""document"": ""gao-24-107231.pdf"", ""page"": 57, ""distance"": 0.9341288805007935}]",0.010987899964675307
EQ060,Compare the two main OT coordination challenges identified by selected agencies.,The challenges were ineffective information sharing with owners/operators and no CISA-PHMSA process for sharing cyber threat information.,GAO-24-106576,PDF p. 3,10,False,"[{""rank"": 1, ""document"": ""d24106576.pdf"", ""page"": 40, ""distance"": 0.8641584515571594}, {""rank"": 2, ""document"": ""d24106576.pdf"", ""page"": 3, ""distance"": 0.8683322668075562}, {""rank"": 3, ""document"": ""d24106576.pdf"", ""page"": 2, ""distance"": 0.8824041485786438}, {""rank"": 4, ""document"": ""d24106576.pdf"", ""page"": 48, ""distance"": 0.8897022008895874}, {""rank"": 5, ""document"": ""d24106576.pdf"", ""page"": 43, ""distance"": 0.8984898328781128}, {""rank"": 6, ""document"": ""d24106576.pdf"", ""page"": 34, ""distance"": 0.9166173934936523}, {""rank"": 7, ""document"": ""d24106576.pdf"", ""page"": 11, ""distance"": 0.9172675013542175}, {""rank"": 8, ""document"": ""d24106576.pdf"", ""page"": 49, ""distance"": 0.9175859689712524}, {""rank"": 9, ""document"": ""gao-24-107231.pdf"", ""page"": 57, ""distance"": 0.9341288805007935}, {""rank"": 10, ""document"": ""d24106576.pdf"", ""page"": 58, ""distance"": 0.9594457745552063}]",0.012576299952343106
EQ061,Compare the operational impacts of a K-12 cyberattack on learning and recovery.,"Learning loss was reported as 3 days to 3 weeks, while recovery time was reported as 2 to 9 months.",GAO-23-105480,PDF p. 2,1,False,"[{""rank"": 1, ""document"": ""gao-23-105480.pdf"", ""page"": 2, ""distance"": 0.7377728223800659}]",0.012929299962706864
EQ061,Compare the operational impacts of a K-12 cyberattack on learning and recovery.,"Learning loss was reported as 3 days to 3 weeks, while recovery time was reported as 2 to 9 months.",GAO-23-105480,PDF p. 2,2,False,"[{""rank"": 1, ""document"": ""gao-23-105480.pdf"", ""page"": 2, ""distance"": 0.7377728223800659}, {""rank"": 2, ""document"": ""gao-23-105480.pdf"", ""page"": 2, ""distance"": 0.7821371555328369}]",0.013064600003417581
EQ061,Compare the operational impacts of a K-12 cyberattack on learning and recovery.,"Learning loss was reported as 3 days to 3 weeks, while recovery time was reported as 2 to 9 months.",GAO-23-105480,PDF p. 2,3,False,"[{""rank"": 1, ""document"": ""gao-23-105480.pdf"", ""page"": 2, ""distance"": 0.7377728223800659}, {""rank"": 2, ""document"": ""gao-23-105480.pdf"", ""page"": 2, ""distance"": 0.7821371555328369}, {""rank"": 3, ""document"": ""gao-23-105480.pdf"", ""page"": 6, ""distance"": 0.8285791277885437}]",0.013887099979911
EQ061,Compare the operational impacts of a K-12 cyberattack on learning and recovery.,"Learning loss was reported as 3 days to 3 weeks, while recovery time was reported as 2 to 9 months.",GAO-23-105480,PDF p. 2,4,False,"[{""rank"": 1, ""document"": ""gao-23-105480.pdf"", ""page"": 2, ""distance"": 0.7377728223800659}, {""rank"": 2, ""document"": ""gao-23-105480.pdf"", ""page"": 2, ""distance"": 0.7821371555328369}, {""rank"": 3, ""document"": ""gao-23-105480.pdf"", ""page"": 6, ""distance"": 0.8285791277885437}, {""rank"": 4, ""document"": ""gao-23-105480.pdf"", ""page"": 16, ""distance"": 0.8414300680160522}]",0.013151200022548437
EQ061,Compare the operational impacts of a K-12 cyberattack on learning and recovery.,"Learning loss was reported as 3 days to 3 weeks, while recovery time was reported as 2 to 9 months.",GAO-23-105480,PDF p. 2,5,False,"[{""rank"": 1, ""document"": ""gao-23-105480.pdf"", ""page"": 2, ""distance"": 0.7377728223800659}, {""rank"": 2, ""document"": ""gao-23-105480.pdf"", ""page"": 2, ""distance"": 0.7821371555328369}, {""rank"": 3, ""document"": ""gao-23-105480.pdf"", ""page"": 6, ""distance"": 0.8285791277885437}, {""rank"": 4, ""document"": ""gao-23-105480.pdf"", ""page"": 16, ""distance"": 0.8414300680160522}, {""rank"": 5, ""document"": ""gao-23-105480.pdf"", ""page"": 7, ""distance"": 0.8581271171569824}]",0.014257800008635968
EQ061,Compare the operational impacts of a K-12 cyberattack on learning and recovery.,"Learning loss was reported as 3 days to 3 weeks, while recovery time was reported as 2 to 9 months.",GAO-23-105480,PDF p. 2,6,False,"[{""rank"": 1, ""document"": ""gao-23-105480.pdf"", ""page"": 2, ""distance"": 0.7377728223800659}, {""rank"": 2, ""document"": ""gao-23-105480.pdf"", ""page"": 2, ""distance"": 0.7821371555328369}, {""rank"": 3, ""document"": ""gao-23-105480.pdf"", ""page"": 6, ""distance"": 0.8285791277885437}, {""rank"": 4, ""document"": ""gao-23-105480.pdf"", ""page"": 16, ""distance"": 0.8414300680160522}, {""rank"": 5, ""document"": ""gao-23-105480.pdf"", ""page"": 7, ""distance"": 0.8581271171569824}, {""rank"": 6, ""document"": ""gao-23-105480.pdf"", ""page"": 4, ""distance"": 0.8695945143699646}]",0.012442799983546138
EQ061,Compare the operational impacts of a K-12 cyberattack on learning and recovery.,"Learning loss was reported as 3 days to 3 weeks, while recovery time was reported as 2 to 9 months.",GAO-23-105480,PDF p. 2,7,False,"[{""rank"": 1, ""document"": ""gao-23-105480.pdf"", ""page"": 2, ""distance"": 0.7377728223800659}, {""rank"": 2, ""document"": ""gao-23-105480.pdf"", ""page"": 2, ""distance"": 0.7821371555328369}, {""rank"": 3, ""document"": ""gao-23-105480.pdf"", ""page"": 6, ""distance"": 0.8285791277885437}, {""rank"": 4, ""document"": ""gao-23-105480.pdf"", ""page"": 16, ""distance"": 0.8414300680160522}, {""rank"": 5, ""document"": ""gao-23-105480.pdf"", ""page"": 7, ""distance"": 0.8581271171569824}, {""rank"": 6, ""document"": ""gao-23-105480.pdf"", ""page"": 4, ""distance"": 0.8695945143699646}, {""rank"": 7, ""document"": ""gao-23-105480.pdf"", ""page"": 10, ""distance"": 0.8746877908706665}]",0.01287069998215884
EQ061,Compare the operational impacts of a K-12 cyberattack on learning and recovery.,"Learning loss was reported as 3 days to 3 weeks, while recovery time was reported as 2 to 9 months.",GAO-23-105480,PDF p. 2,8,False,"[{""rank"": 1, ""document"": ""gao-23-105480.pdf"", ""page"": 2, ""distance"": 0.7377728223800659}, {""rank"": 2, ""document"": ""gao-23-105480.pdf"", ""page"": 2, ""distance"": 0.7821371555328369}, {""rank"": 3, ""document"": ""gao-23-105480.pdf"", ""page"": 6, ""distance"": 0.8285791277885437}, {""rank"": 4, ""document"": ""gao-23-105480.pdf"", ""page"": 16, ""distance"": 0.8414300680160522}, {""rank"": 5, ""document"": ""gao-23-105480.pdf"", ""page"": 7, ""distance"": 0.8581271171569824}, {""rank"": 6, ""document"": ""gao-23-105480.pdf"", ""page"": 4, ""distance"": 0.8695945143699646}, {""rank"": 7, ""document"": ""gao-23-105480.pdf"", ""page"": 10, ""distance"": 0.8746877908706665}, {""rank"": 8, ""document"": ""gao-23-105480.pdf"", ""page"": 13, ""distance"": 0.8878318071365356}]",0.013582799991127104
EQ061,Compare the operational impacts of a K-12 cyberattack on learning and recovery.,"Learning loss was reported as 3 days to 3 weeks, while recovery time was reported as 2 to 9 months.",GAO-23-105480,PDF p. 2,9,False,"[{""rank"": 1, ""document"": ""gao-23-105480.pdf"", ""page"": 2, ""distance"": 0.7377728223800659}, {""rank"": 2, ""document"": ""gao-23-105480.pdf"", ""page"": 2, ""distance"": 0.7821371555328369}, {""rank"": 3, ""document"": ""gao-23-105480.pdf"", ""page"": 6, ""distance"": 0.8285791277885437}, {""rank"": 4, ""document"": ""gao-23-105480.pdf"", ""page"": 16, ""distance"": 0.8414300680160522}, {""rank"": 5, ""document"": ""gao-23-105480.pdf"", ""page"": 7, ""distance"": 0.8581271171569824}, {""rank"": 6, ""document"": ""gao-23-105480.pdf"", ""page"": 4, ""distance"": 0.8695945143699646}, {""rank"": 7, ""document"": ""gao-23-105480.pdf"", ""page"": 10, ""distance"": 0.8746877908706665}, {""rank"": 8, ""document"": ""gao-23-105480.pdf"", ""page"": 13, ""distance"": 0.8878318071365356}, {""rank"": 9, ""document"": ""gao-23-105480.pdf"", ""page"": 31, ""distance"": 0.8883296251296997}]",0.01449309999588877
EQ061,Compare the operational impacts of a K-12 cyberattack on learning and recovery.,"Learning loss was reported as 3 days to 3 weeks, while recovery time was reported as 2 to 9 months.",GAO-23-105480,PDF p. 2,10,False,"[{""rank"": 1, ""document"": ""gao-23-105480.pdf"", ""page"": 2, ""distance"": 0.7377728223800659}, {""rank"": 2, ""document"": ""gao-23-105480.pdf"", ""page"": 2, ""distance"": 0.7821371555328369}, {""rank"": 3, ""document"": ""gao-23-105480.pdf"", ""page"": 6, ""distance"": 0.8285791277885437}, {""rank"": 4, ""document"": ""gao-23-105480.pdf"", ""page"": 16, ""distance"": 0.8414300680160522}, {""rank"": 5, ""document"": ""gao-23-105480.pdf"", ""page"": 7, ""distance"": 0.8581271171569824}, {""rank"": 6, ""document"": ""gao-23-105480.pdf"", ""page"": 4, ""distance"": 0.8695945143699646}, {""rank"": 7, ""document"": ""gao-23-105480.pdf"", ""page"": 10, ""distance"": 0.8746877908706665}, {""rank"": 8, ""document"": ""gao-23-105480.pdf"", ""page"": 13, ""distance"": 0.8878318071365356}, {""rank"": 9, ""document"": ""gao-23-105480.pdf"", ""page"": 31, ""distance"": 0.8883296251296997}, {""rank"": 10, ""document"": ""gao-23-105480.pdf"", ""page"": 37, ""distance"": 0.9007053375244141}]",0.01642240001820028
EQ062,How do the cybersecurity findings for NIH and federal agencies generally compare?,"Both identify gaps across core security activities; NIH had specific program and system-control deficiencies, while federal agencies broadly needed stronger risk-based programs, configuration, patching, and testing.",GAO-22-104467; GAO-16-885T,"PDF pp. 1, 2",1,False,"[{""rank"": 1, ""document"": ""gao-22-104467-highlights.pdf"", ""page"": 1, ""distance"": 0.7253390550613403}]",0.011648199986666441
EQ062,How do the cybersecurity findings for NIH and federal agencies generally compare?,"Both identify gaps across core security activities; NIH had specific program and system-control deficiencies, while federal agencies broadly needed stronger risk-based programs, configuration, patching, and testing.",GAO-22-104467; GAO-16-885T,"PDF pp. 1, 2",2,False,"[{""rank"": 1, ""document"": ""gao-22-104467-highlights.pdf"", ""page"": 1, ""distance"": 0.7253390550613403}, {""rank"": 2, ""document"": ""d24105658.pdf"", ""page"": 49, ""distance"": 0.7594631910324097}]",0.014667299983557314
EQ062,How do the cybersecurity findings for NIH and federal agencies generally compare?,"Both identify gaps across core security activities; NIH had specific program and system-control deficiencies, while federal agencies broadly needed stronger risk-based programs, configuration, patching, and testing.",GAO-22-104467; GAO-16-885T,"PDF pp. 1, 2",3,False,"[{""rank"": 1, ""document"": ""gao-22-104467-highlights.pdf"", ""page"": 1, ""distance"": 0.7253390550613403}, {""rank"": 2, ""document"": ""d24105658.pdf"", ""page"": 49, ""distance"": 0.7594631910324097}, {""rank"": 3, ""document"": ""gao-16-885t.pdf"", ""page"": 13, ""distance"": 0.7668013572692871}]",0.014664399961475283
EQ062,How do the cybersecurity findings for NIH and federal agencies generally compare?,"Both identify gaps across core security activities; NIH had specific program and system-control deficiencies, while federal agencies broadly needed stronger risk-based programs, configuration, patching, and testing.",GAO-22-104467; GAO-16-885T,"PDF pp. 1, 2",4,False,"[{""rank"": 1, ""document"": ""gao-22-104467-highlights.pdf"", ""page"": 1, ""distance"": 0.7253390550613403}, {""rank"": 2, ""document"": ""d24105658.pdf"", ""page"": 49, ""distance"": 0.7594631910324097}, {""rank"": 3, ""document"": ""gao-16-885t.pdf"", ""page"": 13, ""distance"": 0.7668013572692871}, {""rank"": 4, ""document"": ""d24105658.pdf"", ""page"": 27, ""distance"": 0.7734776139259338}]",0.013687899976503104
EQ062,How do the cybersecurity findings for NIH and federal agencies generally compare?,"Both identify gaps across core security activities; NIH had specific program and system-control deficiencies, while federal agencies broadly needed stronger risk-based programs, configuration, patching, and testing.",GAO-22-104467; GAO-16-885T,"PDF pp. 1, 2",5,False,"[{""rank"": 1, ""document"": ""gao-22-104467-highlights.pdf"", ""page"": 1, ""distance"": 0.7253390550613403}, {""rank"": 2, ""document"": ""d24105658.pdf"", ""page"": 49, ""distance"": 0.7594631910324097}, {""rank"": 3, ""document"": ""gao-16-885t.pdf"", ""page"": 13, ""distance"": 0.7668013572692871}, {""rank"": 4, ""document"": ""d24105658.pdf"", ""page"": 27, ""distance"": 0.7734776139259338}, {""rank"": 5, ""document"": ""d24105658.pdf"", ""page"": 8, ""distance"": 0.7915225028991699}]",0.012837700021918863
EQ062,How do the cybersecurity findings for NIH and federal agencies generally compare?,"Both identify gaps across core security activities; NIH had specific program and system-control deficiencies, while federal agencies broadly needed stronger risk-based programs, configuration, patching, and testing.",GAO-22-104467; GAO-16-885T,"PDF pp. 1, 2",6,False,"[{""rank"": 1, ""document"": ""gao-22-104467-highlights.pdf"", ""page"": 1, ""distance"": 0.7253390550613403}, {""rank"": 2, ""document"": ""d24105658.pdf"", ""page"": 49, ""distance"": 0.7594631910324097}, {""rank"": 3, ""document"": ""gao-16-885t.pdf"", ""page"": 13, ""distance"": 0.7668013572692871}, {""rank"": 4, ""document"": ""d24105658.pdf"", ""page"": 27, ""distance"": 0.7734776139259338}, {""rank"": 5, ""document"": ""d24105658.pdf"", ""page"": 8, ""distance"": 0.7915225028991699}, {""rank"": 6, ""document"": ""d24105658.pdf"", ""page"": 17, ""distance"": 0.7986973524093628}]",0.012793199974112213
EQ062,How do the cybersecurity findings for NIH and federal agencies generally compare?,"Both identify gaps across core security activities; NIH had specific program and system-control deficiencies, while federal agencies broadly needed stronger risk-based programs, configuration, patching, and testing.",GAO-22-104467; GAO-16-885T,"PDF pp. 1, 2",7,False,"[{""rank"": 1, ""document"": ""gao-22-104467-highlights.pdf"", ""page"": 1, ""distance"": 0.7253390550613403}, {""rank"": 2, ""document"": ""d24105658.pdf"", ""page"": 49, ""distance"": 0.7594631910324097}, {""rank"": 3, ""document"": ""gao-16-885t.pdf"", ""page"": 13, ""distance"": 0.7668013572692871}, {""rank"": 4, ""document"": ""d24105658.pdf"", ""page"": 27, ""distance"": 0.7734776139259338}, {""rank"": 5, ""document"": ""d24105658.pdf"", ""page"": 8, ""distance"": 0.7915225028991699}, {""rank"": 6, ""document"": ""d24105658.pdf"", ""page"": 17, ""distance"": 0.7986973524093628}, {""rank"": 7, ""document"": ""gao-24-107231.pdf"", ""page"": 34, ""distance"": 0.8036640882492065}]",0.013234000012744218
EQ062,How do the cybersecurity findings for NIH and federal agencies generally compare?,"Both identify gaps across core security activities; NIH had specific program and system-control deficiencies, while federal agencies broadly needed stronger risk-based programs, configuration, patching, and testing.",GAO-22-104467; GAO-16-885T,"PDF pp. 1, 2",8,False,"[{""rank"": 1, ""document"": ""gao-22-104467-highlights.pdf"", ""page"": 1, ""distance"": 0.7253390550613403}, {""rank"": 2, ""document"": ""d24105658.pdf"", ""page"": 49, ""distance"": 0.7594631910324097}, {""rank"": 3, ""document"": ""gao-16-885t.pdf"", ""page"": 13, ""distance"": 0.7668013572692871}, {""rank"": 4, ""document"": ""d24105658.pdf"", ""page"": 27, ""distance"": 0.7734776139259338}, {""rank"": 5, ""document"": ""d24105658.pdf"", ""page"": 8, ""distance"": 0.7915225028991699}, {""rank"": 6, ""document"": ""d24105658.pdf"", ""page"": 17, ""distance"": 0.7986973524093628}, {""rank"": 7, ""document"": ""gao-24-107231.pdf"", ""page"": 34, ""distance"": 0.8036640882492065}, {""rank"": 8, ""document"": ""d24105658.pdf"", ""page"": 45, ""distance"": 0.8087524175643921}]",0.013750899990554899
EQ062,How do the cybersecurity findings for NIH and federal agencies generally compare?,"Both identify gaps across core security activities; NIH had specific program and system-control deficiencies, while federal agencies broadly needed stronger risk-based programs, configuration, patching, and testing.",GAO-22-104467; GAO-16-885T,"PDF pp. 1, 2",9,False,"[{""rank"": 1, ""document"": ""gao-22-104467-highlights.pdf"", ""page"": 1, ""distance"": 0.7253390550613403}, {""rank"": 2, ""document"": ""d24105658.pdf"", ""page"": 49, ""distance"": 0.7594631910324097}, {""rank"": 3, ""document"": ""gao-16-885t.pdf"", ""page"": 13, ""distance"": 0.7668013572692871}, {""rank"": 4, ""document"": ""d24105658.pdf"", ""page"": 27, ""distance"": 0.7734776139259338}, {""rank"": 5, ""document"": ""d24105658.pdf"", ""page"": 8, ""distance"": 0.7915225028991699}, {""rank"": 6, ""document"": ""d24105658.pdf"", ""page"": 17, ""distance"": 0.7986973524093628}, {""rank"": 7, ""document"": ""gao-24-107231.pdf"", ""page"": 34, ""distance"": 0.8036640882492065}, {""rank"": 8, ""document"": ""d24105658.pdf"", ""page"": 45, ""distance"": 0.8087524175643921}, {""rank"": 9, ""document"": ""gao-24-107231.pdf"", ""page"": 53, ""distance"": 0.827353835105896}]",0.011514300014823675
EQ062,How do the cybersecurity findings for NIH and federal agencies generally compare?,"Both identify gaps across core security activities; NIH had specific program and system-control deficiencies, while federal agencies broadly needed stronger risk-based programs, configuration, patching, and testing.",GAO-22-104467; GAO-16-885T,"PDF pp. 1, 2",10,False,"[{""rank"": 1, ""document"": ""gao-22-104467-highlights.pdf"", ""page"": 1, ""distance"": 0.7253390550613403}, {""rank"": 2, ""document"": ""d24105658.pdf"", ""page"": 49, ""distance"": 0.7594631910324097}, {""rank"": 3, ""document"": ""gao-16-885t.pdf"", ""page"": 13, ""distance"": 0.7668013572692871}, {""rank"": 4, ""document"": ""d24105658.pdf"", ""page"": 27, ""distance"": 0.7734776139259338}, {""rank"": 5, ""document"": ""d24105658.pdf"", ""page"": 8, ""distance"": 0.7915225028991699}, {""rank"": 6, ""document"": ""d24105658.pdf"", ""page"": 17, ""distance"": 0.7986973524093628}, {""rank"": 7, ""document"": ""gao-24-107231.pdf"", ""page"": 34, ""distance"": 0.8036640882492065}, {""rank"": 8, ""document"": ""d24105658.pdf"", ""page"": 45, ""distance"": 0.8087524175643921}, {""rank"": 9, ""document"": ""gao-24-107231.pdf"", ""page"": 53, ""distance"": 0.827353835105896}, {""rank"": 10, ""document"": ""d24106576.pdf"", ""page"": 50, ""distance"": 0.8343892097473145}]",0.013739999965764582
EQ063,Compare the reported repayment outcome of the Main Street Program with the internal-control improvements described by GAO.,"Seventy percent of loans had been repaid, while Federal Reserve Banks had processes addressing all 20 identified internal-control opportunities.",GAO-26-108011,PDF p. 1,1,False,"[{""rank"": 1, ""document"": ""gao-26-900644.pdf"", ""page"": 138, ""distance"": 0.8735072612762451}]",0.013844700006302446
EQ063,Compare the reported repayment outcome of the Main Street Program with the internal-control improvements described by GAO.,"Seventy percent of loans had been repaid, while Federal Reserve Banks had processes addressing all 20 identified internal-control opportunities.",GAO-26-108011,PDF p. 1,2,False,"[{""rank"": 1, ""document"": ""gao-26-900644.pdf"", ""page"": 138, ""distance"": 0.8735072612762451}, {""rank"": 2, ""document"": ""gao-26-900644.pdf"", ""page"": 125, ""distance"": 0.8863576054573059}]",0.010959999985061586
EQ063,Compare the reported repayment outcome of the Main Street Program with the internal-control improvements described by GAO.,"Seventy percent of loans had been repaid, while Federal Reserve Banks had processes addressing all 20 identified internal-control opportunities.",GAO-26-108011,PDF p. 1,3,False,"[{""rank"": 1, ""document"": ""gao-26-900644.pdf"", ""page"": 138, ""distance"": 0.8735072612762451}, {""rank"": 2, ""document"": ""gao-26-900644.pdf"", ""page"": 125, ""distance"": 0.8863576054573059}, {""rank"": 3, ""document"": ""gao-26-108011-highlights.pdf"", ""page"": 1, ""distance"": 0.9071894884109497}]",0.013452100043650717
EQ063,Compare the reported repayment outcome of the Main Street Program with the internal-control improvements described by GAO.,"Seventy percent of loans had been repaid, while Federal Reserve Banks had processes addressing all 20 identified internal-control opportunities.",GAO-26-108011,PDF p. 1,4,False,"[{""rank"": 1, ""document"": ""gao-26-900644.pdf"", ""page"": 138, ""distance"": 0.8735072612762451}, {""rank"": 2, ""document"": ""gao-26-900644.pdf"", ""page"": 125, ""distance"": 0.8863576054573059}, {""rank"": 3, ""document"": ""gao-26-108011-highlights.pdf"", ""page"": 1, ""distance"": 0.9071894884109497}, {""rank"": 4, ""document"": ""gao-26-108011-highlights.pdf"", ""page"": 1, ""distance"": 0.9521037340164185}]",0.014584700053092092
EQ063,Compare the reported repayment outcome of the Main Street Program with the internal-control improvements described by GAO.,"Seventy percent of loans had been repaid, while Federal Reserve Banks had processes addressing all 20 identified internal-control opportunities.",GAO-26-108011,PDF p. 1,5,False,"[{""rank"": 1, ""document"": ""gao-26-900644.pdf"", ""page"": 138, ""distance"": 0.8735072612762451}, {""rank"": 2, ""document"": ""gao-26-900644.pdf"", ""page"": 125, ""distance"": 0.8863576054573059}, {""rank"": 3, ""document"": ""gao-26-108011-highlights.pdf"", ""page"": 1, ""distance"": 0.9071894884109497}, {""rank"": 4, ""document"": ""gao-26-108011-highlights.pdf"", ""page"": 1, ""distance"": 0.9521037340164185}, {""rank"": 5, ""document"": ""gao-26-900644.pdf"", ""page"": 124, ""distance"": 0.9733848571777344}]",0.014271399995777756
EQ063,Compare the reported repayment outcome of the Main Street Program with the internal-control improvements described by GAO.,"Seventy percent of loans had been repaid, while Federal Reserve Banks had processes addressing all 20 identified internal-control opportunities.",GAO-26-108011,PDF p. 1,6,False,"[{""rank"": 1, ""document"": ""gao-26-900644.pdf"", ""page"": 138, ""distance"": 0.8735072612762451}, {""rank"": 2, ""document"": ""gao-26-900644.pdf"", ""page"": 125, ""distance"": 0.8863576054573059}, {""rank"": 3, ""document"": ""gao-26-108011-highlights.pdf"", ""page"": 1, ""distance"": 0.9071894884109497}, {""rank"": 4, ""document"": ""gao-26-108011-highlights.pdf"", ""page"": 1, ""distance"": 0.9521037340164185}, {""rank"": 5, ""document"": ""gao-26-900644.pdf"", ""page"": 124, ""distance"": 0.9733848571777344}, {""rank"": 6, ""document"": ""gao-26-900644.pdf"", ""page"": 40, ""distance"": 0.9769511818885803}]",0.014683699992019683
EQ063,Compare the reported repayment outcome of the Main Street Program with the internal-control improvements described by GAO.,"Seventy percent of loans had been repaid, while Federal Reserve Banks had processes addressing all 20 identified internal-control opportunities.",GAO-26-108011,PDF p. 1,7,False,"[{""rank"": 1, ""document"": ""gao-26-900644.pdf"", ""page"": 138, ""distance"": 0.8735072612762451}, {""rank"": 2, ""document"": ""gao-26-900644.pdf"", ""page"": 125, ""distance"": 0.8863576054573059}, {""rank"": 3, ""document"": ""gao-26-108011-highlights.pdf"", ""page"": 1, ""distance"": 0.9071894884109497}, {""rank"": 4, ""document"": ""gao-26-108011-highlights.pdf"", ""page"": 1, ""distance"": 0.9521037340164185}, {""rank"": 5, ""document"": ""gao-26-900644.pdf"", ""page"": 124, ""distance"": 0.9733848571777344}, {""rank"": 6, ""document"": ""gao-26-900644.pdf"", ""page"": 40, ""distance"": 0.9769511818885803}, {""rank"": 7, ""document"": ""gao-26-900644.pdf"", ""page"": 136, ""distance"": 1.0028959512710571}]",0.01781189994653687
EQ063,Compare the reported repayment outcome of the Main Street Program with the internal-control improvements described by GAO.,"Seventy percent of loans had been repaid, while Federal Reserve Banks had processes addressing all 20 identified internal-control opportunities.",GAO-26-108011,PDF p. 1,8,False,"[{""rank"": 1, ""document"": ""gao-26-900644.pdf"", ""page"": 138, ""distance"": 0.8735072612762451}, {""rank"": 2, ""document"": ""gao-26-900644.pdf"", ""page"": 125, ""distance"": 0.8863576054573059}, {""rank"": 3, ""document"": ""gao-26-108011-highlights.pdf"", ""page"": 1, ""distance"": 0.9071894884109497}, {""rank"": 4, ""document"": ""gao-26-108011-highlights.pdf"", ""page"": 1, ""distance"": 0.9521037340164185}, {""rank"": 5, ""document"": ""gao-26-900644.pdf"", ""page"": 124, ""distance"": 0.9733848571777344}, {""rank"": 6, ""document"": ""gao-26-900644.pdf"", ""page"": 40, ""distance"": 0.9769511818885803}, {""rank"": 7, ""document"": ""gao-26-900644.pdf"", ""page"": 136, ""distance"": 1.0028959512710571}, {""rank"": 8, ""document"": ""gao-25-108440.pdf"", ""page"": 9, ""distance"": 1.0045547485351562}]",0.014416499994695187
EQ063,Compare the reported repayment outcome of the Main Street Program with the internal-control improvements described by GAO.,"Seventy percent of loans had been repaid, while Federal Reserve Banks had processes addressing all 20 identified internal-control opportunities.",GAO-26-108011,PDF p. 1,9,False,"[{""rank"": 1, ""document"": ""gao-26-900644.pdf"", ""page"": 138, ""distance"": 0.8735072612762451}, {""rank"": 2, ""document"": ""gao-26-900644.pdf"", ""page"": 125, ""distance"": 0.8863576054573059}, {""rank"": 3, ""document"": ""gao-26-108011-highlights.pdf"", ""page"": 1, ""distance"": 0.9071894884109497}, {""rank"": 4, ""document"": ""gao-26-108011-highlights.pdf"", ""page"": 1, ""distance"": 0.9521037340164185}, {""rank"": 5, ""document"": ""gao-26-900644.pdf"", ""page"": 124, ""distance"": 0.9733848571777344}, {""rank"": 6, ""document"": ""gao-26-900644.pdf"", ""page"": 40, ""distance"": 0.9769511818885803}, {""rank"": 7, ""document"": ""gao-26-900644.pdf"", ""page"": 136, ""distance"": 1.0028959512710571}, {""rank"": 8, ""document"": ""gao-25-108440.pdf"", ""page"": 9, ""distance"": 1.0045547485351562}, {""rank"": 9, ""document"": ""gao-26-900644.pdf"", ""page"": 87, ""distance"": 1.005603313446045}]",0.013064099999610335
EQ063,Compare the reported repayment outcome of the Main Street Program with the internal-control improvements described by GAO.,"Seventy percent of loans had been repaid, while Federal Reserve Banks had processes addressing all 20 identified internal-control opportunities.",GAO-26-108011,PDF p. 1,10,False,"[{""rank"": 1, ""document"": ""gao-26-900644.pdf"", ""page"": 138, ""distance"": 0.8735072612762451}, {""rank"": 2, ""document"": ""gao-26-900644.pdf"", ""page"": 125, ""distance"": 0.8863576054573059}, {""rank"": 3, ""document"": ""gao-26-108011-highlights.pdf"", ""page"": 1, ""distance"": 0.9071894884109497}, {""rank"": 4, ""document"": ""gao-26-108011-highlights.pdf"", ""page"": 1, ""distance"": 0.9521037340164185}, {""rank"": 5, ""document"": ""gao-26-900644.pdf"", ""page"": 124, ""distance"": 0.9733848571777344}, {""rank"": 6, ""document"": ""gao-26-900644.pdf"", ""page"": 40, ""distance"": 0.9769511818885803}, {""rank"": 7, ""document"": ""gao-26-900644.pdf"", ""page"": 136, ""distance"": 1.0028959512710571}, {""rank"": 8, ""document"": ""gao-25-108440.pdf"", ""page"": 9, ""distance"": 1.0045547485351562}, {""rank"": 9, ""document"": ""gao-26-900644.pdf"", ""page"": 87, ""distance"": 1.005603313446045}, {""rank"": 10, ""document"": ""gao-26-900644.pdf"", ""page"": 7, ""distance"": 1.008211612701416}]",0.02755950001301244
EQ064,Compare Treasury's borrowing approach with the fiscal risk noted in the debt-management report.,"Treasury uses larger, more frequent auctions and a regular predictable schedule to meet needs, but the deteriorating fiscal outlook poses risks those practices cannot resolve.",GAO-26-107529,PDF pp. 2-3,1,False,"[{""rank"": 1, ""document"": ""gao-26-107529.pdf"", ""page"": 16, ""distance"": 0.5412672758102417}]",0.017603699991013855
EQ064,Compare Treasury's borrowing approach with the fiscal risk noted in the debt-management report.,"Treasury uses larger, more frequent auctions and a regular predictable schedule to meet needs, but the deteriorating fiscal outlook poses risks those practices cannot resolve.",GAO-26-107529,PDF pp. 2-3,2,False,"[{""rank"": 1, ""document"": ""gao-26-107529.pdf"", ""page"": 16, ""distance"": 0.5412672758102417}, {""rank"": 2, ""document"": ""gao-26-107529.pdf"", ""page"": 52, ""distance"": 0.5734879970550537}]",0.012581599992699921
EQ064,Compare Treasury's borrowing approach with the fiscal risk noted in the debt-management report.,"Treasury uses larger, more frequent auctions and a regular predictable schedule to meet needs, but the deteriorating fiscal outlook poses risks those practices cannot resolve.",GAO-26-107529,PDF pp. 2-3,3,False,"[{""rank"": 1, ""document"": ""gao-26-107529.pdf"", ""page"": 16, ""distance"": 0.5412672758102417}, {""rank"": 2, ""document"": ""gao-26-107529.pdf"", ""page"": 52, ""distance"": 0.5734879970550537}, {""rank"": 3, ""document"": ""gao-26-107529.pdf"", ""page"": 2, ""distance"": 0.5985320806503296}]",0.011303999985102564
EQ064,Compare Treasury's borrowing approach with the fiscal risk noted in the debt-management report.,"Treasury uses larger, more frequent auctions and a regular predictable schedule to meet needs, but the deteriorating fiscal outlook poses risks those practices cannot resolve.",GAO-26-107529,PDF pp. 2-3,4,False,"[{""rank"": 1, ""document"": ""gao-26-107529.pdf"", ""page"": 16, ""distance"": 0.5412672758102417}, {""rank"": 2, ""document"": ""gao-26-107529.pdf"", ""page"": 52, ""distance"": 0.5734879970550537}, {""rank"": 3, ""document"": ""gao-26-107529.pdf"", ""page"": 2, ""distance"": 0.5985320806503296}, {""rank"": 4, ""document"": ""gao-26-107529.pdf"", ""page"": 1, ""distance"": 0.6042717695236206}]",0.012851099949330091
EQ064,Compare Treasury's borrowing approach with the fiscal risk noted in the debt-management report.,"Treasury uses larger, more frequent auctions and a regular predictable schedule to meet needs, but the deteriorating fiscal outlook poses risks those practices cannot resolve.",GAO-26-107529,PDF pp. 2-3,5,False,"[{""rank"": 1, ""document"": ""gao-26-107529.pdf"", ""page"": 16, ""distance"": 0.5412672758102417}, {""rank"": 2, ""document"": ""gao-26-107529.pdf"", ""page"": 52, ""distance"": 0.5734879970550537}, {""rank"": 3, ""document"": ""gao-26-107529.pdf"", ""page"": 2, ""distance"": 0.5985320806503296}, {""rank"": 4, ""document"": ""gao-26-107529.pdf"", ""page"": 1, ""distance"": 0.6042717695236206}, {""rank"": 5, ""document"": ""gao-26-107529.pdf"", ""page"": 17, ""distance"": 0.6213803291320801}]",0.010770900000352412
EQ064,Compare Treasury's borrowing approach with the fiscal risk noted in the debt-management report.,"Treasury uses larger, more frequent auctions and a regular predictable schedule to meet needs, but the deteriorating fiscal outlook poses risks those practices cannot resolve.",GAO-26-107529,PDF pp. 2-3,6,False,"[{""rank"": 1, ""document"": ""gao-26-107529.pdf"", ""page"": 16, ""distance"": 0.5412672758102417}, {""rank"": 2, ""document"": ""gao-26-107529.pdf"", ""page"": 52, ""distance"": 0.5734879970550537}, {""rank"": 3, ""document"": ""gao-26-107529.pdf"", ""page"": 2, ""distance"": 0.5985320806503296}, {""rank"": 4, ""document"": ""gao-26-107529.pdf"", ""page"": 1, ""distance"": 0.6042717695236206}, {""rank"": 5, ""document"": ""gao-26-107529.pdf"", ""page"": 17, ""distance"": 0.6213803291320801}, {""rank"": 6, ""document"": ""gao-26-107529.pdf"", ""page"": 25, ""distance"": 0.6246603727340698}]",0.014140699990093708
EQ064,Compare Treasury's borrowing approach with the fiscal risk noted in the debt-management report.,"Treasury uses larger, more frequent auctions and a regular predictable schedule to meet needs, but the deteriorating fiscal outlook poses risks those practices cannot resolve.",GAO-26-107529,PDF pp. 2-3,7,False,"[{""rank"": 1, ""document"": ""gao-26-107529.pdf"", ""page"": 16, ""distance"": 0.5412672758102417}, {""rank"": 2, ""document"": ""gao-26-107529.pdf"", ""page"": 52, ""distance"": 0.5734879970550537}, {""rank"": 3, ""document"": ""gao-26-107529.pdf"", ""page"": 2, ""distance"": 0.5985320806503296}, {""rank"": 4, ""document"": ""gao-26-107529.pdf"", ""page"": 1, ""distance"": 0.6042717695236206}, {""rank"": 5, ""document"": ""gao-26-107529.pdf"", ""page"": 17, ""distance"": 0.6213803291320801}, {""rank"": 6, ""document"": ""gao-26-107529.pdf"", ""page"": 25, ""distance"": 0.6246603727340698}, {""rank"": 7, ""document"": ""gao-26-107529.pdf"", ""page"": 18, ""distance"": 0.6379445195198059}]",0.014631500001996756
EQ064,Compare Treasury's borrowing approach with the fiscal risk noted in the debt-management report.,"Treasury uses larger, more frequent auctions and a regular predictable schedule to meet needs, but the deteriorating fiscal outlook poses risks those practices cannot resolve.",GAO-26-107529,PDF pp. 2-3,8,False,"[{""rank"": 1, ""document"": ""gao-26-107529.pdf"", ""page"": 16, ""distance"": 0.5412672758102417}, {""rank"": 2, ""document"": ""gao-26-107529.pdf"", ""page"": 52, ""distance"": 0.5734879970550537}, {""rank"": 3, ""document"": ""gao-26-107529.pdf"", ""page"": 2, ""distance"": 0.5985320806503296}, {""rank"": 4, ""document"": ""gao-26-107529.pdf"", ""page"": 1, ""distance"": 0.6042717695236206}, {""rank"": 5, ""document"": ""gao-26-107529.pdf"", ""page"": 17, ""distance"": 0.6213803291320801}, {""rank"": 6, ""document"": ""gao-26-107529.pdf"", ""page"": 25, ""distance"": 0.6246603727340698}, {""rank"": 7, ""document"": ""gao-26-107529.pdf"", ""page"": 18, ""distance"": 0.6379445195198059}, {""rank"": 8, ""document"": ""gao-26-107529.pdf"", ""page"": 24, ""distance"": 0.6417359113693237}]",0.011696400004439056
EQ064,Compare Treasury's borrowing approach with the fiscal risk noted in the debt-management report.,"Treasury uses larger, more frequent auctions and a regular predictable schedule to meet needs, but the deteriorating fiscal outlook poses risks those practices cannot resolve.",GAO-26-107529,PDF pp. 2-3,9,False,"[{""rank"": 1, ""document"": ""gao-26-107529.pdf"", ""page"": 16, ""distance"": 0.5412672758102417}, {""rank"": 2, ""document"": ""gao-26-107529.pdf"", ""page"": 52, ""distance"": 0.5734879970550537}, {""rank"": 3, ""document"": ""gao-26-107529.pdf"", ""page"": 2, ""distance"": 0.5985320806503296}, {""rank"": 4, ""document"": ""gao-26-107529.pdf"", ""page"": 1, ""distance"": 0.6042717695236206}, {""rank"": 5, ""document"": ""gao-26-107529.pdf"", ""page"": 17, ""distance"": 0.6213803291320801}, {""rank"": 6, ""document"": ""gao-26-107529.pdf"", ""page"": 25, ""distance"": 0.6246603727340698}, {""rank"": 7, ""document"": ""gao-26-107529.pdf"", ""page"": 18, ""distance"": 0.6379445195198059}, {""rank"": 8, ""document"": ""gao-26-107529.pdf"", ""page"": 24, ""distance"": 0.6417359113693237}, {""rank"": 9, ""document"": ""gao-26-107529.pdf"", ""page"": 7, ""distance"": 0.6435803174972534}]",0.013313300034496933
EQ064,Compare Treasury's borrowing approach with the fiscal risk noted in the debt-management report.,"Treasury uses larger, more frequent auctions and a regular predictable schedule to meet needs, but the deteriorating fiscal outlook poses risks those practices cannot resolve.",GAO-26-107529,PDF pp. 2-3,10,False,"[{""rank"": 1, ""document"": ""gao-26-107529.pdf"", ""page"": 16, ""distance"": 0.5412672758102417}, {""rank"": 2, ""document"": ""gao-26-107529.pdf"", ""page"": 52, ""distance"": 0.5734879970550537}, {""rank"": 3, ""document"": ""gao-26-107529.pdf"", ""page"": 2, ""distance"": 0.5985320806503296}, {""rank"": 4, ""document"": ""gao-26-107529.pdf"", ""page"": 1, ""distance"": 0.6042717695236206}, {""rank"": 5, ""document"": ""gao-26-107529.pdf"", ""page"": 17, ""distance"": 0.6213803291320801}, {""rank"": 6, ""document"": ""gao-26-107529.pdf"", ""page"": 25, ""distance"": 0.6246603727340698}, {""rank"": 7, ""document"": ""gao-26-107529.pdf"", ""page"": 18, ""distance"": 0.6379445195198059}, {""rank"": 8, ""document"": ""gao-26-107529.pdf"", ""page"": 24, ""distance"": 0.6417359113693237}, {""rank"": 9, ""document"": ""gao-26-107529.pdf"", ""page"": 7, ""distance"": 0.6435803174972534}, {""rank"": 10, ""document"": ""gao-26-107529.pdf"", ""page"": 29, ""distance"": 0.665935754776001}]",0.00996540003689006
EQ065,Compare the types of cybersecurity technologies available for critical-infrastructure protection with the implementation gap identified by GAO.,"Available technologies include access control, integrity, cryptography, auditing/monitoring, and configuration-management tools, but experts said they were not purchased or implemented to their full extent.",GAO-04-321,PDF p. 1,1,False,"[{""rank"": 1, ""document"": ""gao-04-321-highlights.pdf"", ""page"": 1, ""distance"": 0.5185506939888}]",0.01446179999038577
EQ065,Compare the types of cybersecurity technologies available for critical-infrastructure protection with the implementation gap identified by GAO.,"Available technologies include access control, integrity, cryptography, auditing/monitoring, and configuration-management tools, but experts said they were not purchased or implemented to their full extent.",GAO-04-321,PDF p. 1,2,False,"[{""rank"": 1, ""document"": ""gao-04-321-highlights.pdf"", ""page"": 1, ""distance"": 0.5185506939888}, {""rank"": 2, ""document"": ""gao-24-107231.pdf"", ""page"": 2, ""distance"": 0.6077638268470764}]",0.013066000014077872
EQ065,Compare the types of cybersecurity technologies available for critical-infrastructure protection with the implementation gap identified by GAO.,"Available technologies include access control, integrity, cryptography, auditing/monitoring, and configuration-management tools, but experts said they were not purchased or implemented to their full extent.",GAO-04-321,PDF p. 1,3,False,"[{""rank"": 1, ""document"": ""gao-04-321-highlights.pdf"", ""page"": 1, ""distance"": 0.5185506939888}, {""rank"": 2, ""document"": ""gao-24-107231-highlights.pdf"", ""page"": 1, ""distance"": 0.6077638268470764}, {""rank"": 3, ""document"": ""gao-24-107231.pdf"", ""page"": 2, ""distance"": 0.6077638268470764}]",0.011991800041869283
EQ065,Compare the types of cybersecurity technologies available for critical-infrastructure protection with the implementation gap identified by GAO.,"Available technologies include access control, integrity, cryptography, auditing/monitoring, and configuration-management tools, but experts said they were not purchased or implemented to their full extent.",GAO-04-321,PDF p. 1,4,False,"[{""rank"": 1, ""document"": ""gao-04-321-highlights.pdf"", ""page"": 1, ""distance"": 0.5185506939888}, {""rank"": 2, ""document"": ""gao-24-107231-highlights.pdf"", ""page"": 1, ""distance"": 0.6077638268470764}, {""rank"": 3, ""document"": ""gao-24-107231.pdf"", ""page"": 2, ""distance"": 0.6077638268470764}, {""rank"": 4, ""document"": ""gao-24-107231-highlights.pdf"", ""page"": 3, ""distance"": 0.6095677614212036}]",0.01302330003818497
EQ065,Compare the types of cybersecurity technologies available for critical-infrastructure protection with the implementation gap identified by GAO.,"Available technologies include access control, integrity, cryptography, auditing/monitoring, and configuration-management tools, but experts said they were not purchased or implemented to their full extent.",GAO-04-321,PDF p. 1,5,False,"[{""rank"": 1, ""document"": ""gao-04-321-highlights.pdf"", ""page"": 1, ""distance"": 0.5185506939888}, {""rank"": 2, ""document"": ""gao-24-107231-highlights.pdf"", ""page"": 1, ""distance"": 0.6077638268470764}, {""rank"": 3, ""document"": ""gao-24-107231.pdf"", ""page"": 2, ""distance"": 0.6077638268470764}, {""rank"": 4, ""document"": ""gao-24-107231-highlights.pdf"", ""page"": 3, ""distance"": 0.6095677614212036}, {""rank"": 5, ""document"": ""gao-24-107231.pdf"", ""page"": 4, ""distance"": 0.6095677614212036}]",0.014292799984104931
EQ065,Compare the types of cybersecurity technologies available for critical-infrastructure protection with the implementation gap identified by GAO.,"Available technologies include access control, integrity, cryptography, auditing/monitoring, and configuration-management tools, but experts said they were not purchased or implemented to their full extent.",GAO-04-321,PDF p. 1,6,False,"[{""rank"": 1, ""document"": ""gao-04-321-highlights.pdf"", ""page"": 1, ""distance"": 0.5185506939888}, {""rank"": 2, ""document"": ""gao-24-107231-highlights.pdf"", ""page"": 1, ""distance"": 0.6077638268470764}, {""rank"": 3, ""document"": ""gao-24-107231.pdf"", ""page"": 2, ""distance"": 0.6077638268470764}, {""rank"": 4, ""document"": ""gao-24-107231-highlights.pdf"", ""page"": 3, ""distance"": 0.6095677614212036}, {""rank"": 5, ""document"": ""gao-24-107231.pdf"", ""page"": 4, ""distance"": 0.6095677614212036}, {""rank"": 6, ""document"": ""gao-24-107231.pdf"", ""page"": 6, ""distance"": 0.6286948323249817}]",0.013056299998424947
EQ065,Compare the types of cybersecurity technologies available for critical-infrastructure protection with the implementation gap identified by GAO.,"Available technologies include access control, integrity, cryptography, auditing/monitoring, and configuration-management tools, but experts said they were not purchased or implemented to their full extent.",GAO-04-321,PDF p. 1,7,False,"[{""rank"": 1, ""document"": ""gao-04-321-highlights.pdf"", ""page"": 1, ""distance"": 0.5185506939888}, {""rank"": 2, ""document"": ""gao-24-107231-highlights.pdf"", ""page"": 1, ""distance"": 0.6077638268470764}, {""rank"": 3, ""document"": ""gao-24-107231.pdf"", ""page"": 2, ""distance"": 0.6077638268470764}, {""rank"": 4, ""document"": ""gao-24-107231-highlights.pdf"", ""page"": 3, ""distance"": 0.6095677614212036}, {""rank"": 5, ""document"": ""gao-24-107231.pdf"", ""page"": 4, ""distance"": 0.6095677614212036}, {""rank"": 6, ""document"": ""gao-24-107231.pdf"", ""page"": 6, ""distance"": 0.6286948323249817}, {""rank"": 7, ""document"": ""gao-04-321-highlights.pdf"", ""page"": 1, ""distance"": 0.6680948734283447}]",0.011272699979599565
EQ065,Compare the types of cybersecurity technologies available for critical-infrastructure protection with the implementation gap identified by GAO.,"Available technologies include access control, integrity, cryptography, auditing/monitoring, and configuration-management tools, but experts said they were not purchased or implemented to their full extent.",GAO-04-321,PDF p. 1,8,False,"[{""rank"": 1, ""document"": ""gao-04-321-highlights.pdf"", ""page"": 1, ""distance"": 0.5185506939888}, {""rank"": 2, ""document"": ""gao-24-107231-highlights.pdf"", ""page"": 1, ""distance"": 0.6077638268470764}, {""rank"": 3, ""document"": ""gao-24-107231.pdf"", ""page"": 2, ""distance"": 0.6077638268470764}, {""rank"": 4, ""document"": ""gao-24-107231-highlights.pdf"", ""page"": 3, ""distance"": 0.6095677614212036}, {""rank"": 5, ""document"": ""gao-24-107231.pdf"", ""page"": 4, ""distance"": 0.6095677614212036}, {""rank"": 6, ""document"": ""gao-24-107231.pdf"", ""page"": 6, ""distance"": 0.6286948323249817}, {""rank"": 7, ""document"": ""gao-04-321-highlights.pdf"", ""page"": 1, ""distance"": 0.6680948734283447}, {""rank"": 8, ""document"": ""gao-24-107231.pdf"", ""page"": 86, ""distance"": 0.6779820919036865}]",0.013895799987949431
EQ065,Compare the types of cybersecurity technologies available for critical-infrastructure protection with the implementation gap identified by GAO.,"Available technologies include access control, integrity, cryptography, auditing/monitoring, and configuration-management tools, but experts said they were not purchased or implemented to their full extent.",GAO-04-321,PDF p. 1,9,False,"[{""rank"": 1, ""document"": ""gao-04-321-highlights.pdf"", ""page"": 1, ""distance"": 0.5185506939888}, {""rank"": 2, ""document"": ""gao-24-107231-highlights.pdf"", ""page"": 1, ""distance"": 0.6077638268470764}, {""rank"": 3, ""document"": ""gao-24-107231.pdf"", ""page"": 2, ""distance"": 0.6077638268470764}, {""rank"": 4, ""document"": ""gao-24-107231-highlights.pdf"", ""page"": 3, ""distance"": 0.6095677614212036}, {""rank"": 5, ""document"": ""gao-24-107231.pdf"", ""page"": 4, ""distance"": 0.6095677614212036}, {""rank"": 6, ""document"": ""gao-24-107231.pdf"", ""page"": 6, ""distance"": 0.6286948323249817}, {""rank"": 7, ""document"": ""gao-04-321-highlights.pdf"", ""page"": 1, ""distance"": 0.6680948734283447}, {""rank"": 8, ""document"": ""gao-24-107231.pdf"", ""page"": 86, ""distance"": 0.6779820919036865}, {""rank"": 9, ""document"": ""gao-26-900644.pdf"", ""page"": 143, ""distance"": 0.6829594969749451}]",0.01160539995180443
EQ065,Compare the types of cybersecurity technologies available for critical-infrastructure protection with the implementation gap identified by GAO.,"Available technologies include access control, integrity, cryptography, auditing/monitoring, and configuration-management tools, but experts said they were not purchased or implemented to their full extent.",GAO-04-321,PDF p. 1,10,False,"[{""rank"": 1, ""document"": ""gao-04-321-highlights.pdf"", ""page"": 1, ""distance"": 0.5185506939888}, {""rank"": 2, ""document"": ""gao-24-107231-highlights.pdf"", ""page"": 1, ""distance"": 0.6077638268470764}, {""rank"": 3, ""document"": ""gao-24-107231.pdf"", ""page"": 2, ""distance"": 0.6077638268470764}, {""rank"": 4, ""document"": ""gao-24-107231-highlights.pdf"", ""page"": 3, ""distance"": 0.6095677614212036}, {""rank"": 5, ""document"": ""gao-24-107231.pdf"", ""page"": 4, ""distance"": 0.6095677614212036}, {""rank"": 6, ""document"": ""gao-24-107231.pdf"", ""page"": 6, ""distance"": 0.6286948323249817}, {""rank"": 7, ""document"": ""gao-04-321-highlights.pdf"", ""page"": 1, ""distance"": 0.6680948734283447}, {""rank"": 8, ""document"": ""gao-24-107231.pdf"", ""page"": 86, ""distance"": 0.6779820919036865}, {""rank"": 9, ""document"": ""gao-26-900644.pdf"", ""page"": 143, ""distance"": 0.6829594969749451}, {""rank"": 10, ""document"": ""gao-24-107231.pdf"", ""page"": 5, ""distance"": 0.7015385627746582}]",0.015423899982124567
EQ066,Compare CISA's positive OT service experiences with the limitations reported by users.,"Most selected entities reported positive experiences, but some reported negative experiences and vulnerability disclosures that could take more than a year; agencies also cited coordination barriers.",GAO-24-106576,PDF pp. 2-3,1,False,"[{""rank"": 1, ""document"": ""d24106576.pdf"", ""page"": 30, ""distance"": 0.49079155921936035}]",0.015005099994596094
EQ066,Compare CISA's positive OT service experiences with the limitations reported by users.,"Most selected entities reported positive experiences, but some reported negative experiences and vulnerability disclosures that could take more than a year; agencies also cited coordination barriers.",GAO-24-106576,PDF pp. 2-3,2,False,"[{""rank"": 1, ""document"": ""d24106576.pdf"", ""page"": 30, ""distance"": 0.49079155921936035}, {""rank"": 2, ""document"": ""d24106576.pdf"", ""page"": 2, ""distance"": 0.7336140871047974}]",0.011988700018264353
EQ066,Compare CISA's positive OT service experiences with the limitations reported by users.,"Most selected entities reported positive experiences, but some reported negative experiences and vulnerability disclosures that could take more than a year; agencies also cited coordination barriers.",GAO-24-106576,PDF pp. 2-3,3,False,"[{""rank"": 1, ""document"": ""d24106576.pdf"", ""page"": 30, ""distance"": 0.49079155921936035}, {""rank"": 2, ""document"": ""d24106576.pdf"", ""page"": 2, ""distance"": 0.7336140871047974}, {""rank"": 3, ""document"": ""d24106576.pdf"", ""page"": 27, ""distance"": 0.7905918955802917}]",0.011972200009040534
EQ066,Compare CISA's positive OT service experiences with the limitations reported by users.,"Most selected entities reported positive experiences, but some reported negative experiences and vulnerability disclosures that could take more than a year; agencies also cited coordination barriers.",GAO-24-106576,PDF pp. 2-3,4,False,"[{""rank"": 1, ""document"": ""d24106576.pdf"", ""page"": 30, ""distance"": 0.49079155921936035}, {""rank"": 2, ""document"": ""d24106576.pdf"", ""page"": 2, ""distance"": 0.7336140871047974}, {""rank"": 3, ""document"": ""d24106576.pdf"", ""page"": 27, ""distance"": 0.7905918955802917}, {""rank"": 4, ""document"": ""d24106576.pdf"", ""page"": 62, ""distance"": 0.8200737237930298}]",0.012220600037835538
EQ066,Compare CISA's positive OT service experiences with the limitations reported by users.,"Most selected entities reported positive experiences, but some reported negative experiences and vulnerability disclosures that could take more than a year; agencies also cited coordination barriers.",GAO-24-106576,PDF pp. 2-3,5,False,"[{""rank"": 1, ""document"": ""d24106576.pdf"", ""page"": 30, ""distance"": 0.49079155921936035}, {""rank"": 2, ""document"": ""d24106576.pdf"", ""page"": 2, ""distance"": 0.7336140871047974}, {""rank"": 3, ""document"": ""d24106576.pdf"", ""page"": 27, ""distance"": 0.7905918955802917}, {""rank"": 4, ""document"": ""d24106576.pdf"", ""page"": 62, ""distance"": 0.8200737237930298}, {""rank"": 5, ""document"": ""d24106576.pdf"", ""page"": 29, ""distance"": 0.8407597541809082}]",0.01244540000334382
EQ066,Compare CISA's positive OT service experiences with the limitations reported by users.,"Most selected entities reported positive experiences, but some reported negative experiences and vulnerability disclosures that could take more than a year; agencies also cited coordination barriers.",GAO-24-106576,PDF pp. 2-3,6,False,"[{""rank"": 1, ""document"": ""d24106576.pdf"", ""page"": 30, ""distance"": 0.49079155921936035}, {""rank"": 2, ""document"": ""d24106576.pdf"", ""page"": 2, ""distance"": 0.7336140871047974}, {""rank"": 3, ""document"": ""d24106576.pdf"", ""page"": 27, ""distance"": 0.7905918955802917}, {""rank"": 4, ""document"": ""d24106576.pdf"", ""page"": 62, ""distance"": 0.8200737237930298}, {""rank"": 5, ""document"": ""d24106576.pdf"", ""page"": 29, ""distance"": 0.8407597541809082}, {""rank"": 6, ""document"": ""d24106576.pdf"", ""page"": 25, ""distance"": 0.8654781579971313}]",0.012961000029463321
EQ066,Compare CISA's positive OT service experiences with the limitations reported by users.,"Most selected entities reported positive experiences, but some reported negative experiences and vulnerability disclosures that could take more than a year; agencies also cited coordination barriers.",GAO-24-106576,PDF pp. 2-3,7,False,"[{""rank"": 1, ""document"": ""d24106576.pdf"", ""page"": 30, ""distance"": 0.49079155921936035}, {""rank"": 2, ""document"": ""d24106576.pdf"", ""page"": 2, ""distance"": 0.7336140871047974}, {""rank"": 3, ""document"": ""d24106576.pdf"", ""page"": 27, ""distance"": 0.7905918955802917}, {""rank"": 4, ""document"": ""d24106576.pdf"", ""page"": 62, ""distance"": 0.8200737237930298}, {""rank"": 5, ""document"": ""d24106576.pdf"", ""page"": 29, ""distance"": 0.8407597541809082}, {""rank"": 6, ""document"": ""d24106576.pdf"", ""page"": 25, ""distance"": 0.8654781579971313}, {""rank"": 7, ""document"": ""d24106576.pdf"", ""page"": 66, ""distance"": 0.8782612681388855}]",0.012473099981434643
EQ066,Compare CISA's positive OT service experiences with the limitations reported by users.,"Most selected entities reported positive experiences, but some reported negative experiences and vulnerability disclosures that could take more than a year; agencies also cited coordination barriers.",GAO-24-106576,PDF pp. 2-3,8,False,"[{""rank"": 1, ""document"": ""d24106576.pdf"", ""page"": 30, ""distance"": 0.49079155921936035}, {""rank"": 2, ""document"": ""d24106576.pdf"", ""page"": 2, ""distance"": 0.7336140871047974}, {""rank"": 3, ""document"": ""d24106576.pdf"", ""page"": 27, ""distance"": 0.7905918955802917}, {""rank"": 4, ""document"": ""d24106576.pdf"", ""page"": 62, ""distance"": 0.8200737237930298}, {""rank"": 5, ""document"": ""d24106576.pdf"", ""page"": 29, ""distance"": 0.8407597541809082}, {""rank"": 6, ""document"": ""d24106576.pdf"", ""page"": 25, ""distance"": 0.8654781579971313}, {""rank"": 7, ""document"": ""d24106576.pdf"", ""page"": 66, ""distance"": 0.8782612681388855}, {""rank"": 8, ""document"": ""d24106576.pdf"", ""page"": 43, ""distance"": 0.8808992505073547}]",0.013226700015366077
EQ066,Compare CISA's positive OT service experiences with the limitations reported by users.,"Most selected entities reported positive experiences, but some reported negative experiences and vulnerability disclosures that could take more than a year; agencies also cited coordination barriers.",GAO-24-106576,PDF pp. 2-3,9,False,"[{""rank"": 1, ""document"": ""d24106576.pdf"", ""page"": 30, ""distance"": 0.49079155921936035}, {""rank"": 2, ""document"": ""d24106576.pdf"", ""page"": 2, ""distance"": 0.7336140871047974}, {""rank"": 3, ""document"": ""d24106576.pdf"", ""page"": 27, ""distance"": 0.7905918955802917}, {""rank"": 4, ""document"": ""d24106576.pdf"", ""page"": 62, ""distance"": 0.8200737237930298}, {""rank"": 5, ""document"": ""d24106576.pdf"", ""page"": 29, ""distance"": 0.8407597541809082}, {""rank"": 6, ""document"": ""d24106576.pdf"", ""page"": 25, ""distance"": 0.8654781579971313}, {""rank"": 7, ""document"": ""d24106576.pdf"", ""page"": 66, ""distance"": 0.8782612681388855}, {""rank"": 8, ""document"": ""d24106576.pdf"", ""page"": 43, ""distance"": 0.8808992505073547}, {""rank"": 9, ""document"": ""d24106576.pdf"", ""page"": 65, ""distance"": 0.8811627626419067}]",0.012718999991193414
EQ066,Compare CISA's positive OT service experiences with the limitations reported by users.,"Most selected entities reported positive experiences, but some reported negative experiences and vulnerability disclosures that could take more than a year; agencies also cited coordination barriers.",GAO-24-106576,PDF pp. 2-3,10,False,"[{""rank"": 1, ""document"": ""d24106576.pdf"", ""page"": 30, ""distance"": 0.49079155921936035}, {""rank"": 2, ""document"": ""d24106576.pdf"", ""page"": 2, ""distance"": 0.7336140871047974}, {""rank"": 3, ""document"": ""d24106576.pdf"", ""page"": 27, ""distance"": 0.7905918955802917}, {""rank"": 4, ""document"": ""d24106576.pdf"", ""page"": 62, ""distance"": 0.8200737237930298}, {""rank"": 5, ""document"": ""d24106576.pdf"", ""page"": 29, ""distance"": 0.8407597541809082}, {""rank"": 6, ""document"": ""d24106576.pdf"", ""page"": 25, ""distance"": 0.8654781579971313}, {""rank"": 7, ""document"": ""d24106576.pdf"", ""page"": 66, ""distance"": 0.8782612681388855}, {""rank"": 8, ""document"": ""d24106576.pdf"", ""page"": 43, ""distance"": 0.8808992505073547}, {""rank"": 9, ""document"": ""d24106576.pdf"", ""page"": 65, ""distance"": 0.8811627626419067}, {""rank"": 10, ""document"": ""d24106576.pdf"", ""page"": 46, ""distance"": 0.9092627763748169}]",0.014571800013072789
EQ067,Compare the cybersecurity governance gaps in the National Cybersecurity Strategy with the gaps revealed by the CrowdStrike outage.,"The strategy lacked fully developed outcome measures and resource/cost estimates, while the outage highlighted operational gaps in supply-chain risk management, testing, contingency planning, and information sharing.",GAO-24-106916; GAO-24-107733,"PDF pp. 2, 1-2",1,False,"[{""rank"": 1, ""document"": ""d24106916.pdf"", ""page"": 13, ""distance"": 0.7818964719772339}]",0.01714379998156801
EQ067,Compare the cybersecurity governance gaps in the National Cybersecurity Strategy with the gaps revealed by the CrowdStrike outage.,"The strategy lacked fully developed outcome measures and resource/cost estimates, while the outage highlighted operational gaps in supply-chain risk management, testing, contingency planning, and information sharing.",GAO-24-106916; GAO-24-107733,"PDF pp. 2, 1-2",2,False,"[{""rank"": 1, ""document"": ""d24106916.pdf"", ""page"": 13, ""distance"": 0.7818964719772339}, {""rank"": 2, ""document"": ""gao-24-107231.pdf"", ""page"": 18, ""distance"": 0.8464384078979492}]",0.01536730001680553
EQ067,Compare the cybersecurity governance gaps in the National Cybersecurity Strategy with the gaps revealed by the CrowdStrike outage.,"The strategy lacked fully developed outcome measures and resource/cost estimates, while the outage highlighted operational gaps in supply-chain risk management, testing, contingency planning, and information sharing.",GAO-24-106916; GAO-24-107733,"PDF pp. 2, 1-2",3,False,"[{""rank"": 1, ""document"": ""d24106916.pdf"", ""page"": 13, ""distance"": 0.7818964719772339}, {""rank"": 2, ""document"": ""gao-24-107231.pdf"", ""page"": 18, ""distance"": 0.8464384078979492}, {""rank"": 3, ""document"": ""d24106916.pdf"", ""page"": 14, ""distance"": 0.8692067861557007}]",0.011274299991782755
EQ067,Compare the cybersecurity governance gaps in the National Cybersecurity Strategy with the gaps revealed by the CrowdStrike outage.,"The strategy lacked fully developed outcome measures and resource/cost estimates, while the outage highlighted operational gaps in supply-chain risk management, testing, contingency planning, and information sharing.",GAO-24-106916; GAO-24-107733,"PDF pp. 2, 1-2",4,False,"[{""rank"": 1, ""document"": ""d24106916.pdf"", ""page"": 13, ""distance"": 0.7818964719772339}, {""rank"": 2, ""document"": ""gao-24-107231.pdf"", ""page"": 18, ""distance"": 0.8464384078979492}, {""rank"": 3, ""document"": ""d24106916.pdf"", ""page"": 14, ""distance"": 0.8692067861557007}, {""rank"": 4, ""document"": ""gao-24-107733.pdf"", ""page"": 1, ""distance"": 0.8816329836845398}]",0.012308300007134676
EQ067,Compare the cybersecurity governance gaps in the National Cybersecurity Strategy with the gaps revealed by the CrowdStrike outage.,"The strategy lacked fully developed outcome measures and resource/cost estimates, while the outage highlighted operational gaps in supply-chain risk management, testing, contingency planning, and information sharing.",GAO-24-106916; GAO-24-107733,"PDF pp. 2, 1-2",5,False,"[{""rank"": 1, ""document"": ""d24106916.pdf"", ""page"": 13, ""distance"": 0.7818964719772339}, {""rank"": 2, ""document"": ""gao-24-107231.pdf"", ""page"": 18, ""distance"": 0.8464384078979492}, {""rank"": 3, ""document"": ""d24106916.pdf"", ""page"": 14, ""distance"": 0.8692067861557007}, {""rank"": 4, ""document"": ""gao-24-107733.pdf"", ""page"": 1, ""distance"": 0.8816329836845398}, {""rank"": 5, ""document"": ""gao-16-885t.pdf"", ""page"": 15, ""distance"": 0.9059134721755981}]",0.010796499962452799
EQ067,Compare the cybersecurity governance gaps in the National Cybersecurity Strategy with the gaps revealed by the CrowdStrike outage.,"The strategy lacked fully developed outcome measures and resource/cost estimates, while the outage highlighted operational gaps in supply-chain risk management, testing, contingency planning, and information sharing.",GAO-24-106916; GAO-24-107733,"PDF pp. 2, 1-2",6,False,"[{""rank"": 1, ""document"": ""d24106916.pdf"", ""page"": 13, ""distance"": 0.7818964719772339}, {""rank"": 2, ""document"": ""gao-24-107231.pdf"", ""page"": 18, ""distance"": 0.8464384078979492}, {""rank"": 3, ""document"": ""d24106916.pdf"", ""page"": 14, ""distance"": 0.8692067861557007}, {""rank"": 4, ""document"": ""gao-24-107733.pdf"", ""page"": 1, ""distance"": 0.8816329836845398}, {""rank"": 5, ""document"": ""gao-16-885t.pdf"", ""page"": 15, ""distance"": 0.9059134721755981}, {""rank"": 6, ""document"": ""d24106916.pdf"", ""page"": 33, ""distance"": 0.911248505115509}]",0.011297000048216432
EQ067,Compare the cybersecurity governance gaps in the National Cybersecurity Strategy with the gaps revealed by the CrowdStrike outage.,"The strategy lacked fully developed outcome measures and resource/cost estimates, while the outage highlighted operational gaps in supply-chain risk management, testing, contingency planning, and information sharing.",GAO-24-106916; GAO-24-107733,"PDF pp. 2, 1-2",7,False,"[{""rank"": 1, ""document"": ""d24106916.pdf"", ""page"": 13, ""distance"": 0.7818964719772339}, {""rank"": 2, ""document"": ""gao-24-107231.pdf"", ""page"": 18, ""distance"": 0.8464384078979492}, {""rank"": 3, ""document"": ""d24106916.pdf"", ""page"": 14, ""distance"": 0.8692067861557007}, {""rank"": 4, ""document"": ""gao-24-107733.pdf"", ""page"": 1, ""distance"": 0.8816329836845398}, {""rank"": 5, ""document"": ""gao-16-885t.pdf"", ""page"": 15, ""distance"": 0.9059134721755981}, {""rank"": 6, ""document"": ""d24106916.pdf"", ""page"": 33, ""distance"": 0.911248505115509}, {""rank"": 7, ""document"": ""d24106916.pdf"", ""page"": 15, ""distance"": 0.9173426628112793}]",0.014806199993472546
EQ067,Compare the cybersecurity governance gaps in the National Cybersecurity Strategy with the gaps revealed by the CrowdStrike outage.,"The strategy lacked fully developed outcome measures and resource/cost estimates, while the outage highlighted operational gaps in supply-chain risk management, testing, contingency planning, and information sharing.",GAO-24-106916; GAO-24-107733,"PDF pp. 2, 1-2",8,False,"[{""rank"": 1, ""document"": ""d24106916.pdf"", ""page"": 13, ""distance"": 0.7818964719772339}, {""rank"": 2, ""document"": ""gao-24-107231.pdf"", ""page"": 18, ""distance"": 0.8464384078979492}, {""rank"": 3, ""document"": ""d24106916.pdf"", ""page"": 14, ""distance"": 0.8692067861557007}, {""rank"": 4, ""document"": ""gao-24-107733.pdf"", ""page"": 1, ""distance"": 0.8816329836845398}, {""rank"": 5, ""document"": ""gao-16-885t.pdf"", ""page"": 15, ""distance"": 0.9059134721755981}, {""rank"": 6, ""document"": ""d24106916.pdf"", ""page"": 33, ""distance"": 0.911248505115509}, {""rank"": 7, ""document"": ""d24106916.pdf"", ""page"": 15, ""distance"": 0.9173426628112793}, {""rank"": 8, ""document"": ""gao-24-107231.pdf"", ""page"": 24, ""distance"": 0.9238497018814087}]",0.015724100056104362
EQ067,Compare the cybersecurity governance gaps in the National Cybersecurity Strategy with the gaps revealed by the CrowdStrike outage.,"The strategy lacked fully developed outcome measures and resource/cost estimates, while the outage highlighted operational gaps in supply-chain risk management, testing, contingency planning, and information sharing.",GAO-24-106916; GAO-24-107733,"PDF pp. 2, 1-2",9,False,"[{""rank"": 1, ""document"": ""d24106916.pdf"", ""page"": 13, ""distance"": 0.7818964719772339}, {""rank"": 2, ""document"": ""gao-24-107231.pdf"", ""page"": 18, ""distance"": 0.8464384078979492}, {""rank"": 3, ""document"": ""d24106916.pdf"", ""page"": 14, ""distance"": 0.8692067861557007}, {""rank"": 4, ""document"": ""gao-24-107733.pdf"", ""page"": 1, ""distance"": 0.8816329836845398}, {""rank"": 5, ""document"": ""gao-16-885t.pdf"", ""page"": 15, ""distance"": 0.9059134721755981}, {""rank"": 6, ""document"": ""d24106916.pdf"", ""page"": 33, ""distance"": 0.911248505115509}, {""rank"": 7, ""document"": ""d24106916.pdf"", ""page"": 15, ""distance"": 0.9173426628112793}, {""rank"": 8, ""document"": ""gao-24-107231.pdf"", ""page"": 24, ""distance"": 0.9238497018814087}, {""rank"": 9, ""document"": ""gao-16-885t.pdf"", ""page"": 14, ""distance"": 0.9265993237495422}]",0.013623000006191432
EQ067,Compare the cybersecurity governance gaps in the National Cybersecurity Strategy with the gaps revealed by the CrowdStrike outage.,"The strategy lacked fully developed outcome measures and resource/cost estimates, while the outage highlighted operational gaps in supply-chain risk management, testing, contingency planning, and information sharing.",GAO-24-106916; GAO-24-107733,"PDF pp. 2, 1-2",10,False,"[{""rank"": 1, ""document"": ""d24106916.pdf"", ""page"": 13, ""distance"": 0.7818964719772339}, {""rank"": 2, ""document"": ""gao-24-107231.pdf"", ""page"": 18, ""distance"": 0.8464384078979492}, {""rank"": 3, ""document"": ""d24106916.pdf"", ""page"": 14, ""distance"": 0.8692067861557007}, {""rank"": 4, ""document"": ""gao-24-107733.pdf"", ""page"": 1, ""distance"": 0.8816329836845398}, {""rank"": 5, ""document"": ""gao-16-885t.pdf"", ""page"": 15, ""distance"": 0.9059134721755981}, {""rank"": 6, ""document"": ""d24106916.pdf"", ""page"": 33, ""distance"": 0.911248505115509}, {""rank"": 7, ""document"": ""d24106916.pdf"", ""page"": 15, ""distance"": 0.9173426628112793}, {""rank"": 8, ""document"": ""gao-24-107231.pdf"", ""page"": 24, ""distance"": 0.9238497018814087}, {""rank"": 9, ""document"": ""gao-16-885t.pdf"", ""page"": 14, ""distance"": 0.9265993237495422}, {""rank"": 10, ""document"": ""d24106916.pdf"", ""page"": 17, ""distance"": 0.9282286167144775}]",0.013318999961484224
EQ068,Compare federal-system security challenges with critical-infrastructure cybersecurity challenges in GAO's high-risk framework.,"Federal-system challenges concern securing systems and information; critical-infrastructure challenges concern protecting sector systems, including OT, where failures can harm safety, national security, the environment, and the economy.",GAO-24-107231,PDF pp. 2-4,1,False,"[{""rank"": 1, ""document"": ""gao-24-107231.pdf"", ""page"": 5, ""distance"": 0.4566796123981476}]",0.013378300005570054
EQ068,Compare federal-system security challenges with critical-infrastructure cybersecurity challenges in GAO's high-risk framework.,"Federal-system challenges concern securing systems and information; critical-infrastructure challenges concern protecting sector systems, including OT, where failures can harm safety, national security, the environment, and the economy.",GAO-24-107231,PDF pp. 2-4,2,False,"[{""rank"": 1, ""document"": ""gao-24-107231-highlights.pdf"", ""page"": 4, ""distance"": 0.4566796123981476}, {""rank"": 2, ""document"": ""gao-24-107231.pdf"", ""page"": 5, ""distance"": 0.4566796123981476}]",0.043723100039642304
EQ068,Compare federal-system security challenges with critical-infrastructure cybersecurity challenges in GAO's high-risk framework.,"Federal-system challenges concern securing systems and information; critical-infrastructure challenges concern protecting sector systems, including OT, where failures can harm safety, national security, the environment, and the economy.",GAO-24-107231,PDF pp. 2-4,3,False,"[{""rank"": 1, ""document"": ""gao-24-107231-highlights.pdf"", ""page"": 4, ""distance"": 0.4566796123981476}, {""rank"": 2, ""document"": ""gao-24-107231.pdf"", ""page"": 5, ""distance"": 0.4566796123981476}, {""rank"": 3, ""document"": ""gao-24-107231.pdf"", ""page"": 2, ""distance"": 0.4768063426017761}]",0.013271000003442168
EQ068,Compare federal-system security challenges with critical-infrastructure cybersecurity challenges in GAO's high-risk framework.,"Federal-system challenges concern securing systems and information; critical-infrastructure challenges concern protecting sector systems, including OT, where failures can harm safety, national security, the environment, and the economy.",GAO-24-107231,PDF pp. 2-4,4,False,"[{""rank"": 1, ""document"": ""gao-24-107231-highlights.pdf"", ""page"": 4, ""distance"": 0.4566796123981476}, {""rank"": 2, ""document"": ""gao-24-107231.pdf"", ""page"": 5, ""distance"": 0.4566796123981476}, {""rank"": 3, ""document"": ""gao-24-107231-highlights.pdf"", ""page"": 1, ""distance"": 0.4768063426017761}, {""rank"": 4, ""document"": ""gao-24-107231.pdf"", ""page"": 2, ""distance"": 0.4768063426017761}]",0.013441000017337501
EQ068,Compare federal-system security challenges with critical-infrastructure cybersecurity challenges in GAO's high-risk framework.,"Federal-system challenges concern securing systems and information; critical-infrastructure challenges concern protecting sector systems, including OT, where failures can harm safety, national security, the environment, and the economy.",GAO-24-107231,PDF pp. 2-4,5,False,"[{""rank"": 1, ""document"": ""gao-24-107231-highlights.pdf"", ""page"": 4, ""distance"": 0.4566796123981476}, {""rank"": 2, ""document"": ""gao-24-107231.pdf"", ""page"": 5, ""distance"": 0.4566796123981476}, {""rank"": 3, ""document"": ""gao-24-107231-highlights.pdf"", ""page"": 1, ""distance"": 0.4768063426017761}, {""rank"": 4, ""document"": ""gao-24-107231.pdf"", ""page"": 2, ""distance"": 0.4768063426017761}, {""rank"": 5, ""document"": ""gao-24-107231-highlights.pdf"", ""page"": 1, ""distance"": 0.48842400312423706}]",0.014318400004412979
EQ068,Compare federal-system security challenges with critical-infrastructure cybersecurity challenges in GAO's high-risk framework.,"Federal-system challenges concern securing systems and information; critical-infrastructure challenges concern protecting sector systems, including OT, where failures can harm safety, national security, the environment, and the economy.",GAO-24-107231,PDF pp. 2-4,6,False,"[{""rank"": 1, ""document"": ""gao-24-107231-highlights.pdf"", ""page"": 4, ""distance"": 0.4566796123981476}, {""rank"": 2, ""document"": ""gao-24-107231.pdf"", ""page"": 5, ""distance"": 0.4566796123981476}, {""rank"": 3, ""document"": ""gao-24-107231-highlights.pdf"", ""page"": 1, ""distance"": 0.4768063426017761}, {""rank"": 4, ""document"": ""gao-24-107231.pdf"", ""page"": 2, ""distance"": 0.4768063426017761}, {""rank"": 5, ""document"": ""gao-24-107231-highlights.pdf"", ""page"": 1, ""distance"": 0.48842400312423706}, {""rank"": 6, ""document"": ""gao-24-107231.pdf"", ""page"": 2, ""distance"": 0.48842400312423706}]",0.01407670002663508
EQ068,Compare federal-system security challenges with critical-infrastructure cybersecurity challenges in GAO's high-risk framework.,"Federal-system challenges concern securing systems and information; critical-infrastructure challenges concern protecting sector systems, including OT, where failures can harm safety, national security, the environment, and the economy.",GAO-24-107231,PDF pp. 2-4,7,False,"[{""rank"": 1, ""document"": ""gao-24-107231-highlights.pdf"", ""page"": 4, ""distance"": 0.4566796123981476}, {""rank"": 2, ""document"": ""gao-24-107231.pdf"", ""page"": 5, ""distance"": 0.4566796123981476}, {""rank"": 3, ""document"": ""gao-24-107231-highlights.pdf"", ""page"": 1, ""distance"": 0.4768063426017761}, {""rank"": 4, ""document"": ""gao-24-107231.pdf"", ""page"": 2, ""distance"": 0.4768063426017761}, {""rank"": 5, ""document"": ""gao-24-107231-highlights.pdf"", ""page"": 1, ""distance"": 0.48842400312423706}, {""rank"": 6, ""document"": ""gao-24-107231.pdf"", ""page"": 2, ""distance"": 0.48842400312423706}, {""rank"": 7, ""document"": ""gao-24-107231.pdf"", ""page"": 6, ""distance"": 0.5099619030952454}]",0.011490100005175918
EQ068,Compare federal-system security challenges with critical-infrastructure cybersecurity challenges in GAO's high-risk framework.,"Federal-system challenges concern securing systems and information; critical-infrastructure challenges concern protecting sector systems, including OT, where failures can harm safety, national security, the environment, and the economy.",GAO-24-107231,PDF pp. 2-4,8,False,"[{""rank"": 1, ""document"": ""gao-24-107231-highlights.pdf"", ""page"": 4, ""distance"": 0.4566796123981476}, {""rank"": 2, ""document"": ""gao-24-107231.pdf"", ""page"": 5, ""distance"": 0.4566796123981476}, {""rank"": 3, ""document"": ""gao-24-107231-highlights.pdf"", ""page"": 1, ""distance"": 0.4768063426017761}, {""rank"": 4, ""document"": ""gao-24-107231.pdf"", ""page"": 2, ""distance"": 0.4768063426017761}, {""rank"": 5, ""document"": ""gao-24-107231-highlights.pdf"", ""page"": 1, ""distance"": 0.48842400312423706}, {""rank"": 6, ""document"": ""gao-24-107231.pdf"", ""page"": 2, ""distance"": 0.48842400312423706}, {""rank"": 7, ""document"": ""gao-24-107231.pdf"", ""page"": 6, ""distance"": 0.5099619030952454}, {""rank"": 8, ""document"": ""gao-24-107231.pdf"", ""page"": 86, ""distance"": 0.5157281756401062}]",0.011419699992984533
EQ068,Compare federal-system security challenges with critical-infrastructure cybersecurity challenges in GAO's high-risk framework.,"Federal-system challenges concern securing systems and information; critical-infrastructure challenges concern protecting sector systems, including OT, where failures can harm safety, national security, the environment, and the economy.",GAO-24-107231,PDF pp. 2-4,9,False,"[{""rank"": 1, ""document"": ""gao-24-107231-highlights.pdf"", ""page"": 4, ""distance"": 0.4566796123981476}, {""rank"": 2, ""document"": ""gao-24-107231.pdf"", ""page"": 5, ""distance"": 0.4566796123981476}, {""rank"": 3, ""document"": ""gao-24-107231-highlights.pdf"", ""page"": 1, ""distance"": 0.4768063426017761}, {""rank"": 4, ""document"": ""gao-24-107231.pdf"", ""page"": 2, ""distance"": 0.4768063426017761}, {""rank"": 5, ""document"": ""gao-24-107231-highlights.pdf"", ""page"": 1, ""distance"": 0.48842400312423706}, {""rank"": 6, ""document"": ""gao-24-107231.pdf"", ""page"": 2, ""distance"": 0.48842400312423706}, {""rank"": 7, ""document"": ""gao-24-107231.pdf"", ""page"": 6, ""distance"": 0.5099619030952454}, {""rank"": 8, ""document"": ""gao-24-107231.pdf"", ""page"": 86, ""distance"": 0.5157281756401062}, {""rank"": 9, ""document"": ""gao-24-107231.pdf"", ""page"": 88, ""distance"": 0.557113766670227}]",0.011047300009522587
EQ068,Compare federal-system security challenges with critical-infrastructure cybersecurity challenges in GAO's high-risk framework.,"Federal-system challenges concern securing systems and information; critical-infrastructure challenges concern protecting sector systems, including OT, where failures can harm safety, national security, the environment, and the economy.",GAO-24-107231,PDF pp. 2-4,10,False,"[{""rank"": 1, ""document"": ""gao-24-107231-highlights.pdf"", ""page"": 4, ""distance"": 0.4566796123981476}, {""rank"": 2, ""document"": ""gao-24-107231.pdf"", ""page"": 5, ""distance"": 0.4566796123981476}, {""rank"": 3, ""document"": ""gao-24-107231-highlights.pdf"", ""page"": 1, ""distance"": 0.4768063426017761}, {""rank"": 4, ""document"": ""gao-24-107231.pdf"", ""page"": 2, ""distance"": 0.4768063426017761}, {""rank"": 5, ""document"": ""gao-24-107231-highlights.pdf"", ""page"": 1, ""distance"": 0.48842400312423706}, {""rank"": 6, ""document"": ""gao-24-107231.pdf"", ""page"": 2, ""distance"": 0.48842400312423706}, {""rank"": 7, ""document"": ""gao-24-107231.pdf"", ""page"": 6, ""distance"": 0.5099619030952454}, {""rank"": 8, ""document"": ""gao-24-107231.pdf"", ""page"": 86, ""distance"": 0.5157281756401062}, {""rank"": 9, ""document"": ""gao-24-107231.pdf"", ""page"": 88, ""distance"": 0.557113766670227}, {""rank"": 10, ""document"": ""gao-24-107231.pdf"", ""page"": 4, ""distance"": 0.5780924558639526}]",0.013754200015682727
EQ069,"Compare the transparency problems in DOGE's contract, grant, and lease savings estimates.","For contracts, DOGE often did not use its stated method; for grants, 96 percent of reported savings lacked enough information for verification; for leases, the calculation explanation was absent and savings were overstated by more than $80 million.",GAO-26-108615,PDF pp. 2-3,1,False,"[{""rank"": 1, ""document"": ""gao-26-108615.pdf"", ""page"": 19, ""distance"": 0.5652586221694946}]",0.012908699980471283
EQ069,"Compare the transparency problems in DOGE's contract, grant, and lease savings estimates.","For contracts, DOGE often did not use its stated method; for grants, 96 percent of reported savings lacked enough information for verification; for leases, the calculation explanation was absent and savings were overstated by more than $80 million.",GAO-26-108615,PDF pp. 2-3,2,False,"[{""rank"": 1, ""document"": ""gao-26-108615.pdf"", ""page"": 19, ""distance"": 0.5652586221694946}, {""rank"": 2, ""document"": ""gao-26-108615.pdf"", ""page"": 2, ""distance"": 0.5798359513282776}]",0.01201419997960329
EQ069,"Compare the transparency problems in DOGE's contract, grant, and lease savings estimates.","For contracts, DOGE often did not use its stated method; for grants, 96 percent of reported savings lacked enough information for verification; for leases, the calculation explanation was absent and savings were overstated by more than $80 million.",GAO-26-108615,PDF pp. 2-3,3,False,"[{""rank"": 1, ""document"": ""gao-26-108615.pdf"", ""page"": 19, ""distance"": 0.5652586221694946}, {""rank"": 2, ""document"": ""gao-26-108615.pdf"", ""page"": 2, ""distance"": 0.5798359513282776}, {""rank"": 3, ""document"": ""gao-26-108615.pdf"", ""page"": 41, ""distance"": 0.5912975668907166}]",0.01168539997888729
EQ069,"Compare the transparency problems in DOGE's contract, grant, and lease savings estimates.","For contracts, DOGE often did not use its stated method; for grants, 96 percent of reported savings lacked enough information for verification; for leases, the calculation explanation was absent and savings were overstated by more than $80 million.",GAO-26-108615,PDF pp. 2-3,4,False,"[{""rank"": 1, ""document"": ""gao-26-108615.pdf"", ""page"": 19, ""distance"": 0.5652586221694946}, {""rank"": 2, ""document"": ""gao-26-108615.pdf"", ""page"": 2, ""distance"": 0.5798359513282776}, {""rank"": 3, ""document"": ""gao-26-108615.pdf"", ""page"": 41, ""distance"": 0.5912975668907166}, {""rank"": 4, ""document"": ""gao-26-108615.pdf"", ""page"": 42, ""distance"": 0.606983482837677}]",0.010115200013387948
EQ069,"Compare the transparency problems in DOGE's contract, grant, and lease savings estimates.","For contracts, DOGE often did not use its stated method; for grants, 96 percent of reported savings lacked enough information for verification; for leases, the calculation explanation was absent and savings were overstated by more than $80 million.",GAO-26-108615,PDF pp. 2-3,5,False,"[{""rank"": 1, ""document"": ""gao-26-108615.pdf"", ""page"": 19, ""distance"": 0.5652586221694946}, {""rank"": 2, ""document"": ""gao-26-108615.pdf"", ""page"": 2, ""distance"": 0.5798359513282776}, {""rank"": 3, ""document"": ""gao-26-108615.pdf"", ""page"": 41, ""distance"": 0.5912975668907166}, {""rank"": 4, ""document"": ""gao-26-108615.pdf"", ""page"": 42, ""distance"": 0.606983482837677}, {""rank"": 5, ""document"": ""gao-26-108615.pdf"", ""page"": 6, ""distance"": 0.6087215542793274}]",0.01650940004037693
EQ069,"Compare the transparency problems in DOGE's contract, grant, and lease savings estimates.","For contracts, DOGE often did not use its stated method; for grants, 96 percent of reported savings lacked enough information for verification; for leases, the calculation explanation was absent and savings were overstated by more than $80 million.",GAO-26-108615,PDF pp. 2-3,6,False,"[{""rank"": 1, ""document"": ""gao-26-108615.pdf"", ""page"": 19, ""distance"": 0.5652586221694946}, {""rank"": 2, ""document"": ""gao-26-108615.pdf"", ""page"": 2, ""distance"": 0.5798359513282776}, {""rank"": 3, ""document"": ""gao-26-108615.pdf"", ""page"": 41, ""distance"": 0.5912975668907166}, {""rank"": 4, ""document"": ""gao-26-108615.pdf"", ""page"": 42, ""distance"": 0.606983482837677}, {""rank"": 5, ""document"": ""gao-26-108615.pdf"", ""page"": 6, ""distance"": 0.6087215542793274}, {""rank"": 6, ""document"": ""gao-26-108615.pdf"", ""page"": 9, ""distance"": 0.6488815546035767}]",0.012453799950890243
EQ069,"Compare the transparency problems in DOGE's contract, grant, and lease savings estimates.","For contracts, DOGE often did not use its stated method; for grants, 96 percent of reported savings lacked enough information for verification; for leases, the calculation explanation was absent and savings were overstated by more than $80 million.",GAO-26-108615,PDF pp. 2-3,7,False,"[{""rank"": 1, ""document"": ""gao-26-108615.pdf"", ""page"": 19, ""distance"": 0.5652586221694946}, {""rank"": 2, ""document"": ""gao-26-108615.pdf"", ""page"": 2, ""distance"": 0.5798359513282776}, {""rank"": 3, ""document"": ""gao-26-108615.pdf"", ""page"": 41, ""distance"": 0.5912975668907166}, {""rank"": 4, ""document"": ""gao-26-108615.pdf"", ""page"": 42, ""distance"": 0.606983482837677}, {""rank"": 5, ""document"": ""gao-26-108615.pdf"", ""page"": 6, ""distance"": 0.6087215542793274}, {""rank"": 6, ""document"": ""gao-26-108615.pdf"", ""page"": 9, ""distance"": 0.6488815546035767}, {""rank"": 7, ""document"": ""gao-26-108615.pdf"", ""page"": 7, ""distance"": 0.6494819521903992}]",0.01126310002291575
EQ069,"Compare the transparency problems in DOGE's contract, grant, and lease savings estimates.","For contracts, DOGE often did not use its stated method; for grants, 96 percent of reported savings lacked enough information for verification; for leases, the calculation explanation was absent and savings were overstated by more than $80 million.",GAO-26-108615,PDF pp. 2-3,8,False,"[{""rank"": 1, ""document"": ""gao-26-108615.pdf"", ""page"": 19, ""distance"": 0.5652586221694946}, {""rank"": 2, ""document"": ""gao-26-108615.pdf"", ""page"": 2, ""distance"": 0.5798359513282776}, {""rank"": 3, ""document"": ""gao-26-108615.pdf"", ""page"": 41, ""distance"": 0.5912975668907166}, {""rank"": 4, ""document"": ""gao-26-108615.pdf"", ""page"": 42, ""distance"": 0.606983482837677}, {""rank"": 5, ""document"": ""gao-26-108615.pdf"", ""page"": 6, ""distance"": 0.6087215542793274}, {""rank"": 6, ""document"": ""gao-26-108615.pdf"", ""page"": 9, ""distance"": 0.6488815546035767}, {""rank"": 7, ""document"": ""gao-26-108615.pdf"", ""page"": 7, ""distance"": 0.6494819521903992}, {""rank"": 8, ""document"": ""gao-26-108615.pdf"", ""page"": 12, ""distance"": 0.6511062383651733}]",0.012039900000672787
EQ069,"Compare the transparency problems in DOGE's contract, grant, and lease savings estimates.","For contracts, DOGE often did not use its stated method; for grants, 96 percent of reported savings lacked enough information for verification; for leases, the calculation explanation was absent and savings were overstated by more than $80 million.",GAO-26-108615,PDF pp. 2-3,9,False,"[{""rank"": 1, ""document"": ""gao-26-108615.pdf"", ""page"": 19, ""distance"": 0.5652586221694946}, {""rank"": 2, ""document"": ""gao-26-108615.pdf"", ""page"": 2, ""distance"": 0.5798359513282776}, {""rank"": 3, ""document"": ""gao-26-108615.pdf"", ""page"": 41, ""distance"": 0.5912975668907166}, {""rank"": 4, ""document"": ""gao-26-108615.pdf"", ""page"": 42, ""distance"": 0.606983482837677}, {""rank"": 5, ""document"": ""gao-26-108615.pdf"", ""page"": 6, ""distance"": 0.6087215542793274}, {""rank"": 6, ""document"": ""gao-26-108615.pdf"", ""page"": 9, ""distance"": 0.6488815546035767}, {""rank"": 7, ""document"": ""gao-26-108615.pdf"", ""page"": 7, ""distance"": 0.6494819521903992}, {""rank"": 8, ""document"": ""gao-26-108615.pdf"", ""page"": 12, ""distance"": 0.6511062383651733}, {""rank"": 9, ""document"": ""gao-26-108615.pdf"", ""page"": 23, ""distance"": 0.6563616991043091}]",0.011171200021635741
EQ069,"Compare the transparency problems in DOGE's contract, grant, and lease savings estimates.","For contracts, DOGE often did not use its stated method; for grants, 96 percent of reported savings lacked enough information for verification; for leases, the calculation explanation was absent and savings were overstated by more than $80 million.",GAO-26-108615,PDF pp. 2-3,10,False,"[{""rank"": 1, ""document"": ""gao-26-108615.pdf"", ""page"": 19, ""distance"": 0.5652586221694946}, {""rank"": 2, ""document"": ""gao-26-108615.pdf"", ""page"": 2, ""distance"": 0.5798359513282776}, {""rank"": 3, ""document"": ""gao-26-108615.pdf"", ""page"": 41, ""distance"": 0.5912975668907166}, {""rank"": 4, ""document"": ""gao-26-108615.pdf"", ""page"": 42, ""distance"": 0.606983482837677}, {""rank"": 5, ""document"": ""gao-26-108615.pdf"", ""page"": 6, ""distance"": 0.6087215542793274}, {""rank"": 6, ""document"": ""gao-26-108615.pdf"", ""page"": 9, ""distance"": 0.6488815546035767}, {""rank"": 7, ""document"": ""gao-26-108615.pdf"", ""page"": 7, ""distance"": 0.6494819521903992}, {""rank"": 8, ""document"": ""gao-26-108615.pdf"", ""page"": 12, ""distance"": 0.6511062383651733}, {""rank"": 9, ""document"": ""gao-26-108615.pdf"", ""page"": 23, ""distance"": 0.6563616991043091}, {""rank"": 10, ""document"": ""gao-26-108615.pdf"", ""page"": 1, ""distance"": 0.6752874255180359}]",0.012507600011304021
EQ070,Compare the Navy's DDG 1000 modernization schedule challenge with its missile-production challenge.,"Modernization was 24 months behind, while CPS production faced quality and production issues and was below the goal of 12 rounds per year; both also affected testing plans.",GAO-26-107974,PDF p. 2,1,False,"[{""rank"": 1, ""document"": ""gao-26-107974.pdf"", ""page"": 14, ""distance"": 0.4980916380882263}]",0.01210769999306649
EQ070,Compare the Navy's DDG 1000 modernization schedule challenge with its missile-production challenge.,"Modernization was 24 months behind, while CPS production faced quality and production issues and was below the goal of 12 rounds per year; both also affected testing plans.",GAO-26-107974,PDF p. 2,2,False,"[{""rank"": 1, ""document"": ""gao-26-107974.pdf"", ""page"": 14, ""distance"": 0.4980916380882263}, {""rank"": 2, ""document"": ""gao-26-107974.pdf"", ""page"": 2, ""distance"": 0.5652343034744263}]",0.011372999986633658
EQ070,Compare the Navy's DDG 1000 modernization schedule challenge with its missile-production challenge.,"Modernization was 24 months behind, while CPS production faced quality and production issues and was below the goal of 12 rounds per year; both also affected testing plans.",GAO-26-107974,PDF p. 2,3,False,"[{""rank"": 1, ""document"": ""gao-26-107974.pdf"", ""page"": 14, ""distance"": 0.4980916380882263}, {""rank"": 2, ""document"": ""gao-26-107974.pdf"", ""page"": 2, ""distance"": 0.5652343034744263}, {""rank"": 3, ""document"": ""gao-26-107974.pdf"", ""page"": 3, ""distance"": 0.5925945043563843}]",0.010975899989716709
EQ070,Compare the Navy's DDG 1000 modernization schedule challenge with its missile-production challenge.,"Modernization was 24 months behind, while CPS production faced quality and production issues and was below the goal of 12 rounds per year; both also affected testing plans.",GAO-26-107974,PDF p. 2,4,False,"[{""rank"": 1, ""document"": ""gao-26-107974.pdf"", ""page"": 14, ""distance"": 0.4980916380882263}, {""rank"": 2, ""document"": ""gao-26-107974.pdf"", ""page"": 2, ""distance"": 0.5652343034744263}, {""rank"": 3, ""document"": ""gao-26-107974.pdf"", ""page"": 3, ""distance"": 0.5925945043563843}, {""rank"": 4, ""document"": ""gao-26-107974.pdf"", ""page"": 6, ""distance"": 0.6104023456573486}]",0.01044679997721687
EQ070,Compare the Navy's DDG 1000 modernization schedule challenge with its missile-production challenge.,"Modernization was 24 months behind, while CPS production faced quality and production issues and was below the goal of 12 rounds per year; both also affected testing plans.",GAO-26-107974,PDF p. 2,5,False,"[{""rank"": 1, ""document"": ""gao-26-107974.pdf"", ""page"": 14, ""distance"": 0.4980916380882263}, {""rank"": 2, ""document"": ""gao-26-107974.pdf"", ""page"": 2, ""distance"": 0.5652343034744263}, {""rank"": 3, ""document"": ""gao-26-107974.pdf"", ""page"": 3, ""distance"": 0.5925945043563843}, {""rank"": 4, ""document"": ""gao-26-107974.pdf"", ""page"": 6, ""distance"": 0.6104023456573486}, {""rank"": 5, ""document"": ""gao-26-107974.pdf"", ""page"": 19, ""distance"": 0.6176225543022156}]",0.011313099996186793
EQ070,Compare the Navy's DDG 1000 modernization schedule challenge with its missile-production challenge.,"Modernization was 24 months behind, while CPS production faced quality and production issues and was below the goal of 12 rounds per year; both also affected testing plans.",GAO-26-107974,PDF p. 2,6,False,"[{""rank"": 1, ""document"": ""gao-26-107974.pdf"", ""page"": 14, ""distance"": 0.4980916380882263}, {""rank"": 2, ""document"": ""gao-26-107974.pdf"", ""page"": 2, ""distance"": 0.5652343034744263}, {""rank"": 3, ""document"": ""gao-26-107974.pdf"", ""page"": 3, ""distance"": 0.5925945043563843}, {""rank"": 4, ""document"": ""gao-26-107974.pdf"", ""page"": 6, ""distance"": 0.6104023456573486}, {""rank"": 5, ""document"": ""gao-26-107974.pdf"", ""page"": 19, ""distance"": 0.6176225543022156}, {""rank"": 6, ""document"": ""gao-26-107974.pdf"", ""page"": 15, ""distance"": 0.6844523549079895}]",0.013172300008591264
EQ070,Compare the Navy's DDG 1000 modernization schedule challenge with its missile-production challenge.,"Modernization was 24 months behind, while CPS production faced quality and production issues and was below the goal of 12 rounds per year; both also affected testing plans.",GAO-26-107974,PDF p. 2,7,False,"[{""rank"": 1, ""document"": ""gao-26-107974.pdf"", ""page"": 14, ""distance"": 0.4980916380882263}, {""rank"": 2, ""document"": ""gao-26-107974.pdf"", ""page"": 2, ""distance"": 0.5652343034744263}, {""rank"": 3, ""document"": ""gao-26-107974.pdf"", ""page"": 3, ""distance"": 0.5925945043563843}, {""rank"": 4, ""document"": ""gao-26-107974.pdf"", ""page"": 6, ""distance"": 0.6104023456573486}, {""rank"": 5, ""document"": ""gao-26-107974.pdf"", ""page"": 19, ""distance"": 0.6176225543022156}, {""rank"": 6, ""document"": ""gao-26-107974.pdf"", ""page"": 15, ""distance"": 0.6844523549079895}, {""rank"": 7, ""document"": ""gao-26-107974.pdf"", ""page"": 8, ""distance"": 0.6858634948730469}]",0.012907400028780103
EQ070,Compare the Navy's DDG 1000 modernization schedule challenge with its missile-production challenge.,"Modernization was 24 months behind, while CPS production faced quality and production issues and was below the goal of 12 rounds per year; both also affected testing plans.",GAO-26-107974,PDF p. 2,8,False,"[{""rank"": 1, ""document"": ""gao-26-107974.pdf"", ""page"": 14, ""distance"": 0.4980916380882263}, {""rank"": 2, ""document"": ""gao-26-107974.pdf"", ""page"": 2, ""distance"": 0.5652343034744263}, {""rank"": 3, ""document"": ""gao-26-107974.pdf"", ""page"": 3, ""distance"": 0.5925945043563843}, {""rank"": 4, ""document"": ""gao-26-107974.pdf"", ""page"": 6, ""distance"": 0.6104023456573486}, {""rank"": 5, ""document"": ""gao-26-107974.pdf"", ""page"": 19, ""distance"": 0.6176225543022156}, {""rank"": 6, ""document"": ""gao-26-107974.pdf"", ""page"": 15, ""distance"": 0.6844523549079895}, {""rank"": 7, ""document"": ""gao-26-107974.pdf"", ""page"": 8, ""distance"": 0.6858634948730469}, {""rank"": 8, ""document"": ""gao-26-107974.pdf"", ""page"": 17, ""distance"": 0.7065985202789307}]",0.013201599998865277
EQ070,Compare the Navy's DDG 1000 modernization schedule challenge with its missile-production challenge.,"Modernization was 24 months behind, while CPS production faced quality and production issues and was below the goal of 12 rounds per year; both also affected testing plans.",GAO-26-107974,PDF p. 2,9,False,"[{""rank"": 1, ""document"": ""gao-26-107974.pdf"", ""page"": 14, ""distance"": 0.4980916380882263}, {""rank"": 2, ""document"": ""gao-26-107974.pdf"", ""page"": 2, ""distance"": 0.5652343034744263}, {""rank"": 3, ""document"": ""gao-26-107974.pdf"", ""page"": 3, ""distance"": 0.5925945043563843}, {""rank"": 4, ""document"": ""gao-26-107974.pdf"", ""page"": 6, ""distance"": 0.6104023456573486}, {""rank"": 5, ""document"": ""gao-26-107974.pdf"", ""page"": 19, ""distance"": 0.6176225543022156}, {""rank"": 6, ""document"": ""gao-26-107974.pdf"", ""page"": 15, ""distance"": 0.6844523549079895}, {""rank"": 7, ""document"": ""gao-26-107974.pdf"", ""page"": 8, ""distance"": 0.6858634948730469}, {""rank"": 8, ""document"": ""gao-26-107974.pdf"", ""page"": 17, ""distance"": 0.7065985202789307}, {""rank"": 9, ""document"": ""gao-26-107974.pdf"", ""page"": 24, ""distance"": 0.7269576787948608}]",0.010578299988992512
EQ070,Compare the Navy's DDG 1000 modernization schedule challenge with its missile-production challenge.,"Modernization was 24 months behind, while CPS production faced quality and production issues and was below the goal of 12 rounds per year; both also affected testing plans.",GAO-26-107974,PDF p. 2,10,False,"[{""rank"": 1, ""document"": ""gao-26-107974.pdf"", ""page"": 14, ""distance"": 0.4980916380882263}, {""rank"": 2, ""document"": ""gao-26-107974.pdf"", ""page"": 2, ""distance"": 0.5652343034744263}, {""rank"": 3, ""document"": ""gao-26-107974.pdf"", ""page"": 3, ""distance"": 0.5925945043563843}, {""rank"": 4, ""document"": ""gao-26-107974.pdf"", ""page"": 6, ""distance"": 0.6104023456573486}, {""rank"": 5, ""document"": ""gao-26-107974.pdf"", ""page"": 19, ""distance"": 0.6176225543022156}, {""rank"": 6, ""document"": ""gao-26-107974.pdf"", ""page"": 15, ""distance"": 0.6844523549079895}, {""rank"": 7, ""document"": ""gao-26-107974.pdf"", ""page"": 8, ""distance"": 0.6858634948730469}, {""rank"": 8, ""document"": ""gao-26-107974.pdf"", ""page"": 17, ""distance"": 0.7065985202789307}, {""rank"": 9, ""document"": ""gao-26-107974.pdf"", ""page"": 24, ""distance"": 0.7269576787948608}, {""rank"": 10, ""document"": ""gao-26-107974.pdf"", ""page"": 2, ""distance"": 0.7389376163482666}]",0.011051399982534349
EQ071,Summarize the main incident-response preparedness finding for federal agencies.,"Agencies made progress by standardizing plans and improving detection, analysis, and handling, but still needed to fully implement requirements, including event logging.",GAO-24-105658,PDF p. 2,1,False,"[{""rank"": 1, ""document"": ""d24105658.pdf"", ""page"": 9, ""distance"": 0.7406904697418213}]",0.011695199995301664
EQ071,Summarize the main incident-response preparedness finding for federal agencies.,"Agencies made progress by standardizing plans and improving detection, analysis, and handling, but still needed to fully implement requirements, including event logging.",GAO-24-105658,PDF p. 2,2,False,"[{""rank"": 1, ""document"": ""d24105658.pdf"", ""page"": 9, ""distance"": 0.7406904697418213}, {""rank"": 2, ""document"": ""d24105658.pdf"", ""page"": 24, ""distance"": 0.7556505799293518}]",0.01156389998504892
EQ071,Summarize the main incident-response preparedness finding for federal agencies.,"Agencies made progress by standardizing plans and improving detection, analysis, and handling, but still needed to fully implement requirements, including event logging.",GAO-24-105658,PDF p. 2,3,False,"[{""rank"": 1, ""document"": ""d24105658.pdf"", ""page"": 9, ""distance"": 0.7406904697418213}, {""rank"": 2, ""document"": ""d24105658.pdf"", ""page"": 24, ""distance"": 0.7556505799293518}, {""rank"": 3, ""document"": ""d24105658.pdf"", ""page"": 5, ""distance"": 0.75604248046875}]",0.011849300004541874
EQ071,Summarize the main incident-response preparedness finding for federal agencies.,"Agencies made progress by standardizing plans and improving detection, analysis, and handling, but still needed to fully implement requirements, including event logging.",GAO-24-105658,PDF p. 2,4,False,"[{""rank"": 1, ""document"": ""d24105658.pdf"", ""page"": 9, ""distance"": 0.7406904697418213}, {""rank"": 2, ""document"": ""d24105658.pdf"", ""page"": 24, ""distance"": 0.7556505799293518}, {""rank"": 3, ""document"": ""d24105658.pdf"", ""page"": 5, ""distance"": 0.75604248046875}, {""rank"": 4, ""document"": ""d24105658.pdf"", ""page"": 3, ""distance"": 0.7608151435852051}]",0.010567999968770891
EQ071,Summarize the main incident-response preparedness finding for federal agencies.,"Agencies made progress by standardizing plans and improving detection, analysis, and handling, but still needed to fully implement requirements, including event logging.",GAO-24-105658,PDF p. 2,5,False,"[{""rank"": 1, ""document"": ""d24105658.pdf"", ""page"": 9, ""distance"": 0.7406904697418213}, {""rank"": 2, ""document"": ""d24105658.pdf"", ""page"": 24, ""distance"": 0.7556505799293518}, {""rank"": 3, ""document"": ""d24105658.pdf"", ""page"": 5, ""distance"": 0.75604248046875}, {""rank"": 4, ""document"": ""d24105658.pdf"", ""page"": 3, ""distance"": 0.7608151435852051}, {""rank"": 5, ""document"": ""d24105658.pdf"", ""page"": 2, ""distance"": 0.7661606073379517}]",0.011201799963600934
EQ071,Summarize the main incident-response preparedness finding for federal agencies.,"Agencies made progress by standardizing plans and improving detection, analysis, and handling, but still needed to fully implement requirements, including event logging.",GAO-24-105658,PDF p. 2,6,False,"[{""rank"": 1, ""document"": ""d24105658.pdf"", ""page"": 9, ""distance"": 0.7406904697418213}, {""rank"": 2, ""document"": ""d24105658.pdf"", ""page"": 24, ""distance"": 0.7556505799293518}, {""rank"": 3, ""document"": ""d24105658.pdf"", ""page"": 5, ""distance"": 0.75604248046875}, {""rank"": 4, ""document"": ""d24105658.pdf"", ""page"": 3, ""distance"": 0.7608151435852051}, {""rank"": 5, ""document"": ""d24105658.pdf"", ""page"": 2, ""distance"": 0.7661606073379517}, {""rank"": 6, ""document"": ""d24105658.pdf"", ""page"": 15, ""distance"": 0.7746542692184448}]",0.01578820002032444
EQ071,Summarize the main incident-response preparedness finding for federal agencies.,"Agencies made progress by standardizing plans and improving detection, analysis, and handling, but still needed to fully implement requirements, including event logging.",GAO-24-105658,PDF p. 2,7,False,"[{""rank"": 1, ""document"": ""d24105658.pdf"", ""page"": 9, ""distance"": 0.7406904697418213}, {""rank"": 2, ""document"": ""d24105658.pdf"", ""page"": 24, ""distance"": 0.7556505799293518}, {""rank"": 3, ""document"": ""d24105658.pdf"", ""page"": 5, ""distance"": 0.75604248046875}, {""rank"": 4, ""document"": ""d24105658.pdf"", ""page"": 3, ""distance"": 0.7608151435852051}, {""rank"": 5, ""document"": ""d24105658.pdf"", ""page"": 2, ""distance"": 0.7661606073379517}, {""rank"": 6, ""document"": ""d24105658.pdf"", ""page"": 15, ""distance"": 0.7746542692184448}, {""rank"": 7, ""document"": ""d24105658.pdf"", ""page"": 50, ""distance"": 0.7955521941184998}]",0.009963700023945421
EQ071,Summarize the main incident-response preparedness finding for federal agencies.,"Agencies made progress by standardizing plans and improving detection, analysis, and handling, but still needed to fully implement requirements, including event logging.",GAO-24-105658,PDF p. 2,8,False,"[{""rank"": 1, ""document"": ""d24105658.pdf"", ""page"": 9, ""distance"": 0.7406904697418213}, {""rank"": 2, ""document"": ""d24105658.pdf"", ""page"": 24, ""distance"": 0.7556505799293518}, {""rank"": 3, ""document"": ""d24105658.pdf"", ""page"": 5, ""distance"": 0.75604248046875}, {""rank"": 4, ""document"": ""d24105658.pdf"", ""page"": 3, ""distance"": 0.7608151435852051}, {""rank"": 5, ""document"": ""d24105658.pdf"", ""page"": 2, ""distance"": 0.7661606073379517}, {""rank"": 6, ""document"": ""d24105658.pdf"", ""page"": 15, ""distance"": 0.7746542692184448}, {""rank"": 7, ""document"": ""d24105658.pdf"", ""page"": 50, ""distance"": 0.7955521941184998}, {""rank"": 8, ""document"": ""d24105658.pdf"", ""page"": 8, ""distance"": 0.7988991737365723}]",0.011095899972133338
EQ071,Summarize the main incident-response preparedness finding for federal agencies.,"Agencies made progress by standardizing plans and improving detection, analysis, and handling, but still needed to fully implement requirements, including event logging.",GAO-24-105658,PDF p. 2,9,False,"[{""rank"": 1, ""document"": ""d24105658.pdf"", ""page"": 9, ""distance"": 0.7406904697418213}, {""rank"": 2, ""document"": ""d24105658.pdf"", ""page"": 24, ""distance"": 0.7556505799293518}, {""rank"": 3, ""document"": ""d24105658.pdf"", ""page"": 5, ""distance"": 0.75604248046875}, {""rank"": 4, ""document"": ""d24105658.pdf"", ""page"": 3, ""distance"": 0.7608151435852051}, {""rank"": 5, ""document"": ""d24105658.pdf"", ""page"": 2, ""distance"": 0.7661606073379517}, {""rank"": 6, ""document"": ""d24105658.pdf"", ""page"": 15, ""distance"": 0.7746542692184448}, {""rank"": 7, ""document"": ""d24105658.pdf"", ""page"": 50, ""distance"": 0.7955521941184998}, {""rank"": 8, ""document"": ""d24105658.pdf"", ""page"": 8, ""distance"": 0.7988991737365723}, {""rank"": 9, ""document"": ""d24105658.pdf"", ""page"": 25, ""distance"": 0.8064837455749512}]",0.013764399976935238
EQ071,Summarize the main incident-response preparedness finding for federal agencies.,"Agencies made progress by standardizing plans and improving detection, analysis, and handling, but still needed to fully implement requirements, including event logging.",GAO-24-105658,PDF p. 2,10,False,"[{""rank"": 1, ""document"": ""d24105658.pdf"", ""page"": 9, ""distance"": 0.7406904697418213}, {""rank"": 2, ""document"": ""d24105658.pdf"", ""page"": 24, ""distance"": 0.7556505799293518}, {""rank"": 3, ""document"": ""d24105658.pdf"", ""page"": 5, ""distance"": 0.75604248046875}, {""rank"": 4, ""document"": ""d24105658.pdf"", ""page"": 3, ""distance"": 0.7608151435852051}, {""rank"": 5, ""document"": ""d24105658.pdf"", ""page"": 2, ""distance"": 0.7661606073379517}, {""rank"": 6, ""document"": ""d24105658.pdf"", ""page"": 15, ""distance"": 0.7746542692184448}, {""rank"": 7, ""document"": ""d24105658.pdf"", ""page"": 50, ""distance"": 0.7955521941184998}, {""rank"": 8, ""document"": ""d24105658.pdf"", ""page"": 8, ""distance"": 0.7988991737365723}, {""rank"": 9, ""document"": ""d24105658.pdf"", ""page"": 25, ""distance"": 0.8064837455749512}, {""rank"": 10, ""document"": ""d24105658.pdf"", ""page"": 14, ""distance"": 0.8485251665115356}]",0.019972799986135215
EQ072,Summarize the main cybersecurity finding for K-12 schools.,"Cyber incidents, including ransomware, can significantly disrupt learning and impose recovery costs; national scale is uncertain and coordination/support gaps increase the challenge.",GAO-23-105480,PDF pp. 2-3,1,False,"[{""rank"": 1, ""document"": ""gao-23-105480.pdf"", ""page"": 7, ""distance"": 0.45039287209510803}]",0.01761769998120144
EQ072,Summarize the main cybersecurity finding for K-12 schools.,"Cyber incidents, including ransomware, can significantly disrupt learning and impose recovery costs; national scale is uncertain and coordination/support gaps increase the challenge.",GAO-23-105480,PDF pp. 2-3,2,False,"[{""rank"": 1, ""document"": ""gao-23-105480.pdf"", ""page"": 7, ""distance"": 0.45039287209510803}, {""rank"": 2, ""document"": ""gao-23-105480.pdf"", ""page"": 2, ""distance"": 0.472610741853714}]",0.011335099989082664
EQ072,Summarize the main cybersecurity finding for K-12 schools.,"Cyber incidents, including ransomware, can significantly disrupt learning and impose recovery costs; national scale is uncertain and coordination/support gaps increase the challenge.",GAO-23-105480,PDF pp. 2-3,3,False,"[{""rank"": 1, ""document"": ""gao-23-105480.pdf"", ""page"": 7, ""distance"": 0.45039287209510803}, {""rank"": 2, ""document"": ""gao-23-105480.pdf"", ""page"": 2, ""distance"": 0.472610741853714}, {""rank"": 3, ""document"": ""gao-23-105480.pdf"", ""page"": 42, ""distance"": 0.48921456933021545}]",0.012576800014358014
EQ072,Summarize the main cybersecurity finding for K-12 schools.,"Cyber incidents, including ransomware, can significantly disrupt learning and impose recovery costs; national scale is uncertain and coordination/support gaps increase the challenge.",GAO-23-105480,PDF pp. 2-3,4,False,"[{""rank"": 1, ""document"": ""gao-23-105480.pdf"", ""page"": 7, ""distance"": 0.45039287209510803}, {""rank"": 2, ""document"": ""gao-23-105480.pdf"", ""page"": 2, ""distance"": 0.472610741853714}, {""rank"": 3, ""document"": ""gao-23-105480.pdf"", ""page"": 42, ""distance"": 0.48921456933021545}, {""rank"": 4, ""document"": ""gao-23-105480.pdf"", ""page"": 41, ""distance"": 0.49186238646507263}]",0.01079349999781698
EQ072,Summarize the main cybersecurity finding for K-12 schools.,"Cyber incidents, including ransomware, can significantly disrupt learning and impose recovery costs; national scale is uncertain and coordination/support gaps increase the challenge.",GAO-23-105480,PDF pp. 2-3,5,False,"[{""rank"": 1, ""document"": ""gao-23-105480.pdf"", ""page"": 7, ""distance"": 0.45039287209510803}, {""rank"": 2, ""document"": ""gao-23-105480.pdf"", ""page"": 2, ""distance"": 0.472610741853714}, {""rank"": 3, ""document"": ""gao-23-105480.pdf"", ""page"": 42, ""distance"": 0.48921456933021545}, {""rank"": 4, ""document"": ""gao-23-105480.pdf"", ""page"": 41, ""distance"": 0.49186238646507263}, {""rank"": 5, ""document"": ""gao-23-105480.pdf"", ""page"": 30, ""distance"": 0.5019658207893372}]",0.011747099983040243
EQ072,Summarize the main cybersecurity finding for K-12 schools.,"Cyber incidents, including ransomware, can significantly disrupt learning and impose recovery costs; national scale is uncertain and coordination/support gaps increase the challenge.",GAO-23-105480,PDF pp. 2-3,6,False,"[{""rank"": 1, ""document"": ""gao-23-105480.pdf"", ""page"": 7, ""distance"": 0.45039287209510803}, {""rank"": 2, ""document"": ""gao-23-105480.pdf"", ""page"": 2, ""distance"": 0.472610741853714}, {""rank"": 3, ""document"": ""gao-23-105480.pdf"", ""page"": 42, ""distance"": 0.48921456933021545}, {""rank"": 4, ""document"": ""gao-23-105480.pdf"", ""page"": 41, ""distance"": 0.49186238646507263}, {""rank"": 5, ""document"": ""gao-23-105480.pdf"", ""page"": 30, ""distance"": 0.5019658207893372}, {""rank"": 6, ""document"": ""gao-23-105480.pdf"", ""page"": 13, ""distance"": 0.5339269042015076}]",0.012091799988411367
EQ072,Summarize the main cybersecurity finding for K-12 schools.,"Cyber incidents, including ransomware, can significantly disrupt learning and impose recovery costs; national scale is uncertain and coordination/support gaps increase the challenge.",GAO-23-105480,PDF pp. 2-3,7,False,"[{""rank"": 1, ""document"": ""gao-23-105480.pdf"", ""page"": 7, ""distance"": 0.45039287209510803}, {""rank"": 2, ""document"": ""gao-23-105480.pdf"", ""page"": 2, ""distance"": 0.472610741853714}, {""rank"": 3, ""document"": ""gao-23-105480.pdf"", ""page"": 42, ""distance"": 0.48921456933021545}, {""rank"": 4, ""document"": ""gao-23-105480.pdf"", ""page"": 41, ""distance"": 0.49186238646507263}, {""rank"": 5, ""document"": ""gao-23-105480.pdf"", ""page"": 30, ""distance"": 0.5019658207893372}, {""rank"": 6, ""document"": ""gao-23-105480.pdf"", ""page"": 13, ""distance"": 0.5339269042015076}, {""rank"": 7, ""document"": ""gao-23-105480.pdf"", ""page"": 3, ""distance"": 0.5340964794158936}]",0.011669699975755066
EQ072,Summarize the main cybersecurity finding for K-12 schools.,"Cyber incidents, including ransomware, can significantly disrupt learning and impose recovery costs; national scale is uncertain and coordination/support gaps increase the challenge.",GAO-23-105480,PDF pp. 2-3,8,False,"[{""rank"": 1, ""document"": ""gao-23-105480.pdf"", ""page"": 7, ""distance"": 0.45039287209510803}, {""rank"": 2, ""document"": ""gao-23-105480.pdf"", ""page"": 2, ""distance"": 0.472610741853714}, {""rank"": 3, ""document"": ""gao-23-105480.pdf"", ""page"": 42, ""distance"": 0.48921456933021545}, {""rank"": 4, ""document"": ""gao-23-105480.pdf"", ""page"": 41, ""distance"": 0.49186238646507263}, {""rank"": 5, ""document"": ""gao-23-105480.pdf"", ""page"": 30, ""distance"": 0.5019658207893372}, {""rank"": 6, ""document"": ""gao-23-105480.pdf"", ""page"": 13, ""distance"": 0.5339269042015076}, {""rank"": 7, ""document"": ""gao-23-105480.pdf"", ""page"": 3, ""distance"": 0.5340964794158936}, {""rank"": 8, ""document"": ""gao-23-105480.pdf"", ""page"": 37, ""distance"": 0.5395495295524597}]",0.013916400028392673
EQ072,Summarize the main cybersecurity finding for K-12 schools.,"Cyber incidents, including ransomware, can significantly disrupt learning and impose recovery costs; national scale is uncertain and coordination/support gaps increase the challenge.",GAO-23-105480,PDF pp. 2-3,9,False,"[{""rank"": 1, ""document"": ""gao-23-105480.pdf"", ""page"": 7, ""distance"": 0.45039287209510803}, {""rank"": 2, ""document"": ""gao-23-105480.pdf"", ""page"": 2, ""distance"": 0.472610741853714}, {""rank"": 3, ""document"": ""gao-23-105480.pdf"", ""page"": 42, ""distance"": 0.48921456933021545}, {""rank"": 4, ""document"": ""gao-23-105480.pdf"", ""page"": 41, ""distance"": 0.49186238646507263}, {""rank"": 5, ""document"": ""gao-23-105480.pdf"", ""page"": 30, ""distance"": 0.5019658207893372}, {""rank"": 6, ""document"": ""gao-23-105480.pdf"", ""page"": 13, ""distance"": 0.5339269042015076}, {""rank"": 7, ""document"": ""gao-23-105480.pdf"", ""page"": 3, ""distance"": 0.5340964794158936}, {""rank"": 8, ""document"": ""gao-23-105480.pdf"", ""page"": 37, ""distance"": 0.5395495295524597}, {""rank"": 9, ""document"": ""gao-23-105480.pdf"", ""page"": 31, ""distance"": 0.5547690987586975}]",0.013498399988748133
EQ072,Summarize the main cybersecurity finding for K-12 schools.,"Cyber incidents, including ransomware, can significantly disrupt learning and impose recovery costs; national scale is uncertain and coordination/support gaps increase the challenge.",GAO-23-105480,PDF pp. 2-3,10,False,"[{""rank"": 1, ""document"": ""gao-23-105480.pdf"", ""page"": 7, ""distance"": 0.45039287209510803}, {""rank"": 2, ""document"": ""gao-23-105480.pdf"", ""page"": 2, ""distance"": 0.472610741853714}, {""rank"": 3, ""document"": ""gao-23-105480.pdf"", ""page"": 42, ""distance"": 0.48921456933021545}, {""rank"": 4, ""document"": ""gao-23-105480.pdf"", ""page"": 41, ""distance"": 0.49186238646507263}, {""rank"": 5, ""document"": ""gao-23-105480.pdf"", ""page"": 30, ""distance"": 0.5019658207893372}, {""rank"": 6, ""document"": ""gao-23-105480.pdf"", ""page"": 13, ""distance"": 0.5339269042015076}, {""rank"": 7, ""document"": ""gao-23-105480.pdf"", ""page"": 3, ""distance"": 0.5340964794158936}, {""rank"": 8, ""document"": ""gao-23-105480.pdf"", ""page"": 37, ""distance"": 0.5395495295524597}, {""rank"": 9, ""document"": ""gao-23-105480.pdf"", ""page"": 31, ""distance"": 0.5547690987586975}, {""rank"": 10, ""document"": ""gao-23-105480.pdf"", ""page"": 8, ""distance"": 0.55735182762146}]",0.011801299988292158
EQ073,Summarize GAO's assessment of the National Cybersecurity Strategy and its implementation plan.,The documents fully addressed four of six desirable characteristics but only partially addressed outcome measures and estimated resources and costs.,GAO-24-106916,PDF p. 2,1,False,"[{""rank"": 1, ""document"": ""d24106916.pdf"", ""page"": 17, ""distance"": 0.26211532950401306}]",0.013179300003685057
EQ073,Summarize GAO's assessment of the National Cybersecurity Strategy and its implementation plan.,The documents fully addressed four of six desirable characteristics but only partially addressed outcome measures and estimated resources and costs.,GAO-24-106916,PDF p. 2,2,False,"[{""rank"": 1, ""document"": ""d24106916.pdf"", ""page"": 17, ""distance"": 0.26211532950401306}, {""rank"": 2, ""document"": ""d24106916.pdf"", ""page"": 3, ""distance"": 0.27903831005096436}]",0.011313700000755489
EQ073,Summarize GAO's assessment of the National Cybersecurity Strategy and its implementation plan.,The documents fully addressed four of six desirable characteristics but only partially addressed outcome measures and estimated resources and costs.,GAO-24-106916,PDF p. 2,3,False,"[{""rank"": 1, ""document"": ""d24106916.pdf"", ""page"": 17, ""distance"": 0.26211532950401306}, {""rank"": 2, ""document"": ""d24106916.pdf"", ""page"": 3, ""distance"": 0.27903831005096436}, {""rank"": 3, ""document"": ""d24106916.pdf"", ""page"": 6, ""distance"": 0.3243432641029358}]",0.010655199992470443
EQ073,Summarize GAO's assessment of the National Cybersecurity Strategy and its implementation plan.,The documents fully addressed four of six desirable characteristics but only partially addressed outcome measures and estimated resources and costs.,GAO-24-106916,PDF p. 2,4,False,"[{""rank"": 1, ""document"": ""d24106916.pdf"", ""page"": 17, ""distance"": 0.26211532950401306}, {""rank"": 2, ""document"": ""d24106916.pdf"", ""page"": 3, ""distance"": 0.27903831005096436}, {""rank"": 3, ""document"": ""d24106916.pdf"", ""page"": 6, ""distance"": 0.3243432641029358}, {""rank"": 4, ""document"": ""d24106916.pdf"", ""page"": 33, ""distance"": 0.331246018409729}]",0.010767099971417338
EQ073,Summarize GAO's assessment of the National Cybersecurity Strategy and its implementation plan.,The documents fully addressed four of six desirable characteristics but only partially addressed outcome measures and estimated resources and costs.,GAO-24-106916,PDF p. 2,5,False,"[{""rank"": 1, ""document"": ""d24106916.pdf"", ""page"": 17, ""distance"": 0.26211532950401306}, {""rank"": 2, ""document"": ""d24106916.pdf"", ""page"": 3, ""distance"": 0.27903831005096436}, {""rank"": 3, ""document"": ""d24106916.pdf"", ""page"": 6, ""distance"": 0.3243432641029358}, {""rank"": 4, ""document"": ""d24106916.pdf"", ""page"": 33, ""distance"": 0.331246018409729}, {""rank"": 5, ""document"": ""d24106916.pdf"", ""page"": 23, ""distance"": 0.3610306978225708}]",0.011274499993305653
EQ073,Summarize GAO's assessment of the National Cybersecurity Strategy and its implementation plan.,The documents fully addressed four of six desirable characteristics but only partially addressed outcome measures and estimated resources and costs.,GAO-24-106916,PDF p. 2,6,False,"[{""rank"": 1, ""document"": ""d24106916.pdf"", ""page"": 17, ""distance"": 0.26211532950401306}, {""rank"": 2, ""document"": ""d24106916.pdf"", ""page"": 3, ""distance"": 0.27903831005096436}, {""rank"": 3, ""document"": ""d24106916.pdf"", ""page"": 6, ""distance"": 0.3243432641029358}, {""rank"": 4, ""document"": ""d24106916.pdf"", ""page"": 33, ""distance"": 0.331246018409729}, {""rank"": 5, ""document"": ""d24106916.pdf"", ""page"": 23, ""distance"": 0.3610306978225708}, {""rank"": 6, ""document"": ""d24106916.pdf"", ""page"": 18, ""distance"": 0.44058743119239807}]",0.012557599984575063
EQ073,Summarize GAO's assessment of the National Cybersecurity Strategy and its implementation plan.,The documents fully addressed four of six desirable characteristics but only partially addressed outcome measures and estimated resources and costs.,GAO-24-106916,PDF p. 2,7,False,"[{""rank"": 1, ""document"": ""d24106916.pdf"", ""page"": 17, ""distance"": 0.26211532950401306}, {""rank"": 2, ""document"": ""d24106916.pdf"", ""page"": 3, ""distance"": 0.27903831005096436}, {""rank"": 3, ""document"": ""d24106916.pdf"", ""page"": 6, ""distance"": 0.3243432641029358}, {""rank"": 4, ""document"": ""d24106916.pdf"", ""page"": 33, ""distance"": 0.331246018409729}, {""rank"": 5, ""document"": ""d24106916.pdf"", ""page"": 23, ""distance"": 0.3610306978225708}, {""rank"": 6, ""document"": ""d24106916.pdf"", ""page"": 18, ""distance"": 0.44058743119239807}, {""rank"": 7, ""document"": ""d24106916.pdf"", ""page"": 12, ""distance"": 0.4477522671222687}]",0.01218749996041879
EQ073,Summarize GAO's assessment of the National Cybersecurity Strategy and its implementation plan.,The documents fully addressed four of six desirable characteristics but only partially addressed outcome measures and estimated resources and costs.,GAO-24-106916,PDF p. 2,8,False,"[{""rank"": 1, ""document"": ""d24106916.pdf"", ""page"": 17, ""distance"": 0.26211532950401306}, {""rank"": 2, ""document"": ""d24106916.pdf"", ""page"": 3, ""distance"": 0.27903831005096436}, {""rank"": 3, ""document"": ""d24106916.pdf"", ""page"": 6, ""distance"": 0.3243432641029358}, {""rank"": 4, ""document"": ""d24106916.pdf"", ""page"": 33, ""distance"": 0.331246018409729}, {""rank"": 5, ""document"": ""d24106916.pdf"", ""page"": 23, ""distance"": 0.3610306978225708}, {""rank"": 6, ""document"": ""d24106916.pdf"", ""page"": 18, ""distance"": 0.44058743119239807}, {""rank"": 7, ""document"": ""d24106916.pdf"", ""page"": 12, ""distance"": 0.4477522671222687}, {""rank"": 8, ""document"": ""d24106916.pdf"", ""page"": 20, ""distance"": 0.4653027057647705}]",0.010936299979221076
EQ073,Summarize GAO's assessment of the National Cybersecurity Strategy and its implementation plan.,The documents fully addressed four of six desirable characteristics but only partially addressed outcome measures and estimated resources and costs.,GAO-24-106916,PDF p. 2,9,False,"[{""rank"": 1, ""document"": ""d24106916.pdf"", ""page"": 17, ""distance"": 0.26211532950401306}, {""rank"": 2, ""document"": ""d24106916.pdf"", ""page"": 3, ""distance"": 0.27903831005096436}, {""rank"": 3, ""document"": ""d24106916.pdf"", ""page"": 6, ""distance"": 0.3243432641029358}, {""rank"": 4, ""document"": ""d24106916.pdf"", ""page"": 33, ""distance"": 0.331246018409729}, {""rank"": 5, ""document"": ""d24106916.pdf"", ""page"": 23, ""distance"": 0.3610306978225708}, {""rank"": 6, ""document"": ""d24106916.pdf"", ""page"": 18, ""distance"": 0.44058743119239807}, {""rank"": 7, ""document"": ""d24106916.pdf"", ""page"": 12, ""distance"": 0.4477522671222687}, {""rank"": 8, ""document"": ""d24106916.pdf"", ""page"": 20, ""distance"": 0.4653027057647705}, {""rank"": 9, ""document"": ""d24106916.pdf"", ""page"": 16, ""distance"": 0.47174686193466187}]",0.011269199952948838
EQ073,Summarize GAO's assessment of the National Cybersecurity Strategy and its implementation plan.,The documents fully addressed four of six desirable characteristics but only partially addressed outcome measures and estimated resources and costs.,GAO-24-106916,PDF p. 2,10,False,"[{""rank"": 1, ""document"": ""d24106916.pdf"", ""page"": 17, ""distance"": 0.26211532950401306}, {""rank"": 2, ""document"": ""d24106916.pdf"", ""page"": 3, ""distance"": 0.27903831005096436}, {""rank"": 3, ""document"": ""d24106916.pdf"", ""page"": 6, ""distance"": 0.3243432641029358}, {""rank"": 4, ""document"": ""d24106916.pdf"", ""page"": 33, ""distance"": 0.331246018409729}, {""rank"": 5, ""document"": ""d24106916.pdf"", ""page"": 23, ""distance"": 0.3610306978225708}, {""rank"": 6, ""document"": ""d24106916.pdf"", ""page"": 18, ""distance"": 0.44058743119239807}, {""rank"": 7, ""document"": ""d24106916.pdf"", ""page"": 12, ""distance"": 0.4477522671222687}, {""rank"": 8, ""document"": ""d24106916.pdf"", ""page"": 20, ""distance"": 0.4653027057647705}, {""rank"": 9, ""document"": ""d24106916.pdf"", ""page"": 16, ""distance"": 0.47174686193466187}, {""rank"": 10, ""document"": ""gao-24-107231.pdf"", ""page"": 18, ""distance"": 0.4747698903083801}]",0.01131359999999404
EQ074,Summarize the cybersecurity lessons of the CrowdStrike outage.,"A faulty update caused widespread outages and highlighted the importance of supply-chain risk management, testing, contingency planning, and cyber information sharing.",GAO-24-107733,PDF pp. 1-2,1,False,"[{""rank"": 1, ""document"": ""gao-24-107733.pdf"", ""page"": 1, ""distance"": 0.7301681637763977}]",0.013900200021453202
EQ074,Summarize the cybersecurity lessons of the CrowdStrike outage.,"A faulty update caused widespread outages and highlighted the importance of supply-chain risk management, testing, contingency planning, and cyber information sharing.",GAO-24-107733,PDF pp. 1-2,2,False,"[{""rank"": 1, ""document"": ""gao-24-107733.pdf"", ""page"": 1, ""distance"": 0.7301681637763977}, {""rank"": 2, ""document"": ""d24106576.pdf"", ""page"": 20, ""distance"": 1.0281531810760498}]",0.012815200025215745
EQ074,Summarize the cybersecurity lessons of the CrowdStrike outage.,"A faulty update caused widespread outages and highlighted the importance of supply-chain risk management, testing, contingency planning, and cyber information sharing.",GAO-24-107733,PDF pp. 1-2,3,False,"[{""rank"": 1, ""document"": ""gao-24-107733.pdf"", ""page"": 1, ""distance"": 0.7301681637763977}, {""rank"": 2, ""document"": ""d24106576.pdf"", ""page"": 20, ""distance"": 1.0281531810760498}, {""rank"": 3, ""document"": ""gao-23-105480.pdf"", ""page"": 26, ""distance"": 1.0568791627883911}]",0.010671099997125566
EQ074,Summarize the cybersecurity lessons of the CrowdStrike outage.,"A faulty update caused widespread outages and highlighted the importance of supply-chain risk management, testing, contingency planning, and cyber information sharing.",GAO-24-107733,PDF pp. 1-2,4,False,"[{""rank"": 1, ""document"": ""gao-24-107733.pdf"", ""page"": 1, ""distance"": 0.7301681637763977}, {""rank"": 2, ""document"": ""d24106576.pdf"", ""page"": 20, ""distance"": 1.0281531810760498}, {""rank"": 3, ""document"": ""gao-23-105480.pdf"", ""page"": 26, ""distance"": 1.0568791627883911}, {""rank"": 4, ""document"": ""gao-24-107231.pdf"", ""page"": 33, ""distance"": 1.0681843757629395}]",0.011132200015708804
EQ074,Summarize the cybersecurity lessons of the CrowdStrike outage.,"A faulty update caused widespread outages and highlighted the importance of supply-chain risk management, testing, contingency planning, and cyber information sharing.",GAO-24-107733,PDF pp. 1-2,5,False,"[{""rank"": 1, ""document"": ""gao-24-107733.pdf"", ""page"": 1, ""distance"": 0.7301681637763977}, {""rank"": 2, ""document"": ""d24106576.pdf"", ""page"": 20, ""distance"": 1.0281531810760498}, {""rank"": 3, ""document"": ""gao-23-105480.pdf"", ""page"": 26, ""distance"": 1.0568791627883911}, {""rank"": 4, ""document"": ""gao-24-107231.pdf"", ""page"": 33, ""distance"": 1.0681843757629395}, {""rank"": 5, ""document"": ""gao-23-105480.pdf"", ""page"": 51, ""distance"": 1.0947165489196777}]",0.012549999984912574
EQ074,Summarize the cybersecurity lessons of the CrowdStrike outage.,"A faulty update caused widespread outages and highlighted the importance of supply-chain risk management, testing, contingency planning, and cyber information sharing.",GAO-24-107733,PDF pp. 1-2,6,False,"[{""rank"": 1, ""document"": ""gao-24-107733.pdf"", ""page"": 1, ""distance"": 0.7301681637763977}, {""rank"": 2, ""document"": ""d24106576.pdf"", ""page"": 20, ""distance"": 1.0281531810760498}, {""rank"": 3, ""document"": ""gao-23-105480.pdf"", ""page"": 26, ""distance"": 1.0568791627883911}, {""rank"": 4, ""document"": ""gao-24-107231.pdf"", ""page"": 33, ""distance"": 1.0681843757629395}, {""rank"": 5, ""document"": ""gao-23-105480.pdf"", ""page"": 51, ""distance"": 1.0947165489196777}, {""rank"": 6, ""document"": ""d24105658.pdf"", ""page"": 74, ""distance"": 1.0948458909988403}]",0.011318800039589405
EQ074,Summarize the cybersecurity lessons of the CrowdStrike outage.,"A faulty update caused widespread outages and highlighted the importance of supply-chain risk management, testing, contingency planning, and cyber information sharing.",GAO-24-107733,PDF pp. 1-2,7,False,"[{""rank"": 1, ""document"": ""gao-24-107733.pdf"", ""page"": 1, ""distance"": 0.7301681637763977}, {""rank"": 2, ""document"": ""d24106576.pdf"", ""page"": 20, ""distance"": 1.0281531810760498}, {""rank"": 3, ""document"": ""gao-23-105480.pdf"", ""page"": 26, ""distance"": 1.0568791627883911}, {""rank"": 4, ""document"": ""gao-24-107231.pdf"", ""page"": 33, ""distance"": 1.0681843757629395}, {""rank"": 5, ""document"": ""gao-23-105480.pdf"", ""page"": 51, ""distance"": 1.0947165489196777}, {""rank"": 6, ""document"": ""d24105658.pdf"", ""page"": 74, ""distance"": 1.0948458909988403}, {""rank"": 7, ""document"": ""gao-23-105480.pdf"", ""page"": 42, ""distance"": 1.0956228971481323}]",0.011062000005040318
EQ074,Summarize the cybersecurity lessons of the CrowdStrike outage.,"A faulty update caused widespread outages and highlighted the importance of supply-chain risk management, testing, contingency planning, and cyber information sharing.",GAO-24-107733,PDF pp. 1-2,8,False,"[{""rank"": 1, ""document"": ""gao-24-107733.pdf"", ""page"": 1, ""distance"": 0.7301681637763977}, {""rank"": 2, ""document"": ""d24106576.pdf"", ""page"": 20, ""distance"": 1.0281531810760498}, {""rank"": 3, ""document"": ""gao-23-105480.pdf"", ""page"": 26, ""distance"": 1.0568791627883911}, {""rank"": 4, ""document"": ""gao-24-107231.pdf"", ""page"": 33, ""distance"": 1.0681843757629395}, {""rank"": 5, ""document"": ""gao-23-105480.pdf"", ""page"": 51, ""distance"": 1.0947165489196777}, {""rank"": 6, ""document"": ""d24105658.pdf"", ""page"": 74, ""distance"": 1.0948458909988403}, {""rank"": 7, ""document"": ""gao-23-105480.pdf"", ""page"": 42, ""distance"": 1.0956228971481323}, {""rank"": 8, ""document"": ""gao-24-107231.pdf"", ""page"": 24, ""distance"": 1.0958104133605957}]",0.01223960000788793
EQ074,Summarize the cybersecurity lessons of the CrowdStrike outage.,"A faulty update caused widespread outages and highlighted the importance of supply-chain risk management, testing, contingency planning, and cyber information sharing.",GAO-24-107733,PDF pp. 1-2,9,False,"[{""rank"": 1, ""document"": ""gao-24-107733.pdf"", ""page"": 1, ""distance"": 0.7301681637763977}, {""rank"": 2, ""document"": ""d24106576.pdf"", ""page"": 20, ""distance"": 1.0281531810760498}, {""rank"": 3, ""document"": ""gao-23-105480.pdf"", ""page"": 26, ""distance"": 1.0568791627883911}, {""rank"": 4, ""document"": ""gao-24-107231.pdf"", ""page"": 33, ""distance"": 1.0681843757629395}, {""rank"": 5, ""document"": ""gao-23-105480.pdf"", ""page"": 51, ""distance"": 1.0947165489196777}, {""rank"": 6, ""document"": ""d24105658.pdf"", ""page"": 74, ""distance"": 1.0948458909988403}, {""rank"": 7, ""document"": ""gao-23-105480.pdf"", ""page"": 42, ""distance"": 1.0956228971481323}, {""rank"": 8, ""document"": ""gao-24-107231.pdf"", ""page"": 24, ""distance"": 1.0958104133605957}, {""rank"": 9, ""document"": ""gao-23-105480.pdf"", ""page"": 14, ""distance"": 1.095959186553955}]",0.012397899990901351
EQ074,Summarize the cybersecurity lessons of the CrowdStrike outage.,"A faulty update caused widespread outages and highlighted the importance of supply-chain risk management, testing, contingency planning, and cyber information sharing.",GAO-24-107733,PDF pp. 1-2,10,False,"[{""rank"": 1, ""document"": ""gao-24-107733.pdf"", ""page"": 1, ""distance"": 0.7301681637763977}, {""rank"": 2, ""document"": ""d24106576.pdf"", ""page"": 20, ""distance"": 1.0281531810760498}, {""rank"": 3, ""document"": ""gao-23-105480.pdf"", ""page"": 26, ""distance"": 1.0568791627883911}, {""rank"": 4, ""document"": ""gao-24-107231.pdf"", ""page"": 33, ""distance"": 1.0681843757629395}, {""rank"": 5, ""document"": ""gao-23-105480.pdf"", ""page"": 51, ""distance"": 1.0947165489196777}, {""rank"": 6, ""document"": ""d24105658.pdf"", ""page"": 74, ""distance"": 1.0948458909988403}, {""rank"": 7, ""document"": ""gao-23-105480.pdf"", ""page"": 42, ""distance"": 1.0956228971481323}, {""rank"": 8, ""document"": ""gao-24-107231.pdf"", ""page"": 24, ""distance"": 1.0958104133605957}, {""rank"": 9, ""document"": ""gao-23-105480.pdf"", ""page"": 14, ""distance"": 1.095959186553955}, {""rank"": 10, ""document"": ""d24105658.pdf"", ""page"": 57, ""distance"": 1.098334550857544}]",0.01075520005542785
EQ075,Summarize GAO's high-risk cybersecurity framework and current concern.,"GAO identifies four major challenges and 10 essential actions spanning strategy/oversight, federal systems, critical infrastructure, and privacy; progress has occurred but substantial work remains.",GAO-24-107231,PDF pp. 1-5,1,False,"[{""rank"": 1, ""document"": ""gao-24-107231.pdf"", ""page"": 15, ""distance"": 0.46076500415802}]",0.014636999985668808
EQ075,Summarize GAO's high-risk cybersecurity framework and current concern.,"GAO identifies four major challenges and 10 essential actions spanning strategy/oversight, federal systems, critical infrastructure, and privacy; progress has occurred but substantial work remains.",GAO-24-107231,PDF pp. 1-5,2,False,"[{""rank"": 1, ""document"": ""gao-24-107231.pdf"", ""page"": 15, ""distance"": 0.46076500415802}, {""rank"": 2, ""document"": ""d24106916.pdf"", ""page"": 6, ""distance"": 0.5166501998901367}]",0.01565439999103546
EQ075,Summarize GAO's high-risk cybersecurity framework and current concern.,"GAO identifies four major challenges and 10 essential actions spanning strategy/oversight, federal systems, critical infrastructure, and privacy; progress has occurred but substantial work remains.",GAO-24-107231,PDF pp. 1-5,3,False,"[{""rank"": 1, ""document"": ""gao-24-107231.pdf"", ""page"": 15, ""distance"": 0.46076500415802}, {""rank"": 2, ""document"": ""d24106916.pdf"", ""page"": 6, ""distance"": 0.5166501998901367}, {""rank"": 3, ""document"": ""gao-24-107231-highlights.pdf"", ""page"": 1, ""distance"": 0.527092695236206}]",0.011136399989482015
EQ075,Summarize GAO's high-risk cybersecurity framework and current concern.,"GAO identifies four major challenges and 10 essential actions spanning strategy/oversight, federal systems, critical infrastructure, and privacy; progress has occurred but substantial work remains.",GAO-24-107231,PDF pp. 1-5,4,False,"[{""rank"": 1, ""document"": ""gao-24-107231.pdf"", ""page"": 15, ""distance"": 0.46076500415802}, {""rank"": 2, ""document"": ""d24106916.pdf"", ""page"": 6, ""distance"": 0.5166501998901367}, {""rank"": 3, ""document"": ""gao-24-107231-highlights.pdf"", ""page"": 1, ""distance"": 0.527092695236206}, {""rank"": 4, ""document"": ""gao-24-107231.pdf"", ""page"": 2, ""distance"": 0.527092695236206}]",0.012241400021594018
EQ075,Summarize GAO's high-risk cybersecurity framework and current concern.,"GAO identifies four major challenges and 10 essential actions spanning strategy/oversight, federal systems, critical infrastructure, and privacy; progress has occurred but substantial work remains.",GAO-24-107231,PDF pp. 1-5,5,False,"[{""rank"": 1, ""document"": ""gao-24-107231.pdf"", ""page"": 15, ""distance"": 0.46076500415802}, {""rank"": 2, ""document"": ""d24106916.pdf"", ""page"": 6, ""distance"": 0.5166501998901367}, {""rank"": 3, ""document"": ""gao-24-107231-highlights.pdf"", ""page"": 1, ""distance"": 0.527092695236206}, {""rank"": 4, ""document"": ""gao-24-107231.pdf"", ""page"": 2, ""distance"": 0.527092695236206}, {""rank"": 5, ""document"": ""gao-24-107231.pdf"", ""page"": 86, ""distance"": 0.5276761651039124}]",0.011612000002060086
EQ075,Summarize GAO's high-risk cybersecurity framework and current concern.,"GAO identifies four major challenges and 10 essential actions spanning strategy/oversight, federal systems, critical infrastructure, and privacy; progress has occurred but substantial work remains.",GAO-24-107231,PDF pp. 1-5,6,False,"[{""rank"": 1, ""document"": ""gao-24-107231.pdf"", ""page"": 15, ""distance"": 0.46076500415802}, {""rank"": 2, ""document"": ""d24106916.pdf"", ""page"": 6, ""distance"": 0.5166501998901367}, {""rank"": 3, ""document"": ""gao-24-107231-highlights.pdf"", ""page"": 1, ""distance"": 0.527092695236206}, {""rank"": 4, ""document"": ""gao-24-107231.pdf"", ""page"": 2, ""distance"": 0.527092695236206}, {""rank"": 5, ""document"": ""gao-24-107231.pdf"", ""page"": 86, ""distance"": 0.5276761651039124}, {""rank"": 6, ""document"": ""d24106916.pdf"", ""page"": 17, ""distance"": 0.531487762928009}]",0.012032500002533197
EQ075,Summarize GAO's high-risk cybersecurity framework and current concern.,"GAO identifies four major challenges and 10 essential actions spanning strategy/oversight, federal systems, critical infrastructure, and privacy; progress has occurred but substantial work remains.",GAO-24-107231,PDF pp. 1-5,7,False,"[{""rank"": 1, ""document"": ""gao-24-107231.pdf"", ""page"": 15, ""distance"": 0.46076500415802}, {""rank"": 2, ""document"": ""d24106916.pdf"", ""page"": 6, ""distance"": 0.5166501998901367}, {""rank"": 3, ""document"": ""gao-24-107231-highlights.pdf"", ""page"": 1, ""distance"": 0.527092695236206}, {""rank"": 4, ""document"": ""gao-24-107231.pdf"", ""page"": 2, ""distance"": 0.527092695236206}, {""rank"": 5, ""document"": ""gao-24-107231.pdf"", ""page"": 86, ""distance"": 0.5276761651039124}, {""rank"": 6, ""document"": ""d24106916.pdf"", ""page"": 17, ""distance"": 0.531487762928009}, {""rank"": 7, ""document"": ""gao-24-107231-highlights.pdf"", ""page"": 1, ""distance"": 0.5383223295211792}]",0.01063949998933822
EQ075,Summarize GAO's high-risk cybersecurity framework and current concern.,"GAO identifies four major challenges and 10 essential actions spanning strategy/oversight, federal systems, critical infrastructure, and privacy; progress has occurred but substantial work remains.",GAO-24-107231,PDF pp. 1-5,8,False,"[{""rank"": 1, ""document"": ""gao-24-107231.pdf"", ""page"": 15, ""distance"": 0.46076500415802}, {""rank"": 2, ""document"": ""d24106916.pdf"", ""page"": 6, ""distance"": 0.5166501998901367}, {""rank"": 3, ""document"": ""gao-24-107231-highlights.pdf"", ""page"": 1, ""distance"": 0.527092695236206}, {""rank"": 4, ""document"": ""gao-24-107231.pdf"", ""page"": 2, ""distance"": 0.527092695236206}, {""rank"": 5, ""document"": ""gao-24-107231.pdf"", ""page"": 86, ""distance"": 0.5276761651039124}, {""rank"": 6, ""document"": ""d24106916.pdf"", ""page"": 17, ""distance"": 0.531487762928009}, {""rank"": 7, ""document"": ""gao-24-107231-highlights.pdf"", ""page"": 1, ""distance"": 0.5383223295211792}, {""rank"": 8, ""document"": ""gao-24-107231.pdf"", ""page"": 2, ""distance"": 0.5383223295211792}]",0.01278190000448376
EQ075,Summarize GAO's high-risk cybersecurity framework and current concern.,"GAO identifies four major challenges and 10 essential actions spanning strategy/oversight, federal systems, critical infrastructure, and privacy; progress has occurred but substantial work remains.",GAO-24-107231,PDF pp. 1-5,9,False,"[{""rank"": 1, ""document"": ""gao-24-107231.pdf"", ""page"": 15, ""distance"": 0.46076500415802}, {""rank"": 2, ""document"": ""d24106916.pdf"", ""page"": 6, ""distance"": 0.5166501998901367}, {""rank"": 3, ""document"": ""gao-24-107231-highlights.pdf"", ""page"": 1, ""distance"": 0.527092695236206}, {""rank"": 4, ""document"": ""gao-24-107231.pdf"", ""page"": 2, ""distance"": 0.527092695236206}, {""rank"": 5, ""document"": ""gao-24-107231.pdf"", ""page"": 86, ""distance"": 0.5276761651039124}, {""rank"": 6, ""document"": ""d24106916.pdf"", ""page"": 17, ""distance"": 0.531487762928009}, {""rank"": 7, ""document"": ""gao-24-107231-highlights.pdf"", ""page"": 1, ""distance"": 0.5383223295211792}, {""rank"": 8, ""document"": ""gao-24-107231.pdf"", ""page"": 2, ""distance"": 0.5383223295211792}, {""rank"": 9, ""document"": ""gao-24-107231.pdf"", ""page"": 31, ""distance"": 0.5383419990539551}]",0.012760499957948923
EQ075,Summarize GAO's high-risk cybersecurity framework and current concern.,"GAO identifies four major challenges and 10 essential actions spanning strategy/oversight, federal systems, critical infrastructure, and privacy; progress has occurred but substantial work remains.",GAO-24-107231,PDF pp. 1-5,10,False,"[{""rank"": 1, ""document"": ""gao-24-107231.pdf"", ""page"": 15, ""distance"": 0.46076500415802}, {""rank"": 2, ""document"": ""d24106916.pdf"", ""page"": 6, ""distance"": 0.5166501998901367}, {""rank"": 3, ""document"": ""gao-24-107231-highlights.pdf"", ""page"": 1, ""distance"": 0.527092695236206}, {""rank"": 4, ""document"": ""gao-24-107231.pdf"", ""page"": 2, ""distance"": 0.527092695236206}, {""rank"": 5, ""document"": ""gao-24-107231.pdf"", ""page"": 86, ""distance"": 0.5276761651039124}, {""rank"": 6, ""document"": ""d24106916.pdf"", ""page"": 17, ""distance"": 0.531487762928009}, {""rank"": 7, ""document"": ""gao-24-107231-highlights.pdf"", ""page"": 1, ""distance"": 0.5383223295211792}, {""rank"": 8, ""document"": ""gao-24-107231.pdf"", ""page"": 2, ""distance"": 0.5383223295211792}, {""rank"": 9, ""document"": ""gao-24-107231.pdf"", ""page"": 31, ""distance"": 0.5383419990539551}, {""rank"": 10, ""document"": ""d24106916.pdf"", ""page"": 3, ""distance"": 0.5474156737327576}]",0.009756900020875037
EQ076,"Summarize the main findings on CISA's OT cybersecurity products, services, and coordination.","Users often reported positive experiences, but GAO found negative experiences, staffing and disclosure concerns, information-sharing gaps, and incomplete use of leading collaboration practices.",GAO-24-106576,PDF pp. 2-3,1,False,"[{""rank"": 1, ""document"": ""d24106576.pdf"", ""page"": 25, ""distance"": 0.37354859709739685}]",0.010455099982209504
EQ076,"Summarize the main findings on CISA's OT cybersecurity products, services, and coordination.","Users often reported positive experiences, but GAO found negative experiences, staffing and disclosure concerns, information-sharing gaps, and incomplete use of leading collaboration practices.",GAO-24-106576,PDF pp. 2-3,2,False,"[{""rank"": 1, ""document"": ""d24106576.pdf"", ""page"": 25, ""distance"": 0.37354859709739685}, {""rank"": 2, ""document"": ""d24106576.pdf"", ""page"": 4, ""distance"": 0.3844321370124817}]",0.012189899978693575
EQ076,"Summarize the main findings on CISA's OT cybersecurity products, services, and coordination.","Users often reported positive experiences, but GAO found negative experiences, staffing and disclosure concerns, information-sharing gaps, and incomplete use of leading collaboration practices.",GAO-24-106576,PDF pp. 2-3,3,False,"[{""rank"": 1, ""document"": ""d24106576.pdf"", ""page"": 25, ""distance"": 0.37354859709739685}, {""rank"": 2, ""document"": ""d24106576.pdf"", ""page"": 4, ""distance"": 0.3844321370124817}, {""rank"": 3, ""document"": ""d24106576.pdf"", ""page"": 62, ""distance"": 0.38520827889442444}]",0.016875799978151917
EQ076,"Summarize the main findings on CISA's OT cybersecurity products, services, and coordination.","Users often reported positive experiences, but GAO found negative experiences, staffing and disclosure concerns, information-sharing gaps, and incomplete use of leading collaboration practices.",GAO-24-106576,PDF pp. 2-3,4,False,"[{""rank"": 1, ""document"": ""d24106576.pdf"", ""page"": 25, ""distance"": 0.37354859709739685}, {""rank"": 2, ""document"": ""d24106576.pdf"", ""page"": 4, ""distance"": 0.3844321370124817}, {""rank"": 3, ""document"": ""d24106576.pdf"", ""page"": 62, ""distance"": 0.38520827889442444}, {""rank"": 4, ""document"": ""d24106576.pdf"", ""page"": 46, ""distance"": 0.38765233755111694}]",0.01481020002393052
EQ076,"Summarize the main findings on CISA's OT cybersecurity products, services, and coordination.","Users often reported positive experiences, but GAO found negative experiences, staffing and disclosure concerns, information-sharing gaps, and incomplete use of leading collaboration practices.",GAO-24-106576,PDF pp. 2-3,5,False,"[{""rank"": 1, ""document"": ""d24106576.pdf"", ""page"": 25, ""distance"": 0.37354859709739685}, {""rank"": 2, ""document"": ""d24106576.pdf"", ""page"": 4, ""distance"": 0.3844321370124817}, {""rank"": 3, ""document"": ""d24106576.pdf"", ""page"": 62, ""distance"": 0.38520827889442444}, {""rank"": 4, ""document"": ""d24106576.pdf"", ""page"": 46, ""distance"": 0.38765233755111694}, {""rank"": 5, ""document"": ""d24106576.pdf"", ""page"": 2, ""distance"": 0.391099750995636}]",0.010873199964407831
EQ076,"Summarize the main findings on CISA's OT cybersecurity products, services, and coordination.","Users often reported positive experiences, but GAO found negative experiences, staffing and disclosure concerns, information-sharing gaps, and incomplete use of leading collaboration practices.",GAO-24-106576,PDF pp. 2-3,6,False,"[{""rank"": 1, ""document"": ""d24106576.pdf"", ""page"": 25, ""distance"": 0.37354859709739685}, {""rank"": 2, ""document"": ""d24106576.pdf"", ""page"": 4, ""distance"": 0.3844321370124817}, {""rank"": 3, ""document"": ""d24106576.pdf"", ""page"": 62, ""distance"": 0.38520827889442444}, {""rank"": 4, ""document"": ""d24106576.pdf"", ""page"": 46, ""distance"": 0.38765233755111694}, {""rank"": 5, ""document"": ""d24106576.pdf"", ""page"": 2, ""distance"": 0.391099750995636}, {""rank"": 6, ""document"": ""d24106576.pdf"", ""page"": 60, ""distance"": 0.3941318392753601}]",0.011780399945564568
EQ076,"Summarize the main findings on CISA's OT cybersecurity products, services, and coordination.","Users often reported positive experiences, but GAO found negative experiences, staffing and disclosure concerns, information-sharing gaps, and incomplete use of leading collaboration practices.",GAO-24-106576,PDF pp. 2-3,7,False,"[{""rank"": 1, ""document"": ""d24106576.pdf"", ""page"": 25, ""distance"": 0.37354859709739685}, {""rank"": 2, ""document"": ""d24106576.pdf"", ""page"": 4, ""distance"": 0.3844321370124817}, {""rank"": 3, ""document"": ""d24106576.pdf"", ""page"": 62, ""distance"": 0.38520827889442444}, {""rank"": 4, ""document"": ""d24106576.pdf"", ""page"": 46, ""distance"": 0.38765233755111694}, {""rank"": 5, ""document"": ""d24106576.pdf"", ""page"": 2, ""distance"": 0.391099750995636}, {""rank"": 6, ""document"": ""d24106576.pdf"", ""page"": 60, ""distance"": 0.3941318392753601}, {""rank"": 7, ""document"": ""d24106576.pdf"", ""page"": 43, ""distance"": 0.40136054158210754}]",0.010421800019685179
EQ076,"Summarize the main findings on CISA's OT cybersecurity products, services, and coordination.","Users often reported positive experiences, but GAO found negative experiences, staffing and disclosure concerns, information-sharing gaps, and incomplete use of leading collaboration practices.",GAO-24-106576,PDF pp. 2-3,8,False,"[{""rank"": 1, ""document"": ""d24106576.pdf"", ""page"": 25, ""distance"": 0.37354859709739685}, {""rank"": 2, ""document"": ""d24106576.pdf"", ""page"": 4, ""distance"": 0.3844321370124817}, {""rank"": 3, ""document"": ""d24106576.pdf"", ""page"": 62, ""distance"": 0.38520827889442444}, {""rank"": 4, ""document"": ""d24106576.pdf"", ""page"": 46, ""distance"": 0.38765233755111694}, {""rank"": 5, ""document"": ""d24106576.pdf"", ""page"": 2, ""distance"": 0.391099750995636}, {""rank"": 6, ""document"": ""d24106576.pdf"", ""page"": 60, ""distance"": 0.3941318392753601}, {""rank"": 7, ""document"": ""d24106576.pdf"", ""page"": 43, ""distance"": 0.40136054158210754}, {""rank"": 8, ""document"": ""d24106576.pdf"", ""page"": 56, ""distance"": 0.4310898780822754}]",0.01040530001046136
EQ076,"Summarize the main findings on CISA's OT cybersecurity products, services, and coordination.","Users often reported positive experiences, but GAO found negative experiences, staffing and disclosure concerns, information-sharing gaps, and incomplete use of leading collaboration practices.",GAO-24-106576,PDF pp. 2-3,9,False,"[{""rank"": 1, ""document"": ""d24106576.pdf"", ""page"": 25, ""distance"": 0.37354859709739685}, {""rank"": 2, ""document"": ""d24106576.pdf"", ""page"": 4, ""distance"": 0.3844321370124817}, {""rank"": 3, ""document"": ""d24106576.pdf"", ""page"": 62, ""distance"": 0.38520827889442444}, {""rank"": 4, ""document"": ""d24106576.pdf"", ""page"": 46, ""distance"": 0.38765233755111694}, {""rank"": 5, ""document"": ""d24106576.pdf"", ""page"": 2, ""distance"": 0.391099750995636}, {""rank"": 6, ""document"": ""d24106576.pdf"", ""page"": 60, ""distance"": 0.3941318392753601}, {""rank"": 7, ""document"": ""d24106576.pdf"", ""page"": 43, ""distance"": 0.40136054158210754}, {""rank"": 8, ""document"": ""d24106576.pdf"", ""page"": 56, ""distance"": 0.4310898780822754}, {""rank"": 9, ""document"": ""d24106576.pdf"", ""page"": 26, ""distance"": 0.4400487542152405}]",0.010629400028847158
EQ076,"Summarize the main findings on CISA's OT cybersecurity products, services, and coordination.","Users often reported positive experiences, but GAO found negative experiences, staffing and disclosure concerns, information-sharing gaps, and incomplete use of leading collaboration practices.",GAO-24-106576,PDF pp. 2-3,10,False,"[{""rank"": 1, ""document"": ""d24106576.pdf"", ""page"": 25, ""distance"": 0.37354859709739685}, {""rank"": 2, ""document"": ""d24106576.pdf"", ""page"": 4, ""distance"": 0.3844321370124817}, {""rank"": 3, ""document"": ""d24106576.pdf"", ""page"": 62, ""distance"": 0.38520827889442444}, {""rank"": 4, ""document"": ""d24106576.pdf"", ""page"": 46, ""distance"": 0.38765233755111694}, {""rank"": 5, ""document"": ""d24106576.pdf"", ""page"": 2, ""distance"": 0.391099750995636}, {""rank"": 6, ""document"": ""d24106576.pdf"", ""page"": 60, ""distance"": 0.3941318392753601}, {""rank"": 7, ""document"": ""d24106576.pdf"", ""page"": 43, ""distance"": 0.40136054158210754}, {""rank"": 8, ""document"": ""d24106576.pdf"", ""page"": 56, ""distance"": 0.4310898780822754}, {""rank"": 9, ""document"": ""d24106576.pdf"", ""page"": 26, ""distance"": 0.4400487542152405}, {""rank"": 10, ""document"": ""d24106576.pdf"", ""page"": 67, ""distance"": 0.44890785217285156}]",0.013511099969036877
EQ077,Summarize the information-security challenges described in GAO's 2016 testimony.,"Cyber incidents had risen sharply, and agencies needed more effective risk-based programs, secure configuration, patching, replacement of unsupported software, and comprehensive testing and evaluation.",GAO-16-885T,PDF p. 2,1,False,"[{""rank"": 1, ""document"": ""gao-24-107231-highlights.pdf"", ""page"": 1, ""distance"": 0.7095239162445068}]",0.014239999989513308
EQ077,Summarize the information-security challenges described in GAO's 2016 testimony.,"Cyber incidents had risen sharply, and agencies needed more effective risk-based programs, secure configuration, patching, replacement of unsupported software, and comprehensive testing and evaluation.",GAO-16-885T,PDF p. 2,2,False,"[{""rank"": 1, ""document"": ""gao-24-107231-highlights.pdf"", ""page"": 1, ""distance"": 0.7095239162445068}, {""rank"": 2, ""document"": ""gao-24-107231.pdf"", ""page"": 2, ""distance"": 0.7095239162445068}]",0.013551899988669902
EQ077,Summarize the information-security challenges described in GAO's 2016 testimony.,"Cyber incidents had risen sharply, and agencies needed more effective risk-based programs, secure configuration, patching, replacement of unsupported software, and comprehensive testing and evaluation.",GAO-16-885T,PDF p. 2,3,False,"[{""rank"": 1, ""document"": ""gao-24-107231-highlights.pdf"", ""page"": 1, ""distance"": 0.7095239162445068}, {""rank"": 2, ""document"": ""gao-24-107231.pdf"", ""page"": 2, ""distance"": 0.7095239162445068}, {""rank"": 3, ""document"": ""gao-16-885t.pdf"", ""page"": 1, ""distance"": 0.7096513509750366}]",0.011443700001109391
EQ077,Summarize the information-security challenges described in GAO's 2016 testimony.,"Cyber incidents had risen sharply, and agencies needed more effective risk-based programs, secure configuration, patching, replacement of unsupported software, and comprehensive testing and evaluation.",GAO-16-885T,PDF p. 2,4,False,"[{""rank"": 1, ""document"": ""gao-24-107231-highlights.pdf"", ""page"": 1, ""distance"": 0.7095239162445068}, {""rank"": 2, ""document"": ""gao-24-107231.pdf"", ""page"": 2, ""distance"": 0.7095239162445068}, {""rank"": 3, ""document"": ""gao-16-885t.pdf"", ""page"": 1, ""distance"": 0.7096513509750366}, {""rank"": 4, ""document"": ""gao-24-107231.pdf"", ""page"": 83, ""distance"": 0.7175955772399902}]",0.011101799958851188
EQ077,Summarize the information-security challenges described in GAO's 2016 testimony.,"Cyber incidents had risen sharply, and agencies needed more effective risk-based programs, secure configuration, patching, replacement of unsupported software, and comprehensive testing and evaluation.",GAO-16-885T,PDF p. 2,5,False,"[{""rank"": 1, ""document"": ""gao-24-107231-highlights.pdf"", ""page"": 1, ""distance"": 0.7095239162445068}, {""rank"": 2, ""document"": ""gao-24-107231.pdf"", ""page"": 2, ""distance"": 0.7095239162445068}, {""rank"": 3, ""document"": ""gao-16-885t.pdf"", ""page"": 1, ""distance"": 0.7096513509750366}, {""rank"": 4, ""document"": ""gao-24-107231.pdf"", ""page"": 83, ""distance"": 0.7175955772399902}, {""rank"": 5, ""document"": ""gao-24-107231-highlights.pdf"", ""page"": 1, ""distance"": 0.7780020236968994}]",0.010266600002069026
EQ077,Summarize the information-security challenges described in GAO's 2016 testimony.,"Cyber incidents had risen sharply, and agencies needed more effective risk-based programs, secure configuration, patching, replacement of unsupported software, and comprehensive testing and evaluation.",GAO-16-885T,PDF p. 2,6,False,"[{""rank"": 1, ""document"": ""gao-24-107231-highlights.pdf"", ""page"": 1, ""distance"": 0.7095239162445068}, {""rank"": 2, ""document"": ""gao-24-107231.pdf"", ""page"": 2, ""distance"": 0.7095239162445068}, {""rank"": 3, ""document"": ""gao-16-885t.pdf"", ""page"": 1, ""distance"": 0.7096513509750366}, {""rank"": 4, ""document"": ""gao-24-107231.pdf"", ""page"": 83, ""distance"": 0.7175955772399902}, {""rank"": 5, ""document"": ""gao-24-107231-highlights.pdf"", ""page"": 1, ""distance"": 0.7780020236968994}, {""rank"": 6, ""document"": ""gao-24-107231.pdf"", ""page"": 2, ""distance"": 0.7780020236968994}]",0.0125343999825418
EQ077,Summarize the information-security challenges described in GAO's 2016 testimony.,"Cyber incidents had risen sharply, and agencies needed more effective risk-based programs, secure configuration, patching, replacement of unsupported software, and comprehensive testing and evaluation.",GAO-16-885T,PDF p. 2,7,False,"[{""rank"": 1, ""document"": ""gao-24-107231-highlights.pdf"", ""page"": 1, ""distance"": 0.7095239162445068}, {""rank"": 2, ""document"": ""gao-24-107231.pdf"", ""page"": 2, ""distance"": 0.7095239162445068}, {""rank"": 3, ""document"": ""gao-16-885t.pdf"", ""page"": 1, ""distance"": 0.7096513509750366}, {""rank"": 4, ""document"": ""gao-24-107231.pdf"", ""page"": 83, ""distance"": 0.7175955772399902}, {""rank"": 5, ""document"": ""gao-24-107231-highlights.pdf"", ""page"": 1, ""distance"": 0.7780020236968994}, {""rank"": 6, ""document"": ""gao-24-107231.pdf"", ""page"": 2, ""distance"": 0.7780020236968994}, {""rank"": 7, ""document"": ""gao-26-900644.pdf"", ""page"": 71, ""distance"": 0.7932925224304199}]",0.011243399989325553
EQ077,Summarize the information-security challenges described in GAO's 2016 testimony.,"Cyber incidents had risen sharply, and agencies needed more effective risk-based programs, secure configuration, patching, replacement of unsupported software, and comprehensive testing and evaluation.",GAO-16-885T,PDF p. 2,8,False,"[{""rank"": 1, ""document"": ""gao-24-107231-highlights.pdf"", ""page"": 1, ""distance"": 0.7095239162445068}, {""rank"": 2, ""document"": ""gao-24-107231.pdf"", ""page"": 2, ""distance"": 0.7095239162445068}, {""rank"": 3, ""document"": ""gao-16-885t.pdf"", ""page"": 1, ""distance"": 0.7096513509750366}, {""rank"": 4, ""document"": ""gao-24-107231.pdf"", ""page"": 83, ""distance"": 0.7175955772399902}, {""rank"": 5, ""document"": ""gao-24-107231-highlights.pdf"", ""page"": 1, ""distance"": 0.7780020236968994}, {""rank"": 6, ""document"": ""gao-24-107231.pdf"", ""page"": 2, ""distance"": 0.7780020236968994}, {""rank"": 7, ""document"": ""gao-26-900644.pdf"", ""page"": 71, ""distance"": 0.7932925224304199}, {""rank"": 8, ""document"": ""gao-26-900644.pdf"", ""page"": 81, ""distance"": 0.8157694339752197}]",0.011955699999816716
EQ077,Summarize the information-security challenges described in GAO's 2016 testimony.,"Cyber incidents had risen sharply, and agencies needed more effective risk-based programs, secure configuration, patching, replacement of unsupported software, and comprehensive testing and evaluation.",GAO-16-885T,PDF p. 2,9,False,"[{""rank"": 1, ""document"": ""gao-24-107231-highlights.pdf"", ""page"": 1, ""distance"": 0.7095239162445068}, {""rank"": 2, ""document"": ""gao-24-107231.pdf"", ""page"": 2, ""distance"": 0.7095239162445068}, {""rank"": 3, ""document"": ""gao-16-885t.pdf"", ""page"": 1, ""distance"": 0.7096513509750366}, {""rank"": 4, ""document"": ""gao-24-107231.pdf"", ""page"": 83, ""distance"": 0.7175955772399902}, {""rank"": 5, ""document"": ""gao-24-107231-highlights.pdf"", ""page"": 1, ""distance"": 0.7780020236968994}, {""rank"": 6, ""document"": ""gao-24-107231.pdf"", ""page"": 2, ""distance"": 0.7780020236968994}, {""rank"": 7, ""document"": ""gao-26-900644.pdf"", ""page"": 71, ""distance"": 0.7932925224304199}, {""rank"": 8, ""document"": ""gao-26-900644.pdf"", ""page"": 81, ""distance"": 0.8157694339752197}, {""rank"": 9, ""document"": ""gao-24-107231.pdf"", ""page"": 6, ""distance"": 0.8230383396148682}]",0.01336859998991713
EQ077,Summarize the information-security challenges described in GAO's 2016 testimony.,"Cyber incidents had risen sharply, and agencies needed more effective risk-based programs, secure configuration, patching, replacement of unsupported software, and comprehensive testing and evaluation.",GAO-16-885T,PDF p. 2,10,False,"[{""rank"": 1, ""document"": ""gao-24-107231-highlights.pdf"", ""page"": 1, ""distance"": 0.7095239162445068}, {""rank"": 2, ""document"": ""gao-24-107231.pdf"", ""page"": 2, ""distance"": 0.7095239162445068}, {""rank"": 3, ""document"": ""gao-16-885t.pdf"", ""page"": 1, ""distance"": 0.7096513509750366}, {""rank"": 4, ""document"": ""gao-24-107231.pdf"", ""page"": 83, ""distance"": 0.7175955772399902}, {""rank"": 5, ""document"": ""gao-24-107231-highlights.pdf"", ""page"": 1, ""distance"": 0.7780020236968994}, {""rank"": 6, ""document"": ""gao-24-107231.pdf"", ""page"": 2, ""distance"": 0.7780020236968994}, {""rank"": 7, ""document"": ""gao-26-900644.pdf"", ""page"": 71, ""distance"": 0.7932925224304199}, {""rank"": 8, ""document"": ""gao-26-900644.pdf"", ""page"": 81, ""distance"": 0.8157694339752197}, {""rank"": 9, ""document"": ""gao-24-107231.pdf"", ""page"": 6, ""distance"": 0.8230383396148682}, {""rank"": 10, ""document"": ""gao-24-107231.pdf"", ""page"": 31, ""distance"": 0.838131844997406}]",0.013644799997564405
EQ078,Summarize the key findings on Treasury debt management and fiscal risk.,"Treasury has increased auction size and frequency and uses predictable issuance to meet borrowing needs, but the deteriorating fiscal outlook poses market risks beyond its debt-management practices.",GAO-26-107529,PDF pp. 2-3,1,False,"[{""rank"": 1, ""document"": ""gao-26-107529.pdf"", ""page"": 52, ""distance"": 0.4410448670387268}]",0.014460799982771277
EQ078,Summarize the key findings on Treasury debt management and fiscal risk.,"Treasury has increased auction size and frequency and uses predictable issuance to meet borrowing needs, but the deteriorating fiscal outlook poses market risks beyond its debt-management practices.",GAO-26-107529,PDF pp. 2-3,2,False,"[{""rank"": 1, ""document"": ""gao-26-107529.pdf"", ""page"": 52, ""distance"": 0.4410448670387268}, {""rank"": 2, ""document"": ""gao-26-107529.pdf"", ""page"": 16, ""distance"": 0.44354861974716187}]",0.01219349994789809
EQ078,Summarize the key findings on Treasury debt management and fiscal risk.,"Treasury has increased auction size and frequency and uses predictable issuance to meet borrowing needs, but the deteriorating fiscal outlook poses market risks beyond its debt-management practices.",GAO-26-107529,PDF pp. 2-3,3,False,"[{""rank"": 1, ""document"": ""gao-26-107529.pdf"", ""page"": 52, ""distance"": 0.4410448670387268}, {""rank"": 2, ""document"": ""gao-26-107529.pdf"", ""page"": 16, ""distance"": 0.44354861974716187}, {""rank"": 3, ""document"": ""gao-26-107529.pdf"", ""page"": 2, ""distance"": 0.451896607875824}]",0.011419400048907846
EQ078,Summarize the key findings on Treasury debt management and fiscal risk.,"Treasury has increased auction size and frequency and uses predictable issuance to meet borrowing needs, but the deteriorating fiscal outlook poses market risks beyond its debt-management practices.",GAO-26-107529,PDF pp. 2-3,4,False,"[{""rank"": 1, ""document"": ""gao-26-107529.pdf"", ""page"": 52, ""distance"": 0.4410448670387268}, {""rank"": 2, ""document"": ""gao-26-107529.pdf"", ""page"": 16, ""distance"": 0.44354861974716187}, {""rank"": 3, ""document"": ""gao-26-107529.pdf"", ""page"": 2, ""distance"": 0.451896607875824}, {""rank"": 4, ""document"": ""gao-26-107529.pdf"", ""page"": 17, ""distance"": 0.5042692422866821}]",0.009332000045105815
EQ078,Summarize the key findings on Treasury debt management and fiscal risk.,"Treasury has increased auction size and frequency and uses predictable issuance to meet borrowing needs, but the deteriorating fiscal outlook poses market risks beyond its debt-management practices.",GAO-26-107529,PDF pp. 2-3,5,False,"[{""rank"": 1, ""document"": ""gao-26-107529.pdf"", ""page"": 52, ""distance"": 0.4410448670387268}, {""rank"": 2, ""document"": ""gao-26-107529.pdf"", ""page"": 16, ""distance"": 0.44354861974716187}, {""rank"": 3, ""document"": ""gao-26-107529.pdf"", ""page"": 2, ""distance"": 0.451896607875824}, {""rank"": 4, ""document"": ""gao-26-107529.pdf"", ""page"": 17, ""distance"": 0.5042692422866821}, {""rank"": 5, ""document"": ""gao-26-107529.pdf"", ""page"": 24, ""distance"": 0.5104149580001831}]",0.011797599960118532
EQ078,Summarize the key findings on Treasury debt management and fiscal risk.,"Treasury has increased auction size and frequency and uses predictable issuance to meet borrowing needs, but the deteriorating fiscal outlook poses market risks beyond its debt-management practices.",GAO-26-107529,PDF pp. 2-3,6,False,"[{""rank"": 1, ""document"": ""gao-26-107529.pdf"", ""page"": 52, ""distance"": 0.4410448670387268}, {""rank"": 2, ""document"": ""gao-26-107529.pdf"", ""page"": 16, ""distance"": 0.44354861974716187}, {""rank"": 3, ""document"": ""gao-26-107529.pdf"", ""page"": 2, ""distance"": 0.451896607875824}, {""rank"": 4, ""document"": ""gao-26-107529.pdf"", ""page"": 17, ""distance"": 0.5042692422866821}, {""rank"": 5, ""document"": ""gao-26-107529.pdf"", ""page"": 24, ""distance"": 0.5104149580001831}, {""rank"": 6, ""document"": ""gao-26-107529.pdf"", ""page"": 7, ""distance"": 0.5346095561981201}]",0.012624399969354272
EQ078,Summarize the key findings on Treasury debt management and fiscal risk.,"Treasury has increased auction size and frequency and uses predictable issuance to meet borrowing needs, but the deteriorating fiscal outlook poses market risks beyond its debt-management practices.",GAO-26-107529,PDF pp. 2-3,7,False,"[{""rank"": 1, ""document"": ""gao-26-107529.pdf"", ""page"": 52, ""distance"": 0.4410448670387268}, {""rank"": 2, ""document"": ""gao-26-107529.pdf"", ""page"": 16, ""distance"": 0.44354861974716187}, {""rank"": 3, ""document"": ""gao-26-107529.pdf"", ""page"": 2, ""distance"": 0.451896607875824}, {""rank"": 4, ""document"": ""gao-26-107529.pdf"", ""page"": 17, ""distance"": 0.5042692422866821}, {""rank"": 5, ""document"": ""gao-26-107529.pdf"", ""page"": 24, ""distance"": 0.5104149580001831}, {""rank"": 6, ""document"": ""gao-26-107529.pdf"", ""page"": 7, ""distance"": 0.5346095561981201}, {""rank"": 7, ""document"": ""gao-26-107529.pdf"", ""page"": 9, ""distance"": 0.5413147211074829}]",0.0120009999955073
EQ078,Summarize the key findings on Treasury debt management and fiscal risk.,"Treasury has increased auction size and frequency and uses predictable issuance to meet borrowing needs, but the deteriorating fiscal outlook poses market risks beyond its debt-management practices.",GAO-26-107529,PDF pp. 2-3,8,False,"[{""rank"": 1, ""document"": ""gao-26-107529.pdf"", ""page"": 52, ""distance"": 0.4410448670387268}, {""rank"": 2, ""document"": ""gao-26-107529.pdf"", ""page"": 16, ""distance"": 0.44354861974716187}, {""rank"": 3, ""document"": ""gao-26-107529.pdf"", ""page"": 2, ""distance"": 0.451896607875824}, {""rank"": 4, ""document"": ""gao-26-107529.pdf"", ""page"": 17, ""distance"": 0.5042692422866821}, {""rank"": 5, ""document"": ""gao-26-107529.pdf"", ""page"": 24, ""distance"": 0.5104149580001831}, {""rank"": 6, ""document"": ""gao-26-107529.pdf"", ""page"": 7, ""distance"": 0.5346095561981201}, {""rank"": 7, ""document"": ""gao-26-107529.pdf"", ""page"": 9, ""distance"": 0.5413147211074829}, {""rank"": 8, ""document"": ""gao-26-107529.pdf"", ""page"": 3, ""distance"": 0.5414275527000427}]",0.01096079999115318
EQ078,Summarize the key findings on Treasury debt management and fiscal risk.,"Treasury has increased auction size and frequency and uses predictable issuance to meet borrowing needs, but the deteriorating fiscal outlook poses market risks beyond its debt-management practices.",GAO-26-107529,PDF pp. 2-3,9,False,"[{""rank"": 1, ""document"": ""gao-26-107529.pdf"", ""page"": 52, ""distance"": 0.4410448670387268}, {""rank"": 2, ""document"": ""gao-26-107529.pdf"", ""page"": 16, ""distance"": 0.44354861974716187}, {""rank"": 3, ""document"": ""gao-26-107529.pdf"", ""page"": 2, ""distance"": 0.451896607875824}, {""rank"": 4, ""document"": ""gao-26-107529.pdf"", ""page"": 17, ""distance"": 0.5042692422866821}, {""rank"": 5, ""document"": ""gao-26-107529.pdf"", ""page"": 24, ""distance"": 0.5104149580001831}, {""rank"": 6, ""document"": ""gao-26-107529.pdf"", ""page"": 7, ""distance"": 0.5346095561981201}, {""rank"": 7, ""document"": ""gao-26-107529.pdf"", ""page"": 9, ""distance"": 0.5413147211074829}, {""rank"": 8, ""document"": ""gao-26-107529.pdf"", ""page"": 3, ""distance"": 0.5414275527000427}, {""rank"": 9, ""document"": ""gao-26-107529.pdf"", ""page"": 1, ""distance"": 0.5588051676750183}]",0.01030900003388524
EQ078,Summarize the key findings on Treasury debt management and fiscal risk.,"Treasury has increased auction size and frequency and uses predictable issuance to meet borrowing needs, but the deteriorating fiscal outlook poses market risks beyond its debt-management practices.",GAO-26-107529,PDF pp. 2-3,10,False,"[{""rank"": 1, ""document"": ""gao-26-107529.pdf"", ""page"": 52, ""distance"": 0.4410448670387268}, {""rank"": 2, ""document"": ""gao-26-107529.pdf"", ""page"": 16, ""distance"": 0.44354861974716187}, {""rank"": 3, ""document"": ""gao-26-107529.pdf"", ""page"": 2, ""distance"": 0.451896607875824}, {""rank"": 4, ""document"": ""gao-26-107529.pdf"", ""page"": 17, ""distance"": 0.5042692422866821}, {""rank"": 5, ""document"": ""gao-26-107529.pdf"", ""page"": 24, ""distance"": 0.5104149580001831}, {""rank"": 6, ""document"": ""gao-26-107529.pdf"", ""page"": 7, ""distance"": 0.5346095561981201}, {""rank"": 7, ""document"": ""gao-26-107529.pdf"", ""page"": 9, ""distance"": 0.5413147211074829}, {""rank"": 8, ""document"": ""gao-26-107529.pdf"", ""page"": 3, ""distance"": 0.5414275527000427}, {""rank"": 9, ""document"": ""gao-26-107529.pdf"", ""page"": 1, ""distance"": 0.5588051676750183}, {""rank"": 10, ""document"": ""gao-26-107529.pdf"", ""page"": 30, ""distance"": 0.5643388032913208}]",0.013347600004635751
EQ079,Summarize the Navy's hypersonic modernization findings.,"The Navy is behind on DDG 1000 modernization, faces unique sustainment, testing, funding, quality, and production challenges, and lacks a comprehensive Navy-Army investment strategy.",GAO-26-107974,PDF pp. 2-3,1,False,"[{""rank"": 1, ""document"": ""gao-26-107974.pdf"", ""page"": 1, ""distance"": 0.6349037885665894}]",0.012143699976149946
EQ079,Summarize the Navy's hypersonic modernization findings.,"The Navy is behind on DDG 1000 modernization, faces unique sustainment, testing, funding, quality, and production challenges, and lacks a comprehensive Navy-Army investment strategy.",GAO-26-107974,PDF pp. 2-3,2,False,"[{""rank"": 1, ""document"": ""gao-26-107974.pdf"", ""page"": 1, ""distance"": 0.6349037885665894}, {""rank"": 2, ""document"": ""gao-26-107974.pdf"", ""page"": 5, ""distance"": 0.8237578868865967}]",0.009854800009634346
EQ079,Summarize the Navy's hypersonic modernization findings.,"The Navy is behind on DDG 1000 modernization, faces unique sustainment, testing, funding, quality, and production challenges, and lacks a comprehensive Navy-Army investment strategy.",GAO-26-107974,PDF pp. 2-3,3,False,"[{""rank"": 1, ""document"": ""gao-26-107974.pdf"", ""page"": 1, ""distance"": 0.6349037885665894}, {""rank"": 2, ""document"": ""gao-26-107974.pdf"", ""page"": 5, ""distance"": 0.8237578868865967}, {""rank"": 3, ""document"": ""gao-26-107974.pdf"", ""page"": 9, ""distance"": 0.8630921840667725}]",0.012722099956590682
EQ079,Summarize the Navy's hypersonic modernization findings.,"The Navy is behind on DDG 1000 modernization, faces unique sustainment, testing, funding, quality, and production challenges, and lacks a comprehensive Navy-Army investment strategy.",GAO-26-107974,PDF pp. 2-3,4,False,"[{""rank"": 1, ""document"": ""gao-26-107974.pdf"", ""page"": 1, ""distance"": 0.6349037885665894}, {""rank"": 2, ""document"": ""gao-26-107974.pdf"", ""page"": 5, ""distance"": 0.8237578868865967}, {""rank"": 3, ""document"": ""gao-26-107974.pdf"", ""page"": 9, ""distance"": 0.8630921840667725}, {""rank"": 4, ""document"": ""gao-26-107974.pdf"", ""page"": 4, ""distance"": 0.8757157325744629}]",0.01334619999397546
EQ079,Summarize the Navy's hypersonic modernization findings.,"The Navy is behind on DDG 1000 modernization, faces unique sustainment, testing, funding, quality, and production challenges, and lacks a comprehensive Navy-Army investment strategy.",GAO-26-107974,PDF pp. 2-3,5,False,"[{""rank"": 1, ""document"": ""gao-26-107974.pdf"", ""page"": 1, ""distance"": 0.6349037885665894}, {""rank"": 2, ""document"": ""gao-26-107974.pdf"", ""page"": 5, ""distance"": 0.8237578868865967}, {""rank"": 3, ""document"": ""gao-26-107974.pdf"", ""page"": 9, ""distance"": 0.8630921840667725}, {""rank"": 4, ""document"": ""gao-26-107974.pdf"", ""page"": 4, ""distance"": 0.8757157325744629}, {""rank"": 5, ""document"": ""gao-26-107974.pdf"", ""page"": 3, ""distance"": 0.9096105098724365}]",0.01247359998524189
EQ079,Summarize the Navy's hypersonic modernization findings.,"The Navy is behind on DDG 1000 modernization, faces unique sustainment, testing, funding, quality, and production challenges, and lacks a comprehensive Navy-Army investment strategy.",GAO-26-107974,PDF pp. 2-3,6,False,"[{""rank"": 1, ""document"": ""gao-26-107974.pdf"", ""page"": 1, ""distance"": 0.6349037885665894}, {""rank"": 2, ""document"": ""gao-26-107974.pdf"", ""page"": 5, ""distance"": 0.8237578868865967}, {""rank"": 3, ""document"": ""gao-26-107974.pdf"", ""page"": 9, ""distance"": 0.8630921840667725}, {""rank"": 4, ""document"": ""gao-26-107974.pdf"", ""page"": 4, ""distance"": 0.8757157325744629}, {""rank"": 5, ""document"": ""gao-26-107974.pdf"", ""page"": 3, ""distance"": 0.9096105098724365}, {""rank"": 6, ""document"": ""gao-26-107974.pdf"", ""page"": 2, ""distance"": 0.9408440589904785}]",0.01091940002515912
EQ079,Summarize the Navy's hypersonic modernization findings.,"The Navy is behind on DDG 1000 modernization, faces unique sustainment, testing, funding, quality, and production challenges, and lacks a comprehensive Navy-Army investment strategy.",GAO-26-107974,PDF pp. 2-3,7,False,"[{""rank"": 1, ""document"": ""gao-26-107974.pdf"", ""page"": 1, ""distance"": 0.6349037885665894}, {""rank"": 2, ""document"": ""gao-26-107974.pdf"", ""page"": 5, ""distance"": 0.8237578868865967}, {""rank"": 3, ""document"": ""gao-26-107974.pdf"", ""page"": 9, ""distance"": 0.8630921840667725}, {""rank"": 4, ""document"": ""gao-26-107974.pdf"", ""page"": 4, ""distance"": 0.8757157325744629}, {""rank"": 5, ""document"": ""gao-26-107974.pdf"", ""page"": 3, ""distance"": 0.9096105098724365}, {""rank"": 6, ""document"": ""gao-26-107974.pdf"", ""page"": 2, ""distance"": 0.9408440589904785}, {""rank"": 7, ""document"": ""gao-26-107974.pdf"", ""page"": 11, ""distance"": 0.95555579662323}]",0.009631000051740557
EQ079,Summarize the Navy's hypersonic modernization findings.,"The Navy is behind on DDG 1000 modernization, faces unique sustainment, testing, funding, quality, and production challenges, and lacks a comprehensive Navy-Army investment strategy.",GAO-26-107974,PDF pp. 2-3,8,False,"[{""rank"": 1, ""document"": ""gao-26-107974.pdf"", ""page"": 1, ""distance"": 0.6349037885665894}, {""rank"": 2, ""document"": ""gao-26-107974.pdf"", ""page"": 5, ""distance"": 0.8237578868865967}, {""rank"": 3, ""document"": ""gao-26-107974.pdf"", ""page"": 9, ""distance"": 0.8630921840667725}, {""rank"": 4, ""document"": ""gao-26-107974.pdf"", ""page"": 4, ""distance"": 0.8757157325744629}, {""rank"": 5, ""document"": ""gao-26-107974.pdf"", ""page"": 3, ""distance"": 0.9096105098724365}, {""rank"": 6, ""document"": ""gao-26-107974.pdf"", ""page"": 2, ""distance"": 0.9408440589904785}, {""rank"": 7, ""document"": ""gao-26-107974.pdf"", ""page"": 11, ""distance"": 0.95555579662323}, {""rank"": 8, ""document"": ""gao-26-107974.pdf"", ""page"": 30, ""distance"": 0.9576267004013062}]",0.00981710001360625
EQ079,Summarize the Navy's hypersonic modernization findings.,"The Navy is behind on DDG 1000 modernization, faces unique sustainment, testing, funding, quality, and production challenges, and lacks a comprehensive Navy-Army investment strategy.",GAO-26-107974,PDF pp. 2-3,9,False,"[{""rank"": 1, ""document"": ""gao-26-107974.pdf"", ""page"": 1, ""distance"": 0.6349037885665894}, {""rank"": 2, ""document"": ""gao-26-107974.pdf"", ""page"": 5, ""distance"": 0.8237578868865967}, {""rank"": 3, ""document"": ""gao-26-107974.pdf"", ""page"": 9, ""distance"": 0.8630921840667725}, {""rank"": 4, ""document"": ""gao-26-107974.pdf"", ""page"": 4, ""distance"": 0.8757157325744629}, {""rank"": 5, ""document"": ""gao-26-107974.pdf"", ""page"": 3, ""distance"": 0.9096105098724365}, {""rank"": 6, ""document"": ""gao-26-107974.pdf"", ""page"": 2, ""distance"": 0.9408440589904785}, {""rank"": 7, ""document"": ""gao-26-107974.pdf"", ""page"": 11, ""distance"": 0.95555579662323}, {""rank"": 8, ""document"": ""gao-26-107974.pdf"", ""page"": 30, ""distance"": 0.9576267004013062}, {""rank"": 9, ""document"": ""gao-26-107974.pdf"", ""page"": 8, ""distance"": 0.9914482235908508}]",0.01086770003894344
EQ079,Summarize the Navy's hypersonic modernization findings.,"The Navy is behind on DDG 1000 modernization, faces unique sustainment, testing, funding, quality, and production challenges, and lacks a comprehensive Navy-Army investment strategy.",GAO-26-107974,PDF pp. 2-3,10,False,"[{""rank"": 1, ""document"": ""gao-26-107974.pdf"", ""page"": 1, ""distance"": 0.6349037885665894}, {""rank"": 2, ""document"": ""gao-26-107974.pdf"", ""page"": 5, ""distance"": 0.8237578868865967}, {""rank"": 3, ""document"": ""gao-26-107974.pdf"", ""page"": 9, ""distance"": 0.8630921840667725}, {""rank"": 4, ""document"": ""gao-26-107974.pdf"", ""page"": 4, ""distance"": 0.8757157325744629}, {""rank"": 5, ""document"": ""gao-26-107974.pdf"", ""page"": 3, ""distance"": 0.9096105098724365}, {""rank"": 6, ""document"": ""gao-26-107974.pdf"", ""page"": 2, ""distance"": 0.9408440589904785}, {""rank"": 7, ""document"": ""gao-26-107974.pdf"", ""page"": 11, ""distance"": 0.95555579662323}, {""rank"": 8, ""document"": ""gao-26-107974.pdf"", ""page"": 30, ""distance"": 0.9576267004013062}, {""rank"": 9, ""document"": ""gao-26-107974.pdf"", ""page"": 8, ""distance"": 0.9914482235908508}, {""rank"": 10, ""document"": ""gao-26-107974.pdf"", ""page"": 2, ""distance"": 1.0194437503814697}]",0.011293299961835146
EQ080,Summarize GAO's concerns about DOGE's Wall of Receipts savings figures.,"Reported savings lacked transparent methods and evidence; contract methodology was often not followed, most grant savings were unverifiable, and lease savings were overstated by more than $80 million.",GAO-26-108615,PDF pp. 2-3,1,False,"[{""rank"": 1, ""document"": ""gao-26-108615.pdf"", ""page"": 6, ""distance"": 0.4357832670211792}]",0.01423079997766763
EQ080,Summarize GAO's concerns about DOGE's Wall of Receipts savings figures.,"Reported savings lacked transparent methods and evidence; contract methodology was often not followed, most grant savings were unverifiable, and lease savings were overstated by more than $80 million.",GAO-26-108615,PDF pp. 2-3,2,False,"[{""rank"": 1, ""document"": ""gao-26-108615.pdf"", ""page"": 6, ""distance"": 0.4357832670211792}, {""rank"": 2, ""document"": ""gao-26-108615.pdf"", ""page"": 1, ""distance"": 0.47743356227874756}]",0.010754699993412942
EQ080,Summarize GAO's concerns about DOGE's Wall of Receipts savings figures.,"Reported savings lacked transparent methods and evidence; contract methodology was often not followed, most grant savings were unverifiable, and lease savings were overstated by more than $80 million.",GAO-26-108615,PDF pp. 2-3,3,False,"[{""rank"": 1, ""document"": ""gao-26-108615.pdf"", ""page"": 6, ""distance"": 0.4357832670211792}, {""rank"": 2, ""document"": ""gao-26-108615.pdf"", ""page"": 1, ""distance"": 0.47743356227874756}, {""rank"": 3, ""document"": ""gao-26-108615.pdf"", ""page"": 12, ""distance"": 0.526147723197937}]",0.010763500002212822
EQ080,Summarize GAO's concerns about DOGE's Wall of Receipts savings figures.,"Reported savings lacked transparent methods and evidence; contract methodology was often not followed, most grant savings were unverifiable, and lease savings were overstated by more than $80 million.",GAO-26-108615,PDF pp. 2-3,4,False,"[{""rank"": 1, ""document"": ""gao-26-108615.pdf"", ""page"": 6, ""distance"": 0.4357832670211792}, {""rank"": 2, ""document"": ""gao-26-108615.pdf"", ""page"": 1, ""distance"": 0.47743356227874756}, {""rank"": 3, ""document"": ""gao-26-108615.pdf"", ""page"": 12, ""distance"": 0.526147723197937}, {""rank"": 4, ""document"": ""gao-26-108615.pdf"", ""page"": 36, ""distance"": 0.5392106771469116}]",0.024342100019566715
EQ080,Summarize GAO's concerns about DOGE's Wall of Receipts savings figures.,"Reported savings lacked transparent methods and evidence; contract methodology was often not followed, most grant savings were unverifiable, and lease savings were overstated by more than $80 million.",GAO-26-108615,PDF pp. 2-3,5,False,"[{""rank"": 1, ""document"": ""gao-26-108615.pdf"", ""page"": 6, ""distance"": 0.4357832670211792}, {""rank"": 2, ""document"": ""gao-26-108615.pdf"", ""page"": 1, ""distance"": 0.47743356227874756}, {""rank"": 3, ""document"": ""gao-26-108615.pdf"", ""page"": 12, ""distance"": 0.526147723197937}, {""rank"": 4, ""document"": ""gao-26-108615.pdf"", ""page"": 36, ""distance"": 0.5392106771469116}, {""rank"": 5, ""document"": ""gao-26-108615.pdf"", ""page"": 40, ""distance"": 0.5437420010566711}]",0.016409299976658076
EQ080,Summarize GAO's concerns about DOGE's Wall of Receipts savings figures.,"Reported savings lacked transparent methods and evidence; contract methodology was often not followed, most grant savings were unverifiable, and lease savings were overstated by more than $80 million.",GAO-26-108615,PDF pp. 2-3,6,False,"[{""rank"": 1, ""document"": ""gao-26-108615.pdf"", ""page"": 6, ""distance"": 0.4357832670211792}, {""rank"": 2, ""document"": ""gao-26-108615.pdf"", ""page"": 1, ""distance"": 0.47743356227874756}, {""rank"": 3, ""document"": ""gao-26-108615.pdf"", ""page"": 12, ""distance"": 0.526147723197937}, {""rank"": 4, ""document"": ""gao-26-108615.pdf"", ""page"": 36, ""distance"": 0.5392106771469116}, {""rank"": 5, ""document"": ""gao-26-108615.pdf"", ""page"": 40, ""distance"": 0.5437420010566711}, {""rank"": 6, ""document"": ""gao-26-108615.pdf"", ""page"": 2, ""distance"": 0.5462350845336914}]",0.01183650002349168
EQ080,Summarize GAO's concerns about DOGE's Wall of Receipts savings figures.,"Reported savings lacked transparent methods and evidence; contract methodology was often not followed, most grant savings were unverifiable, and lease savings were overstated by more than $80 million.",GAO-26-108615,PDF pp. 2-3,7,False,"[{""rank"": 1, ""document"": ""gao-26-108615.pdf"", ""page"": 6, ""distance"": 0.4357832670211792}, {""rank"": 2, ""document"": ""gao-26-108615.pdf"", ""page"": 1, ""distance"": 0.47743356227874756}, {""rank"": 3, ""document"": ""gao-26-108615.pdf"", ""page"": 12, ""distance"": 0.526147723197937}, {""rank"": 4, ""document"": ""gao-26-108615.pdf"", ""page"": 36, ""distance"": 0.5392106771469116}, {""rank"": 5, ""document"": ""gao-26-108615.pdf"", ""page"": 40, ""distance"": 0.5437420010566711}, {""rank"": 6, ""document"": ""gao-26-108615.pdf"", ""page"": 2, ""distance"": 0.5462350845336914}, {""rank"": 7, ""document"": ""gao-26-108615.pdf"", ""page"": 2, ""distance"": 0.5630416870117188}]",0.012361699948087335
EQ080,Summarize GAO's concerns about DOGE's Wall of Receipts savings figures.,"Reported savings lacked transparent methods and evidence; contract methodology was often not followed, most grant savings were unverifiable, and lease savings were overstated by more than $80 million.",GAO-26-108615,PDF pp. 2-3,8,False,"[{""rank"": 1, ""document"": ""gao-26-108615.pdf"", ""page"": 6, ""distance"": 0.4357832670211792}, {""rank"": 2, ""document"": ""gao-26-108615.pdf"", ""page"": 1, ""distance"": 0.47743356227874756}, {""rank"": 3, ""document"": ""gao-26-108615.pdf"", ""page"": 12, ""distance"": 0.526147723197937}, {""rank"": 4, ""document"": ""gao-26-108615.pdf"", ""page"": 36, ""distance"": 0.5392106771469116}, {""rank"": 5, ""document"": ""gao-26-108615.pdf"", ""page"": 40, ""distance"": 0.5437420010566711}, {""rank"": 6, ""document"": ""gao-26-108615.pdf"", ""page"": 2, ""distance"": 0.5462350845336914}, {""rank"": 7, ""document"": ""gao-26-108615.pdf"", ""page"": 2, ""distance"": 0.5630416870117188}, {""rank"": 8, ""document"": ""gao-26-108615.pdf"", ""page"": 23, ""distance"": 0.5691670179367065}]",0.010890100034885108
EQ080,Summarize GAO's concerns about DOGE's Wall of Receipts savings figures.,"Reported savings lacked transparent methods and evidence; contract methodology was often not followed, most grant savings were unverifiable, and lease savings were overstated by more than $80 million.",GAO-26-108615,PDF pp. 2-3,9,False,"[{""rank"": 1, ""document"": ""gao-26-108615.pdf"", ""page"": 6, ""distance"": 0.4357832670211792}, {""rank"": 2, ""document"": ""gao-26-108615.pdf"", ""page"": 1, ""distance"": 0.47743356227874756}, {""rank"": 3, ""document"": ""gao-26-108615.pdf"", ""page"": 12, ""distance"": 0.526147723197937}, {""rank"": 4, ""document"": ""gao-26-108615.pdf"", ""page"": 36, ""distance"": 0.5392106771469116}, {""rank"": 5, ""document"": ""gao-26-108615.pdf"", ""page"": 40, ""distance"": 0.5437420010566711}, {""rank"": 6, ""document"": ""gao-26-108615.pdf"", ""page"": 2, ""distance"": 0.5462350845336914}, {""rank"": 7, ""document"": ""gao-26-108615.pdf"", ""page"": 2, ""distance"": 0.5630416870117188}, {""rank"": 8, ""document"": ""gao-26-108615.pdf"", ""page"": 23, ""distance"": 0.5691670179367065}, {""rank"": 9, ""document"": ""gao-26-108615.pdf"", ""page"": 29, ""distance"": 0.5791182518005371}]",0.012628800002858043
EQ080,Summarize GAO's concerns about DOGE's Wall of Receipts savings figures.,"Reported savings lacked transparent methods and evidence; contract methodology was often not followed, most grant savings were unverifiable, and lease savings were overstated by more than $80 million.",GAO-26-108615,PDF pp. 2-3,10,False,"[{""rank"": 1, ""document"": ""gao-26-108615.pdf"", ""page"": 6, ""distance"": 0.4357832670211792}, {""rank"": 2, ""document"": ""gao-26-108615.pdf"", ""page"": 1, ""distance"": 0.47743356227874756}, {""rank"": 3, ""document"": ""gao-26-108615.pdf"", ""page"": 12, ""distance"": 0.526147723197937}, {""rank"": 4, ""document"": ""gao-26-108615.pdf"", ""page"": 36, ""distance"": 0.5392106771469116}, {""rank"": 5, ""document"": ""gao-26-108615.pdf"", ""page"": 40, ""distance"": 0.5437420010566711}, {""rank"": 6, ""document"": ""gao-26-108615.pdf"", ""page"": 2, ""distance"": 0.5462350845336914}, {""rank"": 7, ""document"": ""gao-26-108615.pdf"", ""page"": 2, ""distance"": 0.5630416870117188}, {""rank"": 8, ""document"": ""gao-26-108615.pdf"", ""page"": 23, ""distance"": 0.5691670179367065}, {""rank"": 9, ""document"": ""gao-26-108615.pdf"", ""page"": 29, ""distance"": 0.5791182518005371}, {""rank"": 10, ""document"": ""gao-26-108615.pdf"", ""page"": 3, ""distance"": 0.5855898857116699}]",0.013825799978803843
EQ081,How do CISA's incident-response playbook and the CrowdStrike findings work together to guide disruption preparedness?,"Use CISA's playbook for planning and response, and strengthen supply-chain risk management, testing, contingency planning, and information sharing to improve resilience.",GAO-24-105658; GAO-24-107733,PDF pp. 2; 1-2,1,False,"[{""rank"": 1, ""document"": ""d24105658.pdf"", ""page"": 38, ""distance"": 0.8382788896560669}]",0.014276099973358214
EQ081,How do CISA's incident-response playbook and the CrowdStrike findings work together to guide disruption preparedness?,"Use CISA's playbook for planning and response, and strengthen supply-chain risk management, testing, contingency planning, and information sharing to improve resilience.",GAO-24-105658; GAO-24-107733,PDF pp. 2; 1-2,2,False,"[{""rank"": 1, ""document"": ""d24105658.pdf"", ""page"": 38, ""distance"": 0.8382788896560669}, {""rank"": 2, ""document"": ""d24105658.pdf"", ""page"": 24, ""distance"": 0.8699272871017456}]",0.01095359999453649
EQ081,How do CISA's incident-response playbook and the CrowdStrike findings work together to guide disruption preparedness?,"Use CISA's playbook for planning and response, and strengthen supply-chain risk management, testing, contingency planning, and information sharing to improve resilience.",GAO-24-105658; GAO-24-107733,PDF pp. 2; 1-2,3,False,"[{""rank"": 1, ""document"": ""d24105658.pdf"", ""page"": 38, ""distance"": 0.8382788896560669}, {""rank"": 2, ""document"": ""d24105658.pdf"", ""page"": 24, ""distance"": 0.8699272871017456}, {""rank"": 3, ""document"": ""d24105658.pdf"", ""page"": 25, ""distance"": 0.8739210963249207}]",0.013319900026544929
EQ081,How do CISA's incident-response playbook and the CrowdStrike findings work together to guide disruption preparedness?,"Use CISA's playbook for planning and response, and strengthen supply-chain risk management, testing, contingency planning, and information sharing to improve resilience.",GAO-24-105658; GAO-24-107733,PDF pp. 2; 1-2,4,False,"[{""rank"": 1, ""document"": ""d24105658.pdf"", ""page"": 38, ""distance"": 0.8382788896560669}, {""rank"": 2, ""document"": ""d24105658.pdf"", ""page"": 24, ""distance"": 0.8699272871017456}, {""rank"": 3, ""document"": ""d24105658.pdf"", ""page"": 25, ""distance"": 0.8739210963249207}, {""rank"": 4, ""document"": ""d24106576.pdf"", ""page"": 65, ""distance"": 0.9409076571464539}]",0.01274189999094233
EQ081,How do CISA's incident-response playbook and the CrowdStrike findings work together to guide disruption preparedness?,"Use CISA's playbook for planning and response, and strengthen supply-chain risk management, testing, contingency planning, and information sharing to improve resilience.",GAO-24-105658; GAO-24-107733,PDF pp. 2; 1-2,5,False,"[{""rank"": 1, ""document"": ""d24105658.pdf"", ""page"": 38, ""distance"": 0.8382788896560669}, {""rank"": 2, ""document"": ""d24105658.pdf"", ""page"": 24, ""distance"": 0.8699272871017456}, {""rank"": 3, ""document"": ""d24105658.pdf"", ""page"": 25, ""distance"": 0.8739210963249207}, {""rank"": 4, ""document"": ""d24106576.pdf"", ""page"": 65, ""distance"": 0.9409076571464539}, {""rank"": 5, ""document"": ""d24105658.pdf"", ""page"": 20, ""distance"": 0.9585950970649719}]",0.012682400003541261
EQ081,How do CISA's incident-response playbook and the CrowdStrike findings work together to guide disruption preparedness?,"Use CISA's playbook for planning and response, and strengthen supply-chain risk management, testing, contingency planning, and information sharing to improve resilience.",GAO-24-105658; GAO-24-107733,PDF pp. 2; 1-2,6,False,"[{""rank"": 1, ""document"": ""d24105658.pdf"", ""page"": 38, ""distance"": 0.8382788896560669}, {""rank"": 2, ""document"": ""d24105658.pdf"", ""page"": 24, ""distance"": 0.8699272871017456}, {""rank"": 3, ""document"": ""d24105658.pdf"", ""page"": 25, ""distance"": 0.8739210963249207}, {""rank"": 4, ""document"": ""d24106576.pdf"", ""page"": 65, ""distance"": 0.9409076571464539}, {""rank"": 5, ""document"": ""d24105658.pdf"", ""page"": 20, ""distance"": 0.9585950970649719}, {""rank"": 6, ""document"": ""d24105658.pdf"", ""page"": 50, ""distance"": 0.9697887897491455}]",0.01369160000467673
EQ081,How do CISA's incident-response playbook and the CrowdStrike findings work together to guide disruption preparedness?,"Use CISA's playbook for planning and response, and strengthen supply-chain risk management, testing, contingency planning, and information sharing to improve resilience.",GAO-24-105658; GAO-24-107733,PDF pp. 2; 1-2,7,False,"[{""rank"": 1, ""document"": ""d24105658.pdf"", ""page"": 38, ""distance"": 0.8382788896560669}, {""rank"": 2, ""document"": ""d24105658.pdf"", ""page"": 24, ""distance"": 0.8699272871017456}, {""rank"": 3, ""document"": ""d24105658.pdf"", ""page"": 25, ""distance"": 0.8739210963249207}, {""rank"": 4, ""document"": ""d24106576.pdf"", ""page"": 65, ""distance"": 0.9409076571464539}, {""rank"": 5, ""document"": ""d24105658.pdf"", ""page"": 20, ""distance"": 0.9585950970649719}, {""rank"": 6, ""document"": ""d24105658.pdf"", ""page"": 50, ""distance"": 0.9697887897491455}, {""rank"": 7, ""document"": ""d24106576.pdf"", ""page"": 11, ""distance"": 0.9824241995811462}]",0.011554200027603656
EQ081,How do CISA's incident-response playbook and the CrowdStrike findings work together to guide disruption preparedness?,"Use CISA's playbook for planning and response, and strengthen supply-chain risk management, testing, contingency planning, and information sharing to improve resilience.",GAO-24-105658; GAO-24-107733,PDF pp. 2; 1-2,8,False,"[{""rank"": 1, ""document"": ""d24105658.pdf"", ""page"": 38, ""distance"": 0.8382788896560669}, {""rank"": 2, ""document"": ""d24105658.pdf"", ""page"": 24, ""distance"": 0.8699272871017456}, {""rank"": 3, ""document"": ""d24105658.pdf"", ""page"": 25, ""distance"": 0.8739210963249207}, {""rank"": 4, ""document"": ""d24106576.pdf"", ""page"": 65, ""distance"": 0.9409076571464539}, {""rank"": 5, ""document"": ""d24105658.pdf"", ""page"": 20, ""distance"": 0.9585950970649719}, {""rank"": 6, ""document"": ""d24105658.pdf"", ""page"": 50, ""distance"": 0.9697887897491455}, {""rank"": 7, ""document"": ""d24106576.pdf"", ""page"": 11, ""distance"": 0.9824241995811462}, {""rank"": 8, ""document"": ""d24106576.pdf"", ""page"": 41, ""distance"": 0.9899950623512268}]",0.011057800031267107
EQ081,How do CISA's incident-response playbook and the CrowdStrike findings work together to guide disruption preparedness?,"Use CISA's playbook for planning and response, and strengthen supply-chain risk management, testing, contingency planning, and information sharing to improve resilience.",GAO-24-105658; GAO-24-107733,PDF pp. 2; 1-2,9,False,"[{""rank"": 1, ""document"": ""d24105658.pdf"", ""page"": 38, ""distance"": 0.8382788896560669}, {""rank"": 2, ""document"": ""d24105658.pdf"", ""page"": 24, ""distance"": 0.8699272871017456}, {""rank"": 3, ""document"": ""d24105658.pdf"", ""page"": 25, ""distance"": 0.8739210963249207}, {""rank"": 4, ""document"": ""d24106576.pdf"", ""page"": 65, ""distance"": 0.9409076571464539}, {""rank"": 5, ""document"": ""d24105658.pdf"", ""page"": 20, ""distance"": 0.9585950970649719}, {""rank"": 6, ""document"": ""d24105658.pdf"", ""page"": 50, ""distance"": 0.9697887897491455}, {""rank"": 7, ""document"": ""d24106576.pdf"", ""page"": 11, ""distance"": 0.9824241995811462}, {""rank"": 8, ""document"": ""d24106576.pdf"", ""page"": 41, ""distance"": 0.9899950623512268}, {""rank"": 9, ""document"": ""d24105658.pdf"", ""page"": 9, ""distance"": 0.9946272373199463}]",0.012562200019601732
EQ081,How do CISA's incident-response playbook and the CrowdStrike findings work together to guide disruption preparedness?,"Use CISA's playbook for planning and response, and strengthen supply-chain risk management, testing, contingency planning, and information sharing to improve resilience.",GAO-24-105658; GAO-24-107733,PDF pp. 2; 1-2,10,False,"[{""rank"": 1, ""document"": ""d24105658.pdf"", ""page"": 38, ""distance"": 0.8382788896560669}, {""rank"": 2, ""document"": ""d24105658.pdf"", ""page"": 24, ""distance"": 0.8699272871017456}, {""rank"": 3, ""document"": ""d24105658.pdf"", ""page"": 25, ""distance"": 0.8739210963249207}, {""rank"": 4, ""document"": ""d24106576.pdf"", ""page"": 65, ""distance"": 0.9409076571464539}, {""rank"": 5, ""document"": ""d24105658.pdf"", ""page"": 20, ""distance"": 0.9585950970649719}, {""rank"": 6, ""document"": ""d24105658.pdf"", ""page"": 50, ""distance"": 0.9697887897491455}, {""rank"": 7, ""document"": ""d24106576.pdf"", ""page"": 11, ""distance"": 0.9824241995811462}, {""rank"": 8, ""document"": ""d24106576.pdf"", ""page"": 41, ""distance"": 0.9899950623512268}, {""rank"": 9, ""document"": ""d24105658.pdf"", ""page"": 9, ""distance"": 0.9946272373199463}, {""rank"": 10, ""document"": ""d24106576.pdf"", ""page"": 2, ""distance"": 1.0037435293197632}]",0.012710999988485128
EQ082,How do federal incident-response requirements relate to the broader high-risk cybersecurity challenges?,Incident-response readiness supports the high-risk goals of securing federal systems and information and protecting critical infrastructure; agencies still need full implementation of requirements.,GAO-24-105658; GAO-24-107231,PDF pp. 2; 1-5,1,False,"[{""rank"": 1, ""document"": ""gao-24-107231.pdf"", ""page"": 45, ""distance"": 0.4810175597667694}]",0.013286500005051494
EQ082,How do federal incident-response requirements relate to the broader high-risk cybersecurity challenges?,Incident-response readiness supports the high-risk goals of securing federal systems and information and protecting critical infrastructure; agencies still need full implementation of requirements.,GAO-24-105658; GAO-24-107231,PDF pp. 2; 1-5,2,False,"[{""rank"": 1, ""document"": ""gao-24-107231.pdf"", ""page"": 45, ""distance"": 0.4810175597667694}, {""rank"": 2, ""document"": ""d24105658.pdf"", ""page"": 8, ""distance"": 0.4873395264148712}]",0.01096100005088374
EQ082,How do federal incident-response requirements relate to the broader high-risk cybersecurity challenges?,Incident-response readiness supports the high-risk goals of securing federal systems and information and protecting critical infrastructure; agencies still need full implementation of requirements.,GAO-24-105658; GAO-24-107231,PDF pp. 2; 1-5,3,False,"[{""rank"": 1, ""document"": ""gao-24-107231.pdf"", ""page"": 45, ""distance"": 0.4810175597667694}, {""rank"": 2, ""document"": ""d24105658.pdf"", ""page"": 8, ""distance"": 0.4873395264148712}, {""rank"": 3, ""document"": ""d24105658.pdf"", ""page"": 14, ""distance"": 0.5536988973617554}]",0.011971600004471838
EQ082,How do federal incident-response requirements relate to the broader high-risk cybersecurity challenges?,Incident-response readiness supports the high-risk goals of securing federal systems and information and protecting critical infrastructure; agencies still need full implementation of requirements.,GAO-24-105658; GAO-24-107231,PDF pp. 2; 1-5,4,False,"[{""rank"": 1, ""document"": ""gao-24-107231.pdf"", ""page"": 45, ""distance"": 0.4810175597667694}, {""rank"": 2, ""document"": ""d24105658.pdf"", ""page"": 8, ""distance"": 0.4873395264148712}, {""rank"": 3, ""document"": ""d24105658.pdf"", ""page"": 14, ""distance"": 0.5536988973617554}, {""rank"": 4, ""document"": ""d24105658.pdf"", ""page"": 9, ""distance"": 0.5571197867393494}]",0.010998599987942725
EQ082,How do federal incident-response requirements relate to the broader high-risk cybersecurity challenges?,Incident-response readiness supports the high-risk goals of securing federal systems and information and protecting critical infrastructure; agencies still need full implementation of requirements.,GAO-24-105658; GAO-24-107231,PDF pp. 2; 1-5,5,False,"[{""rank"": 1, ""document"": ""gao-24-107231.pdf"", ""page"": 45, ""distance"": 0.4810175597667694}, {""rank"": 2, ""document"": ""d24105658.pdf"", ""page"": 8, ""distance"": 0.4873395264148712}, {""rank"": 3, ""document"": ""d24105658.pdf"", ""page"": 14, ""distance"": 0.5536988973617554}, {""rank"": 4, ""document"": ""d24105658.pdf"", ""page"": 9, ""distance"": 0.5571197867393494}, {""rank"": 5, ""document"": ""d24105658.pdf"", ""page"": 50, ""distance"": 0.5612001419067383}]",0.012594600033480674
EQ082,How do federal incident-response requirements relate to the broader high-risk cybersecurity challenges?,Incident-response readiness supports the high-risk goals of securing federal systems and information and protecting critical infrastructure; agencies still need full implementation of requirements.,GAO-24-105658; GAO-24-107231,PDF pp. 2; 1-5,6,False,"[{""rank"": 1, ""document"": ""gao-24-107231.pdf"", ""page"": 45, ""distance"": 0.4810175597667694}, {""rank"": 2, ""document"": ""d24105658.pdf"", ""page"": 8, ""distance"": 0.4873395264148712}, {""rank"": 3, ""document"": ""d24105658.pdf"", ""page"": 14, ""distance"": 0.5536988973617554}, {""rank"": 4, ""document"": ""d24105658.pdf"", ""page"": 9, ""distance"": 0.5571197867393494}, {""rank"": 5, ""document"": ""d24105658.pdf"", ""page"": 50, ""distance"": 0.5612001419067383}, {""rank"": 6, ""document"": ""d24105658.pdf"", ""page"": 17, ""distance"": 0.5615622997283936}]",0.013845900015439838
EQ082,How do federal incident-response requirements relate to the broader high-risk cybersecurity challenges?,Incident-response readiness supports the high-risk goals of securing federal systems and information and protecting critical infrastructure; agencies still need full implementation of requirements.,GAO-24-105658; GAO-24-107231,PDF pp. 2; 1-5,7,False,"[{""rank"": 1, ""document"": ""gao-24-107231.pdf"", ""page"": 45, ""distance"": 0.4810175597667694}, {""rank"": 2, ""document"": ""d24105658.pdf"", ""page"": 8, ""distance"": 0.4873395264148712}, {""rank"": 3, ""document"": ""d24105658.pdf"", ""page"": 14, ""distance"": 0.5536988973617554}, {""rank"": 4, ""document"": ""d24105658.pdf"", ""page"": 9, ""distance"": 0.5571197867393494}, {""rank"": 5, ""document"": ""d24105658.pdf"", ""page"": 50, ""distance"": 0.5612001419067383}, {""rank"": 6, ""document"": ""d24105658.pdf"", ""page"": 17, ""distance"": 0.5615622997283936}, {""rank"": 7, ""document"": ""d24105658.pdf"", ""page"": 2, ""distance"": 0.6026737689971924}]",0.012784500024281442
EQ082,How do federal incident-response requirements relate to the broader high-risk cybersecurity challenges?,Incident-response readiness supports the high-risk goals of securing federal systems and information and protecting critical infrastructure; agencies still need full implementation of requirements.,GAO-24-105658; GAO-24-107231,PDF pp. 2; 1-5,8,False,"[{""rank"": 1, ""document"": ""gao-24-107231.pdf"", ""page"": 45, ""distance"": 0.4810175597667694}, {""rank"": 2, ""document"": ""d24105658.pdf"", ""page"": 8, ""distance"": 0.4873395264148712}, {""rank"": 3, ""document"": ""d24105658.pdf"", ""page"": 14, ""distance"": 0.5536988973617554}, {""rank"": 4, ""document"": ""d24105658.pdf"", ""page"": 9, ""distance"": 0.5571197867393494}, {""rank"": 5, ""document"": ""d24105658.pdf"", ""page"": 50, ""distance"": 0.5612001419067383}, {""rank"": 6, ""document"": ""d24105658.pdf"", ""page"": 17, ""distance"": 0.5615622997283936}, {""rank"": 7, ""document"": ""d24105658.pdf"", ""page"": 2, ""distance"": 0.6026737689971924}, {""rank"": 8, ""document"": ""d24105658.pdf"", ""page"": 3, ""distance"": 0.6416851878166199}]",0.01249300001654774
EQ082,How do federal incident-response requirements relate to the broader high-risk cybersecurity challenges?,Incident-response readiness supports the high-risk goals of securing federal systems and information and protecting critical infrastructure; agencies still need full implementation of requirements.,GAO-24-105658; GAO-24-107231,PDF pp. 2; 1-5,9,False,"[{""rank"": 1, ""document"": ""gao-24-107231.pdf"", ""page"": 45, ""distance"": 0.4810175597667694}, {""rank"": 2, ""document"": ""d24105658.pdf"", ""page"": 8, ""distance"": 0.4873395264148712}, {""rank"": 3, ""document"": ""d24105658.pdf"", ""page"": 14, ""distance"": 0.5536988973617554}, {""rank"": 4, ""document"": ""d24105658.pdf"", ""page"": 9, ""distance"": 0.5571197867393494}, {""rank"": 5, ""document"": ""d24105658.pdf"", ""page"": 50, ""distance"": 0.5612001419067383}, {""rank"": 6, ""document"": ""d24105658.pdf"", ""page"": 17, ""distance"": 0.5615622997283936}, {""rank"": 7, ""document"": ""d24105658.pdf"", ""page"": 2, ""distance"": 0.6026737689971924}, {""rank"": 8, ""document"": ""d24105658.pdf"", ""page"": 3, ""distance"": 0.6416851878166199}, {""rank"": 9, ""document"": ""d24105658.pdf"", ""page"": 45, ""distance"": 0.6464159488677979}]",0.010424999985843897
EQ082,How do federal incident-response requirements relate to the broader high-risk cybersecurity challenges?,Incident-response readiness supports the high-risk goals of securing federal systems and information and protecting critical infrastructure; agencies still need full implementation of requirements.,GAO-24-105658; GAO-24-107231,PDF pp. 2; 1-5,10,False,"[{""rank"": 1, ""document"": ""gao-24-107231.pdf"", ""page"": 45, ""distance"": 0.4810175597667694}, {""rank"": 2, ""document"": ""d24105658.pdf"", ""page"": 8, ""distance"": 0.4873395264148712}, {""rank"": 3, ""document"": ""d24105658.pdf"", ""page"": 14, ""distance"": 0.5536988973617554}, {""rank"": 4, ""document"": ""d24105658.pdf"", ""page"": 9, ""distance"": 0.5571197867393494}, {""rank"": 5, ""document"": ""d24105658.pdf"", ""page"": 50, ""distance"": 0.5612001419067383}, {""rank"": 6, ""document"": ""d24105658.pdf"", ""page"": 17, ""distance"": 0.5615622997283936}, {""rank"": 7, ""document"": ""d24105658.pdf"", ""page"": 2, ""distance"": 0.6026737689971924}, {""rank"": 8, ""document"": ""d24105658.pdf"", ""page"": 3, ""distance"": 0.6416851878166199}, {""rank"": 9, ""document"": ""d24105658.pdf"", ""page"": 45, ""distance"": 0.6464159488677979}, {""rank"": 10, ""document"": ""d24105658.pdf"", ""page"": 38, ""distance"": 0.6487380266189575}]",0.011576299963053316
EQ083,How should national leaders connect strategy measurement with cybersecurity oversight?,"They should use outcome-oriented measures and resource/cost estimates in the strategy, then oversee supply-chain, workforce, and emerging-technology risks.",GAO-24-106916; GAO-24-107231,PDF pp. 2; 2-3,1,False,"[{""rank"": 1, ""document"": ""gao-24-107231.pdf"", ""page"": 18, ""distance"": 0.5351923108100891}]",0.013906600011978298
EQ083,How should national leaders connect strategy measurement with cybersecurity oversight?,"They should use outcome-oriented measures and resource/cost estimates in the strategy, then oversee supply-chain, workforce, and emerging-technology risks.",GAO-24-106916; GAO-24-107231,PDF pp. 2; 2-3,2,False,"[{""rank"": 1, ""document"": ""gao-24-107231.pdf"", ""page"": 18, ""distance"": 0.5351923108100891}, {""rank"": 2, ""document"": ""d24106916.pdf"", ""page"": 14, ""distance"": 0.5531917214393616}]",0.013279100006911904
EQ083,How should national leaders connect strategy measurement with cybersecurity oversight?,"They should use outcome-oriented measures and resource/cost estimates in the strategy, then oversee supply-chain, workforce, and emerging-technology risks.",GAO-24-106916; GAO-24-107231,PDF pp. 2; 2-3,3,False,"[{""rank"": 1, ""document"": ""gao-24-107231.pdf"", ""page"": 18, ""distance"": 0.5351923108100891}, {""rank"": 2, ""document"": ""d24106916.pdf"", ""page"": 14, ""distance"": 0.5531917214393616}, {""rank"": 3, ""document"": ""d24106916.pdf"", ""page"": 13, ""distance"": 0.5705490708351135}]",0.013252699980512261
EQ083,How should national leaders connect strategy measurement with cybersecurity oversight?,"They should use outcome-oriented measures and resource/cost estimates in the strategy, then oversee supply-chain, workforce, and emerging-technology risks.",GAO-24-106916; GAO-24-107231,PDF pp. 2; 2-3,4,False,"[{""rank"": 1, ""document"": ""gao-24-107231.pdf"", ""page"": 18, ""distance"": 0.5351923108100891}, {""rank"": 2, ""document"": ""d24106916.pdf"", ""page"": 14, ""distance"": 0.5531917214393616}, {""rank"": 3, ""document"": ""d24106916.pdf"", ""page"": 13, ""distance"": 0.5705490708351135}, {""rank"": 4, ""document"": ""d24106916.pdf"", ""page"": 33, ""distance"": 0.5780153870582581}]",0.009935199981555343
EQ083,How should national leaders connect strategy measurement with cybersecurity oversight?,"They should use outcome-oriented measures and resource/cost estimates in the strategy, then oversee supply-chain, workforce, and emerging-technology risks.",GAO-24-106916; GAO-24-107231,PDF pp. 2; 2-3,5,False,"[{""rank"": 1, ""document"": ""gao-24-107231.pdf"", ""page"": 18, ""distance"": 0.5351923108100891}, {""rank"": 2, ""document"": ""d24106916.pdf"", ""page"": 14, ""distance"": 0.5531917214393616}, {""rank"": 3, ""document"": ""d24106916.pdf"", ""page"": 13, ""distance"": 0.5705490708351135}, {""rank"": 4, ""document"": ""d24106916.pdf"", ""page"": 33, ""distance"": 0.5780153870582581}, {""rank"": 5, ""document"": ""d24106916.pdf"", ""page"": 16, ""distance"": 0.5828231573104858}]",0.012063400004990399
EQ083,How should national leaders connect strategy measurement with cybersecurity oversight?,"They should use outcome-oriented measures and resource/cost estimates in the strategy, then oversee supply-chain, workforce, and emerging-technology risks.",GAO-24-106916; GAO-24-107231,PDF pp. 2; 2-3,6,False,"[{""rank"": 1, ""document"": ""gao-24-107231.pdf"", ""page"": 18, ""distance"": 0.5351923108100891}, {""rank"": 2, ""document"": ""d24106916.pdf"", ""page"": 14, ""distance"": 0.5531917214393616}, {""rank"": 3, ""document"": ""d24106916.pdf"", ""page"": 13, ""distance"": 0.5705490708351135}, {""rank"": 4, ""document"": ""d24106916.pdf"", ""page"": 33, ""distance"": 0.5780153870582581}, {""rank"": 5, ""document"": ""d24106916.pdf"", ""page"": 16, ""distance"": 0.5828231573104858}, {""rank"": 6, ""document"": ""d24106916.pdf"", ""page"": 27, ""distance"": 0.6017082333564758}]",0.01184240001020953
EQ083,How should national leaders connect strategy measurement with cybersecurity oversight?,"They should use outcome-oriented measures and resource/cost estimates in the strategy, then oversee supply-chain, workforce, and emerging-technology risks.",GAO-24-106916; GAO-24-107231,PDF pp. 2; 2-3,7,False,"[{""rank"": 1, ""document"": ""gao-24-107231.pdf"", ""page"": 18, ""distance"": 0.5351923108100891}, {""rank"": 2, ""document"": ""d24106916.pdf"", ""page"": 14, ""distance"": 0.5531917214393616}, {""rank"": 3, ""document"": ""d24106916.pdf"", ""page"": 13, ""distance"": 0.5705490708351135}, {""rank"": 4, ""document"": ""d24106916.pdf"", ""page"": 33, ""distance"": 0.5780153870582581}, {""rank"": 5, ""document"": ""d24106916.pdf"", ""page"": 16, ""distance"": 0.5828231573104858}, {""rank"": 6, ""document"": ""d24106916.pdf"", ""page"": 27, ""distance"": 0.6017082333564758}, {""rank"": 7, ""document"": ""d24106916.pdf"", ""page"": 17, ""distance"": 0.6169195175170898}]",0.013344399980269372
EQ083,How should national leaders connect strategy measurement with cybersecurity oversight?,"They should use outcome-oriented measures and resource/cost estimates in the strategy, then oversee supply-chain, workforce, and emerging-technology risks.",GAO-24-106916; GAO-24-107231,PDF pp. 2; 2-3,8,False,"[{""rank"": 1, ""document"": ""gao-24-107231.pdf"", ""page"": 18, ""distance"": 0.5351923108100891}, {""rank"": 2, ""document"": ""d24106916.pdf"", ""page"": 14, ""distance"": 0.5531917214393616}, {""rank"": 3, ""document"": ""d24106916.pdf"", ""page"": 13, ""distance"": 0.5705490708351135}, {""rank"": 4, ""document"": ""d24106916.pdf"", ""page"": 33, ""distance"": 0.5780153870582581}, {""rank"": 5, ""document"": ""d24106916.pdf"", ""page"": 16, ""distance"": 0.5828231573104858}, {""rank"": 6, ""document"": ""d24106916.pdf"", ""page"": 27, ""distance"": 0.6017082333564758}, {""rank"": 7, ""document"": ""d24106916.pdf"", ""page"": 17, ""distance"": 0.6169195175170898}, {""rank"": 8, ""document"": ""d24106916.pdf"", ""page"": 9, ""distance"": 0.6244886517524719}]",0.013224599999375641
EQ083,How should national leaders connect strategy measurement with cybersecurity oversight?,"They should use outcome-oriented measures and resource/cost estimates in the strategy, then oversee supply-chain, workforce, and emerging-technology risks.",GAO-24-106916; GAO-24-107231,PDF pp. 2; 2-3,9,False,"[{""rank"": 1, ""document"": ""gao-24-107231.pdf"", ""page"": 18, ""distance"": 0.5351923108100891}, {""rank"": 2, ""document"": ""d24106916.pdf"", ""page"": 14, ""distance"": 0.5531917214393616}, {""rank"": 3, ""document"": ""d24106916.pdf"", ""page"": 13, ""distance"": 0.5705490708351135}, {""rank"": 4, ""document"": ""d24106916.pdf"", ""page"": 33, ""distance"": 0.5780153870582581}, {""rank"": 5, ""document"": ""d24106916.pdf"", ""page"": 16, ""distance"": 0.5828231573104858}, {""rank"": 6, ""document"": ""d24106916.pdf"", ""page"": 27, ""distance"": 0.6017082333564758}, {""rank"": 7, ""document"": ""d24106916.pdf"", ""page"": 17, ""distance"": 0.6169195175170898}, {""rank"": 8, ""document"": ""d24106916.pdf"", ""page"": 9, ""distance"": 0.6244886517524719}, {""rank"": 9, ""document"": ""d24106916.pdf"", ""page"": 3, ""distance"": 0.6399485468864441}]",0.010810800013132393
EQ083,How should national leaders connect strategy measurement with cybersecurity oversight?,"They should use outcome-oriented measures and resource/cost estimates in the strategy, then oversee supply-chain, workforce, and emerging-technology risks.",GAO-24-106916; GAO-24-107231,PDF pp. 2; 2-3,10,False,"[{""rank"": 1, ""document"": ""gao-24-107231.pdf"", ""page"": 18, ""distance"": 0.5351923108100891}, {""rank"": 2, ""document"": ""d24106916.pdf"", ""page"": 14, ""distance"": 0.5531917214393616}, {""rank"": 3, ""document"": ""d24106916.pdf"", ""page"": 13, ""distance"": 0.5705490708351135}, {""rank"": 4, ""document"": ""d24106916.pdf"", ""page"": 33, ""distance"": 0.5780153870582581}, {""rank"": 5, ""document"": ""d24106916.pdf"", ""page"": 16, ""distance"": 0.5828231573104858}, {""rank"": 6, ""document"": ""d24106916.pdf"", ""page"": 27, ""distance"": 0.6017082333564758}, {""rank"": 7, ""document"": ""d24106916.pdf"", ""page"": 17, ""distance"": 0.6169195175170898}, {""rank"": 8, ""document"": ""d24106916.pdf"", ""page"": 9, ""distance"": 0.6244886517524719}, {""rank"": 9, ""document"": ""d24106916.pdf"", ""page"": 3, ""distance"": 0.6399485468864441}, {""rank"": 10, ""document"": ""d24106916.pdf"", ""page"": 6, ""distance"": 0.6599965691566467}]",0.011192600009962916
EQ084,How do CISA's OT coordination findings relate to the need for timely cyber threat information sharing?,"Both reports show that ineffective sharing processes impede risk mitigation; partners need clear roles, accountability, and timely, actionable sharing with critical-infrastructure owners and operators.",GAO-24-106576; GAO-24-107733,PDF pp. 3; 2,1,False,"[{""rank"": 1, ""document"": ""d24106576.pdf"", ""page"": 43, ""distance"": 0.5109538435935974}]",0.013981700001750141
EQ084,How do CISA's OT coordination findings relate to the need for timely cyber threat information sharing?,"Both reports show that ineffective sharing processes impede risk mitigation; partners need clear roles, accountability, and timely, actionable sharing with critical-infrastructure owners and operators.",GAO-24-106576; GAO-24-107733,PDF pp. 3; 2,2,False,"[{""rank"": 1, ""document"": ""d24106576.pdf"", ""page"": 43, ""distance"": 0.5109538435935974}, {""rank"": 2, ""document"": ""gao-24-107231.pdf"", ""page"": 57, ""distance"": 0.5110030174255371}]",0.013477300002705306
EQ084,How do CISA's OT coordination findings relate to the need for timely cyber threat information sharing?,"Both reports show that ineffective sharing processes impede risk mitigation; partners need clear roles, accountability, and timely, actionable sharing with critical-infrastructure owners and operators.",GAO-24-106576; GAO-24-107733,PDF pp. 3; 2,3,False,"[{""rank"": 1, ""document"": ""d24106576.pdf"", ""page"": 43, ""distance"": 0.5109538435935974}, {""rank"": 2, ""document"": ""gao-24-107231.pdf"", ""page"": 57, ""distance"": 0.5110030174255371}, {""rank"": 3, ""document"": ""d24106576.pdf"", ""page"": 60, ""distance"": 0.5112665891647339}]",0.024780399980954826
EQ084,How do CISA's OT coordination findings relate to the need for timely cyber threat information sharing?,"Both reports show that ineffective sharing processes impede risk mitigation; partners need clear roles, accountability, and timely, actionable sharing with critical-infrastructure owners and operators.",GAO-24-106576; GAO-24-107733,PDF pp. 3; 2,4,False,"[{""rank"": 1, ""document"": ""d24106576.pdf"", ""page"": 43, ""distance"": 0.5109538435935974}, {""rank"": 2, ""document"": ""gao-24-107231.pdf"", ""page"": 57, ""distance"": 0.5110030174255371}, {""rank"": 3, ""document"": ""d24106576.pdf"", ""page"": 60, ""distance"": 0.5112665891647339}, {""rank"": 4, ""document"": ""d24105658.pdf"", ""page"": 48, ""distance"": 0.5120879411697388}]",0.01929510000627488
EQ084,How do CISA's OT coordination findings relate to the need for timely cyber threat information sharing?,"Both reports show that ineffective sharing processes impede risk mitigation; partners need clear roles, accountability, and timely, actionable sharing with critical-infrastructure owners and operators.",GAO-24-106576; GAO-24-107733,PDF pp. 3; 2,5,False,"[{""rank"": 1, ""document"": ""d24106576.pdf"", ""page"": 43, ""distance"": 0.5109538435935974}, {""rank"": 2, ""document"": ""gao-24-107231.pdf"", ""page"": 57, ""distance"": 0.5110030174255371}, {""rank"": 3, ""document"": ""d24106576.pdf"", ""page"": 60, ""distance"": 0.5112665891647339}, {""rank"": 4, ""document"": ""d24105658.pdf"", ""page"": 48, ""distance"": 0.5120879411697388}, {""rank"": 5, ""document"": ""d24106576.pdf"", ""page"": 56, ""distance"": 0.5166868567466736}]",0.012321299989707768
EQ084,How do CISA's OT coordination findings relate to the need for timely cyber threat information sharing?,"Both reports show that ineffective sharing processes impede risk mitigation; partners need clear roles, accountability, and timely, actionable sharing with critical-infrastructure owners and operators.",GAO-24-106576; GAO-24-107733,PDF pp. 3; 2,6,False,"[{""rank"": 1, ""document"": ""d24106576.pdf"", ""page"": 43, ""distance"": 0.5109538435935974}, {""rank"": 2, ""document"": ""gao-24-107231.pdf"", ""page"": 57, ""distance"": 0.5110030174255371}, {""rank"": 3, ""document"": ""d24106576.pdf"", ""page"": 60, ""distance"": 0.5112665891647339}, {""rank"": 4, ""document"": ""d24105658.pdf"", ""page"": 48, ""distance"": 0.5120879411697388}, {""rank"": 5, ""document"": ""d24106576.pdf"", ""page"": 56, ""distance"": 0.5166868567466736}, {""rank"": 6, ""document"": ""d24106576.pdf"", ""page"": 62, ""distance"": 0.5271918773651123}]",0.011808200040832162
EQ084,How do CISA's OT coordination findings relate to the need for timely cyber threat information sharing?,"Both reports show that ineffective sharing processes impede risk mitigation; partners need clear roles, accountability, and timely, actionable sharing with critical-infrastructure owners and operators.",GAO-24-106576; GAO-24-107733,PDF pp. 3; 2,7,False,"[{""rank"": 1, ""document"": ""d24106576.pdf"", ""page"": 43, ""distance"": 0.5109538435935974}, {""rank"": 2, ""document"": ""gao-24-107231.pdf"", ""page"": 57, ""distance"": 0.5110030174255371}, {""rank"": 3, ""document"": ""d24106576.pdf"", ""page"": 60, ""distance"": 0.5112665891647339}, {""rank"": 4, ""document"": ""d24105658.pdf"", ""page"": 48, ""distance"": 0.5120879411697388}, {""rank"": 5, ""document"": ""d24106576.pdf"", ""page"": 56, ""distance"": 0.5166868567466736}, {""rank"": 6, ""document"": ""d24106576.pdf"", ""page"": 62, ""distance"": 0.5271918773651123}, {""rank"": 7, ""document"": ""d24106576.pdf"", ""page"": 11, ""distance"": 0.5291175842285156}]",0.01396409998415038
EQ084,How do CISA's OT coordination findings relate to the need for timely cyber threat information sharing?,"Both reports show that ineffective sharing processes impede risk mitigation; partners need clear roles, accountability, and timely, actionable sharing with critical-infrastructure owners and operators.",GAO-24-106576; GAO-24-107733,PDF pp. 3; 2,8,False,"[{""rank"": 1, ""document"": ""d24106576.pdf"", ""page"": 43, ""distance"": 0.5109538435935974}, {""rank"": 2, ""document"": ""gao-24-107231.pdf"", ""page"": 57, ""distance"": 0.5110030174255371}, {""rank"": 3, ""document"": ""d24106576.pdf"", ""page"": 60, ""distance"": 0.5112665891647339}, {""rank"": 4, ""document"": ""d24105658.pdf"", ""page"": 48, ""distance"": 0.5120879411697388}, {""rank"": 5, ""document"": ""d24106576.pdf"", ""page"": 56, ""distance"": 0.5166868567466736}, {""rank"": 6, ""document"": ""d24106576.pdf"", ""page"": 62, ""distance"": 0.5271918773651123}, {""rank"": 7, ""document"": ""d24106576.pdf"", ""page"": 11, ""distance"": 0.5291175842285156}, {""rank"": 8, ""document"": ""d24106576.pdf"", ""page"": 2, ""distance"": 0.5302239060401917}]",0.014409900002647191
EQ084,How do CISA's OT coordination findings relate to the need for timely cyber threat information sharing?,"Both reports show that ineffective sharing processes impede risk mitigation; partners need clear roles, accountability, and timely, actionable sharing with critical-infrastructure owners and operators.",GAO-24-106576; GAO-24-107733,PDF pp. 3; 2,9,False,"[{""rank"": 1, ""document"": ""d24106576.pdf"", ""page"": 43, ""distance"": 0.5109538435935974}, {""rank"": 2, ""document"": ""gao-24-107231.pdf"", ""page"": 57, ""distance"": 0.5110030174255371}, {""rank"": 3, ""document"": ""d24106576.pdf"", ""page"": 60, ""distance"": 0.5112665891647339}, {""rank"": 4, ""document"": ""d24105658.pdf"", ""page"": 48, ""distance"": 0.5120879411697388}, {""rank"": 5, ""document"": ""d24106576.pdf"", ""page"": 56, ""distance"": 0.5166868567466736}, {""rank"": 6, ""document"": ""d24106576.pdf"", ""page"": 62, ""distance"": 0.5271918773651123}, {""rank"": 7, ""document"": ""d24106576.pdf"", ""page"": 11, ""distance"": 0.5291175842285156}, {""rank"": 8, ""document"": ""d24106576.pdf"", ""page"": 2, ""distance"": 0.5302239060401917}, {""rank"": 9, ""document"": ""d24106576.pdf"", ""page"": 67, ""distance"": 0.534285843372345}]",0.01159499998902902
EQ084,How do CISA's OT coordination findings relate to the need for timely cyber threat information sharing?,"Both reports show that ineffective sharing processes impede risk mitigation; partners need clear roles, accountability, and timely, actionable sharing with critical-infrastructure owners and operators.",GAO-24-106576; GAO-24-107733,PDF pp. 3; 2,10,False,"[{""rank"": 1, ""document"": ""d24106576.pdf"", ""page"": 43, ""distance"": 0.5109538435935974}, {""rank"": 2, ""document"": ""gao-24-107231.pdf"", ""page"": 57, ""distance"": 0.5110030174255371}, {""rank"": 3, ""document"": ""d24106576.pdf"", ""page"": 60, ""distance"": 0.5112665891647339}, {""rank"": 4, ""document"": ""d24105658.pdf"", ""page"": 48, ""distance"": 0.5120879411697388}, {""rank"": 5, ""document"": ""d24106576.pdf"", ""page"": 56, ""distance"": 0.5166868567466736}, {""rank"": 6, ""document"": ""d24106576.pdf"", ""page"": 62, ""distance"": 0.5271918773651123}, {""rank"": 7, ""document"": ""d24106576.pdf"", ""page"": 11, ""distance"": 0.5291175842285156}, {""rank"": 8, ""document"": ""d24106576.pdf"", ""page"": 2, ""distance"": 0.5302239060401917}, {""rank"": 9, ""document"": ""d24106576.pdf"", ""page"": 67, ""distance"": 0.534285843372345}, {""rank"": 10, ""document"": ""d24106576.pdf"", ""page"": 31, ""distance"": 0.5637209415435791}]",0.012052099977154285
EQ085,How do the CrowdStrike and SolarWinds examples reinforce supply-chain oversight concerns?,"CrowdStrike was an accidental faulty-update outage and SolarWinds was a malicious compromise, but both show how widely used support software can create systemic risk requiring supply-chain controls, testing, and contingency planning.",GAO-24-107733; GAO-24-107231,PDF pp. 1; 3,1,False,"[{""rank"": 1, ""document"": ""gao-24-107231.pdf"", ""page"": 22, ""distance"": 1.2639663219451904}]",0.012251699983607978
EQ085,How do the CrowdStrike and SolarWinds examples reinforce supply-chain oversight concerns?,"CrowdStrike was an accidental faulty-update outage and SolarWinds was a malicious compromise, but both show how widely used support software can create systemic risk requiring supply-chain controls, testing, and contingency planning.",GAO-24-107733; GAO-24-107231,PDF pp. 1; 3,2,False,"[{""rank"": 1, ""document"": ""gao-24-107231.pdf"", ""page"": 22, ""distance"": 1.2639663219451904}, {""rank"": 2, ""document"": ""gao-24-107733.pdf"", ""page"": 1, ""distance"": 1.2783284187316895}]",0.012250399973709136
EQ085,How do the CrowdStrike and SolarWinds examples reinforce supply-chain oversight concerns?,"CrowdStrike was an accidental faulty-update outage and SolarWinds was a malicious compromise, but both show how widely used support software can create systemic risk requiring supply-chain controls, testing, and contingency planning.",GAO-24-107733; GAO-24-107231,PDF pp. 1; 3,3,False,"[{""rank"": 1, ""document"": ""gao-24-107231.pdf"", ""page"": 22, ""distance"": 1.2639663219451904}, {""rank"": 2, ""document"": ""gao-24-107733.pdf"", ""page"": 1, ""distance"": 1.2783284187316895}, {""rank"": 3, ""document"": ""gao-24-107231.pdf"", ""page"": 16, ""distance"": 1.3230299949645996}]",0.011973300017416477
EQ085,How do the CrowdStrike and SolarWinds examples reinforce supply-chain oversight concerns?,"CrowdStrike was an accidental faulty-update outage and SolarWinds was a malicious compromise, but both show how widely used support software can create systemic risk requiring supply-chain controls, testing, and contingency planning.",GAO-24-107733; GAO-24-107231,PDF pp. 1; 3,4,False,"[{""rank"": 1, ""document"": ""gao-24-107231.pdf"", ""page"": 22, ""distance"": 1.2639663219451904}, {""rank"": 2, ""document"": ""gao-24-107733.pdf"", ""page"": 1, ""distance"": 1.2783284187316895}, {""rank"": 3, ""document"": ""gao-24-107231.pdf"", ""page"": 16, ""distance"": 1.3230299949645996}, {""rank"": 4, ""document"": ""gao-26-107974.pdf"", ""page"": 27, ""distance"": 1.3448816537857056}]",0.010781300021335483
EQ085,How do the CrowdStrike and SolarWinds examples reinforce supply-chain oversight concerns?,"CrowdStrike was an accidental faulty-update outage and SolarWinds was a malicious compromise, but both show how widely used support software can create systemic risk requiring supply-chain controls, testing, and contingency planning.",GAO-24-107733; GAO-24-107231,PDF pp. 1; 3,5,False,"[{""rank"": 1, ""document"": ""gao-24-107231.pdf"", ""page"": 22, ""distance"": 1.2639663219451904}, {""rank"": 2, ""document"": ""gao-24-107733.pdf"", ""page"": 1, ""distance"": 1.2783284187316895}, {""rank"": 3, ""document"": ""gao-24-107231.pdf"", ""page"": 16, ""distance"": 1.3230299949645996}, {""rank"": 4, ""document"": ""gao-26-107974.pdf"", ""page"": 27, ""distance"": 1.3448816537857056}, {""rank"": 5, ""document"": ""gao-24-107231.pdf"", ""page"": 23, ""distance"": 1.3449968099594116}]",0.011381999996956438
EQ085,How do the CrowdStrike and SolarWinds examples reinforce supply-chain oversight concerns?,"CrowdStrike was an accidental faulty-update outage and SolarWinds was a malicious compromise, but both show how widely used support software can create systemic risk requiring supply-chain controls, testing, and contingency planning.",GAO-24-107733; GAO-24-107231,PDF pp. 1; 3,6,False,"[{""rank"": 1, ""document"": ""gao-24-107231.pdf"", ""page"": 22, ""distance"": 1.2639663219451904}, {""rank"": 2, ""document"": ""gao-24-107733.pdf"", ""page"": 1, ""distance"": 1.2783284187316895}, {""rank"": 3, ""document"": ""gao-24-107231.pdf"", ""page"": 16, ""distance"": 1.3230299949645996}, {""rank"": 4, ""document"": ""gao-26-107974.pdf"", ""page"": 27, ""distance"": 1.3448816537857056}, {""rank"": 5, ""document"": ""gao-24-107231.pdf"", ""page"": 23, ""distance"": 1.3449968099594116}, {""rank"": 6, ""document"": ""d24106576.pdf"", ""page"": 59, ""distance"": 1.3715673685073853}]",0.010399999970104545
EQ085,How do the CrowdStrike and SolarWinds examples reinforce supply-chain oversight concerns?,"CrowdStrike was an accidental faulty-update outage and SolarWinds was a malicious compromise, but both show how widely used support software can create systemic risk requiring supply-chain controls, testing, and contingency planning.",GAO-24-107733; GAO-24-107231,PDF pp. 1; 3,7,False,"[{""rank"": 1, ""document"": ""gao-24-107231.pdf"", ""page"": 22, ""distance"": 1.2639663219451904}, {""rank"": 2, ""document"": ""gao-24-107733.pdf"", ""page"": 1, ""distance"": 1.2783284187316895}, {""rank"": 3, ""document"": ""gao-24-107231.pdf"", ""page"": 16, ""distance"": 1.3230299949645996}, {""rank"": 4, ""document"": ""gao-26-107974.pdf"", ""page"": 27, ""distance"": 1.3448816537857056}, {""rank"": 5, ""document"": ""gao-24-107231.pdf"", ""page"": 23, ""distance"": 1.3449968099594116}, {""rank"": 6, ""document"": ""d24106576.pdf"", ""page"": 59, ""distance"": 1.3715673685073853}, {""rank"": 7, ""document"": ""gao-26-107974.pdf"", ""page"": 22, ""distance"": 1.3788423538208008}]",0.013210799952503294
EQ085,How do the CrowdStrike and SolarWinds examples reinforce supply-chain oversight concerns?,"CrowdStrike was an accidental faulty-update outage and SolarWinds was a malicious compromise, but both show how widely used support software can create systemic risk requiring supply-chain controls, testing, and contingency planning.",GAO-24-107733; GAO-24-107231,PDF pp. 1; 3,8,False,"[{""rank"": 1, ""document"": ""gao-24-107231.pdf"", ""page"": 22, ""distance"": 1.2639663219451904}, {""rank"": 2, ""document"": ""gao-24-107733.pdf"", ""page"": 1, ""distance"": 1.2783284187316895}, {""rank"": 3, ""document"": ""gao-24-107231.pdf"", ""page"": 16, ""distance"": 1.3230299949645996}, {""rank"": 4, ""document"": ""gao-26-107974.pdf"", ""page"": 27, ""distance"": 1.3448816537857056}, {""rank"": 5, ""document"": ""gao-24-107231.pdf"", ""page"": 23, ""distance"": 1.3449968099594116}, {""rank"": 6, ""document"": ""d24106576.pdf"", ""page"": 59, ""distance"": 1.3715673685073853}, {""rank"": 7, ""document"": ""gao-26-107974.pdf"", ""page"": 22, ""distance"": 1.3788423538208008}, {""rank"": 8, ""document"": ""d24106576.pdf"", ""page"": 47, ""distance"": 1.3817366361618042}]",0.012210200016852468
EQ085,How do the CrowdStrike and SolarWinds examples reinforce supply-chain oversight concerns?,"CrowdStrike was an accidental faulty-update outage and SolarWinds was a malicious compromise, but both show how widely used support software can create systemic risk requiring supply-chain controls, testing, and contingency planning.",GAO-24-107733; GAO-24-107231,PDF pp. 1; 3,9,False,"[{""rank"": 1, ""document"": ""gao-24-107231.pdf"", ""page"": 22, ""distance"": 1.2639663219451904}, {""rank"": 2, ""document"": ""gao-24-107733.pdf"", ""page"": 1, ""distance"": 1.2783284187316895}, {""rank"": 3, ""document"": ""gao-24-107231.pdf"", ""page"": 16, ""distance"": 1.3230299949645996}, {""rank"": 4, ""document"": ""gao-26-107974.pdf"", ""page"": 27, ""distance"": 1.3448816537857056}, {""rank"": 5, ""document"": ""gao-24-107231.pdf"", ""page"": 23, ""distance"": 1.3449968099594116}, {""rank"": 6, ""document"": ""d24106576.pdf"", ""page"": 59, ""distance"": 1.3715673685073853}, {""rank"": 7, ""document"": ""gao-26-107974.pdf"", ""page"": 22, ""distance"": 1.3788423538208008}, {""rank"": 8, ""document"": ""d24106576.pdf"", ""page"": 47, ""distance"": 1.3817366361618042}, {""rank"": 9, ""document"": ""gao-26-900644.pdf"", ""page"": 96, ""distance"": 1.389225721359253}]",0.013435299973934889
EQ085,How do the CrowdStrike and SolarWinds examples reinforce supply-chain oversight concerns?,"CrowdStrike was an accidental faulty-update outage and SolarWinds was a malicious compromise, but both show how widely used support software can create systemic risk requiring supply-chain controls, testing, and contingency planning.",GAO-24-107733; GAO-24-107231,PDF pp. 1; 3,10,False,"[{""rank"": 1, ""document"": ""gao-24-107231.pdf"", ""page"": 22, ""distance"": 1.2639663219451904}, {""rank"": 2, ""document"": ""gao-24-107733.pdf"", ""page"": 1, ""distance"": 1.2783284187316895}, {""rank"": 3, ""document"": ""gao-24-107231.pdf"", ""page"": 16, ""distance"": 1.3230299949645996}, {""rank"": 4, ""document"": ""gao-26-107974.pdf"", ""page"": 27, ""distance"": 1.3448816537857056}, {""rank"": 5, ""document"": ""gao-24-107231.pdf"", ""page"": 23, ""distance"": 1.3449968099594116}, {""rank"": 6, ""document"": ""d24106576.pdf"", ""page"": 59, ""distance"": 1.3715673685073853}, {""rank"": 7, ""document"": ""gao-26-107974.pdf"", ""page"": 22, ""distance"": 1.3788423538208008}, {""rank"": 8, ""document"": ""d24106576.pdf"", ""page"": 47, ""distance"": 1.3817366361618042}, {""rank"": 9, ""document"": ""gao-26-900644.pdf"", ""page"": 96, ""distance"": 1.389225721359253}, {""rank"": 10, ""document"": ""d24106576.pdf"", ""page"": 34, ""distance"": 1.3897358179092407}]",0.01313739997567609
EQ086,How do the K-12 cybersecurity findings relate to the high-risk report's critical-infrastructure concerns?,"K-12 incidents show operational and learning harm from cyberattacks, while the high-risk report explains that critical-infrastructure attacks can endanger safety, security, the environment, and the economy; both support stronger protection and coordination.",GAO-23-105480; GAO-24-107231,PDF pp. 2; 3-4,1,False,"[{""rank"": 1, ""document"": ""gao-23-105480.pdf"", ""page"": 10, ""distance"": 0.5013628005981445}]",0.014834400033578277
EQ086,How do the K-12 cybersecurity findings relate to the high-risk report's critical-infrastructure concerns?,"K-12 incidents show operational and learning harm from cyberattacks, while the high-risk report explains that critical-infrastructure attacks can endanger safety, security, the environment, and the economy; both support stronger protection and coordination.",GAO-23-105480; GAO-24-107231,PDF pp. 2; 3-4,2,False,"[{""rank"": 1, ""document"": ""gao-23-105480.pdf"", ""page"": 10, ""distance"": 0.5013628005981445}, {""rank"": 2, ""document"": ""gao-23-105480.pdf"", ""page"": 1, ""distance"": 0.5610203742980957}]",0.013806200004182756
EQ086,How do the K-12 cybersecurity findings relate to the high-risk report's critical-infrastructure concerns?,"K-12 incidents show operational and learning harm from cyberattacks, while the high-risk report explains that critical-infrastructure attacks can endanger safety, security, the environment, and the economy; both support stronger protection and coordination.",GAO-23-105480; GAO-24-107231,PDF pp. 2; 3-4,3,False,"[{""rank"": 1, ""document"": ""gao-23-105480.pdf"", ""page"": 10, ""distance"": 0.5013628005981445}, {""rank"": 2, ""document"": ""gao-23-105480.pdf"", ""page"": 1, ""distance"": 0.5610203742980957}, {""rank"": 3, ""document"": ""gao-23-105480.pdf"", ""page"": 16, ""distance"": 0.5897600650787354}]",0.013843099994119257
EQ086,How do the K-12 cybersecurity findings relate to the high-risk report's critical-infrastructure concerns?,"K-12 incidents show operational and learning harm from cyberattacks, while the high-risk report explains that critical-infrastructure attacks can endanger safety, security, the environment, and the economy; both support stronger protection and coordination.",GAO-23-105480; GAO-24-107231,PDF pp. 2; 3-4,4,False,"[{""rank"": 1, ""document"": ""gao-23-105480.pdf"", ""page"": 10, ""distance"": 0.5013628005981445}, {""rank"": 2, ""document"": ""gao-23-105480.pdf"", ""page"": 1, ""distance"": 0.5610203742980957}, {""rank"": 3, ""document"": ""gao-23-105480.pdf"", ""page"": 16, ""distance"": 0.5897600650787354}, {""rank"": 4, ""document"": ""gao-23-105480.pdf"", ""page"": 46, ""distance"": 0.6076416373252869}]",0.010746999992989004
EQ086,How do the K-12 cybersecurity findings relate to the high-risk report's critical-infrastructure concerns?,"K-12 incidents show operational and learning harm from cyberattacks, while the high-risk report explains that critical-infrastructure attacks can endanger safety, security, the environment, and the economy; both support stronger protection and coordination.",GAO-23-105480; GAO-24-107231,PDF pp. 2; 3-4,5,False,"[{""rank"": 1, ""document"": ""gao-23-105480.pdf"", ""page"": 10, ""distance"": 0.5013628005981445}, {""rank"": 2, ""document"": ""gao-23-105480.pdf"", ""page"": 1, ""distance"": 0.5610203742980957}, {""rank"": 3, ""document"": ""gao-23-105480.pdf"", ""page"": 16, ""distance"": 0.5897600650787354}, {""rank"": 4, ""document"": ""gao-23-105480.pdf"", ""page"": 46, ""distance"": 0.6076416373252869}, {""rank"": 5, ""document"": ""gao-23-105480.pdf"", ""page"": 2, ""distance"": 0.6306836605072021}]",0.013654999958816916
EQ086,How do the K-12 cybersecurity findings relate to the high-risk report's critical-infrastructure concerns?,"K-12 incidents show operational and learning harm from cyberattacks, while the high-risk report explains that critical-infrastructure attacks can endanger safety, security, the environment, and the economy; both support stronger protection and coordination.",GAO-23-105480; GAO-24-107231,PDF pp. 2; 3-4,6,False,"[{""rank"": 1, ""document"": ""gao-23-105480.pdf"", ""page"": 10, ""distance"": 0.5013628005981445}, {""rank"": 2, ""document"": ""gao-23-105480.pdf"", ""page"": 1, ""distance"": 0.5610203742980957}, {""rank"": 3, ""document"": ""gao-23-105480.pdf"", ""page"": 16, ""distance"": 0.5897600650787354}, {""rank"": 4, ""document"": ""gao-23-105480.pdf"", ""page"": 46, ""distance"": 0.6076416373252869}, {""rank"": 5, ""document"": ""gao-23-105480.pdf"", ""page"": 2, ""distance"": 0.6306836605072021}, {""rank"": 6, ""document"": ""gao-23-105480.pdf"", ""page"": 48, ""distance"": 0.6413211822509766}]",0.012713200005237013
EQ086,How do the K-12 cybersecurity findings relate to the high-risk report's critical-infrastructure concerns?,"K-12 incidents show operational and learning harm from cyberattacks, while the high-risk report explains that critical-infrastructure attacks can endanger safety, security, the environment, and the economy; both support stronger protection and coordination.",GAO-23-105480; GAO-24-107231,PDF pp. 2; 3-4,7,False,"[{""rank"": 1, ""document"": ""gao-23-105480.pdf"", ""page"": 10, ""distance"": 0.5013628005981445}, {""rank"": 2, ""document"": ""gao-23-105480.pdf"", ""page"": 1, ""distance"": 0.5610203742980957}, {""rank"": 3, ""document"": ""gao-23-105480.pdf"", ""page"": 16, ""distance"": 0.5897600650787354}, {""rank"": 4, ""document"": ""gao-23-105480.pdf"", ""page"": 46, ""distance"": 0.6076416373252869}, {""rank"": 5, ""document"": ""gao-23-105480.pdf"", ""page"": 2, ""distance"": 0.6306836605072021}, {""rank"": 6, ""document"": ""gao-23-105480.pdf"", ""page"": 48, ""distance"": 0.6413211822509766}, {""rank"": 7, ""document"": ""gao-23-105480.pdf"", ""page"": 6, ""distance"": 0.6415063738822937}]",0.011328099993988872
EQ086,How do the K-12 cybersecurity findings relate to the high-risk report's critical-infrastructure concerns?,"K-12 incidents show operational and learning harm from cyberattacks, while the high-risk report explains that critical-infrastructure attacks can endanger safety, security, the environment, and the economy; both support stronger protection and coordination.",GAO-23-105480; GAO-24-107231,PDF pp. 2; 3-4,8,False,"[{""rank"": 1, ""document"": ""gao-23-105480.pdf"", ""page"": 10, ""distance"": 0.5013628005981445}, {""rank"": 2, ""document"": ""gao-23-105480.pdf"", ""page"": 1, ""distance"": 0.5610203742980957}, {""rank"": 3, ""document"": ""gao-23-105480.pdf"", ""page"": 16, ""distance"": 0.5897600650787354}, {""rank"": 4, ""document"": ""gao-23-105480.pdf"", ""page"": 46, ""distance"": 0.6076416373252869}, {""rank"": 5, ""document"": ""gao-23-105480.pdf"", ""page"": 2, ""distance"": 0.6306836605072021}, {""rank"": 6, ""document"": ""gao-23-105480.pdf"", ""page"": 48, ""distance"": 0.6413211822509766}, {""rank"": 7, ""document"": ""gao-23-105480.pdf"", ""page"": 6, ""distance"": 0.6415063738822937}, {""rank"": 8, ""document"": ""gao-24-107231.pdf"", ""page"": 88, ""distance"": 0.6425966024398804}]",0.013715499953832477
EQ086,How do the K-12 cybersecurity findings relate to the high-risk report's critical-infrastructure concerns?,"K-12 incidents show operational and learning harm from cyberattacks, while the high-risk report explains that critical-infrastructure attacks can endanger safety, security, the environment, and the economy; both support stronger protection and coordination.",GAO-23-105480; GAO-24-107231,PDF pp. 2; 3-4,9,False,"[{""rank"": 1, ""document"": ""gao-23-105480.pdf"", ""page"": 10, ""distance"": 0.5013628005981445}, {""rank"": 2, ""document"": ""gao-23-105480.pdf"", ""page"": 1, ""distance"": 0.5610203742980957}, {""rank"": 3, ""document"": ""gao-23-105480.pdf"", ""page"": 16, ""distance"": 0.5897600650787354}, {""rank"": 4, ""document"": ""gao-23-105480.pdf"", ""page"": 46, ""distance"": 0.6076416373252869}, {""rank"": 5, ""document"": ""gao-23-105480.pdf"", ""page"": 2, ""distance"": 0.6306836605072021}, {""rank"": 6, ""document"": ""gao-23-105480.pdf"", ""page"": 48, ""distance"": 0.6413211822509766}, {""rank"": 7, ""document"": ""gao-23-105480.pdf"", ""page"": 6, ""distance"": 0.6415063738822937}, {""rank"": 8, ""document"": ""gao-24-107231.pdf"", ""page"": 88, ""distance"": 0.6425966024398804}, {""rank"": 9, ""document"": ""gao-24-107231.pdf"", ""page"": 4, ""distance"": 0.6527009010314941}]",0.014326300006359816
EQ086,How do the K-12 cybersecurity findings relate to the high-risk report's critical-infrastructure concerns?,"K-12 incidents show operational and learning harm from cyberattacks, while the high-risk report explains that critical-infrastructure attacks can endanger safety, security, the environment, and the economy; both support stronger protection and coordination.",GAO-23-105480; GAO-24-107231,PDF pp. 2; 3-4,10,False,"[{""rank"": 1, ""document"": ""gao-23-105480.pdf"", ""page"": 10, ""distance"": 0.5013628005981445}, {""rank"": 2, ""document"": ""gao-23-105480.pdf"", ""page"": 1, ""distance"": 0.5610203742980957}, {""rank"": 3, ""document"": ""gao-23-105480.pdf"", ""page"": 16, ""distance"": 0.5897600650787354}, {""rank"": 4, ""document"": ""gao-23-105480.pdf"", ""page"": 46, ""distance"": 0.6076416373252869}, {""rank"": 5, ""document"": ""gao-23-105480.pdf"", ""page"": 2, ""distance"": 0.6306836605072021}, {""rank"": 6, ""document"": ""gao-23-105480.pdf"", ""page"": 48, ""distance"": 0.6413211822509766}, {""rank"": 7, ""document"": ""gao-23-105480.pdf"", ""page"": 6, ""distance"": 0.6415063738822937}, {""rank"": 8, ""document"": ""gao-24-107231.pdf"", ""page"": 88, ""distance"": 0.6425966024398804}, {""rank"": 9, ""document"": ""gao-24-107231-highlights.pdf"", ""page"": 3, ""distance"": 0.6527009010314941}, {""rank"": 10, ""document"": ""gao-24-107231.pdf"", ""page"": 4, ""distance"": 0.6527009010314941}]",0.013865299988538027
EQ087,How do NIH security deficiencies connect to the five core security functions described in its report?,"The NIH report identifies deficiencies in identifying risk, protecting, detecting, responding, and recovering; the functions provide the structure for its 219 remediation recommendations.",GAO-22-104467; GAO-16-885T,PDF pp. 1; 2,1,False,"[{""rank"": 1, ""document"": ""gao-22-104467-highlights.pdf"", ""page"": 1, ""distance"": 0.7502359747886658}]",0.013058100012131035
EQ087,How do NIH security deficiencies connect to the five core security functions described in its report?,"The NIH report identifies deficiencies in identifying risk, protecting, detecting, responding, and recovering; the functions provide the structure for its 219 remediation recommendations.",GAO-22-104467; GAO-16-885T,PDF pp. 1; 2,2,False,"[{""rank"": 1, ""document"": ""gao-22-104467-highlights.pdf"", ""page"": 1, ""distance"": 0.7502359747886658}, {""rank"": 2, ""document"": ""gao-22-104467-highlights.pdf"", ""page"": 1, ""distance"": 0.7795564532279968}]",0.012599099951330572
EQ087,How do NIH security deficiencies connect to the five core security functions described in its report?,"The NIH report identifies deficiencies in identifying risk, protecting, detecting, responding, and recovering; the functions provide the structure for its 219 remediation recommendations.",GAO-22-104467; GAO-16-885T,PDF pp. 1; 2,3,False,"[{""rank"": 1, ""document"": ""gao-22-104467-highlights.pdf"", ""page"": 1, ""distance"": 0.7502359747886658}, {""rank"": 2, ""document"": ""gao-22-104467-highlights.pdf"", ""page"": 1, ""distance"": 0.7795564532279968}, {""rank"": 3, ""document"": ""gao-16-885t.pdf"", ""page"": 9, ""distance"": 0.8646343350410461}]",0.011559000005945563
EQ087,How do NIH security deficiencies connect to the five core security functions described in its report?,"The NIH report identifies deficiencies in identifying risk, protecting, detecting, responding, and recovering; the functions provide the structure for its 219 remediation recommendations.",GAO-22-104467; GAO-16-885T,PDF pp. 1; 2,4,False,"[{""rank"": 1, ""document"": ""gao-22-104467-highlights.pdf"", ""page"": 1, ""distance"": 0.7502359747886658}, {""rank"": 2, ""document"": ""gao-22-104467-highlights.pdf"", ""page"": 1, ""distance"": 0.7795564532279968}, {""rank"": 3, ""document"": ""gao-16-885t.pdf"", ""page"": 9, ""distance"": 0.8646343350410461}, {""rank"": 4, ""document"": ""d24105658.pdf"", ""page"": 12, ""distance"": 0.9953430891036987}]",0.012247999955434352
EQ087,How do NIH security deficiencies connect to the five core security functions described in its report?,"The NIH report identifies deficiencies in identifying risk, protecting, detecting, responding, and recovering; the functions provide the structure for its 219 remediation recommendations.",GAO-22-104467; GAO-16-885T,PDF pp. 1; 2,5,False,"[{""rank"": 1, ""document"": ""gao-22-104467-highlights.pdf"", ""page"": 1, ""distance"": 0.7502359747886658}, {""rank"": 2, ""document"": ""gao-22-104467-highlights.pdf"", ""page"": 1, ""distance"": 0.7795564532279968}, {""rank"": 3, ""document"": ""gao-16-885t.pdf"", ""page"": 9, ""distance"": 0.8646343350410461}, {""rank"": 4, ""document"": ""d24105658.pdf"", ""page"": 12, ""distance"": 0.9953430891036987}, {""rank"": 5, ""document"": ""gao-24-107231.pdf"", ""page"": 87, ""distance"": 1.0147109031677246}]",0.013544299989007413
EQ087,How do NIH security deficiencies connect to the five core security functions described in its report?,"The NIH report identifies deficiencies in identifying risk, protecting, detecting, responding, and recovering; the functions provide the structure for its 219 remediation recommendations.",GAO-22-104467; GAO-16-885T,PDF pp. 1; 2,6,False,"[{""rank"": 1, ""document"": ""gao-22-104467-highlights.pdf"", ""page"": 1, ""distance"": 0.7502359747886658}, {""rank"": 2, ""document"": ""gao-22-104467-highlights.pdf"", ""page"": 1, ""distance"": 0.7795564532279968}, {""rank"": 3, ""document"": ""gao-16-885t.pdf"", ""page"": 9, ""distance"": 0.8646343350410461}, {""rank"": 4, ""document"": ""d24105658.pdf"", ""page"": 12, ""distance"": 0.9953430891036987}, {""rank"": 5, ""document"": ""gao-24-107231.pdf"", ""page"": 87, ""distance"": 1.0147109031677246}, {""rank"": 6, ""document"": ""gao-24-107231.pdf"", ""page"": 7, ""distance"": 1.0319178104400635}]",0.011025499959941953
EQ087,How do NIH security deficiencies connect to the five core security functions described in its report?,"The NIH report identifies deficiencies in identifying risk, protecting, detecting, responding, and recovering; the functions provide the structure for its 219 remediation recommendations.",GAO-22-104467; GAO-16-885T,PDF pp. 1; 2,7,False,"[{""rank"": 1, ""document"": ""gao-22-104467-highlights.pdf"", ""page"": 1, ""distance"": 0.7502359747886658}, {""rank"": 2, ""document"": ""gao-22-104467-highlights.pdf"", ""page"": 1, ""distance"": 0.7795564532279968}, {""rank"": 3, ""document"": ""gao-16-885t.pdf"", ""page"": 9, ""distance"": 0.8646343350410461}, {""rank"": 4, ""document"": ""d24105658.pdf"", ""page"": 12, ""distance"": 0.9953430891036987}, {""rank"": 5, ""document"": ""gao-24-107231.pdf"", ""page"": 87, ""distance"": 1.0147109031677246}, {""rank"": 6, ""document"": ""gao-24-107231.pdf"", ""page"": 7, ""distance"": 1.0319178104400635}, {""rank"": 7, ""document"": ""gao-16-885t.pdf"", ""page"": 12, ""distance"": 1.0438262224197388}]",0.012833899992983788
EQ087,How do NIH security deficiencies connect to the five core security functions described in its report?,"The NIH report identifies deficiencies in identifying risk, protecting, detecting, responding, and recovering; the functions provide the structure for its 219 remediation recommendations.",GAO-22-104467; GAO-16-885T,PDF pp. 1; 2,8,False,"[{""rank"": 1, ""document"": ""gao-22-104467-highlights.pdf"", ""page"": 1, ""distance"": 0.7502359747886658}, {""rank"": 2, ""document"": ""gao-22-104467-highlights.pdf"", ""page"": 1, ""distance"": 0.7795564532279968}, {""rank"": 3, ""document"": ""gao-16-885t.pdf"", ""page"": 9, ""distance"": 0.8646343350410461}, {""rank"": 4, ""document"": ""d24105658.pdf"", ""page"": 12, ""distance"": 0.9953430891036987}, {""rank"": 5, ""document"": ""gao-24-107231.pdf"", ""page"": 87, ""distance"": 1.0147109031677246}, {""rank"": 6, ""document"": ""gao-24-107231.pdf"", ""page"": 7, ""distance"": 1.0319178104400635}, {""rank"": 7, ""document"": ""gao-16-885t.pdf"", ""page"": 12, ""distance"": 1.0438262224197388}, {""rank"": 8, ""document"": ""d24106576.pdf"", ""page"": 45, ""distance"": 1.0440709590911865}]",0.009969600010663271
EQ087,How do NIH security deficiencies connect to the five core security functions described in its report?,"The NIH report identifies deficiencies in identifying risk, protecting, detecting, responding, and recovering; the functions provide the structure for its 219 remediation recommendations.",GAO-22-104467; GAO-16-885T,PDF pp. 1; 2,9,False,"[{""rank"": 1, ""document"": ""gao-22-104467-highlights.pdf"", ""page"": 1, ""distance"": 0.7502359747886658}, {""rank"": 2, ""document"": ""gao-22-104467-highlights.pdf"", ""page"": 1, ""distance"": 0.7795564532279968}, {""rank"": 3, ""document"": ""gao-16-885t.pdf"", ""page"": 9, ""distance"": 0.8646343350410461}, {""rank"": 4, ""document"": ""d24105658.pdf"", ""page"": 12, ""distance"": 0.9953430891036987}, {""rank"": 5, ""document"": ""gao-24-107231.pdf"", ""page"": 87, ""distance"": 1.0147109031677246}, {""rank"": 6, ""document"": ""gao-24-107231.pdf"", ""page"": 7, ""distance"": 1.0319178104400635}, {""rank"": 7, ""document"": ""gao-16-885t.pdf"", ""page"": 12, ""distance"": 1.0438262224197388}, {""rank"": 8, ""document"": ""d24106576.pdf"", ""page"": 45, ""distance"": 1.0440709590911865}, {""rank"": 9, ""document"": ""gao-16-885t.pdf"", ""page"": 10, ""distance"": 1.046496033668518}]",0.010698900034185499
EQ087,How do NIH security deficiencies connect to the five core security functions described in its report?,"The NIH report identifies deficiencies in identifying risk, protecting, detecting, responding, and recovering; the functions provide the structure for its 219 remediation recommendations.",GAO-22-104467; GAO-16-885T,PDF pp. 1; 2,10,False,"[{""rank"": 1, ""document"": ""gao-22-104467-highlights.pdf"", ""page"": 1, ""distance"": 0.7502359747886658}, {""rank"": 2, ""document"": ""gao-22-104467-highlights.pdf"", ""page"": 1, ""distance"": 0.7795564532279968}, {""rank"": 3, ""document"": ""gao-16-885t.pdf"", ""page"": 9, ""distance"": 0.8646343350410461}, {""rank"": 4, ""document"": ""d24105658.pdf"", ""page"": 12, ""distance"": 0.9953430891036987}, {""rank"": 5, ""document"": ""gao-24-107231.pdf"", ""page"": 87, ""distance"": 1.0147109031677246}, {""rank"": 6, ""document"": ""gao-24-107231.pdf"", ""page"": 7, ""distance"": 1.0319178104400635}, {""rank"": 7, ""document"": ""gao-16-885t.pdf"", ""page"": 12, ""distance"": 1.0438262224197388}, {""rank"": 8, ""document"": ""d24106576.pdf"", ""page"": 45, ""distance"": 1.0440709590911865}, {""rank"": 9, ""document"": ""gao-16-885t.pdf"", ""page"": 10, ""distance"": 1.046496033668518}, {""rank"": 10, ""document"": ""gao-24-107231.pdf"", ""page"": 25, ""distance"": 1.0567423105239868}]",0.04330309998476878
EQ088,How do GAO's critical-infrastructure technology framework and the CISA OT report complement each other?,"The framework provides a method for choosing technologies through requirements, risk assessment, and policy, while the CISA report shows that effective products must be paired with collaboration and information sharing to manage OT risks.",GAO-04-321; GAO-24-106576,PDF pp. 1; 2-3,1,False,"[{""rank"": 1, ""document"": ""gao-24-107231-highlights.pdf"", ""page"": 3, ""distance"": 0.6914787292480469}]",0.014012300001922995
EQ088,How do GAO's critical-infrastructure technology framework and the CISA OT report complement each other?,"The framework provides a method for choosing technologies through requirements, risk assessment, and policy, while the CISA report shows that effective products must be paired with collaboration and information sharing to manage OT risks.",GAO-04-321; GAO-24-106576,PDF pp. 1; 2-3,2,False,"[{""rank"": 1, ""document"": ""gao-24-107231-highlights.pdf"", ""page"": 3, ""distance"": 0.6914787292480469}, {""rank"": 2, ""document"": ""gao-24-107231.pdf"", ""page"": 4, ""distance"": 0.6914787292480469}]",0.014691399992443621
EQ088,How do GAO's critical-infrastructure technology framework and the CISA OT report complement each other?,"The framework provides a method for choosing technologies through requirements, risk assessment, and policy, while the CISA report shows that effective products must be paired with collaboration and information sharing to manage OT risks.",GAO-04-321; GAO-24-106576,PDF pp. 1; 2-3,3,False,"[{""rank"": 1, ""document"": ""gao-24-107231-highlights.pdf"", ""page"": 3, ""distance"": 0.6914787292480469}, {""rank"": 2, ""document"": ""gao-24-107231.pdf"", ""page"": 4, ""distance"": 0.6914787292480469}, {""rank"": 3, ""document"": ""d24106576.pdf"", ""page"": 2, ""distance"": 0.7249227166175842}]",0.011173399980179965
EQ088,How do GAO's critical-infrastructure technology framework and the CISA OT report complement each other?,"The framework provides a method for choosing technologies through requirements, risk assessment, and policy, while the CISA report shows that effective products must be paired with collaboration and information sharing to manage OT risks.",GAO-04-321; GAO-24-106576,PDF pp. 1; 2-3,4,False,"[{""rank"": 1, ""document"": ""gao-24-107231-highlights.pdf"", ""page"": 3, ""distance"": 0.6914787292480469}, {""rank"": 2, ""document"": ""gao-24-107231.pdf"", ""page"": 4, ""distance"": 0.6914787292480469}, {""rank"": 3, ""document"": ""d24106576.pdf"", ""page"": 2, ""distance"": 0.7249227166175842}, {""rank"": 4, ""document"": ""d24106576.pdf"", ""page"": 2, ""distance"": 0.7325270771980286}]",0.011685599980410188
EQ088,How do GAO's critical-infrastructure technology framework and the CISA OT report complement each other?,"The framework provides a method for choosing technologies through requirements, risk assessment, and policy, while the CISA report shows that effective products must be paired with collaboration and information sharing to manage OT risks.",GAO-04-321; GAO-24-106576,PDF pp. 1; 2-3,5,False,"[{""rank"": 1, ""document"": ""gao-24-107231-highlights.pdf"", ""page"": 3, ""distance"": 0.6914787292480469}, {""rank"": 2, ""document"": ""gao-24-107231.pdf"", ""page"": 4, ""distance"": 0.6914787292480469}, {""rank"": 3, ""document"": ""d24106576.pdf"", ""page"": 2, ""distance"": 0.7249227166175842}, {""rank"": 4, ""document"": ""d24106576.pdf"", ""page"": 2, ""distance"": 0.7325270771980286}, {""rank"": 5, ""document"": ""d24106576.pdf"", ""page"": 44, ""distance"": 0.7516567707061768}]",0.010395399993285537
EQ088,How do GAO's critical-infrastructure technology framework and the CISA OT report complement each other?,"The framework provides a method for choosing technologies through requirements, risk assessment, and policy, while the CISA report shows that effective products must be paired with collaboration and information sharing to manage OT risks.",GAO-04-321; GAO-24-106576,PDF pp. 1; 2-3,6,False,"[{""rank"": 1, ""document"": ""gao-24-107231-highlights.pdf"", ""page"": 3, ""distance"": 0.6914787292480469}, {""rank"": 2, ""document"": ""gao-24-107231.pdf"", ""page"": 4, ""distance"": 0.6914787292480469}, {""rank"": 3, ""document"": ""d24106576.pdf"", ""page"": 2, ""distance"": 0.7249227166175842}, {""rank"": 4, ""document"": ""d24106576.pdf"", ""page"": 2, ""distance"": 0.7325270771980286}, {""rank"": 5, ""document"": ""d24106576.pdf"", ""page"": 44, ""distance"": 0.7516567707061768}, {""rank"": 6, ""document"": ""d24106576.pdf"", ""page"": 65, ""distance"": 0.7551398277282715}]",0.010669299983419478
EQ088,How do GAO's critical-infrastructure technology framework and the CISA OT report complement each other?,"The framework provides a method for choosing technologies through requirements, risk assessment, and policy, while the CISA report shows that effective products must be paired with collaboration and information sharing to manage OT risks.",GAO-04-321; GAO-24-106576,PDF pp. 1; 2-3,7,False,"[{""rank"": 1, ""document"": ""gao-24-107231-highlights.pdf"", ""page"": 3, ""distance"": 0.6914787292480469}, {""rank"": 2, ""document"": ""gao-24-107231.pdf"", ""page"": 4, ""distance"": 0.6914787292480469}, {""rank"": 3, ""document"": ""d24106576.pdf"", ""page"": 2, ""distance"": 0.7249227166175842}, {""rank"": 4, ""document"": ""d24106576.pdf"", ""page"": 2, ""distance"": 0.7325270771980286}, {""rank"": 5, ""document"": ""d24106576.pdf"", ""page"": 44, ""distance"": 0.7516567707061768}, {""rank"": 6, ""document"": ""d24106576.pdf"", ""page"": 65, ""distance"": 0.7551398277282715}, {""rank"": 7, ""document"": ""d24106576.pdf"", ""page"": 4, ""distance"": 0.7723443508148193}]",0.011656100046820939
EQ088,How do GAO's critical-infrastructure technology framework and the CISA OT report complement each other?,"The framework provides a method for choosing technologies through requirements, risk assessment, and policy, while the CISA report shows that effective products must be paired with collaboration and information sharing to manage OT risks.",GAO-04-321; GAO-24-106576,PDF pp. 1; 2-3,8,False,"[{""rank"": 1, ""document"": ""gao-24-107231-highlights.pdf"", ""page"": 3, ""distance"": 0.6914787292480469}, {""rank"": 2, ""document"": ""gao-24-107231.pdf"", ""page"": 4, ""distance"": 0.6914787292480469}, {""rank"": 3, ""document"": ""d24106576.pdf"", ""page"": 2, ""distance"": 0.7249227166175842}, {""rank"": 4, ""document"": ""d24106576.pdf"", ""page"": 2, ""distance"": 0.7325270771980286}, {""rank"": 5, ""document"": ""d24106576.pdf"", ""page"": 44, ""distance"": 0.7516567707061768}, {""rank"": 6, ""document"": ""d24106576.pdf"", ""page"": 65, ""distance"": 0.7551398277282715}, {""rank"": 7, ""document"": ""d24106576.pdf"", ""page"": 4, ""distance"": 0.7723443508148193}, {""rank"": 8, ""document"": ""d24106576.pdf"", ""page"": 3, ""distance"": 0.772519052028656}]",0.013069499982520938
EQ088,How do GAO's critical-infrastructure technology framework and the CISA OT report complement each other?,"The framework provides a method for choosing technologies through requirements, risk assessment, and policy, while the CISA report shows that effective products must be paired with collaboration and information sharing to manage OT risks.",GAO-04-321; GAO-24-106576,PDF pp. 1; 2-3,9,False,"[{""rank"": 1, ""document"": ""gao-24-107231-highlights.pdf"", ""page"": 3, ""distance"": 0.6914787292480469}, {""rank"": 2, ""document"": ""gao-24-107231.pdf"", ""page"": 4, ""distance"": 0.6914787292480469}, {""rank"": 3, ""document"": ""d24106576.pdf"", ""page"": 2, ""distance"": 0.7249227166175842}, {""rank"": 4, ""document"": ""d24106576.pdf"", ""page"": 2, ""distance"": 0.7325270771980286}, {""rank"": 5, ""document"": ""d24106576.pdf"", ""page"": 44, ""distance"": 0.7516567707061768}, {""rank"": 6, ""document"": ""d24106576.pdf"", ""page"": 65, ""distance"": 0.7551398277282715}, {""rank"": 7, ""document"": ""d24106576.pdf"", ""page"": 4, ""distance"": 0.7723443508148193}, {""rank"": 8, ""document"": ""d24106576.pdf"", ""page"": 3, ""distance"": 0.772519052028656}, {""rank"": 9, ""document"": ""d24106576.pdf"", ""page"": 33, ""distance"": 0.7812358140945435}]",0.01339380000717938
EQ088,How do GAO's critical-infrastructure technology framework and the CISA OT report complement each other?,"The framework provides a method for choosing technologies through requirements, risk assessment, and policy, while the CISA report shows that effective products must be paired with collaboration and information sharing to manage OT risks.",GAO-04-321; GAO-24-106576,PDF pp. 1; 2-3,10,False,"[{""rank"": 1, ""document"": ""gao-24-107231-highlights.pdf"", ""page"": 3, ""distance"": 0.6914787292480469}, {""rank"": 2, ""document"": ""gao-24-107231.pdf"", ""page"": 4, ""distance"": 0.6914787292480469}, {""rank"": 3, ""document"": ""d24106576.pdf"", ""page"": 2, ""distance"": 0.7249227166175842}, {""rank"": 4, ""document"": ""d24106576.pdf"", ""page"": 2, ""distance"": 0.7325270771980286}, {""rank"": 5, ""document"": ""d24106576.pdf"", ""page"": 44, ""distance"": 0.7516567707061768}, {""rank"": 6, ""document"": ""d24106576.pdf"", ""page"": 65, ""distance"": 0.7551398277282715}, {""rank"": 7, ""document"": ""d24106576.pdf"", ""page"": 4, ""distance"": 0.7723443508148193}, {""rank"": 8, ""document"": ""d24106576.pdf"", ""page"": 3, ""distance"": 0.772519052028656}, {""rank"": 9, ""document"": ""d24106576.pdf"", ""page"": 33, ""distance"": 0.7812358140945435}, {""rank"": 10, ""document"": ""d24106576.pdf"", ""page"": 43, ""distance"": 0.798193633556366}]",0.011550199997145683
EQ089,How do predictable Treasury auctions and transparent DOGE savings reporting illustrate different accountability needs?,"Treasury's regular issuance schedule supports predictable borrowing, while DOGE's reported savings require transparent methods and evidence to be reliable; both depend on clear, supportable public information.",GAO-26-107529; GAO-26-108615,PDF pp. 2; 2-3,1,False,"[{""rank"": 1, ""document"": ""gao-26-107529.pdf"", ""page"": 10, ""distance"": 0.7739181518554688}]",0.014418400009162724
EQ089,How do predictable Treasury auctions and transparent DOGE savings reporting illustrate different accountability needs?,"Treasury's regular issuance schedule supports predictable borrowing, while DOGE's reported savings require transparent methods and evidence to be reliable; both depend on clear, supportable public information.",GAO-26-107529; GAO-26-108615,PDF pp. 2; 2-3,2,False,"[{""rank"": 1, ""document"": ""gao-26-107529.pdf"", ""page"": 10, ""distance"": 0.7739181518554688}, {""rank"": 2, ""document"": ""gao-26-108615.pdf"", ""page"": 2, ""distance"": 0.8423666954040527}]",0.012632399972062558
EQ089,How do predictable Treasury auctions and transparent DOGE savings reporting illustrate different accountability needs?,"Treasury's regular issuance schedule supports predictable borrowing, while DOGE's reported savings require transparent methods and evidence to be reliable; both depend on clear, supportable public information.",GAO-26-107529; GAO-26-108615,PDF pp. 2; 2-3,3,False,"[{""rank"": 1, ""document"": ""gao-26-107529.pdf"", ""page"": 10, ""distance"": 0.7739181518554688}, {""rank"": 2, ""document"": ""gao-26-108615.pdf"", ""page"": 2, ""distance"": 0.8423666954040527}, {""rank"": 3, ""document"": ""gao-26-107529.pdf"", ""page"": 36, ""distance"": 0.8458309173583984}]",0.010821900039445609
EQ089,How do predictable Treasury auctions and transparent DOGE savings reporting illustrate different accountability needs?,"Treasury's regular issuance schedule supports predictable borrowing, while DOGE's reported savings require transparent methods and evidence to be reliable; both depend on clear, supportable public information.",GAO-26-107529; GAO-26-108615,PDF pp. 2; 2-3,4,False,"[{""rank"": 1, ""document"": ""gao-26-107529.pdf"", ""page"": 10, ""distance"": 0.7739181518554688}, {""rank"": 2, ""document"": ""gao-26-108615.pdf"", ""page"": 2, ""distance"": 0.8423666954040527}, {""rank"": 3, ""document"": ""gao-26-107529.pdf"", ""page"": 36, ""distance"": 0.8458309173583984}, {""rank"": 4, ""document"": ""gao-26-107529.pdf"", ""page"": 2, ""distance"": 0.855169951915741}]",0.013510399963706732
EQ089,How do predictable Treasury auctions and transparent DOGE savings reporting illustrate different accountability needs?,"Treasury's regular issuance schedule supports predictable borrowing, while DOGE's reported savings require transparent methods and evidence to be reliable; both depend on clear, supportable public information.",GAO-26-107529; GAO-26-108615,PDF pp. 2; 2-3,5,False,"[{""rank"": 1, ""document"": ""gao-26-107529.pdf"", ""page"": 10, ""distance"": 0.7739181518554688}, {""rank"": 2, ""document"": ""gao-26-108615.pdf"", ""page"": 2, ""distance"": 0.8423666954040527}, {""rank"": 3, ""document"": ""gao-26-107529.pdf"", ""page"": 36, ""distance"": 0.8458309173583984}, {""rank"": 4, ""document"": ""gao-26-107529.pdf"", ""page"": 2, ""distance"": 0.855169951915741}, {""rank"": 5, ""document"": ""gao-26-107529.pdf"", ""page"": 12, ""distance"": 0.8556058406829834}]",0.014043700008187443
EQ089,How do predictable Treasury auctions and transparent DOGE savings reporting illustrate different accountability needs?,"Treasury's regular issuance schedule supports predictable borrowing, while DOGE's reported savings require transparent methods and evidence to be reliable; both depend on clear, supportable public information.",GAO-26-107529; GAO-26-108615,PDF pp. 2; 2-3,6,False,"[{""rank"": 1, ""document"": ""gao-26-107529.pdf"", ""page"": 10, ""distance"": 0.7739181518554688}, {""rank"": 2, ""document"": ""gao-26-108615.pdf"", ""page"": 2, ""distance"": 0.8423666954040527}, {""rank"": 3, ""document"": ""gao-26-107529.pdf"", ""page"": 36, ""distance"": 0.8458309173583984}, {""rank"": 4, ""document"": ""gao-26-107529.pdf"", ""page"": 2, ""distance"": 0.855169951915741}, {""rank"": 5, ""document"": ""gao-26-107529.pdf"", ""page"": 12, ""distance"": 0.8556058406829834}, {""rank"": 6, ""document"": ""gao-26-108615.pdf"", ""page"": 1, ""distance"": 0.8568189740180969}]",0.012104300025384873
EQ089,How do predictable Treasury auctions and transparent DOGE savings reporting illustrate different accountability needs?,"Treasury's regular issuance schedule supports predictable borrowing, while DOGE's reported savings require transparent methods and evidence to be reliable; both depend on clear, supportable public information.",GAO-26-107529; GAO-26-108615,PDF pp. 2; 2-3,7,False,"[{""rank"": 1, ""document"": ""gao-26-107529.pdf"", ""page"": 10, ""distance"": 0.7739181518554688}, {""rank"": 2, ""document"": ""gao-26-108615.pdf"", ""page"": 2, ""distance"": 0.8423666954040527}, {""rank"": 3, ""document"": ""gao-26-107529.pdf"", ""page"": 36, ""distance"": 0.8458309173583984}, {""rank"": 4, ""document"": ""gao-26-107529.pdf"", ""page"": 2, ""distance"": 0.855169951915741}, {""rank"": 5, ""document"": ""gao-26-107529.pdf"", ""page"": 12, ""distance"": 0.8556058406829834}, {""rank"": 6, ""document"": ""gao-26-108615.pdf"", ""page"": 1, ""distance"": 0.8568189740180969}, {""rank"": 7, ""document"": ""gao-26-107529.pdf"", ""page"": 64, ""distance"": 0.8571986556053162}]",0.013145599979907274
EQ089,How do predictable Treasury auctions and transparent DOGE savings reporting illustrate different accountability needs?,"Treasury's regular issuance schedule supports predictable borrowing, while DOGE's reported savings require transparent methods and evidence to be reliable; both depend on clear, supportable public information.",GAO-26-107529; GAO-26-108615,PDF pp. 2; 2-3,8,False,"[{""rank"": 1, ""document"": ""gao-26-107529.pdf"", ""page"": 10, ""distance"": 0.7739181518554688}, {""rank"": 2, ""document"": ""gao-26-108615.pdf"", ""page"": 2, ""distance"": 0.8423666954040527}, {""rank"": 3, ""document"": ""gao-26-107529.pdf"", ""page"": 36, ""distance"": 0.8458309173583984}, {""rank"": 4, ""document"": ""gao-26-107529.pdf"", ""page"": 2, ""distance"": 0.855169951915741}, {""rank"": 5, ""document"": ""gao-26-107529.pdf"", ""page"": 12, ""distance"": 0.8556058406829834}, {""rank"": 6, ""document"": ""gao-26-108615.pdf"", ""page"": 1, ""distance"": 0.8568189740180969}, {""rank"": 7, ""document"": ""gao-26-107529.pdf"", ""page"": 64, ""distance"": 0.8571986556053162}, {""rank"": 8, ""document"": ""gao-26-108615.pdf"", ""page"": 36, ""distance"": 0.8599008321762085}]",0.010754300048574805
EQ089,How do predictable Treasury auctions and transparent DOGE savings reporting illustrate different accountability needs?,"Treasury's regular issuance schedule supports predictable borrowing, while DOGE's reported savings require transparent methods and evidence to be reliable; both depend on clear, supportable public information.",GAO-26-107529; GAO-26-108615,PDF pp. 2; 2-3,9,False,"[{""rank"": 1, ""document"": ""gao-26-107529.pdf"", ""page"": 10, ""distance"": 0.7739181518554688}, {""rank"": 2, ""document"": ""gao-26-108615.pdf"", ""page"": 2, ""distance"": 0.8423666954040527}, {""rank"": 3, ""document"": ""gao-26-107529.pdf"", ""page"": 36, ""distance"": 0.8458309173583984}, {""rank"": 4, ""document"": ""gao-26-107529.pdf"", ""page"": 2, ""distance"": 0.855169951915741}, {""rank"": 5, ""document"": ""gao-26-107529.pdf"", ""page"": 12, ""distance"": 0.8556058406829834}, {""rank"": 6, ""document"": ""gao-26-108615.pdf"", ""page"": 1, ""distance"": 0.8568189740180969}, {""rank"": 7, ""document"": ""gao-26-107529.pdf"", ""page"": 64, ""distance"": 0.8571986556053162}, {""rank"": 8, ""document"": ""gao-26-108615.pdf"", ""page"": 36, ""distance"": 0.8599008321762085}, {""rank"": 9, ""document"": ""gao-26-107529.pdf"", ""page"": 62, ""distance"": 0.8608698844909668}]",0.01116379996528849
EQ089,How do predictable Treasury auctions and transparent DOGE savings reporting illustrate different accountability needs?,"Treasury's regular issuance schedule supports predictable borrowing, while DOGE's reported savings require transparent methods and evidence to be reliable; both depend on clear, supportable public information.",GAO-26-107529; GAO-26-108615,PDF pp. 2; 2-3,10,False,"[{""rank"": 1, ""document"": ""gao-26-107529.pdf"", ""page"": 10, ""distance"": 0.7739181518554688}, {""rank"": 2, ""document"": ""gao-26-108615.pdf"", ""page"": 2, ""distance"": 0.8423666954040527}, {""rank"": 3, ""document"": ""gao-26-107529.pdf"", ""page"": 36, ""distance"": 0.8458309173583984}, {""rank"": 4, ""document"": ""gao-26-107529.pdf"", ""page"": 2, ""distance"": 0.855169951915741}, {""rank"": 5, ""document"": ""gao-26-107529.pdf"", ""page"": 12, ""distance"": 0.8556058406829834}, {""rank"": 6, ""document"": ""gao-26-108615.pdf"", ""page"": 1, ""distance"": 0.8568189740180969}, {""rank"": 7, ""document"": ""gao-26-107529.pdf"", ""page"": 64, ""distance"": 0.8571986556053162}, {""rank"": 8, ""document"": ""gao-26-108615.pdf"", ""page"": 36, ""distance"": 0.8599008321762085}, {""rank"": 9, ""document"": ""gao-26-107529.pdf"", ""page"": 62, ""distance"": 0.8608698844909668}, {""rank"": 10, ""document"": ""gao-26-108615.pdf"", ""page"": 9, ""distance"": 0.8689684271812439}]",0.011210100026801229
EQ090,How do the Main Street Program's internal-control improvements and GAO's performance-accountability mission reinforce one another?,"Federal Reserve Banks addressed all 20 internal-control opportunities, illustrating the kind of accountable improvement GAO describes as helping Congress improve government performance and accountability.",GAO-26-108011; GAO-26-900644,PDF pp. 1; 2,1,False,"[{""rank"": 1, ""document"": ""gao-26-900644.pdf"", ""page"": 62, ""distance"": 0.8873046636581421}]",0.016768200031947345
EQ090,How do the Main Street Program's internal-control improvements and GAO's performance-accountability mission reinforce one another?,"Federal Reserve Banks addressed all 20 internal-control opportunities, illustrating the kind of accountable improvement GAO describes as helping Congress improve government performance and accountability.",GAO-26-108011; GAO-26-900644,PDF pp. 1; 2,2,False,"[{""rank"": 1, ""document"": ""gao-26-900644.pdf"", ""page"": 62, ""distance"": 0.8873046636581421}, {""rank"": 2, ""document"": ""gao-26-900644.pdf"", ""page"": 30, ""distance"": 0.9010235071182251}]",0.012061499990522861
EQ090,How do the Main Street Program's internal-control improvements and GAO's performance-accountability mission reinforce one another?,"Federal Reserve Banks addressed all 20 internal-control opportunities, illustrating the kind of accountable improvement GAO describes as helping Congress improve government performance and accountability.",GAO-26-108011; GAO-26-900644,PDF pp. 1; 2,3,False,"[{""rank"": 1, ""document"": ""gao-26-900644.pdf"", ""page"": 62, ""distance"": 0.8873046636581421}, {""rank"": 2, ""document"": ""gao-26-900644.pdf"", ""page"": 30, ""distance"": 0.9010235071182251}, {""rank"": 3, ""document"": ""gao-26-900644.pdf"", ""page"": 28, ""distance"": 0.9309166669845581}]",0.012509699969086796
EQ090,How do the Main Street Program's internal-control improvements and GAO's performance-accountability mission reinforce one another?,"Federal Reserve Banks addressed all 20 internal-control opportunities, illustrating the kind of accountable improvement GAO describes as helping Congress improve government performance and accountability.",GAO-26-108011; GAO-26-900644,PDF pp. 1; 2,4,False,"[{""rank"": 1, ""document"": ""gao-26-900644.pdf"", ""page"": 62, ""distance"": 0.8873046636581421}, {""rank"": 2, ""document"": ""gao-26-900644.pdf"", ""page"": 30, ""distance"": 0.9010235071182251}, {""rank"": 3, ""document"": ""gao-26-900644.pdf"", ""page"": 28, ""distance"": 0.9309166669845581}, {""rank"": 4, ""document"": ""gao-26-900644.pdf"", ""page"": 150, ""distance"": 0.9557154178619385}]",0.01203059998806566
EQ090,How do the Main Street Program's internal-control improvements and GAO's performance-accountability mission reinforce one another?,"Federal Reserve Banks addressed all 20 internal-control opportunities, illustrating the kind of accountable improvement GAO describes as helping Congress improve government performance and accountability.",GAO-26-108011; GAO-26-900644,PDF pp. 1; 2,5,False,"[{""rank"": 1, ""document"": ""gao-26-900644.pdf"", ""page"": 62, ""distance"": 0.8873046636581421}, {""rank"": 2, ""document"": ""gao-26-900644.pdf"", ""page"": 30, ""distance"": 0.9010235071182251}, {""rank"": 3, ""document"": ""gao-26-900644.pdf"", ""page"": 28, ""distance"": 0.9309166669845581}, {""rank"": 4, ""document"": ""gao-26-900644.pdf"", ""page"": 150, ""distance"": 0.9557154178619385}, {""rank"": 5, ""document"": ""gao-26-900644.pdf"", ""page"": 24, ""distance"": 0.9576714038848877}]",0.011310099973343313
EQ090,How do the Main Street Program's internal-control improvements and GAO's performance-accountability mission reinforce one another?,"Federal Reserve Banks addressed all 20 internal-control opportunities, illustrating the kind of accountable improvement GAO describes as helping Congress improve government performance and accountability.",GAO-26-108011; GAO-26-900644,PDF pp. 1; 2,6,False,"[{""rank"": 1, ""document"": ""gao-26-900644.pdf"", ""page"": 62, ""distance"": 0.8873046636581421}, {""rank"": 2, ""document"": ""gao-26-900644.pdf"", ""page"": 30, ""distance"": 0.9010235071182251}, {""rank"": 3, ""document"": ""gao-26-900644.pdf"", ""page"": 28, ""distance"": 0.9309166669845581}, {""rank"": 4, ""document"": ""gao-26-900644.pdf"", ""page"": 150, ""distance"": 0.9557154178619385}, {""rank"": 5, ""document"": ""gao-26-900644.pdf"", ""page"": 24, ""distance"": 0.9576714038848877}, {""rank"": 6, ""document"": ""gao-26-900644.pdf"", ""page"": 51, ""distance"": 0.9663989543914795}]",0.013085999991744757
EQ090,How do the Main Street Program's internal-control improvements and GAO's performance-accountability mission reinforce one another?,"Federal Reserve Banks addressed all 20 internal-control opportunities, illustrating the kind of accountable improvement GAO describes as helping Congress improve government performance and accountability.",GAO-26-108011; GAO-26-900644,PDF pp. 1; 2,7,False,"[{""rank"": 1, ""document"": ""gao-26-900644.pdf"", ""page"": 62, ""distance"": 0.8873046636581421}, {""rank"": 2, ""document"": ""gao-26-900644.pdf"", ""page"": 30, ""distance"": 0.9010235071182251}, {""rank"": 3, ""document"": ""gao-26-900644.pdf"", ""page"": 28, ""distance"": 0.9309166669845581}, {""rank"": 4, ""document"": ""gao-26-900644.pdf"", ""page"": 150, ""distance"": 0.9557154178619385}, {""rank"": 5, ""document"": ""gao-26-900644.pdf"", ""page"": 24, ""distance"": 0.9576714038848877}, {""rank"": 6, ""document"": ""gao-26-900644.pdf"", ""page"": 51, ""distance"": 0.9663989543914795}, {""rank"": 7, ""document"": ""gao-26-900644.pdf"", ""page"": 40, ""distance"": 0.9710198044776917}]",0.012402599968481809
EQ090,How do the Main Street Program's internal-control improvements and GAO's performance-accountability mission reinforce one another?,"Federal Reserve Banks addressed all 20 internal-control opportunities, illustrating the kind of accountable improvement GAO describes as helping Congress improve government performance and accountability.",GAO-26-108011; GAO-26-900644,PDF pp. 1; 2,8,False,"[{""rank"": 1, ""document"": ""gao-26-900644.pdf"", ""page"": 62, ""distance"": 0.8873046636581421}, {""rank"": 2, ""document"": ""gao-26-900644.pdf"", ""page"": 30, ""distance"": 0.9010235071182251}, {""rank"": 3, ""document"": ""gao-26-900644.pdf"", ""page"": 28, ""distance"": 0.9309166669845581}, {""rank"": 4, ""document"": ""gao-26-900644.pdf"", ""page"": 150, ""distance"": 0.9557154178619385}, {""rank"": 5, ""document"": ""gao-26-900644.pdf"", ""page"": 24, ""distance"": 0.9576714038848877}, {""rank"": 6, ""document"": ""gao-26-900644.pdf"", ""page"": 51, ""distance"": 0.9663989543914795}, {""rank"": 7, ""document"": ""gao-26-900644.pdf"", ""page"": 40, ""distance"": 0.9710198044776917}, {""rank"": 8, ""document"": ""gao-26-900644.pdf"", ""page"": 70, ""distance"": 0.9900187253952026}]",0.012554700020700693
EQ090,How do the Main Street Program's internal-control improvements and GAO's performance-accountability mission reinforce one another?,"Federal Reserve Banks addressed all 20 internal-control opportunities, illustrating the kind of accountable improvement GAO describes as helping Congress improve government performance and accountability.",GAO-26-108011; GAO-26-900644,PDF pp. 1; 2,9,False,"[{""rank"": 1, ""document"": ""gao-26-900644.pdf"", ""page"": 62, ""distance"": 0.8873046636581421}, {""rank"": 2, ""document"": ""gao-26-900644.pdf"", ""page"": 30, ""distance"": 0.9010235071182251}, {""rank"": 3, ""document"": ""gao-26-900644.pdf"", ""page"": 28, ""distance"": 0.9309166669845581}, {""rank"": 4, ""document"": ""gao-26-900644.pdf"", ""page"": 150, ""distance"": 0.9557154178619385}, {""rank"": 5, ""document"": ""gao-26-900644.pdf"", ""page"": 24, ""distance"": 0.9576714038848877}, {""rank"": 6, ""document"": ""gao-26-900644.pdf"", ""page"": 51, ""distance"": 0.9663989543914795}, {""rank"": 7, ""document"": ""gao-26-900644.pdf"", ""page"": 40, ""distance"": 0.9710198044776917}, {""rank"": 8, ""document"": ""gao-26-900644.pdf"", ""page"": 70, ""distance"": 0.9900187253952026}, {""rank"": 9, ""document"": ""gao-26-900644.pdf"", ""page"": 112, ""distance"": 0.9915580749511719}]",0.012391800002660602
EQ090,How do the Main Street Program's internal-control improvements and GAO's performance-accountability mission reinforce one another?,"Federal Reserve Banks addressed all 20 internal-control opportunities, illustrating the kind of accountable improvement GAO describes as helping Congress improve government performance and accountability.",GAO-26-108011; GAO-26-900644,PDF pp. 1; 2,10,False,"[{""rank"": 1, ""document"": ""gao-26-900644.pdf"", ""page"": 62, ""distance"": 0.8873046636581421}, {""rank"": 2, ""document"": ""gao-26-900644.pdf"", ""page"": 30, ""distance"": 0.9010235071182251}, {""rank"": 3, ""document"": ""gao-26-900644.pdf"", ""page"": 28, ""distance"": 0.9309166669845581}, {""rank"": 4, ""document"": ""gao-26-900644.pdf"", ""page"": 150, ""distance"": 0.9557154178619385}, {""rank"": 5, ""document"": ""gao-26-900644.pdf"", ""page"": 24, ""distance"": 0.9576714038848877}, {""rank"": 6, ""document"": ""gao-26-900644.pdf"", ""page"": 51, ""distance"": 0.9663989543914795}, {""rank"": 7, ""document"": ""gao-26-900644.pdf"", ""page"": 40, ""distance"": 0.9710198044776917}, {""rank"": 8, ""document"": ""gao-26-900644.pdf"", ""page"": 70, ""distance"": 0.9900187253952026}, {""rank"": 9, ""document"": ""gao-26-900644.pdf"", ""page"": 112, ""distance"": 0.9915580749511719}, {""rank"": 10, ""document"": ""gao-26-900644.pdf"", ""page"": 41, ""distance"": 1.011877417564392}]",0.0110452999942936
EQ091,Does the organization reimburse employees for home-office internet service?,Not available in the supplied knowledge base,,,1,False,"[{""rank"": 1, ""document"": ""d24105658.pdf"", ""page"": 20, ""distance"": 1.1320220232009888}]",0.014024500036612153
EQ091,Does the organization reimburse employees for home-office internet service?,Not available in the supplied knowledge base,,,2,False,"[{""rank"": 1, ""document"": ""d24105658.pdf"", ""page"": 20, ""distance"": 1.1320220232009888}, {""rank"": 2, ""document"": ""gao-24-107231.pdf"", ""page"": 76, ""distance"": 1.229886531829834}]",0.010613399965222925
EQ091,Does the organization reimburse employees for home-office internet service?,Not available in the supplied knowledge base,,,3,False,"[{""rank"": 1, ""document"": ""d24105658.pdf"", ""page"": 20, ""distance"": 1.1320220232009888}, {""rank"": 2, ""document"": ""gao-24-107231.pdf"", ""page"": 76, ""distance"": 1.229886531829834}, {""rank"": 3, ""document"": ""gao-23-105480.pdf"", ""page"": 33, ""distance"": 1.2561163902282715}]",0.011251699994318187
EQ091,Does the organization reimburse employees for home-office internet service?,Not available in the supplied knowledge base,,,4,False,"[{""rank"": 1, ""document"": ""d24105658.pdf"", ""page"": 20, ""distance"": 1.1320220232009888}, {""rank"": 2, ""document"": ""gao-24-107231.pdf"", ""page"": 76, ""distance"": 1.229886531829834}, {""rank"": 3, ""document"": ""gao-23-105480.pdf"", ""page"": 33, ""distance"": 1.2561163902282715}, {""rank"": 4, ""document"": ""gao-23-105480.pdf"", ""page"": 35, ""distance"": 1.2593003511428833}]",0.01217870000982657
EQ091,Does the organization reimburse employees for home-office internet service?,Not available in the supplied knowledge base,,,5,False,"[{""rank"": 1, ""document"": ""d24105658.pdf"", ""page"": 20, ""distance"": 1.1320220232009888}, {""rank"": 2, ""document"": ""gao-24-107231.pdf"", ""page"": 76, ""distance"": 1.229886531829834}, {""rank"": 3, ""document"": ""gao-23-105480.pdf"", ""page"": 33, ""distance"": 1.2561163902282715}, {""rank"": 4, ""document"": ""gao-23-105480.pdf"", ""page"": 35, ""distance"": 1.2593003511428833}, {""rank"": 5, ""document"": ""gao-24-107231.pdf"", ""page"": 26, ""distance"": 1.300299882888794}]",0.010623500042129308
EQ091,Does the organization reimburse employees for home-office internet service?,Not available in the supplied knowledge base,,,6,False,"[{""rank"": 1, ""document"": ""d24105658.pdf"", ""page"": 20, ""distance"": 1.1320220232009888}, {""rank"": 2, ""document"": ""gao-24-107231.pdf"", ""page"": 76, ""distance"": 1.229886531829834}, {""rank"": 3, ""document"": ""gao-23-105480.pdf"", ""page"": 33, ""distance"": 1.2561163902282715}, {""rank"": 4, ""document"": ""gao-23-105480.pdf"", ""page"": 35, ""distance"": 1.2593003511428833}, {""rank"": 5, ""document"": ""gao-24-107231.pdf"", ""page"": 26, ""distance"": 1.300299882888794}, {""rank"": 6, ""document"": ""gao-24-107231.pdf"", ""page"": 60, ""distance"": 1.3444395065307617}]",0.02099709998583421
EQ091,Does the organization reimburse employees for home-office internet service?,Not available in the supplied knowledge base,,,7,False,"[{""rank"": 1, ""document"": ""d24105658.pdf"", ""page"": 20, ""distance"": 1.1320220232009888}, {""rank"": 2, ""document"": ""gao-24-107231.pdf"", ""page"": 76, ""distance"": 1.229886531829834}, {""rank"": 3, ""document"": ""gao-23-105480.pdf"", ""page"": 33, ""distance"": 1.2561163902282715}, {""rank"": 4, ""document"": ""gao-23-105480.pdf"", ""page"": 35, ""distance"": 1.2593003511428833}, {""rank"": 5, ""document"": ""gao-24-107231.pdf"", ""page"": 26, ""distance"": 1.300299882888794}, {""rank"": 6, ""document"": ""gao-24-107231.pdf"", ""page"": 60, ""distance"": 1.3444395065307617}, {""rank"": 7, ""document"": ""gao-26-900644.pdf"", ""page"": 104, ""distance"": 1.349181890487671}]",0.01623710000421852
EQ091,Does the organization reimburse employees for home-office internet service?,Not available in the supplied knowledge base,,,8,False,"[{""rank"": 1, ""document"": ""d24105658.pdf"", ""page"": 20, ""distance"": 1.1320220232009888}, {""rank"": 2, ""document"": ""gao-24-107231.pdf"", ""page"": 76, ""distance"": 1.229886531829834}, {""rank"": 3, ""document"": ""gao-23-105480.pdf"", ""page"": 33, ""distance"": 1.2561163902282715}, {""rank"": 4, ""document"": ""gao-23-105480.pdf"", ""page"": 35, ""distance"": 1.2593003511428833}, {""rank"": 5, ""document"": ""gao-24-107231.pdf"", ""page"": 26, ""distance"": 1.300299882888794}, {""rank"": 6, ""document"": ""gao-24-107231.pdf"", ""page"": 60, ""distance"": 1.3444395065307617}, {""rank"": 7, ""document"": ""gao-26-900644.pdf"", ""page"": 104, ""distance"": 1.349181890487671}, {""rank"": 8, ""document"": ""gao-26-108615.pdf"", ""page"": 49, ""distance"": 1.3514347076416016}]",0.01242609997279942
EQ091,Does the organization reimburse employees for home-office internet service?,Not available in the supplied knowledge base,,,9,False,"[{""rank"": 1, ""document"": ""d24105658.pdf"", ""page"": 20, ""distance"": 1.1320220232009888}, {""rank"": 2, ""document"": ""gao-24-107231.pdf"", ""page"": 76, ""distance"": 1.229886531829834}, {""rank"": 3, ""document"": ""gao-23-105480.pdf"", ""page"": 33, ""distance"": 1.2561163902282715}, {""rank"": 4, ""document"": ""gao-23-105480.pdf"", ""page"": 35, ""distance"": 1.2593003511428833}, {""rank"": 5, ""document"": ""gao-24-107231.pdf"", ""page"": 26, ""distance"": 1.300299882888794}, {""rank"": 6, ""document"": ""gao-24-107231.pdf"", ""page"": 60, ""distance"": 1.3444395065307617}, {""rank"": 7, ""document"": ""gao-26-900644.pdf"", ""page"": 104, ""distance"": 1.349181890487671}, {""rank"": 8, ""document"": ""gao-26-108615.pdf"", ""page"": 49, ""distance"": 1.3514347076416016}, {""rank"": 9, ""document"": ""gao-24-107231.pdf"", ""page"": 77, ""distance"": 1.3665790557861328}]",0.009561699989717454
EQ091,Does the organization reimburse employees for home-office internet service?,Not available in the supplied knowledge base,,,10,False,"[{""rank"": 1, ""document"": ""d24105658.pdf"", ""page"": 20, ""distance"": 1.1320220232009888}, {""rank"": 2, ""document"": ""gao-24-107231.pdf"", ""page"": 76, ""distance"": 1.229886531829834}, {""rank"": 3, ""document"": ""gao-23-105480.pdf"", ""page"": 33, ""distance"": 1.2561163902282715}, {""rank"": 4, ""document"": ""gao-23-105480.pdf"", ""page"": 35, ""distance"": 1.2593003511428833}, {""rank"": 5, ""document"": ""gao-24-107231.pdf"", ""page"": 26, ""distance"": 1.300299882888794}, {""rank"": 6, ""document"": ""gao-24-107231.pdf"", ""page"": 60, ""distance"": 1.3444395065307617}, {""rank"": 7, ""document"": ""gao-26-900644.pdf"", ""page"": 104, ""distance"": 1.349181890487671}, {""rank"": 8, ""document"": ""gao-26-108615.pdf"", ""page"": 49, ""distance"": 1.3514347076416016}, {""rank"": 9, ""document"": ""gao-24-107231.pdf"", ""page"": 77, ""distance"": 1.3665790557861328}, {""rank"": 10, ""document"": ""gao-24-107231.pdf"", ""page"": 20, ""distance"": 1.3749839067459106}]",0.012170900008641183
EQ092,What is the annual paid leave allowance for a new employee?,Not available in the supplied knowledge base,,,1,False,"[{""rank"": 1, ""document"": ""gao-26-900644.pdf"", ""page"": 133, ""distance"": 1.188320279121399}]",0.011501600034534931
EQ092,What is the annual paid leave allowance for a new employee?,Not available in the supplied knowledge base,,,2,False,"[{""rank"": 1, ""document"": ""gao-26-900644.pdf"", ""page"": 133, ""distance"": 1.188320279121399}, {""rank"": 2, ""document"": ""gao-26-900644.pdf"", ""page"": 132, ""distance"": 1.2413983345031738}]",0.012069899996276945
EQ092,What is the annual paid leave allowance for a new employee?,Not available in the supplied knowledge base,,,3,False,"[{""rank"": 1, ""document"": ""gao-26-900644.pdf"", ""page"": 133, ""distance"": 1.188320279121399}, {""rank"": 2, ""document"": ""gao-26-900644.pdf"", ""page"": 132, ""distance"": 1.2413983345031738}, {""rank"": 3, ""document"": ""gao-26-900644.pdf"", ""page"": 129, ""distance"": 1.2693873643875122}]",0.011817499995231628
EQ092,What is the annual paid leave allowance for a new employee?,Not available in the supplied knowledge base,,,4,False,"[{""rank"": 1, ""document"": ""gao-26-900644.pdf"", ""page"": 133, ""distance"": 1.188320279121399}, {""rank"": 2, ""document"": ""gao-26-900644.pdf"", ""page"": 132, ""distance"": 1.2413983345031738}, {""rank"": 3, ""document"": ""gao-26-900644.pdf"", ""page"": 129, ""distance"": 1.2693873643875122}, {""rank"": 4, ""document"": ""gao-25-108440.pdf"", ""page"": 9, ""distance"": 1.2816721200942993}]",0.011956900008954108
EQ092,What is the annual paid leave allowance for a new employee?,Not available in the supplied knowledge base,,,5,False,"[{""rank"": 1, ""document"": ""gao-26-900644.pdf"", ""page"": 133, ""distance"": 1.188320279121399}, {""rank"": 2, ""document"": ""gao-26-900644.pdf"", ""page"": 132, ""distance"": 1.2413983345031738}, {""rank"": 3, ""document"": ""gao-26-900644.pdf"", ""page"": 129, ""distance"": 1.2693873643875122}, {""rank"": 4, ""document"": ""gao-25-108440.pdf"", ""page"": 9, ""distance"": 1.2816721200942993}, {""rank"": 5, ""document"": ""gao-26-108615.pdf"", ""page"": 23, ""distance"": 1.3191075325012207}]",0.011207100003957748
EQ092,What is the annual paid leave allowance for a new employee?,Not available in the supplied knowledge base,,,6,False,"[{""rank"": 1, ""document"": ""gao-26-900644.pdf"", ""page"": 133, ""distance"": 1.188320279121399}, {""rank"": 2, ""document"": ""gao-26-900644.pdf"", ""page"": 132, ""distance"": 1.2413983345031738}, {""rank"": 3, ""document"": ""gao-26-900644.pdf"", ""page"": 129, ""distance"": 1.2693873643875122}, {""rank"": 4, ""document"": ""gao-25-108440.pdf"", ""page"": 9, ""distance"": 1.2816721200942993}, {""rank"": 5, ""document"": ""gao-26-108615.pdf"", ""page"": 23, ""distance"": 1.3191075325012207}, {""rank"": 6, ""document"": ""gao-26-900644.pdf"", ""page"": 123, ""distance"": 1.3284004926681519}]",0.010210799984633923
EQ092,What is the annual paid leave allowance for a new employee?,Not available in the supplied knowledge base,,,7,False,"[{""rank"": 1, ""document"": ""gao-26-900644.pdf"", ""page"": 133, ""distance"": 1.188320279121399}, {""rank"": 2, ""document"": ""gao-26-900644.pdf"", ""page"": 132, ""distance"": 1.2413983345031738}, {""rank"": 3, ""document"": ""gao-26-900644.pdf"", ""page"": 129, ""distance"": 1.2693873643875122}, {""rank"": 4, ""document"": ""gao-25-108440.pdf"", ""page"": 9, ""distance"": 1.2816721200942993}, {""rank"": 5, ""document"": ""gao-26-108615.pdf"", ""page"": 23, ""distance"": 1.3191075325012207}, {""rank"": 6, ""document"": ""gao-26-900644.pdf"", ""page"": 123, ""distance"": 1.3284004926681519}, {""rank"": 7, ""document"": ""gao-26-900644.pdf"", ""page"": 68, ""distance"": 1.3361537456512451}]",0.009725600015372038
EQ092,What is the annual paid leave allowance for a new employee?,Not available in the supplied knowledge base,,,8,False,"[{""rank"": 1, ""document"": ""gao-26-900644.pdf"", ""page"": 133, ""distance"": 1.188320279121399}, {""rank"": 2, ""document"": ""gao-26-900644.pdf"", ""page"": 132, ""distance"": 1.2413983345031738}, {""rank"": 3, ""document"": ""gao-26-900644.pdf"", ""page"": 129, ""distance"": 1.2693873643875122}, {""rank"": 4, ""document"": ""gao-25-108440.pdf"", ""page"": 9, ""distance"": 1.2816721200942993}, {""rank"": 5, ""document"": ""gao-26-108615.pdf"", ""page"": 23, ""distance"": 1.3191075325012207}, {""rank"": 6, ""document"": ""gao-26-900644.pdf"", ""page"": 123, ""distance"": 1.3284004926681519}, {""rank"": 7, ""document"": ""gao-26-900644.pdf"", ""page"": 68, ""distance"": 1.3361537456512451}, {""rank"": 8, ""document"": ""gao-26-900644.pdf"", ""page"": 127, ""distance"": 1.364732265472412}]",0.012473399983718991
EQ092,What is the annual paid leave allowance for a new employee?,Not available in the supplied knowledge base,,,9,False,"[{""rank"": 1, ""document"": ""gao-26-900644.pdf"", ""page"": 133, ""distance"": 1.188320279121399}, {""rank"": 2, ""document"": ""gao-26-900644.pdf"", ""page"": 132, ""distance"": 1.2413983345031738}, {""rank"": 3, ""document"": ""gao-26-900644.pdf"", ""page"": 129, ""distance"": 1.2693873643875122}, {""rank"": 4, ""document"": ""gao-25-108440.pdf"", ""page"": 9, ""distance"": 1.2816721200942993}, {""rank"": 5, ""document"": ""gao-26-108615.pdf"", ""page"": 23, ""distance"": 1.3191075325012207}, {""rank"": 6, ""document"": ""gao-26-900644.pdf"", ""page"": 123, ""distance"": 1.3284004926681519}, {""rank"": 7, ""document"": ""gao-26-900644.pdf"", ""page"": 68, ""distance"": 1.3361537456512451}, {""rank"": 8, ""document"": ""gao-26-900644.pdf"", ""page"": 127, ""distance"": 1.364732265472412}, {""rank"": 9, ""document"": ""gao-26-900644.pdf"", ""page"": 128, ""distance"": 1.3905290365219116}]",0.010754399991128594
EQ092,What is the annual paid leave allowance for a new employee?,Not available in the supplied knowledge base,,,10,False,"[{""rank"": 1, ""document"": ""gao-26-900644.pdf"", ""page"": 133, ""distance"": 1.188320279121399}, {""rank"": 2, ""document"": ""gao-26-900644.pdf"", ""page"": 132, ""distance"": 1.2413983345031738}, {""rank"": 3, ""document"": ""gao-26-900644.pdf"", ""page"": 129, ""distance"": 1.2693873643875122}, {""rank"": 4, ""document"": ""gao-25-108440.pdf"", ""page"": 9, ""distance"": 1.2816721200942993}, {""rank"": 5, ""document"": ""gao-26-108615.pdf"", ""page"": 23, ""distance"": 1.3191075325012207}, {""rank"": 6, ""document"": ""gao-26-900644.pdf"", ""page"": 123, ""distance"": 1.3284004926681519}, {""rank"": 7, ""document"": ""gao-26-900644.pdf"", ""page"": 68, ""distance"": 1.3361537456512451}, {""rank"": 8, ""document"": ""gao-26-900644.pdf"", ""page"": 127, ""distance"": 1.364732265472412}, {""rank"": 9, ""document"": ""gao-26-900644.pdf"", ""page"": 128, ""distance"": 1.3905290365219116}, {""rank"": 10, ""document"": ""gao-26-108615.pdf"", ""page"": 50, ""distance"": 1.4158618450164795}]",0.012217499956022948
EQ093,Can I carry unused vacation days into the next year?,Not available in the supplied knowledge base,,,1,False,"[{""rank"": 1, ""document"": ""gao-26-900644.pdf"", ""page"": 150, ""distance"": 1.412878155708313}]",0.013942799996584654
EQ093,Can I carry unused vacation days into the next year?,Not available in the supplied knowledge base,,,2,False,"[{""rank"": 1, ""document"": ""gao-26-900644.pdf"", ""page"": 150, ""distance"": 1.412878155708313}, {""rank"": 2, ""document"": ""gao-26-900644.pdf"", ""page"": 30, ""distance"": 1.528653860092163}]",0.011938199982978404
EQ093,Can I carry unused vacation days into the next year?,Not available in the supplied knowledge base,,,3,False,"[{""rank"": 1, ""document"": ""gao-26-900644.pdf"", ""page"": 150, ""distance"": 1.412878155708313}, {""rank"": 2, ""document"": ""gao-26-900644.pdf"", ""page"": 30, ""distance"": 1.528653860092163}, {""rank"": 3, ""document"": ""gao-26-900644.pdf"", ""page"": 71, ""distance"": 1.5553662776947021}]",0.010500800039153546
EQ093,Can I carry unused vacation days into the next year?,Not available in the supplied knowledge base,,,4,False,"[{""rank"": 1, ""document"": ""gao-26-900644.pdf"", ""page"": 150, ""distance"": 1.412878155708313}, {""rank"": 2, ""document"": ""gao-26-900644.pdf"", ""page"": 30, ""distance"": 1.528653860092163}, {""rank"": 3, ""document"": ""gao-26-900644.pdf"", ""page"": 71, ""distance"": 1.5553662776947021}, {""rank"": 4, ""document"": ""gao-26-900644.pdf"", ""page"": 139, ""distance"": 1.560630202293396}]",0.013052200025413185
EQ093,Can I carry unused vacation days into the next year?,Not available in the supplied knowledge base,,,5,False,"[{""rank"": 1, ""document"": ""gao-26-900644.pdf"", ""page"": 150, ""distance"": 1.412878155708313}, {""rank"": 2, ""document"": ""gao-26-900644.pdf"", ""page"": 30, ""distance"": 1.528653860092163}, {""rank"": 3, ""document"": ""gao-26-900644.pdf"", ""page"": 71, ""distance"": 1.5553662776947021}, {""rank"": 4, ""document"": ""gao-26-900644.pdf"", ""page"": 139, ""distance"": 1.560630202293396}, {""rank"": 5, ""document"": ""gao-26-108615.pdf"", ""page"": 10, ""distance"": 1.5650488138198853}]",0.011989000020548701
EQ093,Can I carry unused vacation days into the next year?,Not available in the supplied knowledge base,,,6,False,"[{""rank"": 1, ""document"": ""gao-26-900644.pdf"", ""page"": 150, ""distance"": 1.412878155708313}, {""rank"": 2, ""document"": ""gao-26-900644.pdf"", ""page"": 30, ""distance"": 1.528653860092163}, {""rank"": 3, ""document"": ""gao-26-900644.pdf"", ""page"": 71, ""distance"": 1.5553662776947021}, {""rank"": 4, ""document"": ""gao-26-900644.pdf"", ""page"": 139, ""distance"": 1.560630202293396}, {""rank"": 5, ""document"": ""gao-26-108615.pdf"", ""page"": 10, ""distance"": 1.5650488138198853}, {""rank"": 6, ""document"": ""gao-26-107529.pdf"", ""page"": 11, ""distance"": 1.572914719581604}]",0.010838699992746115
EQ093,Can I carry unused vacation days into the next year?,Not available in the supplied knowledge base,,,7,False,"[{""rank"": 1, ""document"": ""gao-26-900644.pdf"", ""page"": 150, ""distance"": 1.412878155708313}, {""rank"": 2, ""document"": ""gao-26-900644.pdf"", ""page"": 30, ""distance"": 1.528653860092163}, {""rank"": 3, ""document"": ""gao-26-900644.pdf"", ""page"": 71, ""distance"": 1.5553662776947021}, {""rank"": 4, ""document"": ""gao-26-900644.pdf"", ""page"": 139, ""distance"": 1.560630202293396}, {""rank"": 5, ""document"": ""gao-26-108615.pdf"", ""page"": 10, ""distance"": 1.5650488138198853}, {""rank"": 6, ""document"": ""gao-26-107529.pdf"", ""page"": 11, ""distance"": 1.572914719581604}, {""rank"": 7, ""document"": ""gao-26-900644.pdf"", ""page"": 137, ""distance"": 1.573817253112793}]",0.009589600027538836
EQ093,Can I carry unused vacation days into the next year?,Not available in the supplied knowledge base,,,8,False,"[{""rank"": 1, ""document"": ""gao-26-900644.pdf"", ""page"": 150, ""distance"": 1.412878155708313}, {""rank"": 2, ""document"": ""gao-26-900644.pdf"", ""page"": 30, ""distance"": 1.528653860092163}, {""rank"": 3, ""document"": ""gao-26-900644.pdf"", ""page"": 71, ""distance"": 1.5553662776947021}, {""rank"": 4, ""document"": ""gao-26-900644.pdf"", ""page"": 139, ""distance"": 1.560630202293396}, {""rank"": 5, ""document"": ""gao-26-108615.pdf"", ""page"": 10, ""distance"": 1.5650488138198853}, {""rank"": 6, ""document"": ""gao-26-107529.pdf"", ""page"": 11, ""distance"": 1.572914719581604}, {""rank"": 7, ""document"": ""gao-26-900644.pdf"", ""page"": 137, ""distance"": 1.573817253112793}, {""rank"": 8, ""document"": ""gao-26-900644.pdf"", ""page"": 131, ""distance"": 1.581794261932373}]",0.010116000019479543
EQ093,Can I carry unused vacation days into the next year?,Not available in the supplied knowledge base,,,9,False,"[{""rank"": 1, ""document"": ""gao-26-900644.pdf"", ""page"": 150, ""distance"": 1.412878155708313}, {""rank"": 2, ""document"": ""gao-26-900644.pdf"", ""page"": 30, ""distance"": 1.528653860092163}, {""rank"": 3, ""document"": ""gao-26-900644.pdf"", ""page"": 71, ""distance"": 1.5553662776947021}, {""rank"": 4, ""document"": ""gao-26-900644.pdf"", ""page"": 139, ""distance"": 1.560630202293396}, {""rank"": 5, ""document"": ""gao-26-108615.pdf"", ""page"": 10, ""distance"": 1.5650488138198853}, {""rank"": 6, ""document"": ""gao-26-107529.pdf"", ""page"": 11, ""distance"": 1.572914719581604}, {""rank"": 7, ""document"": ""gao-26-900644.pdf"", ""page"": 137, ""distance"": 1.573817253112793}, {""rank"": 8, ""document"": ""gao-26-900644.pdf"", ""page"": 131, ""distance"": 1.581794261932373}, {""rank"": 9, ""document"": ""gao-26-900644.pdf"", ""page"": 69, ""distance"": 1.5869766473770142}]",0.012008999998215586
EQ093,Can I carry unused vacation days into the next year?,Not available in the supplied knowledge base,,,10,False,"[{""rank"": 1, ""document"": ""gao-26-900644.pdf"", ""page"": 150, ""distance"": 1.412878155708313}, {""rank"": 2, ""document"": ""gao-26-900644.pdf"", ""page"": 30, ""distance"": 1.528653860092163}, {""rank"": 3, ""document"": ""gao-26-900644.pdf"", ""page"": 71, ""distance"": 1.5553662776947021}, {""rank"": 4, ""document"": ""gao-26-900644.pdf"", ""page"": 139, ""distance"": 1.560630202293396}, {""rank"": 5, ""document"": ""gao-26-108615.pdf"", ""page"": 10, ""distance"": 1.5650488138198853}, {""rank"": 6, ""document"": ""gao-26-107529.pdf"", ""page"": 11, ""distance"": 1.572914719581604}, {""rank"": 7, ""document"": ""gao-26-900644.pdf"", ""page"": 137, ""distance"": 1.573817253112793}, {""rank"": 8, ""document"": ""gao-26-900644.pdf"", ""page"": 131, ""distance"": 1.581794261932373}, {""rank"": 9, ""document"": ""gao-26-900644.pdf"", ""page"": 69, ""distance"": 1.5869766473770142}, {""rank"": 10, ""document"": ""gao-26-900644.pdf"", ""page"": 68, ""distance"": 1.5881685018539429}]",0.013009400048758835
EQ094,What is the company's parental-leave policy?,Not available in the supplied knowledge base,,,1,False,"[{""rank"": 1, ""document"": ""gao-26-108615.pdf"", ""page"": 50, ""distance"": 1.2932640314102173}]",0.010363399982452393
EQ094,What is the company's parental-leave policy?,Not available in the supplied knowledge base,,,2,False,"[{""rank"": 1, ""document"": ""gao-26-108615.pdf"", ""page"": 50, ""distance"": 1.2932640314102173}, {""rank"": 2, ""document"": ""d24105658.pdf"", ""page"": 73, ""distance"": 1.3312532901763916}]",0.011574900010600686
EQ094,What is the company's parental-leave policy?,Not available in the supplied knowledge base,,,3,False,"[{""rank"": 1, ""document"": ""gao-26-108615.pdf"", ""page"": 50, ""distance"": 1.2932640314102173}, {""rank"": 2, ""document"": ""d24105658.pdf"", ""page"": 73, ""distance"": 1.3312532901763916}, {""rank"": 3, ""document"": ""gao-26-108615.pdf"", ""page"": 43, ""distance"": 1.3766611814498901}]",0.010083300003316253
EQ094,What is the company's parental-leave policy?,Not available in the supplied knowledge base,,,4,False,"[{""rank"": 1, ""document"": ""gao-26-108615.pdf"", ""page"": 50, ""distance"": 1.2932640314102173}, {""rank"": 2, ""document"": ""d24105658.pdf"", ""page"": 73, ""distance"": 1.3312532901763916}, {""rank"": 3, ""document"": ""gao-26-108615.pdf"", ""page"": 43, ""distance"": 1.3766611814498901}, {""rank"": 4, ""document"": ""gao-26-900644.pdf"", ""page"": 30, ""distance"": 1.381094217300415}]",0.01190930005395785
EQ094,What is the company's parental-leave policy?,Not available in the supplied knowledge base,,,5,False,"[{""rank"": 1, ""document"": ""gao-26-108615.pdf"", ""page"": 50, ""distance"": 1.2932640314102173}, {""rank"": 2, ""document"": ""d24105658.pdf"", ""page"": 73, ""distance"": 1.3312532901763916}, {""rank"": 3, ""document"": ""gao-26-108615.pdf"", ""page"": 43, ""distance"": 1.3766611814498901}, {""rank"": 4, ""document"": ""gao-26-900644.pdf"", ""page"": 30, ""distance"": 1.381094217300415}, {""rank"": 5, ""document"": ""d24105658.pdf"", ""page"": 74, ""distance"": 1.3935375213623047}]",0.009908399952109903
EQ094,What is the company's parental-leave policy?,Not available in the supplied knowledge base,,,6,False,"[{""rank"": 1, ""document"": ""gao-26-108615.pdf"", ""page"": 50, ""distance"": 1.2932640314102173}, {""rank"": 2, ""document"": ""d24105658.pdf"", ""page"": 73, ""distance"": 1.3312532901763916}, {""rank"": 3, ""document"": ""gao-26-108615.pdf"", ""page"": 43, ""distance"": 1.3766611814498901}, {""rank"": 4, ""document"": ""gao-26-900644.pdf"", ""page"": 30, ""distance"": 1.381094217300415}, {""rank"": 5, ""document"": ""d24105658.pdf"", ""page"": 74, ""distance"": 1.3935375213623047}, {""rank"": 6, ""document"": ""d24105658.pdf"", ""page"": 53, ""distance"": 1.3999220132827759}]",0.011559100006707013
EQ094,What is the company's parental-leave policy?,Not available in the supplied knowledge base,,,7,False,"[{""rank"": 1, ""document"": ""gao-26-108615.pdf"", ""page"": 50, ""distance"": 1.2932640314102173}, {""rank"": 2, ""document"": ""d24105658.pdf"", ""page"": 73, ""distance"": 1.3312532901763916}, {""rank"": 3, ""document"": ""gao-26-108615.pdf"", ""page"": 43, ""distance"": 1.3766611814498901}, {""rank"": 4, ""document"": ""gao-26-900644.pdf"", ""page"": 30, ""distance"": 1.381094217300415}, {""rank"": 5, ""document"": ""d24105658.pdf"", ""page"": 74, ""distance"": 1.3935375213623047}, {""rank"": 6, ""document"": ""d24105658.pdf"", ""page"": 53, ""distance"": 1.3999220132827759}, {""rank"": 7, ""document"": ""d24105658.pdf"", ""page"": 72, ""distance"": 1.4024738073349}]",0.01008089998504147
EQ094,What is the company's parental-leave policy?,Not available in the supplied knowledge base,,,8,False,"[{""rank"": 1, ""document"": ""gao-26-108615.pdf"", ""page"": 50, ""distance"": 1.2932640314102173}, {""rank"": 2, ""document"": ""d24105658.pdf"", ""page"": 73, ""distance"": 1.3312532901763916}, {""rank"": 3, ""document"": ""gao-26-108615.pdf"", ""page"": 43, ""distance"": 1.3766611814498901}, {""rank"": 4, ""document"": ""gao-26-900644.pdf"", ""page"": 30, ""distance"": 1.381094217300415}, {""rank"": 5, ""document"": ""d24105658.pdf"", ""page"": 74, ""distance"": 1.3935375213623047}, {""rank"": 6, ""document"": ""d24105658.pdf"", ""page"": 53, ""distance"": 1.3999220132827759}, {""rank"": 7, ""document"": ""d24105658.pdf"", ""page"": 72, ""distance"": 1.4024738073349}, {""rank"": 8, ""document"": ""gao-23-105480.pdf"", ""page"": 45, ""distance"": 1.4060131311416626}]",0.010465600003954023
EQ094,What is the company's parental-leave policy?,Not available in the supplied knowledge base,,,9,False,"[{""rank"": 1, ""document"": ""gao-26-108615.pdf"", ""page"": 50, ""distance"": 1.2932640314102173}, {""rank"": 2, ""document"": ""d24105658.pdf"", ""page"": 73, ""distance"": 1.3312532901763916}, {""rank"": 3, ""document"": ""gao-26-108615.pdf"", ""page"": 43, ""distance"": 1.3766611814498901}, {""rank"": 4, ""document"": ""gao-26-900644.pdf"", ""page"": 30, ""distance"": 1.381094217300415}, {""rank"": 5, ""document"": ""d24105658.pdf"", ""page"": 74, ""distance"": 1.3935375213623047}, {""rank"": 6, ""document"": ""d24105658.pdf"", ""page"": 53, ""distance"": 1.3999220132827759}, {""rank"": 7, ""document"": ""d24105658.pdf"", ""page"": 72, ""distance"": 1.4024738073349}, {""rank"": 8, ""document"": ""gao-23-105480.pdf"", ""page"": 45, ""distance"": 1.4060131311416626}, {""rank"": 9, ""document"": ""gao-26-108615.pdf"", ""page"": 39, ""distance"": 1.4114675521850586}]",0.010067700000945479
EQ094,What is the company's parental-leave policy?,Not available in the supplied knowledge base,,,10,False,"[{""rank"": 1, ""document"": ""gao-26-108615.pdf"", ""page"": 50, ""distance"": 1.2932640314102173}, {""rank"": 2, ""document"": ""d24105658.pdf"", ""page"": 73, ""distance"": 1.3312532901763916}, {""rank"": 3, ""document"": ""gao-26-108615.pdf"", ""page"": 43, ""distance"": 1.3766611814498901}, {""rank"": 4, ""document"": ""gao-26-900644.pdf"", ""page"": 30, ""distance"": 1.381094217300415}, {""rank"": 5, ""document"": ""d24105658.pdf"", ""page"": 74, ""distance"": 1.3935375213623047}, {""rank"": 6, ""document"": ""d24105658.pdf"", ""page"": 53, ""distance"": 1.3999220132827759}, {""rank"": 7, ""document"": ""d24105658.pdf"", ""page"": 72, ""distance"": 1.4024738073349}, {""rank"": 8, ""document"": ""gao-23-105480.pdf"", ""page"": 45, ""distance"": 1.4060131311416626}, {""rank"": 9, ""document"": ""gao-26-108615.pdf"", ""page"": 39, ""distance"": 1.4114675521850586}, {""rank"": 10, ""document"": ""d24105658.pdf"", ""page"": 52, ""distance"": 1.4155274629592896}]",0.011807500035502017
EQ095,How do I enroll in the company's health insurance plan?,Not available in the supplied knowledge base,,,1,False,"[{""rank"": 1, ""document"": ""gao-26-900644.pdf"", ""page"": 10, ""distance"": 1.296560525894165}]",0.011491800018120557
EQ095,How do I enroll in the company's health insurance plan?,Not available in the supplied knowledge base,,,2,False,"[{""rank"": 1, ""document"": ""gao-26-900644.pdf"", ""page"": 10, ""distance"": 1.296560525894165}, {""rank"": 2, ""document"": ""gao-24-107231.pdf"", ""page"": 78, ""distance"": 1.4539815187454224}]",0.012063600006513298
EQ095,How do I enroll in the company's health insurance plan?,Not available in the supplied knowledge base,,,3,False,"[{""rank"": 1, ""document"": ""gao-26-900644.pdf"", ""page"": 10, ""distance"": 1.296560525894165}, {""rank"": 2, ""document"": ""gao-24-107231.pdf"", ""page"": 78, ""distance"": 1.4539815187454224}, {""rank"": 3, ""document"": ""gao-26-108615.pdf"", ""page"": 50, ""distance"": 1.4582277536392212}]",0.010244800010696054
EQ095,How do I enroll in the company's health insurance plan?,Not available in the supplied knowledge base,,,4,False,"[{""rank"": 1, ""document"": ""gao-26-900644.pdf"", ""page"": 10, ""distance"": 1.296560525894165}, {""rank"": 2, ""document"": ""gao-24-107231.pdf"", ""page"": 78, ""distance"": 1.4539815187454224}, {""rank"": 3, ""document"": ""gao-26-108615.pdf"", ""page"": 50, ""distance"": 1.4582277536392212}, {""rank"": 4, ""document"": ""gao-26-108615.pdf"", ""page"": 49, ""distance"": 1.4583653211593628}]",0.010618000000249594
EQ095,How do I enroll in the company's health insurance plan?,Not available in the supplied knowledge base,,,5,False,"[{""rank"": 1, ""document"": ""gao-26-900644.pdf"", ""page"": 10, ""distance"": 1.296560525894165}, {""rank"": 2, ""document"": ""gao-24-107231.pdf"", ""page"": 78, ""distance"": 1.4539815187454224}, {""rank"": 3, ""document"": ""gao-26-108615.pdf"", ""page"": 50, ""distance"": 1.4582277536392212}, {""rank"": 4, ""document"": ""gao-26-108615.pdf"", ""page"": 49, ""distance"": 1.4583653211593628}, {""rank"": 5, ""document"": ""gao-24-107231.pdf"", ""page"": 77, ""distance"": 1.46535325050354}]",0.010128200054168701
EQ095,How do I enroll in the company's health insurance plan?,Not available in the supplied knowledge base,,,6,False,"[{""rank"": 1, ""document"": ""gao-26-900644.pdf"", ""page"": 10, ""distance"": 1.296560525894165}, {""rank"": 2, ""document"": ""gao-24-107231.pdf"", ""page"": 78, ""distance"": 1.4539815187454224}, {""rank"": 3, ""document"": ""gao-26-108615.pdf"", ""page"": 50, ""distance"": 1.4582277536392212}, {""rank"": 4, ""document"": ""gao-26-108615.pdf"", ""page"": 49, ""distance"": 1.4583653211593628}, {""rank"": 5, ""document"": ""gao-24-107231.pdf"", ""page"": 77, ""distance"": 1.46535325050354}, {""rank"": 6, ""document"": ""gao-23-105480.pdf"", ""page"": 32, ""distance"": 1.4673060178756714}]",0.009863500017672777
EQ095,How do I enroll in the company's health insurance plan?,Not available in the supplied knowledge base,,,7,False,"[{""rank"": 1, ""document"": ""gao-26-900644.pdf"", ""page"": 10, ""distance"": 1.296560525894165}, {""rank"": 2, ""document"": ""gao-24-107231.pdf"", ""page"": 78, ""distance"": 1.4539815187454224}, {""rank"": 3, ""document"": ""gao-26-108615.pdf"", ""page"": 50, ""distance"": 1.4582277536392212}, {""rank"": 4, ""document"": ""gao-26-108615.pdf"", ""page"": 49, ""distance"": 1.4583653211593628}, {""rank"": 5, ""document"": ""gao-24-107231.pdf"", ""page"": 77, ""distance"": 1.46535325050354}, {""rank"": 6, ""document"": ""gao-23-105480.pdf"", ""page"": 32, ""distance"": 1.4673060178756714}, {""rank"": 7, ""document"": ""gao-26-900644.pdf"", ""page"": 132, ""distance"": 1.483760952949524}]",0.03518990002339706
EQ095,How do I enroll in the company's health insurance plan?,Not available in the supplied knowledge base,,,8,False,"[{""rank"": 1, ""document"": ""gao-26-900644.pdf"", ""page"": 10, ""distance"": 1.296560525894165}, {""rank"": 2, ""document"": ""gao-24-107231.pdf"", ""page"": 78, ""distance"": 1.4539815187454224}, {""rank"": 3, ""document"": ""gao-26-108615.pdf"", ""page"": 50, ""distance"": 1.4582277536392212}, {""rank"": 4, ""document"": ""gao-26-108615.pdf"", ""page"": 49, ""distance"": 1.4583653211593628}, {""rank"": 5, ""document"": ""gao-24-107231.pdf"", ""page"": 77, ""distance"": 1.46535325050354}, {""rank"": 6, ""document"": ""gao-23-105480.pdf"", ""page"": 32, ""distance"": 1.4673060178756714}, {""rank"": 7, ""document"": ""gao-26-900644.pdf"", ""page"": 132, ""distance"": 1.483760952949524}, {""rank"": 8, ""document"": ""gao-26-900644.pdf"", ""page"": 8, ""distance"": 1.5050017833709717}]",0.012189899978693575
EQ095,How do I enroll in the company's health insurance plan?,Not available in the supplied knowledge base,,,9,False,"[{""rank"": 1, ""document"": ""gao-26-900644.pdf"", ""page"": 10, ""distance"": 1.296560525894165}, {""rank"": 2, ""document"": ""gao-24-107231.pdf"", ""page"": 78, ""distance"": 1.4539815187454224}, {""rank"": 3, ""document"": ""gao-26-108615.pdf"", ""page"": 50, ""distance"": 1.4582277536392212}, {""rank"": 4, ""document"": ""gao-26-108615.pdf"", ""page"": 49, ""distance"": 1.4583653211593628}, {""rank"": 5, ""document"": ""gao-24-107231.pdf"", ""page"": 77, ""distance"": 1.46535325050354}, {""rank"": 6, ""document"": ""gao-23-105480.pdf"", ""page"": 32, ""distance"": 1.4673060178756714}, {""rank"": 7, ""document"": ""gao-26-900644.pdf"", ""page"": 132, ""distance"": 1.483760952949524}, {""rank"": 8, ""document"": ""gao-26-900644.pdf"", ""page"": 8, ""distance"": 1.5050017833709717}, {""rank"": 9, ""document"": ""gao-24-107231.pdf"", ""page"": 76, ""distance"": 1.5197705030441284}]",0.009797500038985163
EQ095,How do I enroll in the company's health insurance plan?,Not available in the supplied knowledge base,,,10,False,"[{""rank"": 1, ""document"": ""gao-26-900644.pdf"", ""page"": 10, ""distance"": 1.296560525894165}, {""rank"": 2, ""document"": ""gao-24-107231.pdf"", ""page"": 78, ""distance"": 1.4539815187454224}, {""rank"": 3, ""document"": ""gao-26-108615.pdf"", ""page"": 50, ""distance"": 1.4582277536392212}, {""rank"": 4, ""document"": ""gao-26-108615.pdf"", ""page"": 49, ""distance"": 1.4583653211593628}, {""rank"": 5, ""document"": ""gao-24-107231.pdf"", ""page"": 77, ""distance"": 1.46535325050354}, {""rank"": 6, ""document"": ""gao-23-105480.pdf"", ""page"": 32, ""distance"": 1.4673060178756714}, {""rank"": 7, ""document"": ""gao-26-900644.pdf"", ""page"": 132, ""distance"": 1.483760952949524}, {""rank"": 8, ""document"": ""gao-26-900644.pdf"", ""page"": 8, ""distance"": 1.5050017833709717}, {""rank"": 9, ""document"": ""gao-24-107231.pdf"", ""page"": 76, ""distance"": 1.5197705030441284}, {""rank"": 10, ""document"": ""gao-24-107231.pdf"", ""page"": 60, ""distance"": 1.527559518814087}]",0.01140389998909086
EQ096,What is the employee expense-claim approval process?,Not available in the supplied knowledge base,,,1,False,"[{""rank"": 1, ""document"": ""gao-26-900644.pdf"", ""page"": 77, ""distance"": 1.1011364459991455}]",0.012115600053220987
EQ096,What is the employee expense-claim approval process?,Not available in the supplied knowledge base,,,2,False,"[{""rank"": 1, ""document"": ""gao-26-900644.pdf"", ""page"": 77, ""distance"": 1.1011364459991455}, {""rank"": 2, ""document"": ""gao-26-900644.pdf"", ""page"": 129, ""distance"": 1.121868371963501}]",0.009253799973521382
EQ096,What is the employee expense-claim approval process?,Not available in the supplied knowledge base,,,3,False,"[{""rank"": 1, ""document"": ""gao-26-900644.pdf"", ""page"": 77, ""distance"": 1.1011364459991455}, {""rank"": 2, ""document"": ""gao-26-900644.pdf"", ""page"": 129, ""distance"": 1.121868371963501}, {""rank"": 3, ""document"": ""gao-26-900644.pdf"", ""page"": 127, ""distance"": 1.2028297185897827}]",0.009676999994553626
EQ096,What is the employee expense-claim approval process?,Not available in the supplied knowledge base,,,4,False,"[{""rank"": 1, ""document"": ""gao-26-900644.pdf"", ""page"": 77, ""distance"": 1.1011364459991455}, {""rank"": 2, ""document"": ""gao-26-900644.pdf"", ""page"": 129, ""distance"": 1.121868371963501}, {""rank"": 3, ""document"": ""gao-26-900644.pdf"", ""page"": 127, ""distance"": 1.2028297185897827}, {""rank"": 4, ""document"": ""gao-26-108615.pdf"", ""page"": 39, ""distance"": 1.2213108539581299}]",0.009283299965318292
EQ096,What is the employee expense-claim approval process?,Not available in the supplied knowledge base,,,5,False,"[{""rank"": 1, ""document"": ""gao-26-900644.pdf"", ""page"": 77, ""distance"": 1.1011364459991455}, {""rank"": 2, ""document"": ""gao-26-900644.pdf"", ""page"": 129, ""distance"": 1.121868371963501}, {""rank"": 3, ""document"": ""gao-26-900644.pdf"", ""page"": 127, ""distance"": 1.2028297185897827}, {""rank"": 4, ""document"": ""gao-26-108615.pdf"", ""page"": 39, ""distance"": 1.2213108539581299}, {""rank"": 5, ""document"": ""gao-26-900644.pdf"", ""page"": 151, ""distance"": 1.2219860553741455}]",0.009245799970813096
EQ096,What is the employee expense-claim approval process?,Not available in the supplied knowledge base,,,6,False,"[{""rank"": 1, ""document"": ""gao-26-900644.pdf"", ""page"": 77, ""distance"": 1.1011364459991455}, {""rank"": 2, ""document"": ""gao-26-900644.pdf"", ""page"": 129, ""distance"": 1.121868371963501}, {""rank"": 3, ""document"": ""gao-26-900644.pdf"", ""page"": 127, ""distance"": 1.2028297185897827}, {""rank"": 4, ""document"": ""gao-26-108615.pdf"", ""page"": 39, ""distance"": 1.2213108539581299}, {""rank"": 5, ""document"": ""gao-26-900644.pdf"", ""page"": 151, ""distance"": 1.2219860553741455}, {""rank"": 6, ""document"": ""gao-26-900644.pdf"", ""page"": 152, ""distance"": 1.2375280857086182}]",0.011520300002302974
EQ096,What is the employee expense-claim approval process?,Not available in the supplied knowledge base,,,7,False,"[{""rank"": 1, ""document"": ""gao-26-900644.pdf"", ""page"": 77, ""distance"": 1.1011364459991455}, {""rank"": 2, ""document"": ""gao-26-900644.pdf"", ""page"": 129, ""distance"": 1.121868371963501}, {""rank"": 3, ""document"": ""gao-26-900644.pdf"", ""page"": 127, ""distance"": 1.2028297185897827}, {""rank"": 4, ""document"": ""gao-26-108615.pdf"", ""page"": 39, ""distance"": 1.2213108539581299}, {""rank"": 5, ""document"": ""gao-26-900644.pdf"", ""page"": 151, ""distance"": 1.2219860553741455}, {""rank"": 6, ""document"": ""gao-26-900644.pdf"", ""page"": 152, ""distance"": 1.2375280857086182}, {""rank"": 7, ""document"": ""gao-26-900644.pdf"", ""page"": 128, ""distance"": 1.2390236854553223}]",0.009492899989709258
EQ096,What is the employee expense-claim approval process?,Not available in the supplied knowledge base,,,8,False,"[{""rank"": 1, ""document"": ""gao-26-900644.pdf"", ""page"": 77, ""distance"": 1.1011364459991455}, {""rank"": 2, ""document"": ""gao-26-900644.pdf"", ""page"": 129, ""distance"": 1.121868371963501}, {""rank"": 3, ""document"": ""gao-26-900644.pdf"", ""page"": 127, ""distance"": 1.2028297185897827}, {""rank"": 4, ""document"": ""gao-26-108615.pdf"", ""page"": 39, ""distance"": 1.2213108539581299}, {""rank"": 5, ""document"": ""gao-26-900644.pdf"", ""page"": 151, ""distance"": 1.2219860553741455}, {""rank"": 6, ""document"": ""gao-26-900644.pdf"", ""page"": 152, ""distance"": 1.2375280857086182}, {""rank"": 7, ""document"": ""gao-26-900644.pdf"", ""page"": 128, ""distance"": 1.2390236854553223}, {""rank"": 8, ""document"": ""gao-26-900644.pdf"", ""page"": 132, ""distance"": 1.2470948696136475}]",0.01291809999383986
EQ096,What is the employee expense-claim approval process?,Not available in the supplied knowledge base,,,9,False,"[{""rank"": 1, ""document"": ""gao-26-900644.pdf"", ""page"": 77, ""distance"": 1.1011364459991455}, {""rank"": 2, ""document"": ""gao-26-900644.pdf"", ""page"": 129, ""distance"": 1.121868371963501}, {""rank"": 3, ""document"": ""gao-26-900644.pdf"", ""page"": 127, ""distance"": 1.2028297185897827}, {""rank"": 4, ""document"": ""gao-26-108615.pdf"", ""page"": 39, ""distance"": 1.2213108539581299}, {""rank"": 5, ""document"": ""gao-26-900644.pdf"", ""page"": 151, ""distance"": 1.2219860553741455}, {""rank"": 6, ""document"": ""gao-26-900644.pdf"", ""page"": 152, ""distance"": 1.2375280857086182}, {""rank"": 7, ""document"": ""gao-26-900644.pdf"", ""page"": 128, ""distance"": 1.2390236854553223}, {""rank"": 8, ""document"": ""gao-26-900644.pdf"", ""page"": 132, ""distance"": 1.2470948696136475}, {""rank"": 9, ""document"": ""gao-26-108615.pdf"", ""page"": 6, ""distance"": 1.2571362257003784}]",0.012262000003829598
EQ096,What is the employee expense-claim approval process?,Not available in the supplied knowledge base,,,10,False,"[{""rank"": 1, ""document"": ""gao-26-900644.pdf"", ""page"": 77, ""distance"": 1.1011364459991455}, {""rank"": 2, ""document"": ""gao-26-900644.pdf"", ""page"": 129, ""distance"": 1.121868371963501}, {""rank"": 3, ""document"": ""gao-26-900644.pdf"", ""page"": 127, ""distance"": 1.2028297185897827}, {""rank"": 4, ""document"": ""gao-26-108615.pdf"", ""page"": 39, ""distance"": 1.2213108539581299}, {""rank"": 5, ""document"": ""gao-26-900644.pdf"", ""page"": 151, ""distance"": 1.2219860553741455}, {""rank"": 6, ""document"": ""gao-26-900644.pdf"", ""page"": 152, ""distance"": 1.2375280857086182}, {""rank"": 7, ""document"": ""gao-26-900644.pdf"", ""page"": 128, ""distance"": 1.2390236854553223}, {""rank"": 8, ""document"": ""gao-26-900644.pdf"", ""page"": 132, ""distance"": 1.2470948696136475}, {""rank"": 9, ""document"": ""gao-26-108615.pdf"", ""page"": 6, ""distance"": 1.2571362257003784}, {""rank"": 10, ""document"": ""gao-25-108440.pdf"", ""page"": 9, ""distance"": 1.259364128112793}]",0.011539300030563027
EQ097,What is the organization-wide policy for reporting workplace harassment?,Not available in the supplied knowledge base,,,1,False,"[{""rank"": 1, ""document"": ""d24105658.pdf"", ""page"": 3, ""distance"": 1.2107644081115723}]",0.01244409999344498
EQ097,What is the organization-wide policy for reporting workplace harassment?,Not available in the supplied knowledge base,,,2,False,"[{""rank"": 1, ""document"": ""d24105658.pdf"", ""page"": 3, ""distance"": 1.2107644081115723}, {""rank"": 2, ""document"": ""d24105658.pdf"", ""page"": 2, ""distance"": 1.261049747467041}]",0.011164700030349195
EQ097,What is the organization-wide policy for reporting workplace harassment?,Not available in the supplied knowledge base,,,3,False,"[{""rank"": 1, ""document"": ""d24105658.pdf"", ""page"": 3, ""distance"": 1.2107644081115723}, {""rank"": 2, ""document"": ""d24105658.pdf"", ""page"": 2, ""distance"": 1.261049747467041}, {""rank"": 3, ""document"": ""gao-23-105480.pdf"", ""page"": 22, ""distance"": 1.2692248821258545}]",0.012254900007974356
EQ097,What is the organization-wide policy for reporting workplace harassment?,Not available in the supplied knowledge base,,,4,False,"[{""rank"": 1, ""document"": ""d24105658.pdf"", ""page"": 3, ""distance"": 1.2107644081115723}, {""rank"": 2, ""document"": ""d24105658.pdf"", ""page"": 2, ""distance"": 1.261049747467041}, {""rank"": 3, ""document"": ""gao-23-105480.pdf"", ""page"": 22, ""distance"": 1.2692248821258545}, {""rank"": 4, ""document"": ""gao-23-105480.pdf"", ""page"": 23, ""distance"": 1.2770792245864868}]",0.009513599972706288
EQ097,What is the organization-wide policy for reporting workplace harassment?,Not available in the supplied knowledge base,,,5,False,"[{""rank"": 1, ""document"": ""d24105658.pdf"", ""page"": 3, ""distance"": 1.2107644081115723}, {""rank"": 2, ""document"": ""d24105658.pdf"", ""page"": 2, ""distance"": 1.261049747467041}, {""rank"": 3, ""document"": ""gao-23-105480.pdf"", ""page"": 22, ""distance"": 1.2692248821258545}, {""rank"": 4, ""document"": ""gao-23-105480.pdf"", ""page"": 23, ""distance"": 1.2770792245864868}, {""rank"": 5, ""document"": ""gao-24-107231.pdf"", ""page"": 39, ""distance"": 1.2809686660766602}]",0.011678399983793497
EQ097,What is the organization-wide policy for reporting workplace harassment?,Not available in the supplied knowledge base,,,6,False,"[{""rank"": 1, ""document"": ""d24105658.pdf"", ""page"": 3, ""distance"": 1.2107644081115723}, {""rank"": 2, ""document"": ""d24105658.pdf"", ""page"": 2, ""distance"": 1.261049747467041}, {""rank"": 3, ""document"": ""gao-23-105480.pdf"", ""page"": 22, ""distance"": 1.2692248821258545}, {""rank"": 4, ""document"": ""gao-23-105480.pdf"", ""page"": 23, ""distance"": 1.2770792245864868}, {""rank"": 5, ""document"": ""gao-24-107231.pdf"", ""page"": 39, ""distance"": 1.2809686660766602}, {""rank"": 6, ""document"": ""gao-24-107231.pdf"", ""page"": 40, ""distance"": 1.2857465744018555}]",0.010050999990198761
EQ097,What is the organization-wide policy for reporting workplace harassment?,Not available in the supplied knowledge base,,,7,False,"[{""rank"": 1, ""document"": ""d24105658.pdf"", ""page"": 3, ""distance"": 1.2107644081115723}, {""rank"": 2, ""document"": ""d24105658.pdf"", ""page"": 2, ""distance"": 1.261049747467041}, {""rank"": 3, ""document"": ""gao-23-105480.pdf"", ""page"": 22, ""distance"": 1.2692248821258545}, {""rank"": 4, ""document"": ""gao-23-105480.pdf"", ""page"": 23, ""distance"": 1.2770792245864868}, {""rank"": 5, ""document"": ""gao-24-107231.pdf"", ""page"": 39, ""distance"": 1.2809686660766602}, {""rank"": 6, ""document"": ""gao-24-107231.pdf"", ""page"": 40, ""distance"": 1.2857465744018555}, {""rank"": 7, ""document"": ""gao-24-107733.pdf"", ""page"": 2, ""distance"": 1.3039425611495972}]",0.010564399999566376
EQ097,What is the organization-wide policy for reporting workplace harassment?,Not available in the supplied knowledge base,,,8,False,"[{""rank"": 1, ""document"": ""d24105658.pdf"", ""page"": 3, ""distance"": 1.2107644081115723}, {""rank"": 2, ""document"": ""d24105658.pdf"", ""page"": 2, ""distance"": 1.261049747467041}, {""rank"": 3, ""document"": ""gao-23-105480.pdf"", ""page"": 22, ""distance"": 1.2692248821258545}, {""rank"": 4, ""document"": ""gao-23-105480.pdf"", ""page"": 23, ""distance"": 1.2770792245864868}, {""rank"": 5, ""document"": ""gao-24-107231.pdf"", ""page"": 39, ""distance"": 1.2809686660766602}, {""rank"": 6, ""document"": ""gao-24-107231.pdf"", ""page"": 40, ""distance"": 1.2857465744018555}, {""rank"": 7, ""document"": ""gao-24-107733.pdf"", ""page"": 2, ""distance"": 1.3039425611495972}, {""rank"": 8, ""document"": ""gao-24-107231.pdf"", ""page"": 46, ""distance"": 1.3044668436050415}]",0.011515899968799204
EQ097,What is the organization-wide policy for reporting workplace harassment?,Not available in the supplied knowledge base,,,9,False,"[{""rank"": 1, ""document"": ""d24105658.pdf"", ""page"": 3, ""distance"": 1.2107644081115723}, {""rank"": 2, ""document"": ""d24105658.pdf"", ""page"": 2, ""distance"": 1.261049747467041}, {""rank"": 3, ""document"": ""gao-23-105480.pdf"", ""page"": 22, ""distance"": 1.2692248821258545}, {""rank"": 4, ""document"": ""gao-23-105480.pdf"", ""page"": 23, ""distance"": 1.2770792245864868}, {""rank"": 5, ""document"": ""gao-24-107231.pdf"", ""page"": 39, ""distance"": 1.2809686660766602}, {""rank"": 6, ""document"": ""gao-24-107231.pdf"", ""page"": 40, ""distance"": 1.2857465744018555}, {""rank"": 7, ""document"": ""gao-24-107733.pdf"", ""page"": 2, ""distance"": 1.3039425611495972}, {""rank"": 8, ""document"": ""gao-24-107231.pdf"", ""page"": 46, ""distance"": 1.3044668436050415}, {""rank"": 9, ""document"": ""gao-16-885t.pdf"", ""page"": 13, ""distance"": 1.3119699954986572}]",0.00999190000584349
EQ097,What is the organization-wide policy for reporting workplace harassment?,Not available in the supplied knowledge base,,,10,False,"[{""rank"": 1, ""document"": ""d24105658.pdf"", ""page"": 3, ""distance"": 1.2107644081115723}, {""rank"": 2, ""document"": ""d24105658.pdf"", ""page"": 2, ""distance"": 1.261049747467041}, {""rank"": 3, ""document"": ""gao-23-105480.pdf"", ""page"": 22, ""distance"": 1.2692248821258545}, {""rank"": 4, ""document"": ""gao-23-105480.pdf"", ""page"": 23, ""distance"": 1.2770792245864868}, {""rank"": 5, ""document"": ""gao-24-107231.pdf"", ""page"": 39, ""distance"": 1.2809686660766602}, {""rank"": 6, ""document"": ""gao-24-107231.pdf"", ""page"": 40, ""distance"": 1.2857465744018555}, {""rank"": 7, ""document"": ""gao-24-107733.pdf"", ""page"": 2, ""distance"": 1.3039425611495972}, {""rank"": 8, ""document"": ""gao-24-107231.pdf"", ""page"": 46, ""distance"": 1.3044668436050415}, {""rank"": 9, ""document"": ""gao-16-885t.pdf"", ""page"": 13, ""distance"": 1.3119699954986572}, {""rank"": 10, ""document"": ""d24105658.pdf"", ""page"": 34, ""distance"": 1.3269543647766113}]",0.01091210002778098
EQ098,How do employee performance ratings affect annual bonuses?,Not available in the supplied knowledge base,,,1,False,"[{""rank"": 1, ""document"": ""gao-26-900644.pdf"", ""page"": 151, ""distance"": 1.1465026140213013}]",0.010508100036531687
EQ098,How do employee performance ratings affect annual bonuses?,Not available in the supplied knowledge base,,,2,False,"[{""rank"": 1, ""document"": ""gao-26-900644.pdf"", ""page"": 151, ""distance"": 1.1465026140213013}, {""rank"": 2, ""document"": ""gao-26-900644.pdf"", ""page"": 35, ""distance"": 1.1747727394104004}]",0.009871999965980649
EQ098,How do employee performance ratings affect annual bonuses?,Not available in the supplied knowledge base,,,3,False,"[{""rank"": 1, ""document"": ""gao-26-900644.pdf"", ""page"": 151, ""distance"": 1.1465026140213013}, {""rank"": 2, ""document"": ""gao-26-900644.pdf"", ""page"": 35, ""distance"": 1.1747727394104004}, {""rank"": 3, ""document"": ""gao-26-900644.pdf"", ""page"": 36, ""distance"": 1.1948765516281128}]",0.009174300008453429
EQ098,How do employee performance ratings affect annual bonuses?,Not available in the supplied knowledge base,,,4,False,"[{""rank"": 1, ""document"": ""gao-26-900644.pdf"", ""page"": 151, ""distance"": 1.1465026140213013}, {""rank"": 2, ""document"": ""gao-26-900644.pdf"", ""page"": 35, ""distance"": 1.1747727394104004}, {""rank"": 3, ""document"": ""gao-26-900644.pdf"", ""page"": 36, ""distance"": 1.1948765516281128}, {""rank"": 4, ""document"": ""gao-26-900644.pdf"", ""page"": 50, ""distance"": 1.2227928638458252}]",0.010669899987988174
EQ098,How do employee performance ratings affect annual bonuses?,Not available in the supplied knowledge base,,,5,False,"[{""rank"": 1, ""document"": ""gao-26-900644.pdf"", ""page"": 151, ""distance"": 1.1465026140213013}, {""rank"": 2, ""document"": ""gao-26-900644.pdf"", ""page"": 35, ""distance"": 1.1747727394104004}, {""rank"": 3, ""document"": ""gao-26-900644.pdf"", ""page"": 36, ""distance"": 1.1948765516281128}, {""rank"": 4, ""document"": ""gao-26-900644.pdf"", ""page"": 50, ""distance"": 1.2227928638458252}, {""rank"": 5, ""document"": ""gao-26-900644.pdf"", ""page"": 32, ""distance"": 1.223865270614624}]",0.011066699982620776
EQ098,How do employee performance ratings affect annual bonuses?,Not available in the supplied knowledge base,,,6,False,"[{""rank"": 1, ""document"": ""gao-26-900644.pdf"", ""page"": 151, ""distance"": 1.1465026140213013}, {""rank"": 2, ""document"": ""gao-26-900644.pdf"", ""page"": 35, ""distance"": 1.1747727394104004}, {""rank"": 3, ""document"": ""gao-26-900644.pdf"", ""page"": 36, ""distance"": 1.1948765516281128}, {""rank"": 4, ""document"": ""gao-26-900644.pdf"", ""page"": 50, ""distance"": 1.2227928638458252}, {""rank"": 5, ""document"": ""gao-26-900644.pdf"", ""page"": 32, ""distance"": 1.223865270614624}, {""rank"": 6, ""document"": ""gao-26-900644.pdf"", ""page"": 50, ""distance"": 1.2273197174072266}]",0.009273800009395927
EQ098,How do employee performance ratings affect annual bonuses?,Not available in the supplied knowledge base,,,7,False,"[{""rank"": 1, ""document"": ""gao-26-900644.pdf"", ""page"": 151, ""distance"": 1.1465026140213013}, {""rank"": 2, ""document"": ""gao-26-900644.pdf"", ""page"": 35, ""distance"": 1.1747727394104004}, {""rank"": 3, ""document"": ""gao-26-900644.pdf"", ""page"": 36, ""distance"": 1.1948765516281128}, {""rank"": 4, ""document"": ""gao-26-900644.pdf"", ""page"": 50, ""distance"": 1.2227928638458252}, {""rank"": 5, ""document"": ""gao-26-900644.pdf"", ""page"": 32, ""distance"": 1.223865270614624}, {""rank"": 6, ""document"": ""gao-26-900644.pdf"", ""page"": 50, ""distance"": 1.2273197174072266}, {""rank"": 7, ""document"": ""gao-26-900644.pdf"", ""page"": 40, ""distance"": 1.2396974563598633}]",0.009564300009515136
EQ098,How do employee performance ratings affect annual bonuses?,Not available in the supplied knowledge base,,,8,False,"[{""rank"": 1, ""document"": ""gao-26-900644.pdf"", ""page"": 151, ""distance"": 1.1465026140213013}, {""rank"": 2, ""document"": ""gao-26-900644.pdf"", ""page"": 35, ""distance"": 1.1747727394104004}, {""rank"": 3, ""document"": ""gao-26-900644.pdf"", ""page"": 36, ""distance"": 1.1948765516281128}, {""rank"": 4, ""document"": ""gao-26-900644.pdf"", ""page"": 50, ""distance"": 1.2227928638458252}, {""rank"": 5, ""document"": ""gao-26-900644.pdf"", ""page"": 32, ""distance"": 1.223865270614624}, {""rank"": 6, ""document"": ""gao-26-900644.pdf"", ""page"": 50, ""distance"": 1.2273197174072266}, {""rank"": 7, ""document"": ""gao-26-900644.pdf"", ""page"": 40, ""distance"": 1.2396974563598633}, {""rank"": 8, ""document"": ""gao-26-900644.pdf"", ""page"": 101, ""distance"": 1.2437657117843628}]",0.009369399980641901
EQ098,How do employee performance ratings affect annual bonuses?,Not available in the supplied knowledge base,,,9,False,"[{""rank"": 1, ""document"": ""gao-26-900644.pdf"", ""page"": 151, ""distance"": 1.1465026140213013}, {""rank"": 2, ""document"": ""gao-26-900644.pdf"", ""page"": 35, ""distance"": 1.1747727394104004}, {""rank"": 3, ""document"": ""gao-26-900644.pdf"", ""page"": 36, ""distance"": 1.1948765516281128}, {""rank"": 4, ""document"": ""gao-26-900644.pdf"", ""page"": 50, ""distance"": 1.2227928638458252}, {""rank"": 5, ""document"": ""gao-26-900644.pdf"", ""page"": 32, ""distance"": 1.223865270614624}, {""rank"": 6, ""document"": ""gao-26-900644.pdf"", ""page"": 50, ""distance"": 1.2273197174072266}, {""rank"": 7, ""document"": ""gao-26-900644.pdf"", ""page"": 40, ""distance"": 1.2396974563598633}, {""rank"": 8, ""document"": ""gao-26-900644.pdf"", ""page"": 101, ""distance"": 1.2437657117843628}, {""rank"": 9, ""document"": ""gao-26-900644.pdf"", ""page"": 94, ""distance"": 1.2521233558654785}]",0.011367200000677258
EQ098,How do employee performance ratings affect annual bonuses?,Not available in the supplied knowledge base,,,10,False,"[{""rank"": 1, ""document"": ""gao-26-900644.pdf"", ""page"": 151, ""distance"": 1.1465026140213013}, {""rank"": 2, ""document"": ""gao-26-900644.pdf"", ""page"": 35, ""distance"": 1.1747727394104004}, {""rank"": 3, ""document"": ""gao-26-900644.pdf"", ""page"": 36, ""distance"": 1.1948765516281128}, {""rank"": 4, ""document"": ""gao-26-900644.pdf"", ""page"": 50, ""distance"": 1.2227928638458252}, {""rank"": 5, ""document"": ""gao-26-900644.pdf"", ""page"": 32, ""distance"": 1.223865270614624}, {""rank"": 6, ""document"": ""gao-26-900644.pdf"", ""page"": 50, ""distance"": 1.2273197174072266}, {""rank"": 7, ""document"": ""gao-26-900644.pdf"", ""page"": 40, ""distance"": 1.2396974563598633}, {""rank"": 8, ""document"": ""gao-26-900644.pdf"", ""page"": 101, ""distance"": 1.2437657117843628}, {""rank"": 9, ""document"": ""gao-26-900644.pdf"", ""page"": 94, ""distance"": 1.2521233558654785}, {""rank"": 10, ""document"": ""gao-26-900644.pdf"", ""page"": 152, ""distance"": 1.2606979608535767}]",0.009496300015598536
EQ099,"Can a remote employee work temporarily from another country, and what approvals are needed?",Not available in the supplied knowledge base,,,1,False,"[{""rank"": 1, ""document"": ""d24106576.pdf"", ""page"": 33, ""distance"": 1.379116415977478}]",0.011526099988259375
EQ099,"Can a remote employee work temporarily from another country, and what approvals are needed?",Not available in the supplied knowledge base,,,2,False,"[{""rank"": 1, ""document"": ""d24106576.pdf"", ""page"": 33, ""distance"": 1.379116415977478}, {""rank"": 2, ""document"": ""d24106576.pdf"", ""page"": 65, ""distance"": 1.4048089981079102}]",0.011060399992857128
EQ099,"Can a remote employee work temporarily from another country, and what approvals are needed?",Not available in the supplied knowledge base,,,3,False,"[{""rank"": 1, ""document"": ""d24106576.pdf"", ""page"": 33, ""distance"": 1.379116415977478}, {""rank"": 2, ""document"": ""d24106576.pdf"", ""page"": 65, ""distance"": 1.4048089981079102}, {""rank"": 3, ""document"": ""d24106576.pdf"", ""page"": 32, ""distance"": 1.4305059909820557}]",0.011463700036983937
EQ099,"Can a remote employee work temporarily from another country, and what approvals are needed?",Not available in the supplied knowledge base,,,4,False,"[{""rank"": 1, ""document"": ""d24106576.pdf"", ""page"": 33, ""distance"": 1.379116415977478}, {""rank"": 2, ""document"": ""d24106576.pdf"", ""page"": 65, ""distance"": 1.4048089981079102}, {""rank"": 3, ""document"": ""d24106576.pdf"", ""page"": 32, ""distance"": 1.4305059909820557}, {""rank"": 4, ""document"": ""gao-26-900644.pdf"", ""page"": 63, ""distance"": 1.4361017942428589}]",0.010946599999442697
EQ099,"Can a remote employee work temporarily from another country, and what approvals are needed?",Not available in the supplied knowledge base,,,5,False,"[{""rank"": 1, ""document"": ""d24106576.pdf"", ""page"": 33, ""distance"": 1.379116415977478}, {""rank"": 2, ""document"": ""d24106576.pdf"", ""page"": 65, ""distance"": 1.4048089981079102}, {""rank"": 3, ""document"": ""d24106576.pdf"", ""page"": 32, ""distance"": 1.4305059909820557}, {""rank"": 4, ""document"": ""gao-26-900644.pdf"", ""page"": 63, ""distance"": 1.4361017942428589}, {""rank"": 5, ""document"": ""d24105658.pdf"", ""page"": 76, ""distance"": 1.4415210485458374}]",0.010062600020319223
EQ099,"Can a remote employee work temporarily from another country, and what approvals are needed?",Not available in the supplied knowledge base,,,6,False,"[{""rank"": 1, ""document"": ""d24106576.pdf"", ""page"": 33, ""distance"": 1.379116415977478}, {""rank"": 2, ""document"": ""d24106576.pdf"", ""page"": 65, ""distance"": 1.4048089981079102}, {""rank"": 3, ""document"": ""d24106576.pdf"", ""page"": 32, ""distance"": 1.4305059909820557}, {""rank"": 4, ""document"": ""gao-26-900644.pdf"", ""page"": 63, ""distance"": 1.4361017942428589}, {""rank"": 5, ""document"": ""d24105658.pdf"", ""page"": 76, ""distance"": 1.4415210485458374}, {""rank"": 6, ""document"": ""d24105658.pdf"", ""page"": 20, ""distance"": 1.4460203647613525}]",0.011882100021466613
EQ099,"Can a remote employee work temporarily from another country, and what approvals are needed?",Not available in the supplied knowledge base,,,7,False,"[{""rank"": 1, ""document"": ""d24106576.pdf"", ""page"": 33, ""distance"": 1.379116415977478}, {""rank"": 2, ""document"": ""d24106576.pdf"", ""page"": 65, ""distance"": 1.4048089981079102}, {""rank"": 3, ""document"": ""d24106576.pdf"", ""page"": 32, ""distance"": 1.4305059909820557}, {""rank"": 4, ""document"": ""gao-26-900644.pdf"", ""page"": 63, ""distance"": 1.4361017942428589}, {""rank"": 5, ""document"": ""d24105658.pdf"", ""page"": 76, ""distance"": 1.4415210485458374}, {""rank"": 6, ""document"": ""d24105658.pdf"", ""page"": 20, ""distance"": 1.4460203647613525}, {""rank"": 7, ""document"": ""gao-26-900644.pdf"", ""page"": 144, ""distance"": 1.4466878175735474}]",0.027520400006324053
EQ099,"Can a remote employee work temporarily from another country, and what approvals are needed?",Not available in the supplied knowledge base,,,8,False,"[{""rank"": 1, ""document"": ""d24106576.pdf"", ""page"": 33, ""distance"": 1.379116415977478}, {""rank"": 2, ""document"": ""d24106576.pdf"", ""page"": 65, ""distance"": 1.4048089981079102}, {""rank"": 3, ""document"": ""d24106576.pdf"", ""page"": 32, ""distance"": 1.4305059909820557}, {""rank"": 4, ""document"": ""gao-26-900644.pdf"", ""page"": 63, ""distance"": 1.4361017942428589}, {""rank"": 5, ""document"": ""d24105658.pdf"", ""page"": 76, ""distance"": 1.4415210485458374}, {""rank"": 6, ""document"": ""d24105658.pdf"", ""page"": 20, ""distance"": 1.4460203647613525}, {""rank"": 7, ""document"": ""gao-26-900644.pdf"", ""page"": 144, ""distance"": 1.4466878175735474}, {""rank"": 8, ""document"": ""d24106576.pdf"", ""page"": 14, ""distance"": 1.4657164812088013}]",0.011264000029768795
EQ099,"Can a remote employee work temporarily from another country, and what approvals are needed?",Not available in the supplied knowledge base,,,9,False,"[{""rank"": 1, ""document"": ""d24106576.pdf"", ""page"": 33, ""distance"": 1.379116415977478}, {""rank"": 2, ""document"": ""d24106576.pdf"", ""page"": 65, ""distance"": 1.4048089981079102}, {""rank"": 3, ""document"": ""d24106576.pdf"", ""page"": 32, ""distance"": 1.4305059909820557}, {""rank"": 4, ""document"": ""gao-26-900644.pdf"", ""page"": 63, ""distance"": 1.4361017942428589}, {""rank"": 5, ""document"": ""d24105658.pdf"", ""page"": 76, ""distance"": 1.4415210485458374}, {""rank"": 6, ""document"": ""d24105658.pdf"", ""page"": 20, ""distance"": 1.4460203647613525}, {""rank"": 7, ""document"": ""gao-26-900644.pdf"", ""page"": 144, ""distance"": 1.4466878175735474}, {""rank"": 8, ""document"": ""d24106576.pdf"", ""page"": 14, ""distance"": 1.4657164812088013}, {""rank"": 9, ""document"": ""d24105658.pdf"", ""page"": 77, ""distance"": 1.480955719947815}]",0.011729499965440482
EQ099,"Can a remote employee work temporarily from another country, and what approvals are needed?",Not available in the supplied knowledge base,,,10,False,"[{""rank"": 1, ""document"": ""d24106576.pdf"", ""page"": 33, ""distance"": 1.379116415977478}, {""rank"": 2, ""document"": ""d24106576.pdf"", ""page"": 65, ""distance"": 1.4048089981079102}, {""rank"": 3, ""document"": ""d24106576.pdf"", ""page"": 32, ""distance"": 1.4305059909820557}, {""rank"": 4, ""document"": ""gao-26-900644.pdf"", ""page"": 63, ""distance"": 1.4361017942428589}, {""rank"": 5, ""document"": ""d24105658.pdf"", ""page"": 76, ""distance"": 1.4415210485458374}, {""rank"": 6, ""document"": ""d24105658.pdf"", ""page"": 20, ""distance"": 1.4460203647613525}, {""rank"": 7, ""document"": ""gao-26-900644.pdf"", ""page"": 144, ""distance"": 1.4466878175735474}, {""rank"": 8, ""document"": ""d24106576.pdf"", ""page"": 14, ""distance"": 1.4657164812088013}, {""rank"": 9, ""document"": ""d24105658.pdf"", ""page"": 77, ""distance"": 1.480955719947815}, {""rank"": 10, ""document"": ""d24106576.pdf"", ""page"": 37, ""distance"": 1.4876384735107422}]",0.012550199986435473
EQ100,What employee data-retention schedule applies to personnel records and who may approve exceptions?,Not available in the supplied knowledge base,,,1,False,"[{""rank"": 1, ""document"": ""gao-26-900644.pdf"", ""page"": 154, ""distance"": 0.948955774307251}]",0.012823699973523617
EQ100,What employee data-retention schedule applies to personnel records and who may approve exceptions?,Not available in the supplied knowledge base,,,2,False,"[{""rank"": 1, ""document"": ""gao-26-900644.pdf"", ""page"": 154, ""distance"": 0.948955774307251}, {""rank"": 2, ""document"": ""gao-26-900644.pdf"", ""page"": 155, ""distance"": 1.0623328685760498}]",0.011537700018379837
EQ100,What employee data-retention schedule applies to personnel records and who may approve exceptions?,Not available in the supplied knowledge base,,,3,False,"[{""rank"": 1, ""document"": ""gao-26-900644.pdf"", ""page"": 154, ""distance"": 0.948955774307251}, {""rank"": 2, ""document"": ""gao-26-900644.pdf"", ""page"": 155, ""distance"": 1.0623328685760498}, {""rank"": 3, ""document"": ""gao-26-900644.pdf"", ""page"": 150, ""distance"": 1.1447430849075317}]",0.011057800031267107
EQ100,What employee data-retention schedule applies to personnel records and who may approve exceptions?,Not available in the supplied knowledge base,,,4,False,"[{""rank"": 1, ""document"": ""gao-26-900644.pdf"", ""page"": 154, ""distance"": 0.948955774307251}, {""rank"": 2, ""document"": ""gao-26-900644.pdf"", ""page"": 155, ""distance"": 1.0623328685760498}, {""rank"": 3, ""document"": ""gao-26-900644.pdf"", ""page"": 150, ""distance"": 1.1447430849075317}, {""rank"": 4, ""document"": ""gao-26-108615.pdf"", ""page"": 16, ""distance"": 1.156083106994629}]",0.012832100037485361
EQ100,What employee data-retention schedule applies to personnel records and who may approve exceptions?,Not available in the supplied knowledge base,,,5,False,"[{""rank"": 1, ""document"": ""gao-26-900644.pdf"", ""page"": 154, ""distance"": 0.948955774307251}, {""rank"": 2, ""document"": ""gao-26-900644.pdf"", ""page"": 155, ""distance"": 1.0623328685760498}, {""rank"": 3, ""document"": ""gao-26-900644.pdf"", ""page"": 150, ""distance"": 1.1447430849075317}, {""rank"": 4, ""document"": ""gao-26-108615.pdf"", ""page"": 16, ""distance"": 1.156083106994629}, {""rank"": 5, ""document"": ""gao-26-900644.pdf"", ""page"": 59, ""distance"": 1.1651005744934082}]",0.011986400000751019
EQ100,What employee data-retention schedule applies to personnel records and who may approve exceptions?,Not available in the supplied knowledge base,,,6,False,"[{""rank"": 1, ""document"": ""gao-26-900644.pdf"", ""page"": 154, ""distance"": 0.948955774307251}, {""rank"": 2, ""document"": ""gao-26-900644.pdf"", ""page"": 155, ""distance"": 1.0623328685760498}, {""rank"": 3, ""document"": ""gao-26-900644.pdf"", ""page"": 150, ""distance"": 1.1447430849075317}, {""rank"": 4, ""document"": ""gao-26-108615.pdf"", ""page"": 16, ""distance"": 1.156083106994629}, {""rank"": 5, ""document"": ""gao-26-900644.pdf"", ""page"": 59, ""distance"": 1.1651005744934082}, {""rank"": 6, ""document"": ""d24105658.pdf"", ""page"": 24, ""distance"": 1.1654616594314575}]",0.009786199952941388
EQ100,What employee data-retention schedule applies to personnel records and who may approve exceptions?,Not available in the supplied knowledge base,,,7,False,"[{""rank"": 1, ""document"": ""gao-26-900644.pdf"", ""page"": 154, ""distance"": 0.948955774307251}, {""rank"": 2, ""document"": ""gao-26-900644.pdf"", ""page"": 155, ""distance"": 1.0623328685760498}, {""rank"": 3, ""document"": ""gao-26-900644.pdf"", ""page"": 150, ""distance"": 1.1447430849075317}, {""rank"": 4, ""document"": ""gao-26-108615.pdf"", ""page"": 16, ""distance"": 1.156083106994629}, {""rank"": 5, ""document"": ""gao-26-900644.pdf"", ""page"": 59, ""distance"": 1.1651005744934082}, {""rank"": 6, ""document"": ""d24105658.pdf"", ""page"": 24, ""distance"": 1.1654616594314575}, {""rank"": 7, ""document"": ""d24105658.pdf"", ""page"": 31, ""distance"": 1.1829359531402588}]",0.010237500013317913
EQ100,What employee data-retention schedule applies to personnel records and who may approve exceptions?,Not available in the supplied knowledge base,,,8,False,"[{""rank"": 1, ""document"": ""gao-26-900644.pdf"", ""page"": 154, ""distance"": 0.948955774307251}, {""rank"": 2, ""document"": ""gao-26-900644.pdf"", ""page"": 155, ""distance"": 1.0623328685760498}, {""rank"": 3, ""document"": ""gao-26-900644.pdf"", ""page"": 150, ""distance"": 1.1447430849075317}, {""rank"": 4, ""document"": ""gao-26-108615.pdf"", ""page"": 16, ""distance"": 1.156083106994629}, {""rank"": 5, ""document"": ""gao-26-900644.pdf"", ""page"": 59, ""distance"": 1.1651005744934082}, {""rank"": 6, ""document"": ""d24105658.pdf"", ""page"": 24, ""distance"": 1.1654616594314575}, {""rank"": 7, ""document"": ""d24105658.pdf"", ""page"": 31, ""distance"": 1.1829359531402588}, {""rank"": 8, ""document"": ""gao-26-108615.pdf"", ""page"": 21, ""distance"": 1.2088741064071655}]",0.010201799974311143
EQ100,What employee data-retention schedule applies to personnel records and who may approve exceptions?,Not available in the supplied knowledge base,,,9,False,"[{""rank"": 1, ""document"": ""gao-26-900644.pdf"", ""page"": 154, ""distance"": 0.948955774307251}, {""rank"": 2, ""document"": ""gao-26-900644.pdf"", ""page"": 155, ""distance"": 1.0623328685760498}, {""rank"": 3, ""document"": ""gao-26-900644.pdf"", ""page"": 150, ""distance"": 1.1447430849075317}, {""rank"": 4, ""document"": ""gao-26-108615.pdf"", ""page"": 16, ""distance"": 1.156083106994629}, {""rank"": 5, ""document"": ""gao-26-900644.pdf"", ""page"": 59, ""distance"": 1.1651005744934082}, {""rank"": 6, ""document"": ""d24105658.pdf"", ""page"": 24, ""distance"": 1.1654616594314575}, {""rank"": 7, ""document"": ""d24105658.pdf"", ""page"": 31, ""distance"": 1.1829359531402588}, {""rank"": 8, ""document"": ""gao-26-108615.pdf"", ""page"": 21, ""distance"": 1.2088741064071655}, {""rank"": 9, ""document"": ""gao-26-108615.pdf"", ""page"": 45, ""distance"": 1.2152270078659058}]",0.010807899991050363
EQ100,What employee data-retention schedule applies to personnel records and who may approve exceptions?,Not available in the supplied knowledge base,,,10,False,"[{""rank"": 1, ""document"": ""gao-26-900644.pdf"", ""page"": 154, ""distance"": 0.948955774307251}, {""rank"": 2, ""document"": ""gao-26-900644.pdf"", ""page"": 155, ""distance"": 1.0623328685760498}, {""rank"": 3, ""document"": ""gao-26-900644.pdf"", ""page"": 150, ""distance"": 1.1447430849075317}, {""rank"": 4, ""document"": ""gao-26-108615.pdf"", ""page"": 16, ""distance"": 1.156083106994629}, {""rank"": 5, ""document"": ""gao-26-900644.pdf"", ""page"": 59, ""distance"": 1.1651005744934082}, {""rank"": 6, ""document"": ""d24105658.pdf"", ""page"": 24, ""distance"": 1.1654616594314575}, {""rank"": 7, ""document"": ""d24105658.pdf"", ""page"": 31, ""distance"": 1.1829359531402588}, {""rank"": 8, ""document"": ""gao-26-108615.pdf"", ""page"": 21, ""distance"": 1.2088741064071655}, {""rank"": 9, ""document"": ""gao-26-108615.pdf"", ""page"": 45, ""distance"": 1.2152270078659058}, {""rank"": 10, ""document"": ""gao-24-107231.pdf"", ""page"": 75, ""distance"": 1.2545329332351685}]",0.012051499972585589
