ID,Question,Reference_Answer,Expected_Source_Document,Expected_Source_Page,K,Expected_Sources,Retrieved_Sources,Document_Coverage,Page_Coverage,All_Documents_Found,All_Pages_Found,Retrieval_Time_Seconds
EQ001,What three types of support do federal agencies rely on for cybersecurity incident response?,"They rely on tools, services, and resources such as skilled staff and funding.",GAO-24-105658,PDF p. 2,1,"[{""evaluation_document"": ""GAO-24-105658"", ""indexed_document"": ""d24105658.pdf"", ""expected_pages"": [2]}]","[{""rank"": 1, ""document"": ""d24105658.pdf"", ""page"": 17, ""distance"": 0.5487039685249329}]",1.0,0.0,True,False,0.43093279999447986
EQ001,What three types of support do federal agencies rely on for cybersecurity incident response?,"They rely on tools, services, and resources such as skilled staff and funding.",GAO-24-105658,PDF p. 2,2,"[{""evaluation_document"": ""GAO-24-105658"", ""indexed_document"": ""d24105658.pdf"", ""expected_pages"": [2]}]","[{""rank"": 1, ""document"": ""d24105658.pdf"", ""page"": 17, ""distance"": 0.5487039685249329}, {""rank"": 2, ""document"": ""d24105658.pdf"", ""page"": 8, ""distance"": 0.5511332750320435}]",1.0,0.0,True,False,0.09148070000810549
EQ001,What three types of support do federal agencies rely on for cybersecurity incident response?,"They rely on tools, services, and resources such as skilled staff and funding.",GAO-24-105658,PDF p. 2,3,"[{""evaluation_document"": ""GAO-24-105658"", ""indexed_document"": ""d24105658.pdf"", ""expected_pages"": [2]}]","[{""rank"": 1, ""document"": ""d24105658.pdf"", ""page"": 17, ""distance"": 0.5487039685249329}, {""rank"": 2, ""document"": ""d24105658.pdf"", ""page"": 8, ""distance"": 0.5511332750320435}, {""rank"": 3, ""document"": ""gao-24-107231.pdf"", ""page"": 45, ""distance"": 0.5619978308677673}]",1.0,0.0,True,False,0.018620399991050363
EQ001,What three types of support do federal agencies rely on for cybersecurity incident response?,"They rely on tools, services, and resources such as skilled staff and funding.",GAO-24-105658,PDF p. 2,4,"[{""evaluation_document"": ""GAO-24-105658"", ""indexed_document"": ""d24105658.pdf"", ""expected_pages"": [2]}]","[{""rank"": 1, ""document"": ""d24105658.pdf"", ""page"": 17, ""distance"": 0.5487039685249329}, {""rank"": 2, ""document"": ""d24105658.pdf"", ""page"": 8, ""distance"": 0.5511332750320435}, {""rank"": 3, ""document"": ""gao-24-107231.pdf"", ""page"": 45, ""distance"": 0.5619978308677673}, {""rank"": 4, ""document"": ""d24105658.pdf"", ""page"": 22, ""distance"": 0.591919481754303}]",1.0,0.0,True,False,0.02670439996290952
EQ001,What three types of support do federal agencies rely on for cybersecurity incident response?,"They rely on tools, services, and resources such as skilled staff and funding.",GAO-24-105658,PDF p. 2,5,"[{""evaluation_document"": ""GAO-24-105658"", ""indexed_document"": ""d24105658.pdf"", ""expected_pages"": [2]}]","[{""rank"": 1, ""document"": ""d24105658.pdf"", ""page"": 17, ""distance"": 0.5487039685249329}, {""rank"": 2, ""document"": ""d24105658.pdf"", ""page"": 8, ""distance"": 0.5511332750320435}, {""rank"": 3, ""document"": ""gao-24-107231.pdf"", ""page"": 45, ""distance"": 0.5619978308677673}, {""rank"": 4, ""document"": ""d24105658.pdf"", ""page"": 22, ""distance"": 0.591919481754303}, {""rank"": 5, ""document"": ""d24105658.pdf"", ""page"": 3, ""distance"": 0.5973328351974487}]",1.0,0.0,True,False,0.021233600040432066
EQ001,What three types of support do federal agencies rely on for cybersecurity incident response?,"They rely on tools, services, and resources such as skilled staff and funding.",GAO-24-105658,PDF p. 2,6,"[{""evaluation_document"": ""GAO-24-105658"", ""indexed_document"": ""d24105658.pdf"", ""expected_pages"": [2]}]","[{""rank"": 1, ""document"": ""d24105658.pdf"", ""page"": 17, ""distance"": 0.5487039685249329}, {""rank"": 2, ""document"": ""d24105658.pdf"", ""page"": 8, ""distance"": 0.5511332750320435}, {""rank"": 3, ""document"": ""gao-24-107231.pdf"", ""page"": 45, ""distance"": 0.5619978308677673}, {""rank"": 4, ""document"": ""d24105658.pdf"", ""page"": 22, ""distance"": 0.591919481754303}, {""rank"": 5, ""document"": ""d24105658.pdf"", ""page"": 3, ""distance"": 0.5973328351974487}, {""rank"": 6, ""document"": ""d24105658.pdf"", ""page"": 18, ""distance"": 0.6114742755889893}]",1.0,0.0,True,False,0.013965000049211085
EQ001,What three types of support do federal agencies rely on for cybersecurity incident response?,"They rely on tools, services, and resources such as skilled staff and funding.",GAO-24-105658,PDF p. 2,7,"[{""evaluation_document"": ""GAO-24-105658"", ""indexed_document"": ""d24105658.pdf"", ""expected_pages"": [2]}]","[{""rank"": 1, ""document"": ""d24105658.pdf"", ""page"": 17, ""distance"": 0.5487039685249329}, {""rank"": 2, ""document"": ""d24105658.pdf"", ""page"": 8, ""distance"": 0.5511332750320435}, {""rank"": 3, ""document"": ""gao-24-107231.pdf"", ""page"": 45, ""distance"": 0.5619978308677673}, {""rank"": 4, ""document"": ""d24105658.pdf"", ""page"": 22, ""distance"": 0.591919481754303}, {""rank"": 5, ""document"": ""d24105658.pdf"", ""page"": 3, ""distance"": 0.5973328351974487}, {""rank"": 6, ""document"": ""d24105658.pdf"", ""page"": 18, ""distance"": 0.6114742755889893}, {""rank"": 7, ""document"": ""d24105658.pdf"", ""page"": 20, ""distance"": 0.6142799854278564}]",1.0,0.0,True,False,0.020619800023268908
EQ001,What three types of support do federal agencies rely on for cybersecurity incident response?,"They rely on tools, services, and resources such as skilled staff and funding.",GAO-24-105658,PDF p. 2,8,"[{""evaluation_document"": ""GAO-24-105658"", ""indexed_document"": ""d24105658.pdf"", ""expected_pages"": [2]}]","[{""rank"": 1, ""document"": ""d24105658.pdf"", ""page"": 17, ""distance"": 0.5487039685249329}, {""rank"": 2, ""document"": ""d24105658.pdf"", ""page"": 8, ""distance"": 0.5511332750320435}, {""rank"": 3, ""document"": ""gao-24-107231.pdf"", ""page"": 45, ""distance"": 0.5619978308677673}, {""rank"": 4, ""document"": ""d24105658.pdf"", ""page"": 22, ""distance"": 0.591919481754303}, {""rank"": 5, ""document"": ""d24105658.pdf"", ""page"": 3, ""distance"": 0.5973328351974487}, {""rank"": 6, ""document"": ""d24105658.pdf"", ""page"": 18, ""distance"": 0.6114742755889893}, {""rank"": 7, ""document"": ""d24105658.pdf"", ""page"": 20, ""distance"": 0.6142799854278564}, {""rank"": 8, ""document"": ""d24105658.pdf"", ""page"": 9, ""distance"": 0.6292538642883301}]",1.0,0.0,True,False,0.016230199951678514
EQ001,What three types of support do federal agencies rely on for cybersecurity incident response?,"They rely on tools, services, and resources such as skilled staff and funding.",GAO-24-105658,PDF p. 2,9,"[{""evaluation_document"": ""GAO-24-105658"", ""indexed_document"": ""d24105658.pdf"", ""expected_pages"": [2]}]","[{""rank"": 1, ""document"": ""d24105658.pdf"", ""page"": 17, ""distance"": 0.5487039685249329}, {""rank"": 2, ""document"": ""d24105658.pdf"", ""page"": 8, ""distance"": 0.5511332750320435}, {""rank"": 3, ""document"": ""gao-24-107231.pdf"", ""page"": 45, ""distance"": 0.5619978308677673}, {""rank"": 4, ""document"": ""d24105658.pdf"", ""page"": 22, ""distance"": 0.591919481754303}, {""rank"": 5, ""document"": ""d24105658.pdf"", ""page"": 3, ""distance"": 0.5973328351974487}, {""rank"": 6, ""document"": ""d24105658.pdf"", ""page"": 18, ""distance"": 0.6114742755889893}, {""rank"": 7, ""document"": ""d24105658.pdf"", ""page"": 20, ""distance"": 0.6142799854278564}, {""rank"": 8, ""document"": ""d24105658.pdf"", ""page"": 9, ""distance"": 0.6292538642883301}, {""rank"": 9, ""document"": ""gao-24-107231.pdf"", ""page"": 60, ""distance"": 0.6342428922653198}]",1.0,0.0,True,False,0.019550199969671667
EQ001,What three types of support do federal agencies rely on for cybersecurity incident response?,"They rely on tools, services, and resources such as skilled staff and funding.",GAO-24-105658,PDF p. 2,10,"[{""evaluation_document"": ""GAO-24-105658"", ""indexed_document"": ""d24105658.pdf"", ""expected_pages"": [2]}]","[{""rank"": 1, ""document"": ""d24105658.pdf"", ""page"": 17, ""distance"": 0.5487039685249329}, {""rank"": 2, ""document"": ""d24105658.pdf"", ""page"": 8, ""distance"": 0.5511332750320435}, {""rank"": 3, ""document"": ""gao-24-107231.pdf"", ""page"": 45, ""distance"": 0.5619978308677673}, {""rank"": 4, ""document"": ""d24105658.pdf"", ""page"": 22, ""distance"": 0.591919481754303}, {""rank"": 5, ""document"": ""d24105658.pdf"", ""page"": 3, ""distance"": 0.5973328351974487}, {""rank"": 6, ""document"": ""d24105658.pdf"", ""page"": 18, ""distance"": 0.6114742755889893}, {""rank"": 7, ""document"": ""d24105658.pdf"", ""page"": 20, ""distance"": 0.6142799854278564}, {""rank"": 8, ""document"": ""d24105658.pdf"", ""page"": 9, ""distance"": 0.6292538642883301}, {""rank"": 9, ""document"": ""gao-24-107231.pdf"", ""page"": 60, ""distance"": 0.6342428922653198}, {""rank"": 10, ""document"": ""d24105658.pdf"", ""page"": 45, ""distance"": 0.6343860030174255}]",1.0,0.0,True,False,0.017947799991816282
EQ002,How many civilian CFO Act agencies were covered in GAO's incident-response preparedness finding?,The report covered 23 civilian CFO Act agencies.,GAO-24-105658,PDF p. 2,1,"[{""evaluation_document"": ""GAO-24-105658"", ""indexed_document"": ""d24105658.pdf"", ""expected_pages"": [2]}]","[{""rank"": 1, ""document"": ""d24105658.pdf"", ""page"": 2, ""distance"": 0.5854775309562683}]",1.0,1.0,True,True,0.014142400003038347
EQ002,How many civilian CFO Act agencies were covered in GAO's incident-response preparedness finding?,The report covered 23 civilian CFO Act agencies.,GAO-24-105658,PDF p. 2,2,"[{""evaluation_document"": ""GAO-24-105658"", ""indexed_document"": ""d24105658.pdf"", ""expected_pages"": [2]}]","[{""rank"": 1, ""document"": ""d24105658.pdf"", ""page"": 2, ""distance"": 0.5854775309562683}, {""rank"": 2, ""document"": ""d24105658.pdf"", ""page"": 24, ""distance"": 0.7580001950263977}]",1.0,1.0,True,True,0.012669700023252517
EQ002,How many civilian CFO Act agencies were covered in GAO's incident-response preparedness finding?,The report covered 23 civilian CFO Act agencies.,GAO-24-105658,PDF p. 2,3,"[{""evaluation_document"": ""GAO-24-105658"", ""indexed_document"": ""d24105658.pdf"", ""expected_pages"": [2]}]","[{""rank"": 1, ""document"": ""d24105658.pdf"", ""page"": 2, ""distance"": 0.5854775309562683}, {""rank"": 2, ""document"": ""d24105658.pdf"", ""page"": 24, ""distance"": 0.7580001950263977}, {""rank"": 3, ""document"": ""d24105658.pdf"", ""page"": 9, ""distance"": 0.7636392116546631}]",1.0,1.0,True,True,0.02169039996806532
EQ002,How many civilian CFO Act agencies were covered in GAO's incident-response preparedness finding?,The report covered 23 civilian CFO Act agencies.,GAO-24-105658,PDF p. 2,4,"[{""evaluation_document"": ""GAO-24-105658"", ""indexed_document"": ""d24105658.pdf"", ""expected_pages"": [2]}]","[{""rank"": 1, ""document"": ""d24105658.pdf"", ""page"": 2, ""distance"": 0.5854775309562683}, {""rank"": 2, ""document"": ""d24105658.pdf"", ""page"": 24, ""distance"": 0.7580001950263977}, {""rank"": 3, ""document"": ""d24105658.pdf"", ""page"": 9, ""distance"": 0.7636392116546631}, {""rank"": 4, ""document"": ""d24105658.pdf"", ""page"": 47, ""distance"": 0.8006081581115723}]",1.0,1.0,True,True,0.014808300009462982
EQ002,How many civilian CFO Act agencies were covered in GAO's incident-response preparedness finding?,The report covered 23 civilian CFO Act agencies.,GAO-24-105658,PDF p. 2,5,"[{""evaluation_document"": ""GAO-24-105658"", ""indexed_document"": ""d24105658.pdf"", ""expected_pages"": [2]}]","[{""rank"": 1, ""document"": ""d24105658.pdf"", ""page"": 2, ""distance"": 0.5854775309562683}, {""rank"": 2, ""document"": ""d24105658.pdf"", ""page"": 24, ""distance"": 0.7580001950263977}, {""rank"": 3, ""document"": ""d24105658.pdf"", ""page"": 9, ""distance"": 0.7636392116546631}, {""rank"": 4, ""document"": ""d24105658.pdf"", ""page"": 47, ""distance"": 0.8006081581115723}, {""rank"": 5, ""document"": ""d24105658.pdf"", ""page"": 45, ""distance"": 0.8215126991271973}]",1.0,1.0,True,True,0.016259500000160187
EQ002,How many civilian CFO Act agencies were covered in GAO's incident-response preparedness finding?,The report covered 23 civilian CFO Act agencies.,GAO-24-105658,PDF p. 2,6,"[{""evaluation_document"": ""GAO-24-105658"", ""indexed_document"": ""d24105658.pdf"", ""expected_pages"": [2]}]","[{""rank"": 1, ""document"": ""d24105658.pdf"", ""page"": 2, ""distance"": 0.5854775309562683}, {""rank"": 2, ""document"": ""d24105658.pdf"", ""page"": 24, ""distance"": 0.7580001950263977}, {""rank"": 3, ""document"": ""d24105658.pdf"", ""page"": 9, ""distance"": 0.7636392116546631}, {""rank"": 4, ""document"": ""d24105658.pdf"", ""page"": 47, ""distance"": 0.8006081581115723}, {""rank"": 5, ""document"": ""d24105658.pdf"", ""page"": 45, ""distance"": 0.8215126991271973}, {""rank"": 6, ""document"": ""d24105658.pdf"", ""page"": 50, ""distance"": 0.822910487651825}]",1.0,1.0,True,True,0.010485399980098009
EQ002,How many civilian CFO Act agencies were covered in GAO's incident-response preparedness finding?,The report covered 23 civilian CFO Act agencies.,GAO-24-105658,PDF p. 2,7,"[{""evaluation_document"": ""GAO-24-105658"", ""indexed_document"": ""d24105658.pdf"", ""expected_pages"": [2]}]","[{""rank"": 1, ""document"": ""d24105658.pdf"", ""page"": 2, ""distance"": 0.5854775309562683}, {""rank"": 2, ""document"": ""d24105658.pdf"", ""page"": 24, ""distance"": 0.7580001950263977}, {""rank"": 3, ""document"": ""d24105658.pdf"", ""page"": 9, ""distance"": 0.7636392116546631}, {""rank"": 4, ""document"": ""d24105658.pdf"", ""page"": 47, ""distance"": 0.8006081581115723}, {""rank"": 5, ""document"": ""d24105658.pdf"", ""page"": 45, ""distance"": 0.8215126991271973}, {""rank"": 6, ""document"": ""d24105658.pdf"", ""page"": 50, ""distance"": 0.822910487651825}, {""rank"": 7, ""document"": ""d24105658.pdf"", ""page"": 15, ""distance"": 0.856231689453125}]",1.0,1.0,True,True,0.015667400031816214
EQ002,How many civilian CFO Act agencies were covered in GAO's incident-response preparedness finding?,The report covered 23 civilian CFO Act agencies.,GAO-24-105658,PDF p. 2,8,"[{""evaluation_document"": ""GAO-24-105658"", ""indexed_document"": ""d24105658.pdf"", ""expected_pages"": [2]}]","[{""rank"": 1, ""document"": ""d24105658.pdf"", ""page"": 2, ""distance"": 0.5854775309562683}, {""rank"": 2, ""document"": ""d24105658.pdf"", ""page"": 24, ""distance"": 0.7580001950263977}, {""rank"": 3, ""document"": ""d24105658.pdf"", ""page"": 9, ""distance"": 0.7636392116546631}, {""rank"": 4, ""document"": ""d24105658.pdf"", ""page"": 47, ""distance"": 0.8006081581115723}, {""rank"": 5, ""document"": ""d24105658.pdf"", ""page"": 45, ""distance"": 0.8215126991271973}, {""rank"": 6, ""document"": ""d24105658.pdf"", ""page"": 50, ""distance"": 0.822910487651825}, {""rank"": 7, ""document"": ""d24105658.pdf"", ""page"": 15, ""distance"": 0.856231689453125}, {""rank"": 8, ""document"": ""d24105658.pdf"", ""page"": 3, ""distance"": 0.8837590217590332}]",1.0,1.0,True,True,0.015981200034730136
EQ002,How many civilian CFO Act agencies were covered in GAO's incident-response preparedness finding?,The report covered 23 civilian CFO Act agencies.,GAO-24-105658,PDF p. 2,9,"[{""evaluation_document"": ""GAO-24-105658"", ""indexed_document"": ""d24105658.pdf"", ""expected_pages"": [2]}]","[{""rank"": 1, ""document"": ""d24105658.pdf"", ""page"": 2, ""distance"": 0.5854775309562683}, {""rank"": 2, ""document"": ""d24105658.pdf"", ""page"": 24, ""distance"": 0.7580001950263977}, {""rank"": 3, ""document"": ""d24105658.pdf"", ""page"": 9, ""distance"": 0.7636392116546631}, {""rank"": 4, ""document"": ""d24105658.pdf"", ""page"": 47, ""distance"": 0.8006081581115723}, {""rank"": 5, ""document"": ""d24105658.pdf"", ""page"": 45, ""distance"": 0.8215126991271973}, {""rank"": 6, ""document"": ""d24105658.pdf"", ""page"": 50, ""distance"": 0.822910487651825}, {""rank"": 7, ""document"": ""d24105658.pdf"", ""page"": 15, ""distance"": 0.856231689453125}, {""rank"": 8, ""document"": ""d24105658.pdf"", ""page"": 3, ""distance"": 0.8837590217590332}, {""rank"": 9, ""document"": ""d24105658.pdf"", ""page"": 4, ""distance"": 0.884005606174469}]",1.0,1.0,True,True,0.014813899993896484
EQ002,How many civilian CFO Act agencies were covered in GAO's incident-response preparedness finding?,The report covered 23 civilian CFO Act agencies.,GAO-24-105658,PDF p. 2,10,"[{""evaluation_document"": ""GAO-24-105658"", ""indexed_document"": ""d24105658.pdf"", ""expected_pages"": [2]}]","[{""rank"": 1, ""document"": ""d24105658.pdf"", ""page"": 2, ""distance"": 0.5854775309562683}, {""rank"": 2, ""document"": ""d24105658.pdf"", ""page"": 24, ""distance"": 0.7580001950263977}, {""rank"": 3, ""document"": ""d24105658.pdf"", ""page"": 9, ""distance"": 0.7636392116546631}, {""rank"": 4, ""document"": ""d24105658.pdf"", ""page"": 47, ""distance"": 0.8006081581115723}, {""rank"": 5, ""document"": ""d24105658.pdf"", ""page"": 45, ""distance"": 0.8215126991271973}, {""rank"": 6, ""document"": ""d24105658.pdf"", ""page"": 50, ""distance"": 0.822910487651825}, {""rank"": 7, ""document"": ""d24105658.pdf"", ""page"": 15, ""distance"": 0.856231689453125}, {""rank"": 8, ""document"": ""d24105658.pdf"", ""page"": 3, ""distance"": 0.8837590217590332}, {""rank"": 9, ""document"": ""d24105658.pdf"", ""page"": 4, ""distance"": 0.884005606174469}, {""rank"": 10, ""document"": ""gao-24-107231.pdf"", ""page"": 29, ""distance"": 0.888957142829895}]",1.0,1.0,True,True,0.015288100054021925
EQ003,When was CISA's incident-response playbook issued?,CISA issued the playbook in November 2021.,GAO-24-105658,PDF p. 2,1,"[{""evaluation_document"": ""GAO-24-105658"", ""indexed_document"": ""d24105658.pdf"", ""expected_pages"": [2]}]","[{""rank"": 1, ""document"": ""d24105658.pdf"", ""page"": 24, ""distance"": 0.7166346311569214}]",1.0,0.0,True,False,0.014625100011471659
EQ003,When was CISA's incident-response playbook issued?,CISA issued the playbook in November 2021.,GAO-24-105658,PDF p. 2,2,"[{""evaluation_document"": ""GAO-24-105658"", ""indexed_document"": ""d24105658.pdf"", ""expected_pages"": [2]}]","[{""rank"": 1, ""document"": ""d24105658.pdf"", ""page"": 24, ""distance"": 0.7166346311569214}, {""rank"": 2, ""document"": ""d24105658.pdf"", ""page"": 38, ""distance"": 0.7884235382080078}]",1.0,0.0,True,False,0.014695100020617247
EQ003,When was CISA's incident-response playbook issued?,CISA issued the playbook in November 2021.,GAO-24-105658,PDF p. 2,3,"[{""evaluation_document"": ""GAO-24-105658"", ""indexed_document"": ""d24105658.pdf"", ""expected_pages"": [2]}]","[{""rank"": 1, ""document"": ""d24105658.pdf"", ""page"": 24, ""distance"": 0.7166346311569214}, {""rank"": 2, ""document"": ""d24105658.pdf"", ""page"": 38, ""distance"": 0.7884235382080078}, {""rank"": 3, ""document"": ""d24105658.pdf"", ""page"": 20, ""distance"": 0.8892508745193481}]",1.0,0.0,True,False,0.013167699973564595
EQ003,When was CISA's incident-response playbook issued?,CISA issued the playbook in November 2021.,GAO-24-105658,PDF p. 2,4,"[{""evaluation_document"": ""GAO-24-105658"", ""indexed_document"": ""d24105658.pdf"", ""expected_pages"": [2]}]","[{""rank"": 1, ""document"": ""d24105658.pdf"", ""page"": 24, ""distance"": 0.7166346311569214}, {""rank"": 2, ""document"": ""d24105658.pdf"", ""page"": 38, ""distance"": 0.7884235382080078}, {""rank"": 3, ""document"": ""d24105658.pdf"", ""page"": 20, ""distance"": 0.8892508745193481}, {""rank"": 4, ""document"": ""d24105658.pdf"", ""page"": 14, ""distance"": 0.8946880102157593}]",1.0,0.0,True,False,0.012773999944329262
EQ003,When was CISA's incident-response playbook issued?,CISA issued the playbook in November 2021.,GAO-24-105658,PDF p. 2,5,"[{""evaluation_document"": ""GAO-24-105658"", ""indexed_document"": ""d24105658.pdf"", ""expected_pages"": [2]}]","[{""rank"": 1, ""document"": ""d24105658.pdf"", ""page"": 24, ""distance"": 0.7166346311569214}, {""rank"": 2, ""document"": ""d24105658.pdf"", ""page"": 38, ""distance"": 0.7884235382080078}, {""rank"": 3, ""document"": ""d24105658.pdf"", ""page"": 20, ""distance"": 0.8892508745193481}, {""rank"": 4, ""document"": ""d24105658.pdf"", ""page"": 14, ""distance"": 0.8946880102157593}, {""rank"": 5, ""document"": ""d24105658.pdf"", ""page"": 25, ""distance"": 0.9085635542869568}]",1.0,0.0,True,False,0.013279500009957701
EQ003,When was CISA's incident-response playbook issued?,CISA issued the playbook in November 2021.,GAO-24-105658,PDF p. 2,6,"[{""evaluation_document"": ""GAO-24-105658"", ""indexed_document"": ""d24105658.pdf"", ""expected_pages"": [2]}]","[{""rank"": 1, ""document"": ""d24105658.pdf"", ""page"": 24, ""distance"": 0.7166346311569214}, {""rank"": 2, ""document"": ""d24105658.pdf"", ""page"": 38, ""distance"": 0.7884235382080078}, {""rank"": 3, ""document"": ""d24105658.pdf"", ""page"": 20, ""distance"": 0.8892508745193481}, {""rank"": 4, ""document"": ""d24105658.pdf"", ""page"": 14, ""distance"": 0.8946880102157593}, {""rank"": 5, ""document"": ""d24105658.pdf"", ""page"": 25, ""distance"": 0.9085635542869568}, {""rank"": 6, ""document"": ""d24106576.pdf"", ""page"": 64, ""distance"": 0.9235020875930786}]",1.0,0.0,True,False,0.013748899975325912
EQ003,When was CISA's incident-response playbook issued?,CISA issued the playbook in November 2021.,GAO-24-105658,PDF p. 2,7,"[{""evaluation_document"": ""GAO-24-105658"", ""indexed_document"": ""d24105658.pdf"", ""expected_pages"": [2]}]","[{""rank"": 1, ""document"": ""d24105658.pdf"", ""page"": 24, ""distance"": 0.7166346311569214}, {""rank"": 2, ""document"": ""d24105658.pdf"", ""page"": 38, ""distance"": 0.7884235382080078}, {""rank"": 3, ""document"": ""d24105658.pdf"", ""page"": 20, ""distance"": 0.8892508745193481}, {""rank"": 4, ""document"": ""d24105658.pdf"", ""page"": 14, ""distance"": 0.8946880102157593}, {""rank"": 5, ""document"": ""d24105658.pdf"", ""page"": 25, ""distance"": 0.9085635542869568}, {""rank"": 6, ""document"": ""d24106576.pdf"", ""page"": 64, ""distance"": 0.9235020875930786}, {""rank"": 7, ""document"": ""d24106576.pdf"", ""page"": 44, ""distance"": 0.944780707359314}]",1.0,0.0,True,False,0.01426939998054877
EQ003,When was CISA's incident-response playbook issued?,CISA issued the playbook in November 2021.,GAO-24-105658,PDF p. 2,8,"[{""evaluation_document"": ""GAO-24-105658"", ""indexed_document"": ""d24105658.pdf"", ""expected_pages"": [2]}]","[{""rank"": 1, ""document"": ""d24105658.pdf"", ""page"": 24, ""distance"": 0.7166346311569214}, {""rank"": 2, ""document"": ""d24105658.pdf"", ""page"": 38, ""distance"": 0.7884235382080078}, {""rank"": 3, ""document"": ""d24105658.pdf"", ""page"": 20, ""distance"": 0.8892508745193481}, {""rank"": 4, ""document"": ""d24105658.pdf"", ""page"": 14, ""distance"": 0.8946880102157593}, {""rank"": 5, ""document"": ""d24105658.pdf"", ""page"": 25, ""distance"": 0.9085635542869568}, {""rank"": 6, ""document"": ""d24106576.pdf"", ""page"": 64, ""distance"": 0.9235020875930786}, {""rank"": 7, ""document"": ""d24106576.pdf"", ""page"": 44, ""distance"": 0.944780707359314}, {""rank"": 8, ""document"": ""d24105658.pdf"", ""page"": 50, ""distance"": 0.9705806374549866}]",1.0,0.0,True,False,0.013728899997659028
EQ003,When was CISA's incident-response playbook issued?,CISA issued the playbook in November 2021.,GAO-24-105658,PDF p. 2,9,"[{""evaluation_document"": ""GAO-24-105658"", ""indexed_document"": ""d24105658.pdf"", ""expected_pages"": [2]}]","[{""rank"": 1, ""document"": ""d24105658.pdf"", ""page"": 24, ""distance"": 0.7166346311569214}, {""rank"": 2, ""document"": ""d24105658.pdf"", ""page"": 38, ""distance"": 0.7884235382080078}, {""rank"": 3, ""document"": ""d24105658.pdf"", ""page"": 20, ""distance"": 0.8892508745193481}, {""rank"": 4, ""document"": ""d24105658.pdf"", ""page"": 14, ""distance"": 0.8946880102157593}, {""rank"": 5, ""document"": ""d24105658.pdf"", ""page"": 25, ""distance"": 0.9085635542869568}, {""rank"": 6, ""document"": ""d24106576.pdf"", ""page"": 64, ""distance"": 0.9235020875930786}, {""rank"": 7, ""document"": ""d24106576.pdf"", ""page"": 44, ""distance"": 0.944780707359314}, {""rank"": 8, ""document"": ""d24105658.pdf"", ""page"": 50, ""distance"": 0.9705806374549866}, {""rank"": 9, ""document"": ""d24105658.pdf"", ""page"": 46, ""distance"": 0.9734125733375549}]",1.0,0.0,True,False,0.013301099999807775
EQ003,When was CISA's incident-response playbook issued?,CISA issued the playbook in November 2021.,GAO-24-105658,PDF p. 2,10,"[{""evaluation_document"": ""GAO-24-105658"", ""indexed_document"": ""d24105658.pdf"", ""expected_pages"": [2]}]","[{""rank"": 1, ""document"": ""d24105658.pdf"", ""page"": 24, ""distance"": 0.7166346311569214}, {""rank"": 2, ""document"": ""d24105658.pdf"", ""page"": 38, ""distance"": 0.7884235382080078}, {""rank"": 3, ""document"": ""d24105658.pdf"", ""page"": 20, ""distance"": 0.8892508745193481}, {""rank"": 4, ""document"": ""d24105658.pdf"", ""page"": 14, ""distance"": 0.8946880102157593}, {""rank"": 5, ""document"": ""d24105658.pdf"", ""page"": 25, ""distance"": 0.9085635542869568}, {""rank"": 6, ""document"": ""d24106576.pdf"", ""page"": 64, ""distance"": 0.9235020875930786}, {""rank"": 7, ""document"": ""d24106576.pdf"", ""page"": 44, ""distance"": 0.944780707359314}, {""rank"": 8, ""document"": ""d24105658.pdf"", ""page"": 50, ""distance"": 0.9705806374549866}, {""rank"": 9, ""document"": ""d24105658.pdf"", ""page"": 46, ""distance"": 0.9734125733375549}, {""rank"": 10, ""document"": ""d24106576.pdf"", ""page"": 28, ""distance"": 0.9876038432121277}]",1.0,0.0,True,False,0.013757400040049106
EQ004,How many of the selected nonfederal entities cited positive experiences with CISA OT products and services?,Twelve of 13 selected nonfederal entities cited positive experiences.,GAO-24-106576,PDF p. 2,1,"[{""evaluation_document"": ""GAO-24-106576"", ""indexed_document"": ""d24106576.pdf"", ""expected_pages"": [2]}]","[{""rank"": 1, ""document"": ""d24106576.pdf"", ""page"": 46, ""distance"": 0.6729469895362854}]",1.0,0.0,True,False,0.011828100017737597
EQ004,How many of the selected nonfederal entities cited positive experiences with CISA OT products and services?,Twelve of 13 selected nonfederal entities cited positive experiences.,GAO-24-106576,PDF p. 2,2,"[{""evaluation_document"": ""GAO-24-106576"", ""indexed_document"": ""d24106576.pdf"", ""expected_pages"": [2]}]","[{""rank"": 1, ""document"": ""d24106576.pdf"", ""page"": 46, ""distance"": 0.6729469895362854}, {""rank"": 2, ""document"": ""d24106576.pdf"", ""page"": 2, ""distance"": 0.7086263298988342}]",1.0,1.0,True,True,0.013111000007484108
EQ004,How many of the selected nonfederal entities cited positive experiences with CISA OT products and services?,Twelve of 13 selected nonfederal entities cited positive experiences.,GAO-24-106576,PDF p. 2,3,"[{""evaluation_document"": ""GAO-24-106576"", ""indexed_document"": ""d24106576.pdf"", ""expected_pages"": [2]}]","[{""rank"": 1, ""document"": ""d24106576.pdf"", ""page"": 46, ""distance"": 0.6729469895362854}, {""rank"": 2, ""document"": ""d24106576.pdf"", ""page"": 2, ""distance"": 0.7086263298988342}, {""rank"": 3, ""document"": ""d24106576.pdf"", ""page"": 30, ""distance"": 0.7465260624885559}]",1.0,1.0,True,True,0.012626500043552369
EQ004,How many of the selected nonfederal entities cited positive experiences with CISA OT products and services?,Twelve of 13 selected nonfederal entities cited positive experiences.,GAO-24-106576,PDF p. 2,4,"[{""evaluation_document"": ""GAO-24-106576"", ""indexed_document"": ""d24106576.pdf"", ""expected_pages"": [2]}]","[{""rank"": 1, ""document"": ""d24106576.pdf"", ""page"": 46, ""distance"": 0.6729469895362854}, {""rank"": 2, ""document"": ""d24106576.pdf"", ""page"": 2, ""distance"": 0.7086263298988342}, {""rank"": 3, ""document"": ""d24106576.pdf"", ""page"": 30, ""distance"": 0.7465260624885559}, {""rank"": 4, ""document"": ""d24106576.pdf"", ""page"": 27, ""distance"": 0.757619321346283}]",1.0,1.0,True,True,0.013221400033216923
EQ004,How many of the selected nonfederal entities cited positive experiences with CISA OT products and services?,Twelve of 13 selected nonfederal entities cited positive experiences.,GAO-24-106576,PDF p. 2,5,"[{""evaluation_document"": ""GAO-24-106576"", ""indexed_document"": ""d24106576.pdf"", ""expected_pages"": [2]}]","[{""rank"": 1, ""document"": ""d24106576.pdf"", ""page"": 46, ""distance"": 0.6729469895362854}, {""rank"": 2, ""document"": ""d24106576.pdf"", ""page"": 2, ""distance"": 0.7086263298988342}, {""rank"": 3, ""document"": ""d24106576.pdf"", ""page"": 30, ""distance"": 0.7465260624885559}, {""rank"": 4, ""document"": ""d24106576.pdf"", ""page"": 27, ""distance"": 0.757619321346283}, {""rank"": 5, ""document"": ""d24106576.pdf"", ""page"": 10, ""distance"": 0.8164567351341248}]",1.0,1.0,True,True,0.012224400008562952
EQ004,How many of the selected nonfederal entities cited positive experiences with CISA OT products and services?,Twelve of 13 selected nonfederal entities cited positive experiences.,GAO-24-106576,PDF p. 2,6,"[{""evaluation_document"": ""GAO-24-106576"", ""indexed_document"": ""d24106576.pdf"", ""expected_pages"": [2]}]","[{""rank"": 1, ""document"": ""d24106576.pdf"", ""page"": 46, ""distance"": 0.6729469895362854}, {""rank"": 2, ""document"": ""d24106576.pdf"", ""page"": 2, ""distance"": 0.7086263298988342}, {""rank"": 3, ""document"": ""d24106576.pdf"", ""page"": 30, ""distance"": 0.7465260624885559}, {""rank"": 4, ""document"": ""d24106576.pdf"", ""page"": 27, ""distance"": 0.757619321346283}, {""rank"": 5, ""document"": ""d24106576.pdf"", ""page"": 10, ""distance"": 0.8164567351341248}, {""rank"": 6, ""document"": ""d24106576.pdf"", ""page"": 2, ""distance"": 0.8437634706497192}]",1.0,1.0,True,True,0.014129600021988153
EQ004,How many of the selected nonfederal entities cited positive experiences with CISA OT products and services?,Twelve of 13 selected nonfederal entities cited positive experiences.,GAO-24-106576,PDF p. 2,7,"[{""evaluation_document"": ""GAO-24-106576"", ""indexed_document"": ""d24106576.pdf"", ""expected_pages"": [2]}]","[{""rank"": 1, ""document"": ""d24106576.pdf"", ""page"": 46, ""distance"": 0.6729469895362854}, {""rank"": 2, ""document"": ""d24106576.pdf"", ""page"": 2, ""distance"": 0.7086263298988342}, {""rank"": 3, ""document"": ""d24106576.pdf"", ""page"": 30, ""distance"": 0.7465260624885559}, {""rank"": 4, ""document"": ""d24106576.pdf"", ""page"": 27, ""distance"": 0.757619321346283}, {""rank"": 5, ""document"": ""d24106576.pdf"", ""page"": 10, ""distance"": 0.8164567351341248}, {""rank"": 6, ""document"": ""d24106576.pdf"", ""page"": 2, ""distance"": 0.8437634706497192}, {""rank"": 7, ""document"": ""d24106576.pdf"", ""page"": 59, ""distance"": 0.8533379435539246}]",1.0,1.0,True,True,0.01301150000654161
EQ004,How many of the selected nonfederal entities cited positive experiences with CISA OT products and services?,Twelve of 13 selected nonfederal entities cited positive experiences.,GAO-24-106576,PDF p. 2,8,"[{""evaluation_document"": ""GAO-24-106576"", ""indexed_document"": ""d24106576.pdf"", ""expected_pages"": [2]}]","[{""rank"": 1, ""document"": ""d24106576.pdf"", ""page"": 46, ""distance"": 0.6729469895362854}, {""rank"": 2, ""document"": ""d24106576.pdf"", ""page"": 2, ""distance"": 0.7086263298988342}, {""rank"": 3, ""document"": ""d24106576.pdf"", ""page"": 30, ""distance"": 0.7465260624885559}, {""rank"": 4, ""document"": ""d24106576.pdf"", ""page"": 27, ""distance"": 0.757619321346283}, {""rank"": 5, ""document"": ""d24106576.pdf"", ""page"": 10, ""distance"": 0.8164567351341248}, {""rank"": 6, ""document"": ""d24106576.pdf"", ""page"": 2, ""distance"": 0.8437634706497192}, {""rank"": 7, ""document"": ""d24106576.pdf"", ""page"": 59, ""distance"": 0.8533379435539246}, {""rank"": 8, ""document"": ""d24106576.pdf"", ""page"": 46, ""distance"": 0.8709733486175537}]",1.0,1.0,True,True,0.01381139998557046
EQ004,How many of the selected nonfederal entities cited positive experiences with CISA OT products and services?,Twelve of 13 selected nonfederal entities cited positive experiences.,GAO-24-106576,PDF p. 2,9,"[{""evaluation_document"": ""GAO-24-106576"", ""indexed_document"": ""d24106576.pdf"", ""expected_pages"": [2]}]","[{""rank"": 1, ""document"": ""d24106576.pdf"", ""page"": 46, ""distance"": 0.6729469895362854}, {""rank"": 2, ""document"": ""d24106576.pdf"", ""page"": 2, ""distance"": 0.7086263298988342}, {""rank"": 3, ""document"": ""d24106576.pdf"", ""page"": 30, ""distance"": 0.7465260624885559}, {""rank"": 4, ""document"": ""d24106576.pdf"", ""page"": 27, ""distance"": 0.757619321346283}, {""rank"": 5, ""document"": ""d24106576.pdf"", ""page"": 10, ""distance"": 0.8164567351341248}, {""rank"": 6, ""document"": ""d24106576.pdf"", ""page"": 2, ""distance"": 0.8437634706497192}, {""rank"": 7, ""document"": ""d24106576.pdf"", ""page"": 59, ""distance"": 0.8533379435539246}, {""rank"": 8, ""document"": ""d24106576.pdf"", ""page"": 46, ""distance"": 0.8709733486175537}, {""rank"": 9, ""document"": ""gao-24-107231.pdf"", ""page"": 56, ""distance"": 0.8822283148765564}]",1.0,1.0,True,True,0.012140100006945431
EQ004,How many of the selected nonfederal entities cited positive experiences with CISA OT products and services?,Twelve of 13 selected nonfederal entities cited positive experiences.,GAO-24-106576,PDF p. 2,10,"[{""evaluation_document"": ""GAO-24-106576"", ""indexed_document"": ""d24106576.pdf"", ""expected_pages"": [2]}]","[{""rank"": 1, ""document"": ""d24106576.pdf"", ""page"": 46, ""distance"": 0.6729469895362854}, {""rank"": 2, ""document"": ""d24106576.pdf"", ""page"": 2, ""distance"": 0.7086263298988342}, {""rank"": 3, ""document"": ""d24106576.pdf"", ""page"": 30, ""distance"": 0.7465260624885559}, {""rank"": 4, ""document"": ""d24106576.pdf"", ""page"": 27, ""distance"": 0.757619321346283}, {""rank"": 5, ""document"": ""d24106576.pdf"", ""page"": 10, ""distance"": 0.8164567351341248}, {""rank"": 6, ""document"": ""d24106576.pdf"", ""page"": 2, ""distance"": 0.8437634706497192}, {""rank"": 7, ""document"": ""d24106576.pdf"", ""page"": 59, ""distance"": 0.8533379435539246}, {""rank"": 8, ""document"": ""d24106576.pdf"", ""page"": 46, ""distance"": 0.8709733486175537}, {""rank"": 9, ""document"": ""gao-24-107231.pdf"", ""page"": 56, ""distance"": 0.8822283148765564}, {""rank"": 10, ""document"": ""d24106576.pdf"", ""page"": 62, ""distance"": 0.9374865889549255}]",1.0,1.0,True,True,0.010143499996047467
EQ005,How many desirable strategy characteristics were fully addressed by the National Cybersecurity Strategy and implementation plan?,They fully addressed four of six desirable characteristics.,GAO-24-106916,PDF p. 2,1,"[{""evaluation_document"": ""GAO-24-106916"", ""indexed_document"": ""d24106916.pdf"", ""expected_pages"": [2]}]","[{""rank"": 1, ""document"": ""d24106916.pdf"", ""page"": 33, ""distance"": 0.32427072525024414}]",1.0,0.0,True,False,0.011823999986518174
EQ005,How many desirable strategy characteristics were fully addressed by the National Cybersecurity Strategy and implementation plan?,They fully addressed four of six desirable characteristics.,GAO-24-106916,PDF p. 2,2,"[{""evaluation_document"": ""GAO-24-106916"", ""indexed_document"": ""d24106916.pdf"", ""expected_pages"": [2]}]","[{""rank"": 1, ""document"": ""d24106916.pdf"", ""page"": 33, ""distance"": 0.32427072525024414}, {""rank"": 2, ""document"": ""d24106916.pdf"", ""page"": 17, ""distance"": 0.32680225372314453}]",1.0,0.0,True,False,0.012357800034806132
EQ005,How many desirable strategy characteristics were fully addressed by the National Cybersecurity Strategy and implementation plan?,They fully addressed four of six desirable characteristics.,GAO-24-106916,PDF p. 2,3,"[{""evaluation_document"": ""GAO-24-106916"", ""indexed_document"": ""d24106916.pdf"", ""expected_pages"": [2]}]","[{""rank"": 1, ""document"": ""d24106916.pdf"", ""page"": 33, ""distance"": 0.32427072525024414}, {""rank"": 2, ""document"": ""d24106916.pdf"", ""page"": 17, ""distance"": 0.32680225372314453}, {""rank"": 3, ""document"": ""gao-24-107231.pdf"", ""page"": 18, ""distance"": 0.3537943661212921}]",1.0,0.0,True,False,0.011958500021137297
EQ005,How many desirable strategy characteristics were fully addressed by the National Cybersecurity Strategy and implementation plan?,They fully addressed four of six desirable characteristics.,GAO-24-106916,PDF p. 2,4,"[{""evaluation_document"": ""GAO-24-106916"", ""indexed_document"": ""d24106916.pdf"", ""expected_pages"": [2]}]","[{""rank"": 1, ""document"": ""d24106916.pdf"", ""page"": 33, ""distance"": 0.32427072525024414}, {""rank"": 2, ""document"": ""d24106916.pdf"", ""page"": 17, ""distance"": 0.32680225372314453}, {""rank"": 3, ""document"": ""gao-24-107231.pdf"", ""page"": 18, ""distance"": 0.3537943661212921}, {""rank"": 4, ""document"": ""d24106916.pdf"", ""page"": 23, ""distance"": 0.3539147973060608}]",1.0,0.0,True,False,0.009849100024439394
EQ005,How many desirable strategy characteristics were fully addressed by the National Cybersecurity Strategy and implementation plan?,They fully addressed four of six desirable characteristics.,GAO-24-106916,PDF p. 2,5,"[{""evaluation_document"": ""GAO-24-106916"", ""indexed_document"": ""d24106916.pdf"", ""expected_pages"": [2]}]","[{""rank"": 1, ""document"": ""d24106916.pdf"", ""page"": 33, ""distance"": 0.32427072525024414}, {""rank"": 2, ""document"": ""d24106916.pdf"", ""page"": 17, ""distance"": 0.32680225372314453}, {""rank"": 3, ""document"": ""gao-24-107231.pdf"", ""page"": 18, ""distance"": 0.3537943661212921}, {""rank"": 4, ""document"": ""d24106916.pdf"", ""page"": 23, ""distance"": 0.3539147973060608}, {""rank"": 5, ""document"": ""d24106916.pdf"", ""page"": 3, ""distance"": 0.35686755180358887}]",1.0,0.0,True,False,0.012746900029014796
EQ005,How many desirable strategy characteristics were fully addressed by the National Cybersecurity Strategy and implementation plan?,They fully addressed four of six desirable characteristics.,GAO-24-106916,PDF p. 2,6,"[{""evaluation_document"": ""GAO-24-106916"", ""indexed_document"": ""d24106916.pdf"", ""expected_pages"": [2]}]","[{""rank"": 1, ""document"": ""d24106916.pdf"", ""page"": 33, ""distance"": 0.32427072525024414}, {""rank"": 2, ""document"": ""d24106916.pdf"", ""page"": 17, ""distance"": 0.32680225372314453}, {""rank"": 3, ""document"": ""gao-24-107231.pdf"", ""page"": 18, ""distance"": 0.3537943661212921}, {""rank"": 4, ""document"": ""d24106916.pdf"", ""page"": 23, ""distance"": 0.3539147973060608}, {""rank"": 5, ""document"": ""d24106916.pdf"", ""page"": 3, ""distance"": 0.35686755180358887}, {""rank"": 6, ""document"": ""d24106916.pdf"", ""page"": 14, ""distance"": 0.3683685064315796}]",1.0,0.0,True,False,0.01222620002226904
EQ005,How many desirable strategy characteristics were fully addressed by the National Cybersecurity Strategy and implementation plan?,They fully addressed four of six desirable characteristics.,GAO-24-106916,PDF p. 2,7,"[{""evaluation_document"": ""GAO-24-106916"", ""indexed_document"": ""d24106916.pdf"", ""expected_pages"": [2]}]","[{""rank"": 1, ""document"": ""d24106916.pdf"", ""page"": 33, ""distance"": 0.32427072525024414}, {""rank"": 2, ""document"": ""d24106916.pdf"", ""page"": 17, ""distance"": 0.32680225372314453}, {""rank"": 3, ""document"": ""gao-24-107231.pdf"", ""page"": 18, ""distance"": 0.3537943661212921}, {""rank"": 4, ""document"": ""d24106916.pdf"", ""page"": 23, ""distance"": 0.3539147973060608}, {""rank"": 5, ""document"": ""d24106916.pdf"", ""page"": 3, ""distance"": 0.35686755180358887}, {""rank"": 6, ""document"": ""d24106916.pdf"", ""page"": 14, ""distance"": 0.3683685064315796}, {""rank"": 7, ""document"": ""d24106916.pdf"", ""page"": 16, ""distance"": 0.4306475818157196}]",1.0,0.0,True,False,0.01532140001654625
EQ005,How many desirable strategy characteristics were fully addressed by the National Cybersecurity Strategy and implementation plan?,They fully addressed four of six desirable characteristics.,GAO-24-106916,PDF p. 2,8,"[{""evaluation_document"": ""GAO-24-106916"", ""indexed_document"": ""d24106916.pdf"", ""expected_pages"": [2]}]","[{""rank"": 1, ""document"": ""d24106916.pdf"", ""page"": 33, ""distance"": 0.32427072525024414}, {""rank"": 2, ""document"": ""d24106916.pdf"", ""page"": 17, ""distance"": 0.32680225372314453}, {""rank"": 3, ""document"": ""gao-24-107231.pdf"", ""page"": 18, ""distance"": 0.3537943661212921}, {""rank"": 4, ""document"": ""d24106916.pdf"", ""page"": 23, ""distance"": 0.3539147973060608}, {""rank"": 5, ""document"": ""d24106916.pdf"", ""page"": 3, ""distance"": 0.35686755180358887}, {""rank"": 6, ""document"": ""d24106916.pdf"", ""page"": 14, ""distance"": 0.3683685064315796}, {""rank"": 7, ""document"": ""d24106916.pdf"", ""page"": 16, ""distance"": 0.4306475818157196}, {""rank"": 8, ""document"": ""d24106916.pdf"", ""page"": 27, ""distance"": 0.4362538456916809}]",1.0,0.0,True,False,0.02227880002465099
EQ005,How many desirable strategy characteristics were fully addressed by the National Cybersecurity Strategy and implementation plan?,They fully addressed four of six desirable characteristics.,GAO-24-106916,PDF p. 2,9,"[{""evaluation_document"": ""GAO-24-106916"", ""indexed_document"": ""d24106916.pdf"", ""expected_pages"": [2]}]","[{""rank"": 1, ""document"": ""d24106916.pdf"", ""page"": 33, ""distance"": 0.32427072525024414}, {""rank"": 2, ""document"": ""d24106916.pdf"", ""page"": 17, ""distance"": 0.32680225372314453}, {""rank"": 3, ""document"": ""gao-24-107231.pdf"", ""page"": 18, ""distance"": 0.3537943661212921}, {""rank"": 4, ""document"": ""d24106916.pdf"", ""page"": 23, ""distance"": 0.3539147973060608}, {""rank"": 5, ""document"": ""d24106916.pdf"", ""page"": 3, ""distance"": 0.35686755180358887}, {""rank"": 6, ""document"": ""d24106916.pdf"", ""page"": 14, ""distance"": 0.3683685064315796}, {""rank"": 7, ""document"": ""d24106916.pdf"", ""page"": 16, ""distance"": 0.4306475818157196}, {""rank"": 8, ""document"": ""d24106916.pdf"", ""page"": 27, ""distance"": 0.4362538456916809}, {""rank"": 9, ""document"": ""d24106916.pdf"", ""page"": 18, ""distance"": 0.4552311301231384}]",1.0,0.0,True,False,0.013817899976857007
EQ005,How many desirable strategy characteristics were fully addressed by the National Cybersecurity Strategy and implementation plan?,They fully addressed four of six desirable characteristics.,GAO-24-106916,PDF p. 2,10,"[{""evaluation_document"": ""GAO-24-106916"", ""indexed_document"": ""d24106916.pdf"", ""expected_pages"": [2]}]","[{""rank"": 1, ""document"": ""d24106916.pdf"", ""page"": 33, ""distance"": 0.32427072525024414}, {""rank"": 2, ""document"": ""d24106916.pdf"", ""page"": 17, ""distance"": 0.32680225372314453}, {""rank"": 3, ""document"": ""gao-24-107231.pdf"", ""page"": 18, ""distance"": 0.3537943661212921}, {""rank"": 4, ""document"": ""d24106916.pdf"", ""page"": 23, ""distance"": 0.3539147973060608}, {""rank"": 5, ""document"": ""d24106916.pdf"", ""page"": 3, ""distance"": 0.35686755180358887}, {""rank"": 6, ""document"": ""d24106916.pdf"", ""page"": 14, ""distance"": 0.3683685064315796}, {""rank"": 7, ""document"": ""d24106916.pdf"", ""page"": 16, ""distance"": 0.4306475818157196}, {""rank"": 8, ""document"": ""d24106916.pdf"", ""page"": 27, ""distance"": 0.4362538456916809}, {""rank"": 9, ""document"": ""d24106916.pdf"", ""page"": 18, ""distance"": 0.4552311301231384}, {""rank"": 10, ""document"": ""d24106916.pdf"", ""page"": 12, ""distance"": 0.4675368070602417}]",1.0,0.0,True,False,0.01679250004235655
EQ006,By about what percentage did cyber incidents affecting federal agencies grow from fiscal year 2006 to 2015?,"They grew by about 1,300 percent.",GAO-16-885T,PDF p. 2,1,"[{""evaluation_document"": ""GAO-16-885T"", ""indexed_document"": ""gao-16-885t.pdf"", ""expected_pages"": [2]}]","[{""rank"": 1, ""document"": ""gao-16-885t.pdf"", ""page"": 13, ""distance"": 0.6618627309799194}]",1.0,0.0,True,False,0.012468600005377084
EQ006,By about what percentage did cyber incidents affecting federal agencies grow from fiscal year 2006 to 2015?,"They grew by about 1,300 percent.",GAO-16-885T,PDF p. 2,2,"[{""evaluation_document"": ""GAO-16-885T"", ""indexed_document"": ""gao-16-885t.pdf"", ""expected_pages"": [2]}]","[{""rank"": 1, ""document"": ""gao-16-885t.pdf"", ""page"": 13, ""distance"": 0.6618627309799194}, {""rank"": 2, ""document"": ""gao-16-885t.pdf"", ""page"": 2, ""distance"": 0.7311269640922546}]",1.0,1.0,True,True,0.012241099961102009
EQ006,By about what percentage did cyber incidents affecting federal agencies grow from fiscal year 2006 to 2015?,"They grew by about 1,300 percent.",GAO-16-885T,PDF p. 2,3,"[{""evaluation_document"": ""GAO-16-885T"", ""indexed_document"": ""gao-16-885t.pdf"", ""expected_pages"": [2]}]","[{""rank"": 1, ""document"": ""gao-16-885t.pdf"", ""page"": 13, ""distance"": 0.6618627309799194}, {""rank"": 2, ""document"": ""gao-16-885t.pdf"", ""page"": 2, ""distance"": 0.7311269640922546}, {""rank"": 3, ""document"": ""gao-23-105480.pdf"", ""page"": 41, ""distance"": 0.7701976895332336}]",1.0,1.0,True,True,0.012848800048232079
EQ006,By about what percentage did cyber incidents affecting federal agencies grow from fiscal year 2006 to 2015?,"They grew by about 1,300 percent.",GAO-16-885T,PDF p. 2,4,"[{""evaluation_document"": ""GAO-16-885T"", ""indexed_document"": ""gao-16-885t.pdf"", ""expected_pages"": [2]}]","[{""rank"": 1, ""document"": ""gao-16-885t.pdf"", ""page"": 13, ""distance"": 0.6618627309799194}, {""rank"": 2, ""document"": ""gao-16-885t.pdf"", ""page"": 2, ""distance"": 0.7311269640922546}, {""rank"": 3, ""document"": ""gao-23-105480.pdf"", ""page"": 41, ""distance"": 0.7701976895332336}, {""rank"": 4, ""document"": ""gao-16-885t.pdf"", ""page"": 5, ""distance"": 0.7767281532287598}]",1.0,1.0,True,True,0.012809000036213547
EQ006,By about what percentage did cyber incidents affecting federal agencies grow from fiscal year 2006 to 2015?,"They grew by about 1,300 percent.",GAO-16-885T,PDF p. 2,5,"[{""evaluation_document"": ""GAO-16-885T"", ""indexed_document"": ""gao-16-885t.pdf"", ""expected_pages"": [2]}]","[{""rank"": 1, ""document"": ""gao-16-885t.pdf"", ""page"": 13, ""distance"": 0.6618627309799194}, {""rank"": 2, ""document"": ""gao-16-885t.pdf"", ""page"": 2, ""distance"": 0.7311269640922546}, {""rank"": 3, ""document"": ""gao-23-105480.pdf"", ""page"": 41, ""distance"": 0.7701976895332336}, {""rank"": 4, ""document"": ""gao-16-885t.pdf"", ""page"": 5, ""distance"": 0.7767281532287598}, {""rank"": 5, ""document"": ""d24105658.pdf"", ""page"": 10, ""distance"": 0.7838598489761353}]",1.0,1.0,True,True,0.01377900002989918
EQ006,By about what percentage did cyber incidents affecting federal agencies grow from fiscal year 2006 to 2015?,"They grew by about 1,300 percent.",GAO-16-885T,PDF p. 2,6,"[{""evaluation_document"": ""GAO-16-885T"", ""indexed_document"": ""gao-16-885t.pdf"", ""expected_pages"": [2]}]","[{""rank"": 1, ""document"": ""gao-16-885t.pdf"", ""page"": 13, ""distance"": 0.6618627309799194}, {""rank"": 2, ""document"": ""gao-16-885t.pdf"", ""page"": 2, ""distance"": 0.7311269640922546}, {""rank"": 3, ""document"": ""gao-23-105480.pdf"", ""page"": 41, ""distance"": 0.7701976895332336}, {""rank"": 4, ""document"": ""gao-16-885t.pdf"", ""page"": 5, ""distance"": 0.7767281532287598}, {""rank"": 5, ""document"": ""d24105658.pdf"", ""page"": 10, ""distance"": 0.7838598489761353}, {""rank"": 6, ""document"": ""d24105658.pdf"", ""page"": 7, ""distance"": 0.7850547432899475}]",1.0,1.0,True,True,0.012521199998445809
EQ006,By about what percentage did cyber incidents affecting federal agencies grow from fiscal year 2006 to 2015?,"They grew by about 1,300 percent.",GAO-16-885T,PDF p. 2,7,"[{""evaluation_document"": ""GAO-16-885T"", ""indexed_document"": ""gao-16-885t.pdf"", ""expected_pages"": [2]}]","[{""rank"": 1, ""document"": ""gao-16-885t.pdf"", ""page"": 13, ""distance"": 0.6618627309799194}, {""rank"": 2, ""document"": ""gao-16-885t.pdf"", ""page"": 2, ""distance"": 0.7311269640922546}, {""rank"": 3, ""document"": ""gao-23-105480.pdf"", ""page"": 41, ""distance"": 0.7701976895332336}, {""rank"": 4, ""document"": ""gao-16-885t.pdf"", ""page"": 5, ""distance"": 0.7767281532287598}, {""rank"": 5, ""document"": ""d24105658.pdf"", ""page"": 10, ""distance"": 0.7838598489761353}, {""rank"": 6, ""document"": ""d24105658.pdf"", ""page"": 7, ""distance"": 0.7850547432899475}, {""rank"": 7, ""document"": ""gao-24-107733.pdf"", ""page"": 2, ""distance"": 0.7860819697380066}]",1.0,1.0,True,True,0.012554800021462142
EQ006,By about what percentage did cyber incidents affecting federal agencies grow from fiscal year 2006 to 2015?,"They grew by about 1,300 percent.",GAO-16-885T,PDF p. 2,8,"[{""evaluation_document"": ""GAO-16-885T"", ""indexed_document"": ""gao-16-885t.pdf"", ""expected_pages"": [2]}]","[{""rank"": 1, ""document"": ""gao-16-885t.pdf"", ""page"": 13, ""distance"": 0.6618627309799194}, {""rank"": 2, ""document"": ""gao-16-885t.pdf"", ""page"": 2, ""distance"": 0.7311269640922546}, {""rank"": 3, ""document"": ""gao-23-105480.pdf"", ""page"": 41, ""distance"": 0.7701976895332336}, {""rank"": 4, ""document"": ""gao-16-885t.pdf"", ""page"": 5, ""distance"": 0.7767281532287598}, {""rank"": 5, ""document"": ""d24105658.pdf"", ""page"": 10, ""distance"": 0.7838598489761353}, {""rank"": 6, ""document"": ""d24105658.pdf"", ""page"": 7, ""distance"": 0.7850547432899475}, {""rank"": 7, ""document"": ""gao-24-107733.pdf"", ""page"": 2, ""distance"": 0.7860819697380066}, {""rank"": 8, ""document"": ""d24105658.pdf"", ""page"": 16, ""distance"": 0.7870849370956421}]",1.0,1.0,True,True,0.01184980000834912
EQ006,By about what percentage did cyber incidents affecting federal agencies grow from fiscal year 2006 to 2015?,"They grew by about 1,300 percent.",GAO-16-885T,PDF p. 2,9,"[{""evaluation_document"": ""GAO-16-885T"", ""indexed_document"": ""gao-16-885t.pdf"", ""expected_pages"": [2]}]","[{""rank"": 1, ""document"": ""gao-16-885t.pdf"", ""page"": 13, ""distance"": 0.6618627309799194}, {""rank"": 2, ""document"": ""gao-16-885t.pdf"", ""page"": 2, ""distance"": 0.7311269640922546}, {""rank"": 3, ""document"": ""gao-23-105480.pdf"", ""page"": 41, ""distance"": 0.7701976895332336}, {""rank"": 4, ""document"": ""gao-16-885t.pdf"", ""page"": 5, ""distance"": 0.7767281532287598}, {""rank"": 5, ""document"": ""d24105658.pdf"", ""page"": 10, ""distance"": 0.7838598489761353}, {""rank"": 6, ""document"": ""d24105658.pdf"", ""page"": 7, ""distance"": 0.7850547432899475}, {""rank"": 7, ""document"": ""gao-24-107733.pdf"", ""page"": 2, ""distance"": 0.7860819697380066}, {""rank"": 8, ""document"": ""d24105658.pdf"", ""page"": 16, ""distance"": 0.7870849370956421}, {""rank"": 9, ""document"": ""gao-24-107231.pdf"", ""page"": 20, ""distance"": 0.8020930886268616}]",1.0,1.0,True,True,0.01311520003946498
EQ006,By about what percentage did cyber incidents affecting federal agencies grow from fiscal year 2006 to 2015?,"They grew by about 1,300 percent.",GAO-16-885T,PDF p. 2,10,"[{""evaluation_document"": ""GAO-16-885T"", ""indexed_document"": ""gao-16-885t.pdf"", ""expected_pages"": [2]}]","[{""rank"": 1, ""document"": ""gao-16-885t.pdf"", ""page"": 13, ""distance"": 0.6618627309799194}, {""rank"": 2, ""document"": ""gao-16-885t.pdf"", ""page"": 2, ""distance"": 0.7311269640922546}, {""rank"": 3, ""document"": ""gao-23-105480.pdf"", ""page"": 41, ""distance"": 0.7701976895332336}, {""rank"": 4, ""document"": ""gao-16-885t.pdf"", ""page"": 5, ""distance"": 0.7767281532287598}, {""rank"": 5, ""document"": ""d24105658.pdf"", ""page"": 10, ""distance"": 0.7838598489761353}, {""rank"": 6, ""document"": ""d24105658.pdf"", ""page"": 7, ""distance"": 0.7850547432899475}, {""rank"": 7, ""document"": ""gao-24-107733.pdf"", ""page"": 2, ""distance"": 0.7860819697380066}, {""rank"": 8, ""document"": ""d24105658.pdf"", ""page"": 16, ""distance"": 0.7870849370956421}, {""rank"": 9, ""document"": ""gao-24-107231.pdf"", ""page"": 20, ""distance"": 0.8020930886268616}, {""rank"": 10, ""document"": ""d24105658.pdf"", ""page"": 2, ""distance"": 0.8043712973594666}]",1.0,1.0,True,True,0.012976299971342087
EQ007,How many recommendations did GAO make to address NIH security deficiencies?,GAO made 219 recommendations: 66 for the security program and 153 for system controls.,GAO-22-104467,PDF p. 1,1,"[{""evaluation_document"": ""GAO-22-104467"", ""indexed_document"": ""gao-22-104467-highlights.pdf"", ""expected_pages"": [1]}]","[{""rank"": 1, ""document"": ""gao-22-104467-highlights.pdf"", ""page"": 1, ""distance"": 0.5603140592575073}]",1.0,1.0,True,True,0.012018600013107061
EQ007,How many recommendations did GAO make to address NIH security deficiencies?,GAO made 219 recommendations: 66 for the security program and 153 for system controls.,GAO-22-104467,PDF p. 1,2,"[{""evaluation_document"": ""GAO-22-104467"", ""indexed_document"": ""gao-22-104467-highlights.pdf"", ""expected_pages"": [1]}]","[{""rank"": 1, ""document"": ""gao-22-104467-highlights.pdf"", ""page"": 1, ""distance"": 0.5603140592575073}, {""rank"": 2, ""document"": ""gao-22-104467-highlights.pdf"", ""page"": 1, ""distance"": 0.6141515374183655}]",1.0,1.0,True,True,0.012076699989847839
EQ007,How many recommendations did GAO make to address NIH security deficiencies?,GAO made 219 recommendations: 66 for the security program and 153 for system controls.,GAO-22-104467,PDF p. 1,3,"[{""evaluation_document"": ""GAO-22-104467"", ""indexed_document"": ""gao-22-104467-highlights.pdf"", ""expected_pages"": [1]}]","[{""rank"": 1, ""document"": ""gao-22-104467-highlights.pdf"", ""page"": 1, ""distance"": 0.5603140592575073}, {""rank"": 2, ""document"": ""gao-22-104467-highlights.pdf"", ""page"": 1, ""distance"": 0.6141515374183655}, {""rank"": 3, ""document"": ""gao-16-885t.pdf"", ""page"": 2, ""distance"": 0.8155490756034851}]",1.0,1.0,True,True,0.012319200031924993
EQ007,How many recommendations did GAO make to address NIH security deficiencies?,GAO made 219 recommendations: 66 for the security program and 153 for system controls.,GAO-22-104467,PDF p. 1,4,"[{""evaluation_document"": ""GAO-22-104467"", ""indexed_document"": ""gao-22-104467-highlights.pdf"", ""expected_pages"": [1]}]","[{""rank"": 1, ""document"": ""gao-22-104467-highlights.pdf"", ""page"": 1, ""distance"": 0.5603140592575073}, {""rank"": 2, ""document"": ""gao-22-104467-highlights.pdf"", ""page"": 1, ""distance"": 0.6141515374183655}, {""rank"": 3, ""document"": ""gao-16-885t.pdf"", ""page"": 2, ""distance"": 0.8155490756034851}, {""rank"": 4, ""document"": ""gao-24-107231.pdf"", ""page"": 15, ""distance"": 0.9092814326286316}]",1.0,1.0,True,True,0.012101900007110089
EQ007,How many recommendations did GAO make to address NIH security deficiencies?,GAO made 219 recommendations: 66 for the security program and 153 for system controls.,GAO-22-104467,PDF p. 1,5,"[{""evaluation_document"": ""GAO-22-104467"", ""indexed_document"": ""gao-22-104467-highlights.pdf"", ""expected_pages"": [1]}]","[{""rank"": 1, ""document"": ""gao-22-104467-highlights.pdf"", ""page"": 1, ""distance"": 0.5603140592575073}, {""rank"": 2, ""document"": ""gao-22-104467-highlights.pdf"", ""page"": 1, ""distance"": 0.6141515374183655}, {""rank"": 3, ""document"": ""gao-16-885t.pdf"", ""page"": 2, ""distance"": 0.8155490756034851}, {""rank"": 4, ""document"": ""gao-24-107231.pdf"", ""page"": 15, ""distance"": 0.9092814326286316}, {""rank"": 5, ""document"": ""gao-24-107231-highlights.pdf"", ""page"": 1, ""distance"": 0.9335328340530396}]",1.0,1.0,True,True,0.012175399984698743
EQ007,How many recommendations did GAO make to address NIH security deficiencies?,GAO made 219 recommendations: 66 for the security program and 153 for system controls.,GAO-22-104467,PDF p. 1,6,"[{""evaluation_document"": ""GAO-22-104467"", ""indexed_document"": ""gao-22-104467-highlights.pdf"", ""expected_pages"": [1]}]","[{""rank"": 1, ""document"": ""gao-22-104467-highlights.pdf"", ""page"": 1, ""distance"": 0.5603140592575073}, {""rank"": 2, ""document"": ""gao-22-104467-highlights.pdf"", ""page"": 1, ""distance"": 0.6141515374183655}, {""rank"": 3, ""document"": ""gao-16-885t.pdf"", ""page"": 2, ""distance"": 0.8155490756034851}, {""rank"": 4, ""document"": ""gao-24-107231.pdf"", ""page"": 15, ""distance"": 0.9092814326286316}, {""rank"": 5, ""document"": ""gao-24-107231-highlights.pdf"", ""page"": 1, ""distance"": 0.9335328340530396}, {""rank"": 6, ""document"": ""gao-24-107231.pdf"", ""page"": 2, ""distance"": 0.9335328340530396}]",1.0,1.0,True,True,0.012939699983689934
EQ007,How many recommendations did GAO make to address NIH security deficiencies?,GAO made 219 recommendations: 66 for the security program and 153 for system controls.,GAO-22-104467,PDF p. 1,7,"[{""evaluation_document"": ""GAO-22-104467"", ""indexed_document"": ""gao-22-104467-highlights.pdf"", ""expected_pages"": [1]}]","[{""rank"": 1, ""document"": ""gao-22-104467-highlights.pdf"", ""page"": 1, ""distance"": 0.5603140592575073}, {""rank"": 2, ""document"": ""gao-22-104467-highlights.pdf"", ""page"": 1, ""distance"": 0.6141515374183655}, {""rank"": 3, ""document"": ""gao-16-885t.pdf"", ""page"": 2, ""distance"": 0.8155490756034851}, {""rank"": 4, ""document"": ""gao-24-107231.pdf"", ""page"": 15, ""distance"": 0.9092814326286316}, {""rank"": 5, ""document"": ""gao-24-107231-highlights.pdf"", ""page"": 1, ""distance"": 0.9335328340530396}, {""rank"": 6, ""document"": ""gao-24-107231.pdf"", ""page"": 2, ""distance"": 0.9335328340530396}, {""rank"": 7, ""document"": ""gao-24-107231.pdf"", ""page"": 25, ""distance"": 0.9547346830368042}]",1.0,1.0,True,True,0.01225900003919378
EQ007,How many recommendations did GAO make to address NIH security deficiencies?,GAO made 219 recommendations: 66 for the security program and 153 for system controls.,GAO-22-104467,PDF p. 1,8,"[{""evaluation_document"": ""GAO-22-104467"", ""indexed_document"": ""gao-22-104467-highlights.pdf"", ""expected_pages"": [1]}]","[{""rank"": 1, ""document"": ""gao-22-104467-highlights.pdf"", ""page"": 1, ""distance"": 0.5603140592575073}, {""rank"": 2, ""document"": ""gao-22-104467-highlights.pdf"", ""page"": 1, ""distance"": 0.6141515374183655}, {""rank"": 3, ""document"": ""gao-16-885t.pdf"", ""page"": 2, ""distance"": 0.8155490756034851}, {""rank"": 4, ""document"": ""gao-24-107231.pdf"", ""page"": 15, ""distance"": 0.9092814326286316}, {""rank"": 5, ""document"": ""gao-24-107231-highlights.pdf"", ""page"": 1, ""distance"": 0.9335328340530396}, {""rank"": 6, ""document"": ""gao-24-107231.pdf"", ""page"": 2, ""distance"": 0.9335328340530396}, {""rank"": 7, ""document"": ""gao-24-107231.pdf"", ""page"": 25, ""distance"": 0.9547346830368042}, {""rank"": 8, ""document"": ""gao-23-105480.pdf"", ""page"": 54, ""distance"": 0.9641777873039246}]",1.0,1.0,True,True,0.012634499988052994
EQ007,How many recommendations did GAO make to address NIH security deficiencies?,GAO made 219 recommendations: 66 for the security program and 153 for system controls.,GAO-22-104467,PDF p. 1,9,"[{""evaluation_document"": ""GAO-22-104467"", ""indexed_document"": ""gao-22-104467-highlights.pdf"", ""expected_pages"": [1]}]","[{""rank"": 1, ""document"": ""gao-22-104467-highlights.pdf"", ""page"": 1, ""distance"": 0.5603140592575073}, {""rank"": 2, ""document"": ""gao-22-104467-highlights.pdf"", ""page"": 1, ""distance"": 0.6141515374183655}, {""rank"": 3, ""document"": ""gao-16-885t.pdf"", ""page"": 2, ""distance"": 0.8155490756034851}, {""rank"": 4, ""document"": ""gao-24-107231.pdf"", ""page"": 15, ""distance"": 0.9092814326286316}, {""rank"": 5, ""document"": ""gao-24-107231-highlights.pdf"", ""page"": 1, ""distance"": 0.9335328340530396}, {""rank"": 6, ""document"": ""gao-24-107231.pdf"", ""page"": 2, ""distance"": 0.9335328340530396}, {""rank"": 7, ""document"": ""gao-24-107231.pdf"", ""page"": 25, ""distance"": 0.9547346830368042}, {""rank"": 8, ""document"": ""gao-23-105480.pdf"", ""page"": 54, ""distance"": 0.9641777873039246}, {""rank"": 9, ""document"": ""gao-26-900644.pdf"", ""page"": 57, ""distance"": 0.9753619432449341}]",1.0,1.0,True,True,0.0118337000021711
EQ007,How many recommendations did GAO make to address NIH security deficiencies?,GAO made 219 recommendations: 66 for the security program and 153 for system controls.,GAO-22-104467,PDF p. 1,10,"[{""evaluation_document"": ""GAO-22-104467"", ""indexed_document"": ""gao-22-104467-highlights.pdf"", ""expected_pages"": [1]}]","[{""rank"": 1, ""document"": ""gao-22-104467-highlights.pdf"", ""page"": 1, ""distance"": 0.5603140592575073}, {""rank"": 2, ""document"": ""gao-22-104467-highlights.pdf"", ""page"": 1, ""distance"": 0.6141515374183655}, {""rank"": 3, ""document"": ""gao-16-885t.pdf"", ""page"": 2, ""distance"": 0.8155490756034851}, {""rank"": 4, ""document"": ""gao-24-107231.pdf"", ""page"": 15, ""distance"": 0.9092814326286316}, {""rank"": 5, ""document"": ""gao-24-107231-highlights.pdf"", ""page"": 1, ""distance"": 0.9335328340530396}, {""rank"": 6, ""document"": ""gao-24-107231.pdf"", ""page"": 2, ""distance"": 0.9335328340530396}, {""rank"": 7, ""document"": ""gao-24-107231.pdf"", ""page"": 25, ""distance"": 0.9547346830368042}, {""rank"": 8, ""document"": ""gao-23-105480.pdf"", ""page"": 54, ""distance"": 0.9641777873039246}, {""rank"": 9, ""document"": ""gao-26-900644.pdf"", ""page"": 57, ""distance"": 0.9753619432449341}, {""rank"": 10, ""document"": ""gao-26-900644.pdf"", ""page"": 107, ""distance"": 0.9794964790344238}]",1.0,1.0,True,True,0.01027349999640137
EQ008,How long did officials say K-12 learning loss after a cyberattack could last?,Reported loss of learning ranged from 3 days to 3 weeks.,GAO-23-105480,PDF p. 2,1,"[{""evaluation_document"": ""GAO-23-105480"", ""indexed_document"": ""gao-23-105480.pdf"", ""expected_pages"": [2]}]","[{""rank"": 1, ""document"": ""gao-23-105480.pdf"", ""page"": 2, ""distance"": 0.7990372776985168}]",1.0,1.0,True,True,0.01217439997708425
EQ008,How long did officials say K-12 learning loss after a cyberattack could last?,Reported loss of learning ranged from 3 days to 3 weeks.,GAO-23-105480,PDF p. 2,2,"[{""evaluation_document"": ""GAO-23-105480"", ""indexed_document"": ""gao-23-105480.pdf"", ""expected_pages"": [2]}]","[{""rank"": 1, ""document"": ""gao-23-105480.pdf"", ""page"": 2, ""distance"": 0.7990372776985168}, {""rank"": 2, ""document"": ""gao-23-105480.pdf"", ""page"": 16, ""distance"": 0.8185638189315796}]",1.0,1.0,True,True,0.011531699972692877
EQ008,How long did officials say K-12 learning loss after a cyberattack could last?,Reported loss of learning ranged from 3 days to 3 weeks.,GAO-23-105480,PDF p. 2,3,"[{""evaluation_document"": ""GAO-23-105480"", ""indexed_document"": ""gao-23-105480.pdf"", ""expected_pages"": [2]}]","[{""rank"": 1, ""document"": ""gao-23-105480.pdf"", ""page"": 2, ""distance"": 0.7990372776985168}, {""rank"": 2, ""document"": ""gao-23-105480.pdf"", ""page"": 16, ""distance"": 0.8185638189315796}, {""rank"": 3, ""document"": ""gao-23-105480.pdf"", ""page"": 19, ""distance"": 0.8463289737701416}]",1.0,1.0,True,True,0.011090799991507083
EQ008,How long did officials say K-12 learning loss after a cyberattack could last?,Reported loss of learning ranged from 3 days to 3 weeks.,GAO-23-105480,PDF p. 2,4,"[{""evaluation_document"": ""GAO-23-105480"", ""indexed_document"": ""gao-23-105480.pdf"", ""expected_pages"": [2]}]","[{""rank"": 1, ""document"": ""gao-23-105480.pdf"", ""page"": 2, ""distance"": 0.7990372776985168}, {""rank"": 2, ""document"": ""gao-23-105480.pdf"", ""page"": 16, ""distance"": 0.8185638189315796}, {""rank"": 3, ""document"": ""gao-23-105480.pdf"", ""page"": 19, ""distance"": 0.8463289737701416}, {""rank"": 4, ""document"": ""gao-23-105480.pdf"", ""page"": 6, ""distance"": 0.8870338201522827}]",1.0,1.0,True,True,0.011381099990103394
EQ008,How long did officials say K-12 learning loss after a cyberattack could last?,Reported loss of learning ranged from 3 days to 3 weeks.,GAO-23-105480,PDF p. 2,5,"[{""evaluation_document"": ""GAO-23-105480"", ""indexed_document"": ""gao-23-105480.pdf"", ""expected_pages"": [2]}]","[{""rank"": 1, ""document"": ""gao-23-105480.pdf"", ""page"": 2, ""distance"": 0.7990372776985168}, {""rank"": 2, ""document"": ""gao-23-105480.pdf"", ""page"": 16, ""distance"": 0.8185638189315796}, {""rank"": 3, ""document"": ""gao-23-105480.pdf"", ""page"": 19, ""distance"": 0.8463289737701416}, {""rank"": 4, ""document"": ""gao-23-105480.pdf"", ""page"": 6, ""distance"": 0.8870338201522827}, {""rank"": 5, ""document"": ""gao-23-105480.pdf"", ""page"": 4, ""distance"": 0.9076842069625854}]",1.0,1.0,True,True,0.012318599969148636
EQ008,How long did officials say K-12 learning loss after a cyberattack could last?,Reported loss of learning ranged from 3 days to 3 weeks.,GAO-23-105480,PDF p. 2,6,"[{""evaluation_document"": ""GAO-23-105480"", ""indexed_document"": ""gao-23-105480.pdf"", ""expected_pages"": [2]}]","[{""rank"": 1, ""document"": ""gao-23-105480.pdf"", ""page"": 2, ""distance"": 0.7990372776985168}, {""rank"": 2, ""document"": ""gao-23-105480.pdf"", ""page"": 16, ""distance"": 0.8185638189315796}, {""rank"": 3, ""document"": ""gao-23-105480.pdf"", ""page"": 19, ""distance"": 0.8463289737701416}, {""rank"": 4, ""document"": ""gao-23-105480.pdf"", ""page"": 6, ""distance"": 0.8870338201522827}, {""rank"": 5, ""document"": ""gao-23-105480.pdf"", ""page"": 4, ""distance"": 0.9076842069625854}, {""rank"": 6, ""document"": ""gao-23-105480.pdf"", ""page"": 7, ""distance"": 0.9198212623596191}]",1.0,1.0,True,True,0.011270099959801883
EQ008,How long did officials say K-12 learning loss after a cyberattack could last?,Reported loss of learning ranged from 3 days to 3 weeks.,GAO-23-105480,PDF p. 2,7,"[{""evaluation_document"": ""GAO-23-105480"", ""indexed_document"": ""gao-23-105480.pdf"", ""expected_pages"": [2]}]","[{""rank"": 1, ""document"": ""gao-23-105480.pdf"", ""page"": 2, ""distance"": 0.7990372776985168}, {""rank"": 2, ""document"": ""gao-23-105480.pdf"", ""page"": 16, ""distance"": 0.8185638189315796}, {""rank"": 3, ""document"": ""gao-23-105480.pdf"", ""page"": 19, ""distance"": 0.8463289737701416}, {""rank"": 4, ""document"": ""gao-23-105480.pdf"", ""page"": 6, ""distance"": 0.8870338201522827}, {""rank"": 5, ""document"": ""gao-23-105480.pdf"", ""page"": 4, ""distance"": 0.9076842069625854}, {""rank"": 6, ""document"": ""gao-23-105480.pdf"", ""page"": 7, ""distance"": 0.9198212623596191}, {""rank"": 7, ""document"": ""gao-23-105480.pdf"", ""page"": 2, ""distance"": 0.9211678504943848}]",1.0,1.0,True,True,0.012307799945119768
EQ008,How long did officials say K-12 learning loss after a cyberattack could last?,Reported loss of learning ranged from 3 days to 3 weeks.,GAO-23-105480,PDF p. 2,8,"[{""evaluation_document"": ""GAO-23-105480"", ""indexed_document"": ""gao-23-105480.pdf"", ""expected_pages"": [2]}]","[{""rank"": 1, ""document"": ""gao-23-105480.pdf"", ""page"": 2, ""distance"": 0.7990372776985168}, {""rank"": 2, ""document"": ""gao-23-105480.pdf"", ""page"": 16, ""distance"": 0.8185638189315796}, {""rank"": 3, ""document"": ""gao-23-105480.pdf"", ""page"": 19, ""distance"": 0.8463289737701416}, {""rank"": 4, ""document"": ""gao-23-105480.pdf"", ""page"": 6, ""distance"": 0.8870338201522827}, {""rank"": 5, ""document"": ""gao-23-105480.pdf"", ""page"": 4, ""distance"": 0.9076842069625854}, {""rank"": 6, ""document"": ""gao-23-105480.pdf"", ""page"": 7, ""distance"": 0.9198212623596191}, {""rank"": 7, ""document"": ""gao-23-105480.pdf"", ""page"": 2, ""distance"": 0.9211678504943848}, {""rank"": 8, ""document"": ""gao-23-105480.pdf"", ""page"": 31, ""distance"": 0.932624340057373}]",1.0,1.0,True,True,0.013295499957166612
EQ008,How long did officials say K-12 learning loss after a cyberattack could last?,Reported loss of learning ranged from 3 days to 3 weeks.,GAO-23-105480,PDF p. 2,9,"[{""evaluation_document"": ""GAO-23-105480"", ""indexed_document"": ""gao-23-105480.pdf"", ""expected_pages"": [2]}]","[{""rank"": 1, ""document"": ""gao-23-105480.pdf"", ""page"": 2, ""distance"": 0.7990372776985168}, {""rank"": 2, ""document"": ""gao-23-105480.pdf"", ""page"": 16, ""distance"": 0.8185638189315796}, {""rank"": 3, ""document"": ""gao-23-105480.pdf"", ""page"": 19, ""distance"": 0.8463289737701416}, {""rank"": 4, ""document"": ""gao-23-105480.pdf"", ""page"": 6, ""distance"": 0.8870338201522827}, {""rank"": 5, ""document"": ""gao-23-105480.pdf"", ""page"": 4, ""distance"": 0.9076842069625854}, {""rank"": 6, ""document"": ""gao-23-105480.pdf"", ""page"": 7, ""distance"": 0.9198212623596191}, {""rank"": 7, ""document"": ""gao-23-105480.pdf"", ""page"": 2, ""distance"": 0.9211678504943848}, {""rank"": 8, ""document"": ""gao-23-105480.pdf"", ""page"": 31, ""distance"": 0.932624340057373}, {""rank"": 9, ""document"": ""gao-23-105480.pdf"", ""page"": 22, ""distance"": 0.933775007724762}]",1.0,1.0,True,True,0.013179500005207956
EQ008,How long did officials say K-12 learning loss after a cyberattack could last?,Reported loss of learning ranged from 3 days to 3 weeks.,GAO-23-105480,PDF p. 2,10,"[{""evaluation_document"": ""GAO-23-105480"", ""indexed_document"": ""gao-23-105480.pdf"", ""expected_pages"": [2]}]","[{""rank"": 1, ""document"": ""gao-23-105480.pdf"", ""page"": 2, ""distance"": 0.7990372776985168}, {""rank"": 2, ""document"": ""gao-23-105480.pdf"", ""page"": 16, ""distance"": 0.8185638189315796}, {""rank"": 3, ""document"": ""gao-23-105480.pdf"", ""page"": 19, ""distance"": 0.8463289737701416}, {""rank"": 4, ""document"": ""gao-23-105480.pdf"", ""page"": 6, ""distance"": 0.8870338201522827}, {""rank"": 5, ""document"": ""gao-23-105480.pdf"", ""page"": 4, ""distance"": 0.9076842069625854}, {""rank"": 6, ""document"": ""gao-23-105480.pdf"", ""page"": 7, ""distance"": 0.9198212623596191}, {""rank"": 7, ""document"": ""gao-23-105480.pdf"", ""page"": 2, ""distance"": 0.9211678504943848}, {""rank"": 8, ""document"": ""gao-23-105480.pdf"", ""page"": 31, ""distance"": 0.932624340057373}, {""rank"": 9, ""document"": ""gao-23-105480.pdf"", ""page"": 22, ""distance"": 0.933775007724762}, {""rank"": 10, ""document"": ""gao-23-105480.pdf"", ""page"": 18, ""distance"": 0.9410331845283508}]",1.0,1.0,True,True,0.012119199964217842
EQ009,How many cybersecurity challenges did GAO identify in its 2018 high-risk work?,GAO identified four major cybersecurity challenges.,GAO-24-107231,PDF p. 2,1,"[{""evaluation_document"": ""GAO-24-107231"", ""indexed_document"": ""gao-24-107231.pdf"", ""expected_pages"": [2]}]","[{""rank"": 1, ""document"": ""gao-24-107231.pdf"", ""page"": 6, ""distance"": 0.41849079728126526}]",1.0,0.0,True,False,0.011373199988156557
EQ009,How many cybersecurity challenges did GAO identify in its 2018 high-risk work?,GAO identified four major cybersecurity challenges.,GAO-24-107231,PDF p. 2,2,"[{""evaluation_document"": ""GAO-24-107231"", ""indexed_document"": ""gao-24-107231.pdf"", ""expected_pages"": [2]}]","[{""rank"": 1, ""document"": ""gao-24-107231.pdf"", ""page"": 6, ""distance"": 0.41849079728126526}, {""rank"": 2, ""document"": ""gao-24-107231.pdf"", ""page"": 2, ""distance"": 0.4277621805667877}]",1.0,1.0,True,True,0.013269699993543327
EQ009,How many cybersecurity challenges did GAO identify in its 2018 high-risk work?,GAO identified four major cybersecurity challenges.,GAO-24-107231,PDF p. 2,3,"[{""evaluation_document"": ""GAO-24-107231"", ""indexed_document"": ""gao-24-107231.pdf"", ""expected_pages"": [2]}]","[{""rank"": 1, ""document"": ""gao-24-107231.pdf"", ""page"": 6, ""distance"": 0.41849079728126526}, {""rank"": 2, ""document"": ""gao-24-107231-highlights.pdf"", ""page"": 1, ""distance"": 0.4277621805667877}, {""rank"": 3, ""document"": ""gao-24-107231.pdf"", ""page"": 2, ""distance"": 0.4277621805667877}]",1.0,1.0,True,True,0.01268720004009083
EQ009,How many cybersecurity challenges did GAO identify in its 2018 high-risk work?,GAO identified four major cybersecurity challenges.,GAO-24-107231,PDF p. 2,4,"[{""evaluation_document"": ""GAO-24-107231"", ""indexed_document"": ""gao-24-107231.pdf"", ""expected_pages"": [2]}]","[{""rank"": 1, ""document"": ""gao-24-107231.pdf"", ""page"": 6, ""distance"": 0.41849079728126526}, {""rank"": 2, ""document"": ""gao-24-107231-highlights.pdf"", ""page"": 1, ""distance"": 0.4277621805667877}, {""rank"": 3, ""document"": ""gao-24-107231.pdf"", ""page"": 2, ""distance"": 0.4277621805667877}, {""rank"": 4, ""document"": ""gao-24-107231.pdf"", ""page"": 15, ""distance"": 0.44047170877456665}]",1.0,1.0,True,True,0.011704900010954589
EQ009,How many cybersecurity challenges did GAO identify in its 2018 high-risk work?,GAO identified four major cybersecurity challenges.,GAO-24-107231,PDF p. 2,5,"[{""evaluation_document"": ""GAO-24-107231"", ""indexed_document"": ""gao-24-107231.pdf"", ""expected_pages"": [2]}]","[{""rank"": 1, ""document"": ""gao-24-107231.pdf"", ""page"": 6, ""distance"": 0.41849079728126526}, {""rank"": 2, ""document"": ""gao-24-107231-highlights.pdf"", ""page"": 1, ""distance"": 0.4277621805667877}, {""rank"": 3, ""document"": ""gao-24-107231.pdf"", ""page"": 2, ""distance"": 0.4277621805667877}, {""rank"": 4, ""document"": ""gao-24-107231.pdf"", ""page"": 15, ""distance"": 0.44047170877456665}, {""rank"": 5, ""document"": ""gao-24-107231.pdf"", ""page"": 31, ""distance"": 0.5138279795646667}]",1.0,1.0,True,True,0.012130899995099753
EQ009,How many cybersecurity challenges did GAO identify in its 2018 high-risk work?,GAO identified four major cybersecurity challenges.,GAO-24-107231,PDF p. 2,6,"[{""evaluation_document"": ""GAO-24-107231"", ""indexed_document"": ""gao-24-107231.pdf"", ""expected_pages"": [2]}]","[{""rank"": 1, ""document"": ""gao-24-107231.pdf"", ""page"": 6, ""distance"": 0.41849079728126526}, {""rank"": 2, ""document"": ""gao-24-107231-highlights.pdf"", ""page"": 1, ""distance"": 0.4277621805667877}, {""rank"": 3, ""document"": ""gao-24-107231.pdf"", ""page"": 2, ""distance"": 0.4277621805667877}, {""rank"": 4, ""document"": ""gao-24-107231.pdf"", ""page"": 15, ""distance"": 0.44047170877456665}, {""rank"": 5, ""document"": ""gao-24-107231.pdf"", ""page"": 31, ""distance"": 0.5138279795646667}, {""rank"": 6, ""document"": ""gao-24-107231-highlights.pdf"", ""page"": 1, ""distance"": 0.5286531448364258}]",1.0,1.0,True,True,0.01016250002430752
EQ009,How many cybersecurity challenges did GAO identify in its 2018 high-risk work?,GAO identified four major cybersecurity challenges.,GAO-24-107231,PDF p. 2,7,"[{""evaluation_document"": ""GAO-24-107231"", ""indexed_document"": ""gao-24-107231.pdf"", ""expected_pages"": [2]}]","[{""rank"": 1, ""document"": ""gao-24-107231.pdf"", ""page"": 6, ""distance"": 0.41849079728126526}, {""rank"": 2, ""document"": ""gao-24-107231-highlights.pdf"", ""page"": 1, ""distance"": 0.4277621805667877}, {""rank"": 3, ""document"": ""gao-24-107231.pdf"", ""page"": 2, ""distance"": 0.4277621805667877}, {""rank"": 4, ""document"": ""gao-24-107231.pdf"", ""page"": 15, ""distance"": 0.44047170877456665}, {""rank"": 5, ""document"": ""gao-24-107231.pdf"", ""page"": 31, ""distance"": 0.5138279795646667}, {""rank"": 6, ""document"": ""gao-24-107231-highlights.pdf"", ""page"": 1, ""distance"": 0.5286531448364258}, {""rank"": 7, ""document"": ""gao-24-107231.pdf"", ""page"": 2, ""distance"": 0.5286531448364258}]",1.0,1.0,True,True,0.013157000008504838
EQ009,How many cybersecurity challenges did GAO identify in its 2018 high-risk work?,GAO identified four major cybersecurity challenges.,GAO-24-107231,PDF p. 2,8,"[{""evaluation_document"": ""GAO-24-107231"", ""indexed_document"": ""gao-24-107231.pdf"", ""expected_pages"": [2]}]","[{""rank"": 1, ""document"": ""gao-24-107231.pdf"", ""page"": 6, ""distance"": 0.41849079728126526}, {""rank"": 2, ""document"": ""gao-24-107231-highlights.pdf"", ""page"": 1, ""distance"": 0.4277621805667877}, {""rank"": 3, ""document"": ""gao-24-107231.pdf"", ""page"": 2, ""distance"": 0.4277621805667877}, {""rank"": 4, ""document"": ""gao-24-107231.pdf"", ""page"": 15, ""distance"": 0.44047170877456665}, {""rank"": 5, ""document"": ""gao-24-107231.pdf"", ""page"": 31, ""distance"": 0.5138279795646667}, {""rank"": 6, ""document"": ""gao-24-107231-highlights.pdf"", ""page"": 1, ""distance"": 0.5286531448364258}, {""rank"": 7, ""document"": ""gao-24-107231.pdf"", ""page"": 2, ""distance"": 0.5286531448364258}, {""rank"": 8, ""document"": ""gao-24-107231.pdf"", ""page"": 14, ""distance"": 0.5656160712242126}]",1.0,1.0,True,True,0.009926200029440224
EQ009,How many cybersecurity challenges did GAO identify in its 2018 high-risk work?,GAO identified four major cybersecurity challenges.,GAO-24-107231,PDF p. 2,9,"[{""evaluation_document"": ""GAO-24-107231"", ""indexed_document"": ""gao-24-107231.pdf"", ""expected_pages"": [2]}]","[{""rank"": 1, ""document"": ""gao-24-107231.pdf"", ""page"": 6, ""distance"": 0.41849079728126526}, {""rank"": 2, ""document"": ""gao-24-107231-highlights.pdf"", ""page"": 1, ""distance"": 0.4277621805667877}, {""rank"": 3, ""document"": ""gao-24-107231.pdf"", ""page"": 2, ""distance"": 0.4277621805667877}, {""rank"": 4, ""document"": ""gao-24-107231.pdf"", ""page"": 15, ""distance"": 0.44047170877456665}, {""rank"": 5, ""document"": ""gao-24-107231.pdf"", ""page"": 31, ""distance"": 0.5138279795646667}, {""rank"": 6, ""document"": ""gao-24-107231-highlights.pdf"", ""page"": 1, ""distance"": 0.5286531448364258}, {""rank"": 7, ""document"": ""gao-24-107231.pdf"", ""page"": 2, ""distance"": 0.5286531448364258}, {""rank"": 8, ""document"": ""gao-24-107231.pdf"", ""page"": 14, ""distance"": 0.5656160712242126}, {""rank"": 9, ""document"": ""gao-24-107231.pdf"", ""page"": 89, ""distance"": 0.5823087692260742}]",1.0,1.0,True,True,0.013825299974996597
EQ009,How many cybersecurity challenges did GAO identify in its 2018 high-risk work?,GAO identified four major cybersecurity challenges.,GAO-24-107231,PDF p. 2,10,"[{""evaluation_document"": ""GAO-24-107231"", ""indexed_document"": ""gao-24-107231.pdf"", ""expected_pages"": [2]}]","[{""rank"": 1, ""document"": ""gao-24-107231.pdf"", ""page"": 6, ""distance"": 0.41849079728126526}, {""rank"": 2, ""document"": ""gao-24-107231-highlights.pdf"", ""page"": 1, ""distance"": 0.4277621805667877}, {""rank"": 3, ""document"": ""gao-24-107231.pdf"", ""page"": 2, ""distance"": 0.4277621805667877}, {""rank"": 4, ""document"": ""gao-24-107231.pdf"", ""page"": 15, ""distance"": 0.44047170877456665}, {""rank"": 5, ""document"": ""gao-24-107231.pdf"", ""page"": 31, ""distance"": 0.5138279795646667}, {""rank"": 6, ""document"": ""gao-24-107231-highlights.pdf"", ""page"": 1, ""distance"": 0.5286531448364258}, {""rank"": 7, ""document"": ""gao-24-107231.pdf"", ""page"": 2, ""distance"": 0.5286531448364258}, {""rank"": 8, ""document"": ""gao-24-107231.pdf"", ""page"": 14, ""distance"": 0.5656160712242126}, {""rank"": 9, ""document"": ""gao-24-107231.pdf"", ""page"": 89, ""distance"": 0.5823087692260742}, {""rank"": 10, ""document"": ""gao-24-107231.pdf"", ""page"": 86, ""distance"": 0.5865308046340942}]",1.0,1.0,True,True,0.01390919997356832
EQ010,How many actions are described as essential within GAO's four cybersecurity challenges?,There are 10 essential actions within the four challenges.,GAO-24-107231,PDF p. 2,1,"[{""evaluation_document"": ""GAO-24-107231"", ""indexed_document"": ""gao-24-107231.pdf"", ""expected_pages"": [2]}]","[{""rank"": 1, ""document"": ""gao-24-107231.pdf"", ""page"": 2, ""distance"": 0.392322301864624}]",1.0,1.0,True,True,0.013396000023931265
EQ010,How many actions are described as essential within GAO's four cybersecurity challenges?,There are 10 essential actions within the four challenges.,GAO-24-107231,PDF p. 2,2,"[{""evaluation_document"": ""GAO-24-107231"", ""indexed_document"": ""gao-24-107231.pdf"", ""expected_pages"": [2]}]","[{""rank"": 1, ""document"": ""gao-24-107231-highlights.pdf"", ""page"": 1, ""distance"": 0.392322301864624}, {""rank"": 2, ""document"": ""gao-24-107231.pdf"", ""page"": 2, ""distance"": 0.392322301864624}]",1.0,1.0,True,True,0.013595599972177297
EQ010,How many actions are described as essential within GAO's four cybersecurity challenges?,There are 10 essential actions within the four challenges.,GAO-24-107231,PDF p. 2,3,"[{""evaluation_document"": ""GAO-24-107231"", ""indexed_document"": ""gao-24-107231.pdf"", ""expected_pages"": [2]}]","[{""rank"": 1, ""document"": ""gao-24-107231-highlights.pdf"", ""page"": 1, ""distance"": 0.392322301864624}, {""rank"": 2, ""document"": ""gao-24-107231.pdf"", ""page"": 2, ""distance"": 0.392322301864624}, {""rank"": 3, ""document"": ""gao-24-107231.pdf"", ""page"": 14, ""distance"": 0.45739415287971497}]",1.0,1.0,True,True,0.011370200023520738
EQ010,How many actions are described as essential within GAO's four cybersecurity challenges?,There are 10 essential actions within the four challenges.,GAO-24-107231,PDF p. 2,4,"[{""evaluation_document"": ""GAO-24-107231"", ""indexed_document"": ""gao-24-107231.pdf"", ""expected_pages"": [2]}]","[{""rank"": 1, ""document"": ""gao-24-107231-highlights.pdf"", ""page"": 1, ""distance"": 0.392322301864624}, {""rank"": 2, ""document"": ""gao-24-107231.pdf"", ""page"": 2, ""distance"": 0.392322301864624}, {""rank"": 3, ""document"": ""gao-24-107231.pdf"", ""page"": 14, ""distance"": 0.45739415287971497}, {""rank"": 4, ""document"": ""gao-24-107231.pdf"", ""page"": 2, ""distance"": 0.4999848008155823}]",1.0,1.0,True,True,0.01011189998826012
EQ010,How many actions are described as essential within GAO's four cybersecurity challenges?,There are 10 essential actions within the four challenges.,GAO-24-107231,PDF p. 2,5,"[{""evaluation_document"": ""GAO-24-107231"", ""indexed_document"": ""gao-24-107231.pdf"", ""expected_pages"": [2]}]","[{""rank"": 1, ""document"": ""gao-24-107231-highlights.pdf"", ""page"": 1, ""distance"": 0.392322301864624}, {""rank"": 2, ""document"": ""gao-24-107231.pdf"", ""page"": 2, ""distance"": 0.392322301864624}, {""rank"": 3, ""document"": ""gao-24-107231.pdf"", ""page"": 14, ""distance"": 0.45739415287971497}, {""rank"": 4, ""document"": ""gao-24-107231-highlights.pdf"", ""page"": 1, ""distance"": 0.4999848008155823}, {""rank"": 5, ""document"": ""gao-24-107231.pdf"", ""page"": 2, ""distance"": 0.4999848008155823}]",1.0,1.0,True,True,0.012530999956652522
EQ010,How many actions are described as essential within GAO's four cybersecurity challenges?,There are 10 essential actions within the four challenges.,GAO-24-107231,PDF p. 2,6,"[{""evaluation_document"": ""GAO-24-107231"", ""indexed_document"": ""gao-24-107231.pdf"", ""expected_pages"": [2]}]","[{""rank"": 1, ""document"": ""gao-24-107231-highlights.pdf"", ""page"": 1, ""distance"": 0.392322301864624}, {""rank"": 2, ""document"": ""gao-24-107231.pdf"", ""page"": 2, ""distance"": 0.392322301864624}, {""rank"": 3, ""document"": ""gao-24-107231.pdf"", ""page"": 14, ""distance"": 0.45739415287971497}, {""rank"": 4, ""document"": ""gao-24-107231-highlights.pdf"", ""page"": 1, ""distance"": 0.4999848008155823}, {""rank"": 5, ""document"": ""gao-24-107231.pdf"", ""page"": 2, ""distance"": 0.4999848008155823}, {""rank"": 6, ""document"": ""gao-24-107231.pdf"", ""page"": 13, ""distance"": 0.5084503293037415}]",1.0,1.0,True,True,0.011181799985934049
EQ010,How many actions are described as essential within GAO's four cybersecurity challenges?,There are 10 essential actions within the four challenges.,GAO-24-107231,PDF p. 2,7,"[{""evaluation_document"": ""GAO-24-107231"", ""indexed_document"": ""gao-24-107231.pdf"", ""expected_pages"": [2]}]","[{""rank"": 1, ""document"": ""gao-24-107231-highlights.pdf"", ""page"": 1, ""distance"": 0.392322301864624}, {""rank"": 2, ""document"": ""gao-24-107231.pdf"", ""page"": 2, ""distance"": 0.392322301864624}, {""rank"": 3, ""document"": ""gao-24-107231.pdf"", ""page"": 14, ""distance"": 0.45739415287971497}, {""rank"": 4, ""document"": ""gao-24-107231-highlights.pdf"", ""page"": 1, ""distance"": 0.4999848008155823}, {""rank"": 5, ""document"": ""gao-24-107231.pdf"", ""page"": 2, ""distance"": 0.4999848008155823}, {""rank"": 6, ""document"": ""gao-24-107231.pdf"", ""page"": 13, ""distance"": 0.5084503293037415}, {""rank"": 7, ""document"": ""gao-24-107231.pdf"", ""page"": 6, ""distance"": 0.5580302476882935}]",1.0,1.0,True,True,0.012177500000689179
EQ010,How many actions are described as essential within GAO's four cybersecurity challenges?,There are 10 essential actions within the four challenges.,GAO-24-107231,PDF p. 2,8,"[{""evaluation_document"": ""GAO-24-107231"", ""indexed_document"": ""gao-24-107231.pdf"", ""expected_pages"": [2]}]","[{""rank"": 1, ""document"": ""gao-24-107231-highlights.pdf"", ""page"": 1, ""distance"": 0.392322301864624}, {""rank"": 2, ""document"": ""gao-24-107231.pdf"", ""page"": 2, ""distance"": 0.392322301864624}, {""rank"": 3, ""document"": ""gao-24-107231.pdf"", ""page"": 14, ""distance"": 0.45739415287971497}, {""rank"": 4, ""document"": ""gao-24-107231-highlights.pdf"", ""page"": 1, ""distance"": 0.4999848008155823}, {""rank"": 5, ""document"": ""gao-24-107231.pdf"", ""page"": 2, ""distance"": 0.4999848008155823}, {""rank"": 6, ""document"": ""gao-24-107231.pdf"", ""page"": 13, ""distance"": 0.5084503293037415}, {""rank"": 7, ""document"": ""gao-24-107231.pdf"", ""page"": 6, ""distance"": 0.5580302476882935}, {""rank"": 8, ""document"": ""d24106916.pdf"", ""page"": 6, ""distance"": 0.5607525110244751}]",1.0,1.0,True,True,0.01198180002393201
EQ010,How many actions are described as essential within GAO's four cybersecurity challenges?,There are 10 essential actions within the four challenges.,GAO-24-107231,PDF p. 2,9,"[{""evaluation_document"": ""GAO-24-107231"", ""indexed_document"": ""gao-24-107231.pdf"", ""expected_pages"": [2]}]","[{""rank"": 1, ""document"": ""gao-24-107231-highlights.pdf"", ""page"": 1, ""distance"": 0.392322301864624}, {""rank"": 2, ""document"": ""gao-24-107231.pdf"", ""page"": 2, ""distance"": 0.392322301864624}, {""rank"": 3, ""document"": ""gao-24-107231.pdf"", ""page"": 14, ""distance"": 0.45739415287971497}, {""rank"": 4, ""document"": ""gao-24-107231-highlights.pdf"", ""page"": 1, ""distance"": 0.4999848008155823}, {""rank"": 5, ""document"": ""gao-24-107231.pdf"", ""page"": 2, ""distance"": 0.4999848008155823}, {""rank"": 6, ""document"": ""gao-24-107231.pdf"", ""page"": 13, ""distance"": 0.5084503293037415}, {""rank"": 7, ""document"": ""gao-24-107231.pdf"", ""page"": 6, ""distance"": 0.5580302476882935}, {""rank"": 8, ""document"": ""d24106916.pdf"", ""page"": 6, ""distance"": 0.5607525110244751}, {""rank"": 9, ""document"": ""gao-24-107231.pdf"", ""page"": 86, ""distance"": 0.5664361119270325}]",1.0,1.0,True,True,0.012992299976758659
EQ010,How many actions are described as essential within GAO's four cybersecurity challenges?,There are 10 essential actions within the four challenges.,GAO-24-107231,PDF p. 2,10,"[{""evaluation_document"": ""GAO-24-107231"", ""indexed_document"": ""gao-24-107231.pdf"", ""expected_pages"": [2]}]","[{""rank"": 1, ""document"": ""gao-24-107231-highlights.pdf"", ""page"": 1, ""distance"": 0.392322301864624}, {""rank"": 2, ""document"": ""gao-24-107231.pdf"", ""page"": 2, ""distance"": 0.392322301864624}, {""rank"": 3, ""document"": ""gao-24-107231.pdf"", ""page"": 14, ""distance"": 0.45739415287971497}, {""rank"": 4, ""document"": ""gao-24-107231-highlights.pdf"", ""page"": 1, ""distance"": 0.4999848008155823}, {""rank"": 5, ""document"": ""gao-24-107231.pdf"", ""page"": 2, ""distance"": 0.4999848008155823}, {""rank"": 6, ""document"": ""gao-24-107231.pdf"", ""page"": 13, ""distance"": 0.5084503293037415}, {""rank"": 7, ""document"": ""gao-24-107231.pdf"", ""page"": 6, ""distance"": 0.5580302476882935}, {""rank"": 8, ""document"": ""d24106916.pdf"", ""page"": 6, ""distance"": 0.5607525110244751}, {""rank"": 9, ""document"": ""gao-24-107231.pdf"", ""page"": 86, ""distance"": 0.5664361119270325}, {""rank"": 10, ""document"": ""gao-24-107231.pdf"", ""page"": 15, ""distance"": 0.5765575170516968}]",1.0,1.0,True,True,0.013412099971901625
EQ011,What was GAO's reported financial benefit from its work in fiscal year 2024?,GAO reported over $67.5 billion in financial benefits.,GAO-25-108440,PDF p. 2,1,"[{""evaluation_document"": ""GAO-25-108440"", ""indexed_document"": ""gao-25-108440.pdf"", ""expected_pages"": [2]}]","[{""rank"": 1, ""document"": ""gao-26-900644.pdf"", ""page"": 138, ""distance"": 0.5920069813728333}]",0.0,0.0,False,False,0.012052700039930642
EQ011,What was GAO's reported financial benefit from its work in fiscal year 2024?,GAO reported over $67.5 billion in financial benefits.,GAO-25-108440,PDF p. 2,2,"[{""evaluation_document"": ""GAO-25-108440"", ""indexed_document"": ""gao-25-108440.pdf"", ""expected_pages"": [2]}]","[{""rank"": 1, ""document"": ""gao-26-900644.pdf"", ""page"": 138, ""distance"": 0.5920069813728333}, {""rank"": 2, ""document"": ""gao-26-900644.pdf"", ""page"": 37, ""distance"": 0.5977105498313904}]",0.0,0.0,False,False,0.011823299981188029
EQ011,What was GAO's reported financial benefit from its work in fiscal year 2024?,GAO reported over $67.5 billion in financial benefits.,GAO-25-108440,PDF p. 2,3,"[{""evaluation_document"": ""GAO-25-108440"", ""indexed_document"": ""gao-25-108440.pdf"", ""expected_pages"": [2]}]","[{""rank"": 1, ""document"": ""gao-26-900644.pdf"", ""page"": 138, ""distance"": 0.5920069813728333}, {""rank"": 2, ""document"": ""gao-26-900644.pdf"", ""page"": 37, ""distance"": 0.5977105498313904}, {""rank"": 3, ""document"": ""gao-26-900644.pdf"", ""page"": 7, ""distance"": 0.6014998555183411}]",0.0,0.0,False,False,0.013118400005623698
EQ011,What was GAO's reported financial benefit from its work in fiscal year 2024?,GAO reported over $67.5 billion in financial benefits.,GAO-25-108440,PDF p. 2,4,"[{""evaluation_document"": ""GAO-25-108440"", ""indexed_document"": ""gao-25-108440.pdf"", ""expected_pages"": [2]}]","[{""rank"": 1, ""document"": ""gao-26-900644.pdf"", ""page"": 138, ""distance"": 0.5920069813728333}, {""rank"": 2, ""document"": ""gao-26-900644.pdf"", ""page"": 37, ""distance"": 0.5977105498313904}, {""rank"": 3, ""document"": ""gao-26-900644.pdf"", ""page"": 7, ""distance"": 0.6014998555183411}, {""rank"": 4, ""document"": ""gao-26-900644.pdf"", ""page"": 94, ""distance"": 0.620474636554718}]",0.0,0.0,False,False,0.013538200000766665
EQ011,What was GAO's reported financial benefit from its work in fiscal year 2024?,GAO reported over $67.5 billion in financial benefits.,GAO-25-108440,PDF p. 2,5,"[{""evaluation_document"": ""GAO-25-108440"", ""indexed_document"": ""gao-25-108440.pdf"", ""expected_pages"": [2]}]","[{""rank"": 1, ""document"": ""gao-26-900644.pdf"", ""page"": 138, ""distance"": 0.5920069813728333}, {""rank"": 2, ""document"": ""gao-26-900644.pdf"", ""page"": 37, ""distance"": 0.5977105498313904}, {""rank"": 3, ""document"": ""gao-26-900644.pdf"", ""page"": 7, ""distance"": 0.6014998555183411}, {""rank"": 4, ""document"": ""gao-26-900644.pdf"", ""page"": 94, ""distance"": 0.620474636554718}, {""rank"": 5, ""document"": ""gao-26-900644.pdf"", ""page"": 136, ""distance"": 0.6246687769889832}]",0.0,0.0,False,False,0.011571799986995757
EQ011,What was GAO's reported financial benefit from its work in fiscal year 2024?,GAO reported over $67.5 billion in financial benefits.,GAO-25-108440,PDF p. 2,6,"[{""evaluation_document"": ""GAO-25-108440"", ""indexed_document"": ""gao-25-108440.pdf"", ""expected_pages"": [2]}]","[{""rank"": 1, ""document"": ""gao-26-900644.pdf"", ""page"": 138, ""distance"": 0.5920069813728333}, {""rank"": 2, ""document"": ""gao-26-900644.pdf"", ""page"": 37, ""distance"": 0.5977105498313904}, {""rank"": 3, ""document"": ""gao-26-900644.pdf"", ""page"": 7, ""distance"": 0.6014998555183411}, {""rank"": 4, ""document"": ""gao-26-900644.pdf"", ""page"": 94, ""distance"": 0.620474636554718}, {""rank"": 5, ""document"": ""gao-26-900644.pdf"", ""page"": 136, ""distance"": 0.6246687769889832}, {""rank"": 6, ""document"": ""gao-26-900644.pdf"", ""page"": 87, ""distance"": 0.6248053312301636}]",0.0,0.0,False,False,0.012987599999178201
EQ011,What was GAO's reported financial benefit from its work in fiscal year 2024?,GAO reported over $67.5 billion in financial benefits.,GAO-25-108440,PDF p. 2,7,"[{""evaluation_document"": ""GAO-25-108440"", ""indexed_document"": ""gao-25-108440.pdf"", ""expected_pages"": [2]}]","[{""rank"": 1, ""document"": ""gao-26-900644.pdf"", ""page"": 138, ""distance"": 0.5920069813728333}, {""rank"": 2, ""document"": ""gao-26-900644.pdf"", ""page"": 37, ""distance"": 0.5977105498313904}, {""rank"": 3, ""document"": ""gao-26-900644.pdf"", ""page"": 7, ""distance"": 0.6014998555183411}, {""rank"": 4, ""document"": ""gao-26-900644.pdf"", ""page"": 94, ""distance"": 0.620474636554718}, {""rank"": 5, ""document"": ""gao-26-900644.pdf"", ""page"": 136, ""distance"": 0.6246687769889832}, {""rank"": 6, ""document"": ""gao-26-900644.pdf"", ""page"": 87, ""distance"": 0.6248053312301636}, {""rank"": 7, ""document"": ""gao-25-108440.pdf"", ""page"": 5, ""distance"": 0.6284400820732117}]",1.0,0.0,True,False,0.012523099954705685
EQ011,What was GAO's reported financial benefit from its work in fiscal year 2024?,GAO reported over $67.5 billion in financial benefits.,GAO-25-108440,PDF p. 2,8,"[{""evaluation_document"": ""GAO-25-108440"", ""indexed_document"": ""gao-25-108440.pdf"", ""expected_pages"": [2]}]","[{""rank"": 1, ""document"": ""gao-26-900644.pdf"", ""page"": 138, ""distance"": 0.5920069813728333}, {""rank"": 2, ""document"": ""gao-26-900644.pdf"", ""page"": 37, ""distance"": 0.5977105498313904}, {""rank"": 3, ""document"": ""gao-26-900644.pdf"", ""page"": 7, ""distance"": 0.6014998555183411}, {""rank"": 4, ""document"": ""gao-26-900644.pdf"", ""page"": 94, ""distance"": 0.620474636554718}, {""rank"": 5, ""document"": ""gao-26-900644.pdf"", ""page"": 136, ""distance"": 0.6246687769889832}, {""rank"": 6, ""document"": ""gao-26-900644.pdf"", ""page"": 87, ""distance"": 0.6248053312301636}, {""rank"": 7, ""document"": ""gao-25-108440.pdf"", ""page"": 5, ""distance"": 0.6284400820732117}, {""rank"": 8, ""document"": ""gao-26-900644.pdf"", ""page"": 55, ""distance"": 0.6300759315490723}]",1.0,0.0,True,False,0.011724799987860024
EQ011,What was GAO's reported financial benefit from its work in fiscal year 2024?,GAO reported over $67.5 billion in financial benefits.,GAO-25-108440,PDF p. 2,9,"[{""evaluation_document"": ""GAO-25-108440"", ""indexed_document"": ""gao-25-108440.pdf"", ""expected_pages"": [2]}]","[{""rank"": 1, ""document"": ""gao-26-900644.pdf"", ""page"": 138, ""distance"": 0.5920069813728333}, {""rank"": 2, ""document"": ""gao-26-900644.pdf"", ""page"": 37, ""distance"": 0.5977105498313904}, {""rank"": 3, ""document"": ""gao-26-900644.pdf"", ""page"": 7, ""distance"": 0.6014998555183411}, {""rank"": 4, ""document"": ""gao-26-900644.pdf"", ""page"": 94, ""distance"": 0.620474636554718}, {""rank"": 5, ""document"": ""gao-26-900644.pdf"", ""page"": 136, ""distance"": 0.6246687769889832}, {""rank"": 6, ""document"": ""gao-26-900644.pdf"", ""page"": 87, ""distance"": 0.6248053312301636}, {""rank"": 7, ""document"": ""gao-25-108440.pdf"", ""page"": 5, ""distance"": 0.6284400820732117}, {""rank"": 8, ""document"": ""gao-26-900644.pdf"", ""page"": 55, ""distance"": 0.6300759315490723}, {""rank"": 9, ""document"": ""gao-26-900644.pdf"", ""page"": 126, ""distance"": 0.6369128227233887}]",1.0,0.0,True,False,0.010255199973471463
EQ011,What was GAO's reported financial benefit from its work in fiscal year 2024?,GAO reported over $67.5 billion in financial benefits.,GAO-25-108440,PDF p. 2,10,"[{""evaluation_document"": ""GAO-25-108440"", ""indexed_document"": ""gao-25-108440.pdf"", ""expected_pages"": [2]}]","[{""rank"": 1, ""document"": ""gao-26-900644.pdf"", ""page"": 138, ""distance"": 0.5920069813728333}, {""rank"": 2, ""document"": ""gao-26-900644.pdf"", ""page"": 37, ""distance"": 0.5977105498313904}, {""rank"": 3, ""document"": ""gao-26-900644.pdf"", ""page"": 7, ""distance"": 0.6014998555183411}, {""rank"": 4, ""document"": ""gao-26-900644.pdf"", ""page"": 94, ""distance"": 0.620474636554718}, {""rank"": 5, ""document"": ""gao-26-900644.pdf"", ""page"": 136, ""distance"": 0.6246687769889832}, {""rank"": 6, ""document"": ""gao-26-900644.pdf"", ""page"": 87, ""distance"": 0.6248053312301636}, {""rank"": 7, ""document"": ""gao-25-108440.pdf"", ""page"": 5, ""distance"": 0.6284400820732117}, {""rank"": 8, ""document"": ""gao-26-900644.pdf"", ""page"": 55, ""distance"": 0.6300759315490723}, {""rank"": 9, ""document"": ""gao-26-900644.pdf"", ""page"": 126, ""distance"": 0.6369128227233887}, {""rank"": 10, ""document"": ""gao-26-900644.pdf"", ""page"": 66, ""distance"": 0.6460719704627991}]",1.0,0.0,True,False,0.010861399990972131
EQ012,How many Treasury auctions were held in fiscal year 2025?,"Treasury held 444 auctions of bills, notes, and bonds.",GAO-26-107529,PDF p. 2,1,"[{""evaluation_document"": ""GAO-26-107529"", ""indexed_document"": ""gao-26-107529.pdf"", ""expected_pages"": [2]}]","[{""rank"": 1, ""document"": ""gao-26-107529.pdf"", ""page"": 35, ""distance"": 0.5386741161346436}]",1.0,0.0,True,False,0.013063699996564537
EQ012,How many Treasury auctions were held in fiscal year 2025?,"Treasury held 444 auctions of bills, notes, and bonds.",GAO-26-107529,PDF p. 2,2,"[{""evaluation_document"": ""GAO-26-107529"", ""indexed_document"": ""gao-26-107529.pdf"", ""expected_pages"": [2]}]","[{""rank"": 1, ""document"": ""gao-26-107529.pdf"", ""page"": 35, ""distance"": 0.5386741161346436}, {""rank"": 2, ""document"": ""gao-26-107529.pdf"", ""page"": 2, ""distance"": 0.542351245880127}]",1.0,1.0,True,True,0.011041799967642874
EQ012,How many Treasury auctions were held in fiscal year 2025?,"Treasury held 444 auctions of bills, notes, and bonds.",GAO-26-107529,PDF p. 2,3,"[{""evaluation_document"": ""GAO-26-107529"", ""indexed_document"": ""gao-26-107529.pdf"", ""expected_pages"": [2]}]","[{""rank"": 1, ""document"": ""gao-26-107529.pdf"", ""page"": 35, ""distance"": 0.5386741161346436}, {""rank"": 2, ""document"": ""gao-26-107529.pdf"", ""page"": 2, ""distance"": 0.542351245880127}, {""rank"": 3, ""document"": ""gao-26-107529.pdf"", ""page"": 34, ""distance"": 0.5525301098823547}]",1.0,1.0,True,True,0.011398200003895909
EQ012,How many Treasury auctions were held in fiscal year 2025?,"Treasury held 444 auctions of bills, notes, and bonds.",GAO-26-107529,PDF p. 2,4,"[{""evaluation_document"": ""GAO-26-107529"", ""indexed_document"": ""gao-26-107529.pdf"", ""expected_pages"": [2]}]","[{""rank"": 1, ""document"": ""gao-26-107529.pdf"", ""page"": 35, ""distance"": 0.5386741161346436}, {""rank"": 2, ""document"": ""gao-26-107529.pdf"", ""page"": 2, ""distance"": 0.542351245880127}, {""rank"": 3, ""document"": ""gao-26-107529.pdf"", ""page"": 34, ""distance"": 0.5525301098823547}, {""rank"": 4, ""document"": ""gao-26-107529.pdf"", ""page"": 65, ""distance"": 0.5530533790588379}]",1.0,1.0,True,True,0.01114180003060028
EQ012,How many Treasury auctions were held in fiscal year 2025?,"Treasury held 444 auctions of bills, notes, and bonds.",GAO-26-107529,PDF p. 2,5,"[{""evaluation_document"": ""GAO-26-107529"", ""indexed_document"": ""gao-26-107529.pdf"", ""expected_pages"": [2]}]","[{""rank"": 1, ""document"": ""gao-26-107529.pdf"", ""page"": 35, ""distance"": 0.5386741161346436}, {""rank"": 2, ""document"": ""gao-26-107529.pdf"", ""page"": 2, ""distance"": 0.542351245880127}, {""rank"": 3, ""document"": ""gao-26-107529.pdf"", ""page"": 34, ""distance"": 0.5525301098823547}, {""rank"": 4, ""document"": ""gao-26-107529.pdf"", ""page"": 65, ""distance"": 0.5530533790588379}, {""rank"": 5, ""document"": ""gao-26-107529.pdf"", ""page"": 32, ""distance"": 0.5736336708068848}]",1.0,1.0,True,True,0.011229900002945215
EQ012,How many Treasury auctions were held in fiscal year 2025?,"Treasury held 444 auctions of bills, notes, and bonds.",GAO-26-107529,PDF p. 2,6,"[{""evaluation_document"": ""GAO-26-107529"", ""indexed_document"": ""gao-26-107529.pdf"", ""expected_pages"": [2]}]","[{""rank"": 1, ""document"": ""gao-26-107529.pdf"", ""page"": 35, ""distance"": 0.5386741161346436}, {""rank"": 2, ""document"": ""gao-26-107529.pdf"", ""page"": 2, ""distance"": 0.542351245880127}, {""rank"": 3, ""document"": ""gao-26-107529.pdf"", ""page"": 34, ""distance"": 0.5525301098823547}, {""rank"": 4, ""document"": ""gao-26-107529.pdf"", ""page"": 65, ""distance"": 0.5530533790588379}, {""rank"": 5, ""document"": ""gao-26-107529.pdf"", ""page"": 32, ""distance"": 0.5736336708068848}, {""rank"": 6, ""document"": ""gao-26-107529.pdf"", ""page"": 44, ""distance"": 0.5977716445922852}]",1.0,1.0,True,True,0.011429800011683255
EQ012,How many Treasury auctions were held in fiscal year 2025?,"Treasury held 444 auctions of bills, notes, and bonds.",GAO-26-107529,PDF p. 2,7,"[{""evaluation_document"": ""GAO-26-107529"", ""indexed_document"": ""gao-26-107529.pdf"", ""expected_pages"": [2]}]","[{""rank"": 1, ""document"": ""gao-26-107529.pdf"", ""page"": 35, ""distance"": 0.5386741161346436}, {""rank"": 2, ""document"": ""gao-26-107529.pdf"", ""page"": 2, ""distance"": 0.542351245880127}, {""rank"": 3, ""document"": ""gao-26-107529.pdf"", ""page"": 34, ""distance"": 0.5525301098823547}, {""rank"": 4, ""document"": ""gao-26-107529.pdf"", ""page"": 65, ""distance"": 0.5530533790588379}, {""rank"": 5, ""document"": ""gao-26-107529.pdf"", ""page"": 32, ""distance"": 0.5736336708068848}, {""rank"": 6, ""document"": ""gao-26-107529.pdf"", ""page"": 44, ""distance"": 0.5977716445922852}, {""rank"": 7, ""document"": ""gao-26-107529.pdf"", ""page"": 33, ""distance"": 0.6036094427108765}]",1.0,1.0,True,True,0.012388299976009876
EQ012,How many Treasury auctions were held in fiscal year 2025?,"Treasury held 444 auctions of bills, notes, and bonds.",GAO-26-107529,PDF p. 2,8,"[{""evaluation_document"": ""GAO-26-107529"", ""indexed_document"": ""gao-26-107529.pdf"", ""expected_pages"": [2]}]","[{""rank"": 1, ""document"": ""gao-26-107529.pdf"", ""page"": 35, ""distance"": 0.5386741161346436}, {""rank"": 2, ""document"": ""gao-26-107529.pdf"", ""page"": 2, ""distance"": 0.542351245880127}, {""rank"": 3, ""document"": ""gao-26-107529.pdf"", ""page"": 34, ""distance"": 0.5525301098823547}, {""rank"": 4, ""document"": ""gao-26-107529.pdf"", ""page"": 65, ""distance"": 0.5530533790588379}, {""rank"": 5, ""document"": ""gao-26-107529.pdf"", ""page"": 32, ""distance"": 0.5736336708068848}, {""rank"": 6, ""document"": ""gao-26-107529.pdf"", ""page"": 44, ""distance"": 0.5977716445922852}, {""rank"": 7, ""document"": ""gao-26-107529.pdf"", ""page"": 33, ""distance"": 0.6036094427108765}, {""rank"": 8, ""document"": ""gao-26-107529.pdf"", ""page"": 31, ""distance"": 0.6127412915229797}]",1.0,1.0,True,True,0.012342400033958256
EQ012,How many Treasury auctions were held in fiscal year 2025?,"Treasury held 444 auctions of bills, notes, and bonds.",GAO-26-107529,PDF p. 2,9,"[{""evaluation_document"": ""GAO-26-107529"", ""indexed_document"": ""gao-26-107529.pdf"", ""expected_pages"": [2]}]","[{""rank"": 1, ""document"": ""gao-26-107529.pdf"", ""page"": 35, ""distance"": 0.5386741161346436}, {""rank"": 2, ""document"": ""gao-26-107529.pdf"", ""page"": 2, ""distance"": 0.542351245880127}, {""rank"": 3, ""document"": ""gao-26-107529.pdf"", ""page"": 34, ""distance"": 0.5525301098823547}, {""rank"": 4, ""document"": ""gao-26-107529.pdf"", ""page"": 65, ""distance"": 0.5530533790588379}, {""rank"": 5, ""document"": ""gao-26-107529.pdf"", ""page"": 32, ""distance"": 0.5736336708068848}, {""rank"": 6, ""document"": ""gao-26-107529.pdf"", ""page"": 44, ""distance"": 0.5977716445922852}, {""rank"": 7, ""document"": ""gao-26-107529.pdf"", ""page"": 33, ""distance"": 0.6036094427108765}, {""rank"": 8, ""document"": ""gao-26-107529.pdf"", ""page"": 31, ""distance"": 0.6127412915229797}, {""rank"": 9, ""document"": ""gao-26-107529.pdf"", ""page"": 8, ""distance"": 0.6174191236495972}]",1.0,1.0,True,True,0.012612499995157123
EQ012,How many Treasury auctions were held in fiscal year 2025?,"Treasury held 444 auctions of bills, notes, and bonds.",GAO-26-107529,PDF p. 2,10,"[{""evaluation_document"": ""GAO-26-107529"", ""indexed_document"": ""gao-26-107529.pdf"", ""expected_pages"": [2]}]","[{""rank"": 1, ""document"": ""gao-26-107529.pdf"", ""page"": 35, ""distance"": 0.5386741161346436}, {""rank"": 2, ""document"": ""gao-26-107529.pdf"", ""page"": 2, ""distance"": 0.542351245880127}, {""rank"": 3, ""document"": ""gao-26-107529.pdf"", ""page"": 34, ""distance"": 0.5525301098823547}, {""rank"": 4, ""document"": ""gao-26-107529.pdf"", ""page"": 65, ""distance"": 0.5530533790588379}, {""rank"": 5, ""document"": ""gao-26-107529.pdf"", ""page"": 32, ""distance"": 0.5736336708068848}, {""rank"": 6, ""document"": ""gao-26-107529.pdf"", ""page"": 44, ""distance"": 0.5977716445922852}, {""rank"": 7, ""document"": ""gao-26-107529.pdf"", ""page"": 33, ""distance"": 0.6036094427108765}, {""rank"": 8, ""document"": ""gao-26-107529.pdf"", ""page"": 31, ""distance"": 0.6127412915229797}, {""rank"": 9, ""document"": ""gao-26-107529.pdf"", ""page"": 8, ""distance"": 0.6174191236495972}, {""rank"": 10, ""document"": ""gao-26-107529.pdf"", ""page"": 12, ""distance"": 0.6379072070121765}]",1.0,1.0,True,True,0.011581099999602884
EQ013,How much did Treasury borrow for government operations in fiscal year 2025?,Treasury borrowed $1.9 trillion for government operations.,GAO-26-107529,PDF p. 2,1,"[{""evaluation_document"": ""GAO-26-107529"", ""indexed_document"": ""gao-26-107529.pdf"", ""expected_pages"": [2]}]","[{""rank"": 1, ""document"": ""gao-26-107529.pdf"", ""page"": 2, ""distance"": 0.5572590827941895}]",1.0,1.0,True,True,0.012109600007534027
EQ013,How much did Treasury borrow for government operations in fiscal year 2025?,Treasury borrowed $1.9 trillion for government operations.,GAO-26-107529,PDF p. 2,2,"[{""evaluation_document"": ""GAO-26-107529"", ""indexed_document"": ""gao-26-107529.pdf"", ""expected_pages"": [2]}]","[{""rank"": 1, ""document"": ""gao-26-107529.pdf"", ""page"": 2, ""distance"": 0.5572590827941895}, {""rank"": 2, ""document"": ""gao-26-107529.pdf"", ""page"": 16, ""distance"": 0.6286062002182007}]",1.0,1.0,True,True,0.010663399996701628
EQ013,How much did Treasury borrow for government operations in fiscal year 2025?,Treasury borrowed $1.9 trillion for government operations.,GAO-26-107529,PDF p. 2,3,"[{""evaluation_document"": ""GAO-26-107529"", ""indexed_document"": ""gao-26-107529.pdf"", ""expected_pages"": [2]}]","[{""rank"": 1, ""document"": ""gao-26-107529.pdf"", ""page"": 2, ""distance"": 0.5572590827941895}, {""rank"": 2, ""document"": ""gao-26-107529.pdf"", ""page"": 16, ""distance"": 0.6286062002182007}, {""rank"": 3, ""document"": ""gao-26-107529.pdf"", ""page"": 7, ""distance"": 0.6320613622665405}]",1.0,1.0,True,True,0.012642899993807077
EQ013,How much did Treasury borrow for government operations in fiscal year 2025?,Treasury borrowed $1.9 trillion for government operations.,GAO-26-107529,PDF p. 2,4,"[{""evaluation_document"": ""GAO-26-107529"", ""indexed_document"": ""gao-26-107529.pdf"", ""expected_pages"": [2]}]","[{""rank"": 1, ""document"": ""gao-26-107529.pdf"", ""page"": 2, ""distance"": 0.5572590827941895}, {""rank"": 2, ""document"": ""gao-26-107529.pdf"", ""page"": 16, ""distance"": 0.6286062002182007}, {""rank"": 3, ""document"": ""gao-26-107529.pdf"", ""page"": 7, ""distance"": 0.6320613622665405}, {""rank"": 4, ""document"": ""gao-26-107529.pdf"", ""page"": 31, ""distance"": 0.6344989538192749}]",1.0,1.0,True,True,0.00952680001500994
EQ013,How much did Treasury borrow for government operations in fiscal year 2025?,Treasury borrowed $1.9 trillion for government operations.,GAO-26-107529,PDF p. 2,5,"[{""evaluation_document"": ""GAO-26-107529"", ""indexed_document"": ""gao-26-107529.pdf"", ""expected_pages"": [2]}]","[{""rank"": 1, ""document"": ""gao-26-107529.pdf"", ""page"": 2, ""distance"": 0.5572590827941895}, {""rank"": 2, ""document"": ""gao-26-107529.pdf"", ""page"": 16, ""distance"": 0.6286062002182007}, {""rank"": 3, ""document"": ""gao-26-107529.pdf"", ""page"": 7, ""distance"": 0.6320613622665405}, {""rank"": 4, ""document"": ""gao-26-107529.pdf"", ""page"": 31, ""distance"": 0.6344989538192749}, {""rank"": 5, ""document"": ""gao-26-107529.pdf"", ""page"": 30, ""distance"": 0.6374266743659973}]",1.0,1.0,True,True,0.010193900030571967
EQ013,How much did Treasury borrow for government operations in fiscal year 2025?,Treasury borrowed $1.9 trillion for government operations.,GAO-26-107529,PDF p. 2,6,"[{""evaluation_document"": ""GAO-26-107529"", ""indexed_document"": ""gao-26-107529.pdf"", ""expected_pages"": [2]}]","[{""rank"": 1, ""document"": ""gao-26-107529.pdf"", ""page"": 2, ""distance"": 0.5572590827941895}, {""rank"": 2, ""document"": ""gao-26-107529.pdf"", ""page"": 16, ""distance"": 0.6286062002182007}, {""rank"": 3, ""document"": ""gao-26-107529.pdf"", ""page"": 7, ""distance"": 0.6320613622665405}, {""rank"": 4, ""document"": ""gao-26-107529.pdf"", ""page"": 31, ""distance"": 0.6344989538192749}, {""rank"": 5, ""document"": ""gao-26-107529.pdf"", ""page"": 30, ""distance"": 0.6374266743659973}, {""rank"": 6, ""document"": ""gao-26-107529.pdf"", ""page"": 26, ""distance"": 0.6570698022842407}]",1.0,1.0,True,True,0.0122053999803029
EQ013,How much did Treasury borrow for government operations in fiscal year 2025?,Treasury borrowed $1.9 trillion for government operations.,GAO-26-107529,PDF p. 2,7,"[{""evaluation_document"": ""GAO-26-107529"", ""indexed_document"": ""gao-26-107529.pdf"", ""expected_pages"": [2]}]","[{""rank"": 1, ""document"": ""gao-26-107529.pdf"", ""page"": 2, ""distance"": 0.5572590827941895}, {""rank"": 2, ""document"": ""gao-26-107529.pdf"", ""page"": 16, ""distance"": 0.6286062002182007}, {""rank"": 3, ""document"": ""gao-26-107529.pdf"", ""page"": 7, ""distance"": 0.6320613622665405}, {""rank"": 4, ""document"": ""gao-26-107529.pdf"", ""page"": 31, ""distance"": 0.6344989538192749}, {""rank"": 5, ""document"": ""gao-26-107529.pdf"", ""page"": 30, ""distance"": 0.6374266743659973}, {""rank"": 6, ""document"": ""gao-26-107529.pdf"", ""page"": 26, ""distance"": 0.6570698022842407}, {""rank"": 7, ""document"": ""gao-26-107529.pdf"", ""page"": 19, ""distance"": 0.6610021591186523}]",1.0,1.0,True,True,0.012811699998565018
EQ013,How much did Treasury borrow for government operations in fiscal year 2025?,Treasury borrowed $1.9 trillion for government operations.,GAO-26-107529,PDF p. 2,8,"[{""evaluation_document"": ""GAO-26-107529"", ""indexed_document"": ""gao-26-107529.pdf"", ""expected_pages"": [2]}]","[{""rank"": 1, ""document"": ""gao-26-107529.pdf"", ""page"": 2, ""distance"": 0.5572590827941895}, {""rank"": 2, ""document"": ""gao-26-107529.pdf"", ""page"": 16, ""distance"": 0.6286062002182007}, {""rank"": 3, ""document"": ""gao-26-107529.pdf"", ""page"": 7, ""distance"": 0.6320613622665405}, {""rank"": 4, ""document"": ""gao-26-107529.pdf"", ""page"": 31, ""distance"": 0.6344989538192749}, {""rank"": 5, ""document"": ""gao-26-107529.pdf"", ""page"": 30, ""distance"": 0.6374266743659973}, {""rank"": 6, ""document"": ""gao-26-107529.pdf"", ""page"": 26, ""distance"": 0.6570698022842407}, {""rank"": 7, ""document"": ""gao-26-107529.pdf"", ""page"": 19, ""distance"": 0.6610021591186523}, {""rank"": 8, ""document"": ""gao-26-107529.pdf"", ""page"": 6, ""distance"": 0.6611883640289307}]",1.0,1.0,True,True,0.010779900010675192
EQ013,How much did Treasury borrow for government operations in fiscal year 2025?,Treasury borrowed $1.9 trillion for government operations.,GAO-26-107529,PDF p. 2,9,"[{""evaluation_document"": ""GAO-26-107529"", ""indexed_document"": ""gao-26-107529.pdf"", ""expected_pages"": [2]}]","[{""rank"": 1, ""document"": ""gao-26-107529.pdf"", ""page"": 2, ""distance"": 0.5572590827941895}, {""rank"": 2, ""document"": ""gao-26-107529.pdf"", ""page"": 16, ""distance"": 0.6286062002182007}, {""rank"": 3, ""document"": ""gao-26-107529.pdf"", ""page"": 7, ""distance"": 0.6320613622665405}, {""rank"": 4, ""document"": ""gao-26-107529.pdf"", ""page"": 31, ""distance"": 0.6344989538192749}, {""rank"": 5, ""document"": ""gao-26-107529.pdf"", ""page"": 30, ""distance"": 0.6374266743659973}, {""rank"": 6, ""document"": ""gao-26-107529.pdf"", ""page"": 26, ""distance"": 0.6570698022842407}, {""rank"": 7, ""document"": ""gao-26-107529.pdf"", ""page"": 19, ""distance"": 0.6610021591186523}, {""rank"": 8, ""document"": ""gao-26-107529.pdf"", ""page"": 6, ""distance"": 0.6611883640289307}, {""rank"": 9, ""document"": ""gao-26-107529.pdf"", ""page"": 15, ""distance"": 0.6987388134002686}]",1.0,1.0,True,True,0.011746900039725006
EQ013,How much did Treasury borrow for government operations in fiscal year 2025?,Treasury borrowed $1.9 trillion for government operations.,GAO-26-107529,PDF p. 2,10,"[{""evaluation_document"": ""GAO-26-107529"", ""indexed_document"": ""gao-26-107529.pdf"", ""expected_pages"": [2]}]","[{""rank"": 1, ""document"": ""gao-26-107529.pdf"", ""page"": 2, ""distance"": 0.5572590827941895}, {""rank"": 2, ""document"": ""gao-26-107529.pdf"", ""page"": 16, ""distance"": 0.6286062002182007}, {""rank"": 3, ""document"": ""gao-26-107529.pdf"", ""page"": 7, ""distance"": 0.6320613622665405}, {""rank"": 4, ""document"": ""gao-26-107529.pdf"", ""page"": 31, ""distance"": 0.6344989538192749}, {""rank"": 5, ""document"": ""gao-26-107529.pdf"", ""page"": 30, ""distance"": 0.6374266743659973}, {""rank"": 6, ""document"": ""gao-26-107529.pdf"", ""page"": 26, ""distance"": 0.6570698022842407}, {""rank"": 7, ""document"": ""gao-26-107529.pdf"", ""page"": 19, ""distance"": 0.6610021591186523}, {""rank"": 8, ""document"": ""gao-26-107529.pdf"", ""page"": 6, ""distance"": 0.6611883640289307}, {""rank"": 9, ""document"": ""gao-26-107529.pdf"", ""page"": 15, ""distance"": 0.6987388134002686}, {""rank"": 10, ""document"": ""gao-26-107529.pdf"", ""page"": 3, ""distance"": 0.708189070224762}]",1.0,1.0,True,True,0.01095940003870055
EQ014,How far behind schedule was the Navy's modernization of the three Zumwalt-class destroyers?,The effort was 24 months behind schedule.,GAO-26-107974,PDF p. 2,1,"[{""evaluation_document"": ""GAO-26-107974"", ""indexed_document"": ""gao-26-107974.pdf"", ""expected_pages"": [2]}]","[{""rank"": 1, ""document"": ""gao-26-107974.pdf"", ""page"": 2, ""distance"": 0.7627246975898743}]",1.0,1.0,True,True,0.01273010001750663
EQ014,How far behind schedule was the Navy's modernization of the three Zumwalt-class destroyers?,The effort was 24 months behind schedule.,GAO-26-107974,PDF p. 2,2,"[{""evaluation_document"": ""GAO-26-107974"", ""indexed_document"": ""gao-26-107974.pdf"", ""expected_pages"": [2]}]","[{""rank"": 1, ""document"": ""gao-26-107974.pdf"", ""page"": 2, ""distance"": 0.7627246975898743}, {""rank"": 2, ""document"": ""gao-26-107974.pdf"", ""page"": 3, ""distance"": 0.8020917177200317}]",1.0,1.0,True,True,0.012410200026351959
EQ014,How far behind schedule was the Navy's modernization of the three Zumwalt-class destroyers?,The effort was 24 months behind schedule.,GAO-26-107974,PDF p. 2,3,"[{""evaluation_document"": ""GAO-26-107974"", ""indexed_document"": ""gao-26-107974.pdf"", ""expected_pages"": [2]}]","[{""rank"": 1, ""document"": ""gao-26-107974.pdf"", ""page"": 2, ""distance"": 0.7627246975898743}, {""rank"": 2, ""document"": ""gao-26-107974.pdf"", ""page"": 3, ""distance"": 0.8020917177200317}, {""rank"": 3, ""document"": ""gao-26-107974.pdf"", ""page"": 13, ""distance"": 0.8439192175865173}]",1.0,1.0,True,True,0.012698199949227273
EQ014,How far behind schedule was the Navy's modernization of the three Zumwalt-class destroyers?,The effort was 24 months behind schedule.,GAO-26-107974,PDF p. 2,4,"[{""evaluation_document"": ""GAO-26-107974"", ""indexed_document"": ""gao-26-107974.pdf"", ""expected_pages"": [2]}]","[{""rank"": 1, ""document"": ""gao-26-107974.pdf"", ""page"": 2, ""distance"": 0.7627246975898743}, {""rank"": 2, ""document"": ""gao-26-107974.pdf"", ""page"": 3, ""distance"": 0.8020917177200317}, {""rank"": 3, ""document"": ""gao-26-107974.pdf"", ""page"": 13, ""distance"": 0.8439192175865173}, {""rank"": 4, ""document"": ""gao-26-107974.pdf"", ""page"": 7, ""distance"": 0.9090877175331116}]",1.0,1.0,True,True,0.012141499959398061
EQ014,How far behind schedule was the Navy's modernization of the three Zumwalt-class destroyers?,The effort was 24 months behind schedule.,GAO-26-107974,PDF p. 2,5,"[{""evaluation_document"": ""GAO-26-107974"", ""indexed_document"": ""gao-26-107974.pdf"", ""expected_pages"": [2]}]","[{""rank"": 1, ""document"": ""gao-26-107974.pdf"", ""page"": 2, ""distance"": 0.7627246975898743}, {""rank"": 2, ""document"": ""gao-26-107974.pdf"", ""page"": 3, ""distance"": 0.8020917177200317}, {""rank"": 3, ""document"": ""gao-26-107974.pdf"", ""page"": 13, ""distance"": 0.8439192175865173}, {""rank"": 4, ""document"": ""gao-26-107974.pdf"", ""page"": 7, ""distance"": 0.9090877175331116}, {""rank"": 5, ""document"": ""gao-26-107974.pdf"", ""page"": 15, ""distance"": 0.9230385422706604}]",1.0,1.0,True,True,0.011908799991942942
EQ014,How far behind schedule was the Navy's modernization of the three Zumwalt-class destroyers?,The effort was 24 months behind schedule.,GAO-26-107974,PDF p. 2,6,"[{""evaluation_document"": ""GAO-26-107974"", ""indexed_document"": ""gao-26-107974.pdf"", ""expected_pages"": [2]}]","[{""rank"": 1, ""document"": ""gao-26-107974.pdf"", ""page"": 2, ""distance"": 0.7627246975898743}, {""rank"": 2, ""document"": ""gao-26-107974.pdf"", ""page"": 3, ""distance"": 0.8020917177200317}, {""rank"": 3, ""document"": ""gao-26-107974.pdf"", ""page"": 13, ""distance"": 0.8439192175865173}, {""rank"": 4, ""document"": ""gao-26-107974.pdf"", ""page"": 7, ""distance"": 0.9090877175331116}, {""rank"": 5, ""document"": ""gao-26-107974.pdf"", ""page"": 15, ""distance"": 0.9230385422706604}, {""rank"": 6, ""document"": ""gao-26-107974.pdf"", ""page"": 25, ""distance"": 0.962148129940033}]",1.0,1.0,True,True,0.012326800031587481
EQ014,How far behind schedule was the Navy's modernization of the three Zumwalt-class destroyers?,The effort was 24 months behind schedule.,GAO-26-107974,PDF p. 2,7,"[{""evaluation_document"": ""GAO-26-107974"", ""indexed_document"": ""gao-26-107974.pdf"", ""expected_pages"": [2]}]","[{""rank"": 1, ""document"": ""gao-26-107974.pdf"", ""page"": 2, ""distance"": 0.7627246975898743}, {""rank"": 2, ""document"": ""gao-26-107974.pdf"", ""page"": 3, ""distance"": 0.8020917177200317}, {""rank"": 3, ""document"": ""gao-26-107974.pdf"", ""page"": 13, ""distance"": 0.8439192175865173}, {""rank"": 4, ""document"": ""gao-26-107974.pdf"", ""page"": 7, ""distance"": 0.9090877175331116}, {""rank"": 5, ""document"": ""gao-26-107974.pdf"", ""page"": 15, ""distance"": 0.9230385422706604}, {""rank"": 6, ""document"": ""gao-26-107974.pdf"", ""page"": 25, ""distance"": 0.962148129940033}, {""rank"": 7, ""document"": ""gao-26-107974.pdf"", ""page"": 8, ""distance"": 1.0047069787979126}]",1.0,1.0,True,True,0.013497899984940886
EQ014,How far behind schedule was the Navy's modernization of the three Zumwalt-class destroyers?,The effort was 24 months behind schedule.,GAO-26-107974,PDF p. 2,8,"[{""evaluation_document"": ""GAO-26-107974"", ""indexed_document"": ""gao-26-107974.pdf"", ""expected_pages"": [2]}]","[{""rank"": 1, ""document"": ""gao-26-107974.pdf"", ""page"": 2, ""distance"": 0.7627246975898743}, {""rank"": 2, ""document"": ""gao-26-107974.pdf"", ""page"": 3, ""distance"": 0.8020917177200317}, {""rank"": 3, ""document"": ""gao-26-107974.pdf"", ""page"": 13, ""distance"": 0.8439192175865173}, {""rank"": 4, ""document"": ""gao-26-107974.pdf"", ""page"": 7, ""distance"": 0.9090877175331116}, {""rank"": 5, ""document"": ""gao-26-107974.pdf"", ""page"": 15, ""distance"": 0.9230385422706604}, {""rank"": 6, ""document"": ""gao-26-107974.pdf"", ""page"": 25, ""distance"": 0.962148129940033}, {""rank"": 7, ""document"": ""gao-26-107974.pdf"", ""page"": 8, ""distance"": 1.0047069787979126}, {""rank"": 8, ""document"": ""gao-26-107974.pdf"", ""page"": 14, ""distance"": 1.0205732583999634}]",1.0,1.0,True,True,0.012020999973174185
EQ014,How far behind schedule was the Navy's modernization of the three Zumwalt-class destroyers?,The effort was 24 months behind schedule.,GAO-26-107974,PDF p. 2,9,"[{""evaluation_document"": ""GAO-26-107974"", ""indexed_document"": ""gao-26-107974.pdf"", ""expected_pages"": [2]}]","[{""rank"": 1, ""document"": ""gao-26-107974.pdf"", ""page"": 2, ""distance"": 0.7627246975898743}, {""rank"": 2, ""document"": ""gao-26-107974.pdf"", ""page"": 3, ""distance"": 0.8020917177200317}, {""rank"": 3, ""document"": ""gao-26-107974.pdf"", ""page"": 13, ""distance"": 0.8439192175865173}, {""rank"": 4, ""document"": ""gao-26-107974.pdf"", ""page"": 7, ""distance"": 0.9090877175331116}, {""rank"": 5, ""document"": ""gao-26-107974.pdf"", ""page"": 15, ""distance"": 0.9230385422706604}, {""rank"": 6, ""document"": ""gao-26-107974.pdf"", ""page"": 25, ""distance"": 0.962148129940033}, {""rank"": 7, ""document"": ""gao-26-107974.pdf"", ""page"": 8, ""distance"": 1.0047069787979126}, {""rank"": 8, ""document"": ""gao-26-107974.pdf"", ""page"": 14, ""distance"": 1.0205732583999634}, {""rank"": 9, ""document"": ""gao-26-107974.pdf"", ""page"": 24, ""distance"": 1.022459626197815}]",1.0,1.0,True,True,0.012172299961093813
EQ014,How far behind schedule was the Navy's modernization of the three Zumwalt-class destroyers?,The effort was 24 months behind schedule.,GAO-26-107974,PDF p. 2,10,"[{""evaluation_document"": ""GAO-26-107974"", ""indexed_document"": ""gao-26-107974.pdf"", ""expected_pages"": [2]}]","[{""rank"": 1, ""document"": ""gao-26-107974.pdf"", ""page"": 2, ""distance"": 0.7627246975898743}, {""rank"": 2, ""document"": ""gao-26-107974.pdf"", ""page"": 3, ""distance"": 0.8020917177200317}, {""rank"": 3, ""document"": ""gao-26-107974.pdf"", ""page"": 13, ""distance"": 0.8439192175865173}, {""rank"": 4, ""document"": ""gao-26-107974.pdf"", ""page"": 7, ""distance"": 0.9090877175331116}, {""rank"": 5, ""document"": ""gao-26-107974.pdf"", ""page"": 15, ""distance"": 0.9230385422706604}, {""rank"": 6, ""document"": ""gao-26-107974.pdf"", ""page"": 25, ""distance"": 0.962148129940033}, {""rank"": 7, ""document"": ""gao-26-107974.pdf"", ""page"": 8, ""distance"": 1.0047069787979126}, {""rank"": 8, ""document"": ""gao-26-107974.pdf"", ""page"": 14, ""distance"": 1.0205732583999634}, {""rank"": 9, ""document"": ""gao-26-107974.pdf"", ""page"": 24, ""distance"": 1.022459626197815}, {""rank"": 10, ""document"": ""gao-26-107974.pdf"", ""page"": 30, ""distance"": 1.038674235343933}]",1.0,1.0,True,True,0.014354899991303682
EQ015,What percentage of Main Street Program loans had been fully repaid as of January 2026?,"Seventy percent, or 1,277 of 1,830 loans, had been fully repaid.",GAO-26-108011,PDF p. 1,1,"[{""evaluation_document"": ""GAO-26-108011"", ""indexed_document"": ""gao-26-108011-highlights.pdf"", ""expected_pages"": [1]}]","[{""rank"": 1, ""document"": ""gao-26-108011-highlights.pdf"", ""page"": 1, ""distance"": 0.7655136585235596}]",1.0,1.0,True,True,0.012587000033818185
EQ015,What percentage of Main Street Program loans had been fully repaid as of January 2026?,"Seventy percent, or 1,277 of 1,830 loans, had been fully repaid.",GAO-26-108011,PDF p. 1,2,"[{""evaluation_document"": ""GAO-26-108011"", ""indexed_document"": ""gao-26-108011-highlights.pdf"", ""expected_pages"": [1]}]","[{""rank"": 1, ""document"": ""gao-26-108011-highlights.pdf"", ""page"": 1, ""distance"": 0.7655136585235596}, {""rank"": 2, ""document"": ""gao-26-108011-highlights.pdf"", ""page"": 1, ""distance"": 0.922817587852478}]",1.0,1.0,True,True,0.012345700000878423
EQ015,What percentage of Main Street Program loans had been fully repaid as of January 2026?,"Seventy percent, or 1,277 of 1,830 loans, had been fully repaid.",GAO-26-108011,PDF p. 1,3,"[{""evaluation_document"": ""GAO-26-108011"", ""indexed_document"": ""gao-26-108011-highlights.pdf"", ""expected_pages"": [1]}]","[{""rank"": 1, ""document"": ""gao-26-108011-highlights.pdf"", ""page"": 1, ""distance"": 0.7655136585235596}, {""rank"": 2, ""document"": ""gao-26-108011-highlights.pdf"", ""page"": 1, ""distance"": 0.922817587852478}, {""rank"": 3, ""document"": ""gao-26-900644.pdf"", ""page"": 94, ""distance"": 1.0391255617141724}]",1.0,1.0,True,True,0.011669699975755066
EQ015,What percentage of Main Street Program loans had been fully repaid as of January 2026?,"Seventy percent, or 1,277 of 1,830 loans, had been fully repaid.",GAO-26-108011,PDF p. 1,4,"[{""evaluation_document"": ""GAO-26-108011"", ""indexed_document"": ""gao-26-108011-highlights.pdf"", ""expected_pages"": [1]}]","[{""rank"": 1, ""document"": ""gao-26-108011-highlights.pdf"", ""page"": 1, ""distance"": 0.7655136585235596}, {""rank"": 2, ""document"": ""gao-26-108011-highlights.pdf"", ""page"": 1, ""distance"": 0.922817587852478}, {""rank"": 3, ""document"": ""gao-26-900644.pdf"", ""page"": 94, ""distance"": 1.0391255617141724}, {""rank"": 4, ""document"": ""gao-25-108440.pdf"", ""page"": 5, ""distance"": 1.1481791734695435}]",1.0,1.0,True,True,0.010049200034700334
EQ015,What percentage of Main Street Program loans had been fully repaid as of January 2026?,"Seventy percent, or 1,277 of 1,830 loans, had been fully repaid.",GAO-26-108011,PDF p. 1,5,"[{""evaluation_document"": ""GAO-26-108011"", ""indexed_document"": ""gao-26-108011-highlights.pdf"", ""expected_pages"": [1]}]","[{""rank"": 1, ""document"": ""gao-26-108011-highlights.pdf"", ""page"": 1, ""distance"": 0.7655136585235596}, {""rank"": 2, ""document"": ""gao-26-108011-highlights.pdf"", ""page"": 1, ""distance"": 0.922817587852478}, {""rank"": 3, ""document"": ""gao-26-900644.pdf"", ""page"": 94, ""distance"": 1.0391255617141724}, {""rank"": 4, ""document"": ""gao-25-108440.pdf"", ""page"": 5, ""distance"": 1.1481791734695435}, {""rank"": 5, ""document"": ""gao-26-900644.pdf"", ""page"": 30, ""distance"": 1.1520013809204102}]",1.0,1.0,True,True,0.012362300010863692
EQ015,What percentage of Main Street Program loans had been fully repaid as of January 2026?,"Seventy percent, or 1,277 of 1,830 loans, had been fully repaid.",GAO-26-108011,PDF p. 1,6,"[{""evaluation_document"": ""GAO-26-108011"", ""indexed_document"": ""gao-26-108011-highlights.pdf"", ""expected_pages"": [1]}]","[{""rank"": 1, ""document"": ""gao-26-108011-highlights.pdf"", ""page"": 1, ""distance"": 0.7655136585235596}, {""rank"": 2, ""document"": ""gao-26-108011-highlights.pdf"", ""page"": 1, ""distance"": 0.922817587852478}, {""rank"": 3, ""document"": ""gao-26-900644.pdf"", ""page"": 94, ""distance"": 1.0391255617141724}, {""rank"": 4, ""document"": ""gao-25-108440.pdf"", ""page"": 5, ""distance"": 1.1481791734695435}, {""rank"": 5, ""document"": ""gao-26-900644.pdf"", ""page"": 30, ""distance"": 1.1520013809204102}, {""rank"": 6, ""document"": ""gao-26-107529.pdf"", ""page"": 27, ""distance"": 1.157456636428833}]",1.0,1.0,True,True,0.011612600006628782
EQ015,What percentage of Main Street Program loans had been fully repaid as of January 2026?,"Seventy percent, or 1,277 of 1,830 loans, had been fully repaid.",GAO-26-108011,PDF p. 1,7,"[{""evaluation_document"": ""GAO-26-108011"", ""indexed_document"": ""gao-26-108011-highlights.pdf"", ""expected_pages"": [1]}]","[{""rank"": 1, ""document"": ""gao-26-108011-highlights.pdf"", ""page"": 1, ""distance"": 0.7655136585235596}, {""rank"": 2, ""document"": ""gao-26-108011-highlights.pdf"", ""page"": 1, ""distance"": 0.922817587852478}, {""rank"": 3, ""document"": ""gao-26-900644.pdf"", ""page"": 94, ""distance"": 1.0391255617141724}, {""rank"": 4, ""document"": ""gao-25-108440.pdf"", ""page"": 5, ""distance"": 1.1481791734695435}, {""rank"": 5, ""document"": ""gao-26-900644.pdf"", ""page"": 30, ""distance"": 1.1520013809204102}, {""rank"": 6, ""document"": ""gao-26-107529.pdf"", ""page"": 27, ""distance"": 1.157456636428833}, {""rank"": 7, ""document"": ""gao-23-105480.pdf"", ""page"": 35, ""distance"": 1.1582645177841187}]",1.0,1.0,True,True,0.011296599986962974
EQ015,What percentage of Main Street Program loans had been fully repaid as of January 2026?,"Seventy percent, or 1,277 of 1,830 loans, had been fully repaid.",GAO-26-108011,PDF p. 1,8,"[{""evaluation_document"": ""GAO-26-108011"", ""indexed_document"": ""gao-26-108011-highlights.pdf"", ""expected_pages"": [1]}]","[{""rank"": 1, ""document"": ""gao-26-108011-highlights.pdf"", ""page"": 1, ""distance"": 0.7655136585235596}, {""rank"": 2, ""document"": ""gao-26-108011-highlights.pdf"", ""page"": 1, ""distance"": 0.922817587852478}, {""rank"": 3, ""document"": ""gao-26-900644.pdf"", ""page"": 94, ""distance"": 1.0391255617141724}, {""rank"": 4, ""document"": ""gao-25-108440.pdf"", ""page"": 5, ""distance"": 1.1481791734695435}, {""rank"": 5, ""document"": ""gao-26-900644.pdf"", ""page"": 30, ""distance"": 1.1520013809204102}, {""rank"": 6, ""document"": ""gao-26-107529.pdf"", ""page"": 27, ""distance"": 1.157456636428833}, {""rank"": 7, ""document"": ""gao-23-105480.pdf"", ""page"": 35, ""distance"": 1.1582645177841187}, {""rank"": 8, ""document"": ""gao-26-107529.pdf"", ""page"": 31, ""distance"": 1.1694415807724}]",1.0,1.0,True,True,0.011504299996886402
EQ015,What percentage of Main Street Program loans had been fully repaid as of January 2026?,"Seventy percent, or 1,277 of 1,830 loans, had been fully repaid.",GAO-26-108011,PDF p. 1,9,"[{""evaluation_document"": ""GAO-26-108011"", ""indexed_document"": ""gao-26-108011-highlights.pdf"", ""expected_pages"": [1]}]","[{""rank"": 1, ""document"": ""gao-26-108011-highlights.pdf"", ""page"": 1, ""distance"": 0.7655136585235596}, {""rank"": 2, ""document"": ""gao-26-108011-highlights.pdf"", ""page"": 1, ""distance"": 0.922817587852478}, {""rank"": 3, ""document"": ""gao-26-900644.pdf"", ""page"": 94, ""distance"": 1.0391255617141724}, {""rank"": 4, ""document"": ""gao-25-108440.pdf"", ""page"": 5, ""distance"": 1.1481791734695435}, {""rank"": 5, ""document"": ""gao-26-900644.pdf"", ""page"": 30, ""distance"": 1.1520013809204102}, {""rank"": 6, ""document"": ""gao-26-107529.pdf"", ""page"": 27, ""distance"": 1.157456636428833}, {""rank"": 7, ""document"": ""gao-23-105480.pdf"", ""page"": 35, ""distance"": 1.1582645177841187}, {""rank"": 8, ""document"": ""gao-26-107529.pdf"", ""page"": 31, ""distance"": 1.1694415807724}, {""rank"": 9, ""document"": ""gao-26-108615.pdf"", ""page"": 29, ""distance"": 1.1767358779907227}]",1.0,1.0,True,True,0.013089100015349686
EQ015,What percentage of Main Street Program loans had been fully repaid as of January 2026?,"Seventy percent, or 1,277 of 1,830 loans, had been fully repaid.",GAO-26-108011,PDF p. 1,10,"[{""evaluation_document"": ""GAO-26-108011"", ""indexed_document"": ""gao-26-108011-highlights.pdf"", ""expected_pages"": [1]}]","[{""rank"": 1, ""document"": ""gao-26-108011-highlights.pdf"", ""page"": 1, ""distance"": 0.7655136585235596}, {""rank"": 2, ""document"": ""gao-26-108011-highlights.pdf"", ""page"": 1, ""distance"": 0.922817587852478}, {""rank"": 3, ""document"": ""gao-26-900644.pdf"", ""page"": 94, ""distance"": 1.0391255617141724}, {""rank"": 4, ""document"": ""gao-25-108440.pdf"", ""page"": 5, ""distance"": 1.1481791734695435}, {""rank"": 5, ""document"": ""gao-26-900644.pdf"", ""page"": 30, ""distance"": 1.1520013809204102}, {""rank"": 6, ""document"": ""gao-26-107529.pdf"", ""page"": 27, ""distance"": 1.157456636428833}, {""rank"": 7, ""document"": ""gao-23-105480.pdf"", ""page"": 35, ""distance"": 1.1582645177841187}, {""rank"": 8, ""document"": ""gao-26-107529.pdf"", ""page"": 31, ""distance"": 1.1694415807724}, {""rank"": 9, ""document"": ""gao-26-108615.pdf"", ""page"": 29, ""distance"": 1.1767358779907227}, {""rank"": 10, ""document"": ""gao-26-900644.pdf"", ""page"": 138, ""distance"": 1.1962974071502686}]",1.0,1.0,True,True,0.01008079998428002
EQ016,What does operational technology mean in the cybersecurity reports?,Operational technology consists of systems and devices that control physical distribution or production processes.,GAO-24-106576,PDF p. 2,1,"[{""evaluation_document"": ""GAO-24-106576"", ""indexed_document"": ""d24106576.pdf"", ""expected_pages"": [2]}]","[{""rank"": 1, ""document"": ""d24106576.pdf"", ""page"": 9, ""distance"": 0.6102873682975769}]",1.0,0.0,True,False,0.0117459999746643
EQ016,What does operational technology mean in the cybersecurity reports?,Operational technology consists of systems and devices that control physical distribution or production processes.,GAO-24-106576,PDF p. 2,2,"[{""evaluation_document"": ""GAO-24-106576"", ""indexed_document"": ""d24106576.pdf"", ""expected_pages"": [2]}]","[{""rank"": 1, ""document"": ""d24106576.pdf"", ""page"": 9, ""distance"": 0.6102873682975769}, {""rank"": 2, ""document"": ""d24106576.pdf"", ""page"": 45, ""distance"": 0.6203295588493347}]",1.0,0.0,True,False,0.01213730004383251
EQ016,What does operational technology mean in the cybersecurity reports?,Operational technology consists of systems and devices that control physical distribution or production processes.,GAO-24-106576,PDF p. 2,3,"[{""evaluation_document"": ""GAO-24-106576"", ""indexed_document"": ""d24106576.pdf"", ""expected_pages"": [2]}]","[{""rank"": 1, ""document"": ""d24106576.pdf"", ""page"": 9, ""distance"": 0.6102873682975769}, {""rank"": 2, ""document"": ""d24106576.pdf"", ""page"": 45, ""distance"": 0.6203295588493347}, {""rank"": 3, ""document"": ""d24106576.pdf"", ""page"": 13, ""distance"": 0.7756228446960449}]",1.0,0.0,True,False,0.011460899957455695
EQ016,What does operational technology mean in the cybersecurity reports?,Operational technology consists of systems and devices that control physical distribution or production processes.,GAO-24-106576,PDF p. 2,4,"[{""evaluation_document"": ""GAO-24-106576"", ""indexed_document"": ""d24106576.pdf"", ""expected_pages"": [2]}]","[{""rank"": 1, ""document"": ""d24106576.pdf"", ""page"": 9, ""distance"": 0.6102873682975769}, {""rank"": 2, ""document"": ""d24106576.pdf"", ""page"": 45, ""distance"": 0.6203295588493347}, {""rank"": 3, ""document"": ""d24106576.pdf"", ""page"": 13, ""distance"": 0.7756228446960449}, {""rank"": 4, ""document"": ""d24106576.pdf"", ""page"": 5, ""distance"": 0.7992942929267883}]",1.0,0.0,True,False,0.011394099972676486
EQ016,What does operational technology mean in the cybersecurity reports?,Operational technology consists of systems and devices that control physical distribution or production processes.,GAO-24-106576,PDF p. 2,5,"[{""evaluation_document"": ""GAO-24-106576"", ""indexed_document"": ""d24106576.pdf"", ""expected_pages"": [2]}]","[{""rank"": 1, ""document"": ""d24106576.pdf"", ""page"": 9, ""distance"": 0.6102873682975769}, {""rank"": 2, ""document"": ""d24106576.pdf"", ""page"": 45, ""distance"": 0.6203295588493347}, {""rank"": 3, ""document"": ""d24106576.pdf"", ""page"": 13, ""distance"": 0.7756228446960449}, {""rank"": 4, ""document"": ""d24106576.pdf"", ""page"": 5, ""distance"": 0.7992942929267883}, {""rank"": 5, ""document"": ""d24106576.pdf"", ""page"": 12, ""distance"": 0.8008348941802979}]",1.0,0.0,True,False,0.011832799995318055
EQ016,What does operational technology mean in the cybersecurity reports?,Operational technology consists of systems and devices that control physical distribution or production processes.,GAO-24-106576,PDF p. 2,6,"[{""evaluation_document"": ""GAO-24-106576"", ""indexed_document"": ""d24106576.pdf"", ""expected_pages"": [2]}]","[{""rank"": 1, ""document"": ""d24106576.pdf"", ""page"": 9, ""distance"": 0.6102873682975769}, {""rank"": 2, ""document"": ""d24106576.pdf"", ""page"": 45, ""distance"": 0.6203295588493347}, {""rank"": 3, ""document"": ""d24106576.pdf"", ""page"": 13, ""distance"": 0.7756228446960449}, {""rank"": 4, ""document"": ""d24106576.pdf"", ""page"": 5, ""distance"": 0.7992942929267883}, {""rank"": 5, ""document"": ""d24106576.pdf"", ""page"": 12, ""distance"": 0.8008348941802979}, {""rank"": 6, ""document"": ""d24106576.pdf"", ""page"": 4, ""distance"": 0.8070334196090698}]",1.0,0.0,True,False,0.011794199992436916
EQ016,What does operational technology mean in the cybersecurity reports?,Operational technology consists of systems and devices that control physical distribution or production processes.,GAO-24-106576,PDF p. 2,7,"[{""evaluation_document"": ""GAO-24-106576"", ""indexed_document"": ""d24106576.pdf"", ""expected_pages"": [2]}]","[{""rank"": 1, ""document"": ""d24106576.pdf"", ""page"": 9, ""distance"": 0.6102873682975769}, {""rank"": 2, ""document"": ""d24106576.pdf"", ""page"": 45, ""distance"": 0.6203295588493347}, {""rank"": 3, ""document"": ""d24106576.pdf"", ""page"": 13, ""distance"": 0.7756228446960449}, {""rank"": 4, ""document"": ""d24106576.pdf"", ""page"": 5, ""distance"": 0.7992942929267883}, {""rank"": 5, ""document"": ""d24106576.pdf"", ""page"": 12, ""distance"": 0.8008348941802979}, {""rank"": 6, ""document"": ""d24106576.pdf"", ""page"": 4, ""distance"": 0.8070334196090698}, {""rank"": 7, ""document"": ""d24106916.pdf"", ""page"": 7, ""distance"": 0.8138495683670044}]",1.0,0.0,True,False,0.009240199986379594
EQ016,What does operational technology mean in the cybersecurity reports?,Operational technology consists of systems and devices that control physical distribution or production processes.,GAO-24-106576,PDF p. 2,8,"[{""evaluation_document"": ""GAO-24-106576"", ""indexed_document"": ""d24106576.pdf"", ""expected_pages"": [2]}]","[{""rank"": 1, ""document"": ""d24106576.pdf"", ""page"": 9, ""distance"": 0.6102873682975769}, {""rank"": 2, ""document"": ""d24106576.pdf"", ""page"": 45, ""distance"": 0.6203295588493347}, {""rank"": 3, ""document"": ""d24106576.pdf"", ""page"": 13, ""distance"": 0.7756228446960449}, {""rank"": 4, ""document"": ""d24106576.pdf"", ""page"": 5, ""distance"": 0.7992942929267883}, {""rank"": 5, ""document"": ""d24106576.pdf"", ""page"": 12, ""distance"": 0.8008348941802979}, {""rank"": 6, ""document"": ""d24106576.pdf"", ""page"": 4, ""distance"": 0.8070334196090698}, {""rank"": 7, ""document"": ""d24106916.pdf"", ""page"": 7, ""distance"": 0.8138495683670044}, {""rank"": 8, ""document"": ""d24106576.pdf"", ""page"": 2, ""distance"": 0.8232873678207397}]",1.0,1.0,True,True,0.011856199998874217
EQ016,What does operational technology mean in the cybersecurity reports?,Operational technology consists of systems and devices that control physical distribution or production processes.,GAO-24-106576,PDF p. 2,9,"[{""evaluation_document"": ""GAO-24-106576"", ""indexed_document"": ""d24106576.pdf"", ""expected_pages"": [2]}]","[{""rank"": 1, ""document"": ""d24106576.pdf"", ""page"": 9, ""distance"": 0.6102873682975769}, {""rank"": 2, ""document"": ""d24106576.pdf"", ""page"": 45, ""distance"": 0.6203295588493347}, {""rank"": 3, ""document"": ""d24106576.pdf"", ""page"": 13, ""distance"": 0.7756228446960449}, {""rank"": 4, ""document"": ""d24106576.pdf"", ""page"": 5, ""distance"": 0.7992942929267883}, {""rank"": 5, ""document"": ""d24106576.pdf"", ""page"": 12, ""distance"": 0.8008348941802979}, {""rank"": 6, ""document"": ""d24106576.pdf"", ""page"": 4, ""distance"": 0.8070334196090698}, {""rank"": 7, ""document"": ""d24106916.pdf"", ""page"": 7, ""distance"": 0.8138495683670044}, {""rank"": 8, ""document"": ""d24106576.pdf"", ""page"": 2, ""distance"": 0.8232873678207397}, {""rank"": 9, ""document"": ""d24106576.pdf"", ""page"": 1, ""distance"": 0.8298973441123962}]",1.0,1.0,True,True,0.012508899962995201
EQ016,What does operational technology mean in the cybersecurity reports?,Operational technology consists of systems and devices that control physical distribution or production processes.,GAO-24-106576,PDF p. 2,10,"[{""evaluation_document"": ""GAO-24-106576"", ""indexed_document"": ""d24106576.pdf"", ""expected_pages"": [2]}]","[{""rank"": 1, ""document"": ""d24106576.pdf"", ""page"": 9, ""distance"": 0.6102873682975769}, {""rank"": 2, ""document"": ""d24106576.pdf"", ""page"": 45, ""distance"": 0.6203295588493347}, {""rank"": 3, ""document"": ""d24106576.pdf"", ""page"": 13, ""distance"": 0.7756228446960449}, {""rank"": 4, ""document"": ""d24106576.pdf"", ""page"": 5, ""distance"": 0.7992942929267883}, {""rank"": 5, ""document"": ""d24106576.pdf"", ""page"": 12, ""distance"": 0.8008348941802979}, {""rank"": 6, ""document"": ""d24106576.pdf"", ""page"": 4, ""distance"": 0.8070334196090698}, {""rank"": 7, ""document"": ""d24106916.pdf"", ""page"": 7, ""distance"": 0.8138495683670044}, {""rank"": 8, ""document"": ""d24106576.pdf"", ""page"": 2, ""distance"": 0.8232873678207397}, {""rank"": 9, ""document"": ""d24106576.pdf"", ""page"": 1, ""distance"": 0.8298973441123962}, {""rank"": 10, ""document"": ""d24105658.pdf"", ""page"": 47, ""distance"": 0.8384618759155273}]",1.0,1.0,True,True,0.011581500002648681
EQ017,What is endpoint detection and response in the context of the incident-response report?,It is a tool category that agencies use to support cybersecurity incident response.,GAO-24-105658,PDF p. 2,1,"[{""evaluation_document"": ""GAO-24-105658"", ""indexed_document"": ""d24105658.pdf"", ""expected_pages"": [2]}]","[{""rank"": 1, ""document"": ""d24105658.pdf"", ""page"": 5, ""distance"": 0.969550371170044}]",1.0,0.0,True,False,0.009762700006831437
EQ017,What is endpoint detection and response in the context of the incident-response report?,It is a tool category that agencies use to support cybersecurity incident response.,GAO-24-105658,PDF p. 2,2,"[{""evaluation_document"": ""GAO-24-105658"", ""indexed_document"": ""d24105658.pdf"", ""expected_pages"": [2]}]","[{""rank"": 1, ""document"": ""d24105658.pdf"", ""page"": 5, ""distance"": 0.969550371170044}, {""rank"": 2, ""document"": ""d24105658.pdf"", ""page"": 18, ""distance"": 0.9944550395011902}]",1.0,0.0,True,False,0.013323399994987994
EQ017,What is endpoint detection and response in the context of the incident-response report?,It is a tool category that agencies use to support cybersecurity incident response.,GAO-24-105658,PDF p. 2,3,"[{""evaluation_document"": ""GAO-24-105658"", ""indexed_document"": ""d24105658.pdf"", ""expected_pages"": [2]}]","[{""rank"": 1, ""document"": ""d24105658.pdf"", ""page"": 5, ""distance"": 0.969550371170044}, {""rank"": 2, ""document"": ""d24105658.pdf"", ""page"": 18, ""distance"": 0.9944550395011902}, {""rank"": 3, ""document"": ""d24105658.pdf"", ""page"": 9, ""distance"": 1.0162556171417236}]",1.0,0.0,True,False,0.011247299960814416
EQ017,What is endpoint detection and response in the context of the incident-response report?,It is a tool category that agencies use to support cybersecurity incident response.,GAO-24-105658,PDF p. 2,4,"[{""evaluation_document"": ""GAO-24-105658"", ""indexed_document"": ""d24105658.pdf"", ""expected_pages"": [2]}]","[{""rank"": 1, ""document"": ""d24105658.pdf"", ""page"": 5, ""distance"": 0.969550371170044}, {""rank"": 2, ""document"": ""d24105658.pdf"", ""page"": 18, ""distance"": 0.9944550395011902}, {""rank"": 3, ""document"": ""d24105658.pdf"", ""page"": 9, ""distance"": 1.0162556171417236}, {""rank"": 4, ""document"": ""d24105658.pdf"", ""page"": 24, ""distance"": 1.0259548425674438}]",1.0,0.0,True,False,0.013114199973642826
EQ017,What is endpoint detection and response in the context of the incident-response report?,It is a tool category that agencies use to support cybersecurity incident response.,GAO-24-105658,PDF p. 2,5,"[{""evaluation_document"": ""GAO-24-105658"", ""indexed_document"": ""d24105658.pdf"", ""expected_pages"": [2]}]","[{""rank"": 1, ""document"": ""d24105658.pdf"", ""page"": 5, ""distance"": 0.969550371170044}, {""rank"": 2, ""document"": ""d24105658.pdf"", ""page"": 18, ""distance"": 0.9944550395011902}, {""rank"": 3, ""document"": ""d24105658.pdf"", ""page"": 9, ""distance"": 1.0162556171417236}, {""rank"": 4, ""document"": ""d24105658.pdf"", ""page"": 24, ""distance"": 1.0259548425674438}, {""rank"": 5, ""document"": ""d24105658.pdf"", ""page"": 3, ""distance"": 1.028062105178833}]",1.0,0.0,True,False,0.011085000005550683
EQ017,What is endpoint detection and response in the context of the incident-response report?,It is a tool category that agencies use to support cybersecurity incident response.,GAO-24-105658,PDF p. 2,6,"[{""evaluation_document"": ""GAO-24-105658"", ""indexed_document"": ""d24105658.pdf"", ""expected_pages"": [2]}]","[{""rank"": 1, ""document"": ""d24105658.pdf"", ""page"": 5, ""distance"": 0.969550371170044}, {""rank"": 2, ""document"": ""d24105658.pdf"", ""page"": 18, ""distance"": 0.9944550395011902}, {""rank"": 3, ""document"": ""d24105658.pdf"", ""page"": 9, ""distance"": 1.0162556171417236}, {""rank"": 4, ""document"": ""d24105658.pdf"", ""page"": 24, ""distance"": 1.0259548425674438}, {""rank"": 5, ""document"": ""d24105658.pdf"", ""page"": 3, ""distance"": 1.028062105178833}, {""rank"": 6, ""document"": ""d24105658.pdf"", ""page"": 15, ""distance"": 1.044236183166504}]",1.0,0.0,True,False,0.011453199957031757
EQ017,What is endpoint detection and response in the context of the incident-response report?,It is a tool category that agencies use to support cybersecurity incident response.,GAO-24-105658,PDF p. 2,7,"[{""evaluation_document"": ""GAO-24-105658"", ""indexed_document"": ""d24105658.pdf"", ""expected_pages"": [2]}]","[{""rank"": 1, ""document"": ""d24105658.pdf"", ""page"": 5, ""distance"": 0.969550371170044}, {""rank"": 2, ""document"": ""d24105658.pdf"", ""page"": 18, ""distance"": 0.9944550395011902}, {""rank"": 3, ""document"": ""d24105658.pdf"", ""page"": 9, ""distance"": 1.0162556171417236}, {""rank"": 4, ""document"": ""d24105658.pdf"", ""page"": 24, ""distance"": 1.0259548425674438}, {""rank"": 5, ""document"": ""d24105658.pdf"", ""page"": 3, ""distance"": 1.028062105178833}, {""rank"": 6, ""document"": ""d24105658.pdf"", ""page"": 15, ""distance"": 1.044236183166504}, {""rank"": 7, ""document"": ""d24105658.pdf"", ""page"": 25, ""distance"": 1.0629160404205322}]",1.0,0.0,True,False,0.012372299970593303
EQ017,What is endpoint detection and response in the context of the incident-response report?,It is a tool category that agencies use to support cybersecurity incident response.,GAO-24-105658,PDF p. 2,8,"[{""evaluation_document"": ""GAO-24-105658"", ""indexed_document"": ""d24105658.pdf"", ""expected_pages"": [2]}]","[{""rank"": 1, ""document"": ""d24105658.pdf"", ""page"": 5, ""distance"": 0.969550371170044}, {""rank"": 2, ""document"": ""d24105658.pdf"", ""page"": 18, ""distance"": 0.9944550395011902}, {""rank"": 3, ""document"": ""d24105658.pdf"", ""page"": 9, ""distance"": 1.0162556171417236}, {""rank"": 4, ""document"": ""d24105658.pdf"", ""page"": 24, ""distance"": 1.0259548425674438}, {""rank"": 5, ""document"": ""d24105658.pdf"", ""page"": 3, ""distance"": 1.028062105178833}, {""rank"": 6, ""document"": ""d24105658.pdf"", ""page"": 15, ""distance"": 1.044236183166504}, {""rank"": 7, ""document"": ""d24105658.pdf"", ""page"": 25, ""distance"": 1.0629160404205322}, {""rank"": 8, ""document"": ""d24105658.pdf"", ""page"": 46, ""distance"": 1.0800813436508179}]",1.0,0.0,True,False,0.009836900047957897
EQ017,What is endpoint detection and response in the context of the incident-response report?,It is a tool category that agencies use to support cybersecurity incident response.,GAO-24-105658,PDF p. 2,9,"[{""evaluation_document"": ""GAO-24-105658"", ""indexed_document"": ""d24105658.pdf"", ""expected_pages"": [2]}]","[{""rank"": 1, ""document"": ""d24105658.pdf"", ""page"": 5, ""distance"": 0.969550371170044}, {""rank"": 2, ""document"": ""d24105658.pdf"", ""page"": 18, ""distance"": 0.9944550395011902}, {""rank"": 3, ""document"": ""d24105658.pdf"", ""page"": 9, ""distance"": 1.0162556171417236}, {""rank"": 4, ""document"": ""d24105658.pdf"", ""page"": 24, ""distance"": 1.0259548425674438}, {""rank"": 5, ""document"": ""d24105658.pdf"", ""page"": 3, ""distance"": 1.028062105178833}, {""rank"": 6, ""document"": ""d24105658.pdf"", ""page"": 15, ""distance"": 1.044236183166504}, {""rank"": 7, ""document"": ""d24105658.pdf"", ""page"": 25, ""distance"": 1.0629160404205322}, {""rank"": 8, ""document"": ""d24105658.pdf"", ""page"": 46, ""distance"": 1.0800813436508179}, {""rank"": 9, ""document"": ""d24105658.pdf"", ""page"": 20, ""distance"": 1.0816659927368164}]",1.0,0.0,True,False,0.010697600024286658
EQ017,What is endpoint detection and response in the context of the incident-response report?,It is a tool category that agencies use to support cybersecurity incident response.,GAO-24-105658,PDF p. 2,10,"[{""evaluation_document"": ""GAO-24-105658"", ""indexed_document"": ""d24105658.pdf"", ""expected_pages"": [2]}]","[{""rank"": 1, ""document"": ""d24105658.pdf"", ""page"": 5, ""distance"": 0.969550371170044}, {""rank"": 2, ""document"": ""d24105658.pdf"", ""page"": 18, ""distance"": 0.9944550395011902}, {""rank"": 3, ""document"": ""d24105658.pdf"", ""page"": 9, ""distance"": 1.0162556171417236}, {""rank"": 4, ""document"": ""d24105658.pdf"", ""page"": 24, ""distance"": 1.0259548425674438}, {""rank"": 5, ""document"": ""d24105658.pdf"", ""page"": 3, ""distance"": 1.028062105178833}, {""rank"": 6, ""document"": ""d24105658.pdf"", ""page"": 15, ""distance"": 1.044236183166504}, {""rank"": 7, ""document"": ""d24105658.pdf"", ""page"": 25, ""distance"": 1.0629160404205322}, {""rank"": 8, ""document"": ""d24105658.pdf"", ""page"": 46, ""distance"": 1.0800813436508179}, {""rank"": 9, ""document"": ""d24105658.pdf"", ""page"": 20, ""distance"": 1.0816659927368164}, {""rank"": 10, ""document"": ""d24105658.pdf"", ""page"": 17, ""distance"": 1.0891380310058594}]",1.0,0.0,True,False,0.012185300001874566
EQ018,What does cyber resiliency mean in the CrowdStrike outage snapshot?,"It is the ability to detect, mitigate, and recover from a service disruption while preserving access to vital information.",GAO-24-107733,PDF p. 2,1,"[{""evaluation_document"": ""GAO-24-107733"", ""indexed_document"": ""gao-24-107733.pdf"", ""expected_pages"": [2]}]","[{""rank"": 1, ""document"": ""gao-24-107733.pdf"", ""page"": 1, ""distance"": 0.7667023539543152}]",1.0,0.0,True,False,0.009100500028580427
EQ018,What does cyber resiliency mean in the CrowdStrike outage snapshot?,"It is the ability to detect, mitigate, and recover from a service disruption while preserving access to vital information.",GAO-24-107733,PDF p. 2,2,"[{""evaluation_document"": ""GAO-24-107733"", ""indexed_document"": ""gao-24-107733.pdf"", ""expected_pages"": [2]}]","[{""rank"": 1, ""document"": ""gao-24-107733.pdf"", ""page"": 1, ""distance"": 0.7667023539543152}, {""rank"": 2, ""document"": ""d24106576.pdf"", ""page"": 20, ""distance"": 0.8700490593910217}]",1.0,0.0,True,False,0.011708799982443452
EQ018,What does cyber resiliency mean in the CrowdStrike outage snapshot?,"It is the ability to detect, mitigate, and recover from a service disruption while preserving access to vital information.",GAO-24-107733,PDF p. 2,3,"[{""evaluation_document"": ""GAO-24-107733"", ""indexed_document"": ""gao-24-107733.pdf"", ""expected_pages"": [2]}]","[{""rank"": 1, ""document"": ""gao-24-107733.pdf"", ""page"": 1, ""distance"": 0.7667023539543152}, {""rank"": 2, ""document"": ""d24106576.pdf"", ""page"": 20, ""distance"": 0.8700490593910217}, {""rank"": 3, ""document"": ""d24106576.pdf"", ""page"": 65, ""distance"": 1.0427253246307373}]",1.0,0.0,True,False,0.011472599988337606
EQ018,What does cyber resiliency mean in the CrowdStrike outage snapshot?,"It is the ability to detect, mitigate, and recover from a service disruption while preserving access to vital information.",GAO-24-107733,PDF p. 2,4,"[{""evaluation_document"": ""GAO-24-107733"", ""indexed_document"": ""gao-24-107733.pdf"", ""expected_pages"": [2]}]","[{""rank"": 1, ""document"": ""gao-24-107733.pdf"", ""page"": 1, ""distance"": 0.7667023539543152}, {""rank"": 2, ""document"": ""d24106576.pdf"", ""page"": 20, ""distance"": 0.8700490593910217}, {""rank"": 3, ""document"": ""d24106576.pdf"", ""page"": 65, ""distance"": 1.0427253246307373}, {""rank"": 4, ""document"": ""gao-23-105480.pdf"", ""page"": 26, ""distance"": 1.073983907699585}]",1.0,0.0,True,False,0.012470000016037375
EQ018,What does cyber resiliency mean in the CrowdStrike outage snapshot?,"It is the ability to detect, mitigate, and recover from a service disruption while preserving access to vital information.",GAO-24-107733,PDF p. 2,5,"[{""evaluation_document"": ""GAO-24-107733"", ""indexed_document"": ""gao-24-107733.pdf"", ""expected_pages"": [2]}]","[{""rank"": 1, ""document"": ""gao-24-107733.pdf"", ""page"": 1, ""distance"": 0.7667023539543152}, {""rank"": 2, ""document"": ""d24106576.pdf"", ""page"": 20, ""distance"": 0.8700490593910217}, {""rank"": 3, ""document"": ""d24106576.pdf"", ""page"": 65, ""distance"": 1.0427253246307373}, {""rank"": 4, ""document"": ""gao-23-105480.pdf"", ""page"": 26, ""distance"": 1.073983907699585}, {""rank"": 5, ""document"": ""gao-24-107231.pdf"", ""page"": 20, ""distance"": 1.0863256454467773}]",1.0,0.0,True,False,0.012459899997338653
EQ018,What does cyber resiliency mean in the CrowdStrike outage snapshot?,"It is the ability to detect, mitigate, and recover from a service disruption while preserving access to vital information.",GAO-24-107733,PDF p. 2,6,"[{""evaluation_document"": ""GAO-24-107733"", ""indexed_document"": ""gao-24-107733.pdf"", ""expected_pages"": [2]}]","[{""rank"": 1, ""document"": ""gao-24-107733.pdf"", ""page"": 1, ""distance"": 0.7667023539543152}, {""rank"": 2, ""document"": ""d24106576.pdf"", ""page"": 20, ""distance"": 0.8700490593910217}, {""rank"": 3, ""document"": ""d24106576.pdf"", ""page"": 65, ""distance"": 1.0427253246307373}, {""rank"": 4, ""document"": ""gao-23-105480.pdf"", ""page"": 26, ""distance"": 1.073983907699585}, {""rank"": 5, ""document"": ""gao-24-107231.pdf"", ""page"": 20, ""distance"": 1.0863256454467773}, {""rank"": 6, ""document"": ""gao-24-107231-highlights.pdf"", ""page"": 3, ""distance"": 1.0902129411697388}]",1.0,0.0,True,False,0.01212860003579408
EQ018,What does cyber resiliency mean in the CrowdStrike outage snapshot?,"It is the ability to detect, mitigate, and recover from a service disruption while preserving access to vital information.",GAO-24-107733,PDF p. 2,7,"[{""evaluation_document"": ""GAO-24-107733"", ""indexed_document"": ""gao-24-107733.pdf"", ""expected_pages"": [2]}]","[{""rank"": 1, ""document"": ""gao-24-107733.pdf"", ""page"": 1, ""distance"": 0.7667023539543152}, {""rank"": 2, ""document"": ""d24106576.pdf"", ""page"": 20, ""distance"": 0.8700490593910217}, {""rank"": 3, ""document"": ""d24106576.pdf"", ""page"": 65, ""distance"": 1.0427253246307373}, {""rank"": 4, ""document"": ""gao-23-105480.pdf"", ""page"": 26, ""distance"": 1.073983907699585}, {""rank"": 5, ""document"": ""gao-24-107231.pdf"", ""page"": 20, ""distance"": 1.0863256454467773}, {""rank"": 6, ""document"": ""gao-24-107231-highlights.pdf"", ""page"": 3, ""distance"": 1.0902129411697388}, {""rank"": 7, ""document"": ""gao-24-107231.pdf"", ""page"": 4, ""distance"": 1.0902129411697388}]",1.0,0.0,True,False,0.01220689999172464
EQ018,What does cyber resiliency mean in the CrowdStrike outage snapshot?,"It is the ability to detect, mitigate, and recover from a service disruption while preserving access to vital information.",GAO-24-107733,PDF p. 2,8,"[{""evaluation_document"": ""GAO-24-107733"", ""indexed_document"": ""gao-24-107733.pdf"", ""expected_pages"": [2]}]","[{""rank"": 1, ""document"": ""gao-24-107733.pdf"", ""page"": 1, ""distance"": 0.7667023539543152}, {""rank"": 2, ""document"": ""d24106576.pdf"", ""page"": 20, ""distance"": 0.8700490593910217}, {""rank"": 3, ""document"": ""d24106576.pdf"", ""page"": 65, ""distance"": 1.0427253246307373}, {""rank"": 4, ""document"": ""gao-23-105480.pdf"", ""page"": 26, ""distance"": 1.073983907699585}, {""rank"": 5, ""document"": ""gao-24-107231.pdf"", ""page"": 20, ""distance"": 1.0863256454467773}, {""rank"": 6, ""document"": ""gao-24-107231-highlights.pdf"", ""page"": 3, ""distance"": 1.0902129411697388}, {""rank"": 7, ""document"": ""gao-24-107231.pdf"", ""page"": 4, ""distance"": 1.0902129411697388}, {""rank"": 8, ""document"": ""d24106576.pdf"", ""page"": 16, ""distance"": 1.1300089359283447}]",1.0,0.0,True,False,0.009443899965845048
EQ018,What does cyber resiliency mean in the CrowdStrike outage snapshot?,"It is the ability to detect, mitigate, and recover from a service disruption while preserving access to vital information.",GAO-24-107733,PDF p. 2,9,"[{""evaluation_document"": ""GAO-24-107733"", ""indexed_document"": ""gao-24-107733.pdf"", ""expected_pages"": [2]}]","[{""rank"": 1, ""document"": ""gao-24-107733.pdf"", ""page"": 1, ""distance"": 0.7667023539543152}, {""rank"": 2, ""document"": ""d24106576.pdf"", ""page"": 20, ""distance"": 0.8700490593910217}, {""rank"": 3, ""document"": ""d24106576.pdf"", ""page"": 65, ""distance"": 1.0427253246307373}, {""rank"": 4, ""document"": ""gao-23-105480.pdf"", ""page"": 26, ""distance"": 1.073983907699585}, {""rank"": 5, ""document"": ""gao-24-107231.pdf"", ""page"": 20, ""distance"": 1.0863256454467773}, {""rank"": 6, ""document"": ""gao-24-107231-highlights.pdf"", ""page"": 3, ""distance"": 1.0902129411697388}, {""rank"": 7, ""document"": ""gao-24-107231.pdf"", ""page"": 4, ""distance"": 1.0902129411697388}, {""rank"": 8, ""document"": ""d24106576.pdf"", ""page"": 16, ""distance"": 1.1300089359283447}, {""rank"": 9, ""document"": ""d24105658.pdf"", ""page"": 7, ""distance"": 1.130266547203064}]",1.0,0.0,True,False,0.011962599994149059
EQ018,What does cyber resiliency mean in the CrowdStrike outage snapshot?,"It is the ability to detect, mitigate, and recover from a service disruption while preserving access to vital information.",GAO-24-107733,PDF p. 2,10,"[{""evaluation_document"": ""GAO-24-107733"", ""indexed_document"": ""gao-24-107733.pdf"", ""expected_pages"": [2]}]","[{""rank"": 1, ""document"": ""gao-24-107733.pdf"", ""page"": 1, ""distance"": 0.7667023539543152}, {""rank"": 2, ""document"": ""d24106576.pdf"", ""page"": 20, ""distance"": 0.8700490593910217}, {""rank"": 3, ""document"": ""d24106576.pdf"", ""page"": 65, ""distance"": 1.0427253246307373}, {""rank"": 4, ""document"": ""gao-23-105480.pdf"", ""page"": 26, ""distance"": 1.073983907699585}, {""rank"": 5, ""document"": ""gao-24-107231.pdf"", ""page"": 20, ""distance"": 1.0863256454467773}, {""rank"": 6, ""document"": ""gao-24-107231-highlights.pdf"", ""page"": 3, ""distance"": 1.0902129411697388}, {""rank"": 7, ""document"": ""gao-24-107231.pdf"", ""page"": 4, ""distance"": 1.0902129411697388}, {""rank"": 8, ""document"": ""d24106576.pdf"", ""page"": 16, ""distance"": 1.1300089359283447}, {""rank"": 9, ""document"": ""d24105658.pdf"", ""page"": 7, ""distance"": 1.130266547203064}, {""rank"": 10, ""document"": ""d24105658.pdf"", ""page"": 31, ""distance"": 1.15273916721344}]",1.0,0.0,True,False,0.011288599984254688
EQ019,What is meant by an outcome-oriented performance measure in the national strategy discussion?,"It is a measure of the real result of an initiative, such as the number or dollar value of ransomware incidents disrupted.",GAO-24-106916,PDF p. 2,1,"[{""evaluation_document"": ""GAO-24-106916"", ""indexed_document"": ""d24106916.pdf"", ""expected_pages"": [2]}]","[{""rank"": 1, ""document"": ""d24106916.pdf"", ""page"": 28, ""distance"": 0.8357804417610168}]",1.0,0.0,True,False,0.013146800047252327
EQ019,What is meant by an outcome-oriented performance measure in the national strategy discussion?,"It is a measure of the real result of an initiative, such as the number or dollar value of ransomware incidents disrupted.",GAO-24-106916,PDF p. 2,2,"[{""evaluation_document"": ""GAO-24-106916"", ""indexed_document"": ""d24106916.pdf"", ""expected_pages"": [2]}]","[{""rank"": 1, ""document"": ""d24106916.pdf"", ""page"": 28, ""distance"": 0.8357804417610168}, {""rank"": 2, ""document"": ""gao-26-900644.pdf"", ""page"": 32, ""distance"": 0.9204536080360413}]",1.0,0.0,True,False,0.0352823999710381
EQ019,What is meant by an outcome-oriented performance measure in the national strategy discussion?,"It is a measure of the real result of an initiative, such as the number or dollar value of ransomware incidents disrupted.",GAO-24-106916,PDF p. 2,3,"[{""evaluation_document"": ""GAO-24-106916"", ""indexed_document"": ""d24106916.pdf"", ""expected_pages"": [2]}]","[{""rank"": 1, ""document"": ""d24106916.pdf"", ""page"": 28, ""distance"": 0.8357804417610168}, {""rank"": 2, ""document"": ""gao-26-900644.pdf"", ""page"": 32, ""distance"": 0.9204536080360413}, {""rank"": 3, ""document"": ""gao-26-900644.pdf"", ""page"": 84, ""distance"": 1.0097672939300537}]",1.0,0.0,True,False,0.01812129997415468
EQ019,What is meant by an outcome-oriented performance measure in the national strategy discussion?,"It is a measure of the real result of an initiative, such as the number or dollar value of ransomware incidents disrupted.",GAO-24-106916,PDF p. 2,4,"[{""evaluation_document"": ""GAO-24-106916"", ""indexed_document"": ""d24106916.pdf"", ""expected_pages"": [2]}]","[{""rank"": 1, ""document"": ""d24106916.pdf"", ""page"": 28, ""distance"": 0.8357804417610168}, {""rank"": 2, ""document"": ""gao-26-900644.pdf"", ""page"": 32, ""distance"": 0.9204536080360413}, {""rank"": 3, ""document"": ""gao-26-900644.pdf"", ""page"": 84, ""distance"": 1.0097672939300537}, {""rank"": 4, ""document"": ""gao-24-107231.pdf"", ""page"": 19, ""distance"": 1.0488282442092896}]",1.0,0.0,True,False,0.011049400025513023
EQ019,What is meant by an outcome-oriented performance measure in the national strategy discussion?,"It is a measure of the real result of an initiative, such as the number or dollar value of ransomware incidents disrupted.",GAO-24-106916,PDF p. 2,5,"[{""evaluation_document"": ""GAO-24-106916"", ""indexed_document"": ""d24106916.pdf"", ""expected_pages"": [2]}]","[{""rank"": 1, ""document"": ""d24106916.pdf"", ""page"": 28, ""distance"": 0.8357804417610168}, {""rank"": 2, ""document"": ""gao-26-900644.pdf"", ""page"": 32, ""distance"": 0.9204536080360413}, {""rank"": 3, ""document"": ""gao-26-900644.pdf"", ""page"": 84, ""distance"": 1.0097672939300537}, {""rank"": 4, ""document"": ""gao-24-107231.pdf"", ""page"": 19, ""distance"": 1.0488282442092896}, {""rank"": 5, ""document"": ""d24106916.pdf"", ""page"": 2, ""distance"": 1.0885426998138428}]",1.0,1.0,True,True,0.011769400036428124
EQ019,What is meant by an outcome-oriented performance measure in the national strategy discussion?,"It is a measure of the real result of an initiative, such as the number or dollar value of ransomware incidents disrupted.",GAO-24-106916,PDF p. 2,6,"[{""evaluation_document"": ""GAO-24-106916"", ""indexed_document"": ""d24106916.pdf"", ""expected_pages"": [2]}]","[{""rank"": 1, ""document"": ""d24106916.pdf"", ""page"": 28, ""distance"": 0.8357804417610168}, {""rank"": 2, ""document"": ""gao-26-900644.pdf"", ""page"": 32, ""distance"": 0.9204536080360413}, {""rank"": 3, ""document"": ""gao-26-900644.pdf"", ""page"": 84, ""distance"": 1.0097672939300537}, {""rank"": 4, ""document"": ""gao-24-107231.pdf"", ""page"": 19, ""distance"": 1.0488282442092896}, {""rank"": 5, ""document"": ""d24106916.pdf"", ""page"": 2, ""distance"": 1.0885426998138428}, {""rank"": 6, ""document"": ""gao-26-900644.pdf"", ""page"": 64, ""distance"": 1.0907617807388306}]",1.0,1.0,True,True,0.010772000008728355
EQ019,What is meant by an outcome-oriented performance measure in the national strategy discussion?,"It is a measure of the real result of an initiative, such as the number or dollar value of ransomware incidents disrupted.",GAO-24-106916,PDF p. 2,7,"[{""evaluation_document"": ""GAO-24-106916"", ""indexed_document"": ""d24106916.pdf"", ""expected_pages"": [2]}]","[{""rank"": 1, ""document"": ""d24106916.pdf"", ""page"": 28, ""distance"": 0.8357804417610168}, {""rank"": 2, ""document"": ""gao-26-900644.pdf"", ""page"": 32, ""distance"": 0.9204536080360413}, {""rank"": 3, ""document"": ""gao-26-900644.pdf"", ""page"": 84, ""distance"": 1.0097672939300537}, {""rank"": 4, ""document"": ""gao-24-107231.pdf"", ""page"": 19, ""distance"": 1.0488282442092896}, {""rank"": 5, ""document"": ""d24106916.pdf"", ""page"": 2, ""distance"": 1.0885426998138428}, {""rank"": 6, ""document"": ""gao-26-900644.pdf"", ""page"": 64, ""distance"": 1.0907617807388306}, {""rank"": 7, ""document"": ""d24106916.pdf"", ""page"": 24, ""distance"": 1.0909738540649414}]",1.0,1.0,True,True,0.010071800032164901
EQ019,What is meant by an outcome-oriented performance measure in the national strategy discussion?,"It is a measure of the real result of an initiative, such as the number or dollar value of ransomware incidents disrupted.",GAO-24-106916,PDF p. 2,8,"[{""evaluation_document"": ""GAO-24-106916"", ""indexed_document"": ""d24106916.pdf"", ""expected_pages"": [2]}]","[{""rank"": 1, ""document"": ""d24106916.pdf"", ""page"": 28, ""distance"": 0.8357804417610168}, {""rank"": 2, ""document"": ""gao-26-900644.pdf"", ""page"": 32, ""distance"": 0.9204536080360413}, {""rank"": 3, ""document"": ""gao-26-900644.pdf"", ""page"": 84, ""distance"": 1.0097672939300537}, {""rank"": 4, ""document"": ""gao-24-107231.pdf"", ""page"": 19, ""distance"": 1.0488282442092896}, {""rank"": 5, ""document"": ""d24106916.pdf"", ""page"": 2, ""distance"": 1.0885426998138428}, {""rank"": 6, ""document"": ""gao-26-900644.pdf"", ""page"": 64, ""distance"": 1.0907617807388306}, {""rank"": 7, ""document"": ""d24106916.pdf"", ""page"": 24, ""distance"": 1.0909738540649414}, {""rank"": 8, ""document"": ""gao-26-900644.pdf"", ""page"": 28, ""distance"": 1.091301441192627}]",1.0,1.0,True,True,0.010053000005427748
EQ019,What is meant by an outcome-oriented performance measure in the national strategy discussion?,"It is a measure of the real result of an initiative, such as the number or dollar value of ransomware incidents disrupted.",GAO-24-106916,PDF p. 2,9,"[{""evaluation_document"": ""GAO-24-106916"", ""indexed_document"": ""d24106916.pdf"", ""expected_pages"": [2]}]","[{""rank"": 1, ""document"": ""d24106916.pdf"", ""page"": 28, ""distance"": 0.8357804417610168}, {""rank"": 2, ""document"": ""gao-26-900644.pdf"", ""page"": 32, ""distance"": 0.9204536080360413}, {""rank"": 3, ""document"": ""gao-26-900644.pdf"", ""page"": 84, ""distance"": 1.0097672939300537}, {""rank"": 4, ""document"": ""gao-24-107231.pdf"", ""page"": 19, ""distance"": 1.0488282442092896}, {""rank"": 5, ""document"": ""d24106916.pdf"", ""page"": 2, ""distance"": 1.0885426998138428}, {""rank"": 6, ""document"": ""gao-26-900644.pdf"", ""page"": 64, ""distance"": 1.0907617807388306}, {""rank"": 7, ""document"": ""d24106916.pdf"", ""page"": 24, ""distance"": 1.0909738540649414}, {""rank"": 8, ""document"": ""gao-26-900644.pdf"", ""page"": 28, ""distance"": 1.091301441192627}, {""rank"": 9, ""document"": ""gao-26-900644.pdf"", ""page"": 100, ""distance"": 1.116269826889038}]",1.0,1.0,True,True,0.012097700033336878
EQ019,What is meant by an outcome-oriented performance measure in the national strategy discussion?,"It is a measure of the real result of an initiative, such as the number or dollar value of ransomware incidents disrupted.",GAO-24-106916,PDF p. 2,10,"[{""evaluation_document"": ""GAO-24-106916"", ""indexed_document"": ""d24106916.pdf"", ""expected_pages"": [2]}]","[{""rank"": 1, ""document"": ""d24106916.pdf"", ""page"": 28, ""distance"": 0.8357804417610168}, {""rank"": 2, ""document"": ""gao-26-900644.pdf"", ""page"": 32, ""distance"": 0.9204536080360413}, {""rank"": 3, ""document"": ""gao-26-900644.pdf"", ""page"": 84, ""distance"": 1.0097672939300537}, {""rank"": 4, ""document"": ""gao-24-107231.pdf"", ""page"": 19, ""distance"": 1.0488282442092896}, {""rank"": 5, ""document"": ""d24106916.pdf"", ""page"": 2, ""distance"": 1.0885426998138428}, {""rank"": 6, ""document"": ""gao-26-900644.pdf"", ""page"": 64, ""distance"": 1.0907617807388306}, {""rank"": 7, ""document"": ""d24106916.pdf"", ""page"": 24, ""distance"": 1.0909738540649414}, {""rank"": 8, ""document"": ""gao-26-900644.pdf"", ""page"": 28, ""distance"": 1.091301441192627}, {""rank"": 9, ""document"": ""gao-26-900644.pdf"", ""page"": 100, ""distance"": 1.116269826889038}, {""rank"": 10, ""document"": ""gao-26-900644.pdf"", ""page"": 4, ""distance"": 1.1169419288635254}]",1.0,1.0,True,True,0.012254100001882762
EQ020,What is a CFO Act agency in the incident-response report?,It refers to a civilian agency covered by the Chief Financial Officers Act of 1990; the report examined 23 such agencies.,GAO-24-105658,PDF p. 2,1,"[{""evaluation_document"": ""GAO-24-105658"", ""indexed_document"": ""d24105658.pdf"", ""expected_pages"": [2]}]","[{""rank"": 1, ""document"": ""d24105658.pdf"", ""page"": 2, ""distance"": 0.6492069959640503}]",1.0,1.0,True,True,0.009988500038161874
EQ020,What is a CFO Act agency in the incident-response report?,It refers to a civilian agency covered by the Chief Financial Officers Act of 1990; the report examined 23 such agencies.,GAO-24-105658,PDF p. 2,2,"[{""evaluation_document"": ""GAO-24-105658"", ""indexed_document"": ""d24105658.pdf"", ""expected_pages"": [2]}]","[{""rank"": 1, ""document"": ""d24105658.pdf"", ""page"": 2, ""distance"": 0.6492069959640503}, {""rank"": 2, ""document"": ""d24105658.pdf"", ""page"": 45, ""distance"": 0.7179469466209412}]",1.0,1.0,True,True,0.012564499978907406
EQ020,What is a CFO Act agency in the incident-response report?,It refers to a civilian agency covered by the Chief Financial Officers Act of 1990; the report examined 23 such agencies.,GAO-24-105658,PDF p. 2,3,"[{""evaluation_document"": ""GAO-24-105658"", ""indexed_document"": ""d24105658.pdf"", ""expected_pages"": [2]}]","[{""rank"": 1, ""document"": ""d24105658.pdf"", ""page"": 2, ""distance"": 0.6492069959640503}, {""rank"": 2, ""document"": ""d24105658.pdf"", ""page"": 45, ""distance"": 0.7179469466209412}, {""rank"": 3, ""document"": ""d24105658.pdf"", ""page"": 24, ""distance"": 0.7632321119308472}]",1.0,1.0,True,True,0.011843199958093464
EQ020,What is a CFO Act agency in the incident-response report?,It refers to a civilian agency covered by the Chief Financial Officers Act of 1990; the report examined 23 such agencies.,GAO-24-105658,PDF p. 2,4,"[{""evaluation_document"": ""GAO-24-105658"", ""indexed_document"": ""d24105658.pdf"", ""expected_pages"": [2]}]","[{""rank"": 1, ""document"": ""d24105658.pdf"", ""page"": 2, ""distance"": 0.6492069959640503}, {""rank"": 2, ""document"": ""d24105658.pdf"", ""page"": 45, ""distance"": 0.7179469466209412}, {""rank"": 3, ""document"": ""d24105658.pdf"", ""page"": 24, ""distance"": 0.7632321119308472}, {""rank"": 4, ""document"": ""d24105658.pdf"", ""page"": 8, ""distance"": 0.8370487689971924}]",1.0,1.0,True,True,0.010627900017425418
EQ020,What is a CFO Act agency in the incident-response report?,It refers to a civilian agency covered by the Chief Financial Officers Act of 1990; the report examined 23 such agencies.,GAO-24-105658,PDF p. 2,5,"[{""evaluation_document"": ""GAO-24-105658"", ""indexed_document"": ""d24105658.pdf"", ""expected_pages"": [2]}]","[{""rank"": 1, ""document"": ""d24105658.pdf"", ""page"": 2, ""distance"": 0.6492069959640503}, {""rank"": 2, ""document"": ""d24105658.pdf"", ""page"": 45, ""distance"": 0.7179469466209412}, {""rank"": 3, ""document"": ""d24105658.pdf"", ""page"": 24, ""distance"": 0.7632321119308472}, {""rank"": 4, ""document"": ""d24105658.pdf"", ""page"": 8, ""distance"": 0.8370487689971924}, {""rank"": 5, ""document"": ""d24105658.pdf"", ""page"": 50, ""distance"": 0.8591826558113098}]",1.0,1.0,True,True,0.012045999988913536
EQ020,What is a CFO Act agency in the incident-response report?,It refers to a civilian agency covered by the Chief Financial Officers Act of 1990; the report examined 23 such agencies.,GAO-24-105658,PDF p. 2,6,"[{""evaluation_document"": ""GAO-24-105658"", ""indexed_document"": ""d24105658.pdf"", ""expected_pages"": [2]}]","[{""rank"": 1, ""document"": ""d24105658.pdf"", ""page"": 2, ""distance"": 0.6492069959640503}, {""rank"": 2, ""document"": ""d24105658.pdf"", ""page"": 45, ""distance"": 0.7179469466209412}, {""rank"": 3, ""document"": ""d24105658.pdf"", ""page"": 24, ""distance"": 0.7632321119308472}, {""rank"": 4, ""document"": ""d24105658.pdf"", ""page"": 8, ""distance"": 0.8370487689971924}, {""rank"": 5, ""document"": ""d24105658.pdf"", ""page"": 50, ""distance"": 0.8591826558113098}, {""rank"": 6, ""document"": ""d24105658.pdf"", ""page"": 1, ""distance"": 0.8628222942352295}]",1.0,1.0,True,True,0.010262700030580163
EQ020,What is a CFO Act agency in the incident-response report?,It refers to a civilian agency covered by the Chief Financial Officers Act of 1990; the report examined 23 such agencies.,GAO-24-105658,PDF p. 2,7,"[{""evaluation_document"": ""GAO-24-105658"", ""indexed_document"": ""d24105658.pdf"", ""expected_pages"": [2]}]","[{""rank"": 1, ""document"": ""d24105658.pdf"", ""page"": 2, ""distance"": 0.6492069959640503}, {""rank"": 2, ""document"": ""d24105658.pdf"", ""page"": 45, ""distance"": 0.7179469466209412}, {""rank"": 3, ""document"": ""d24105658.pdf"", ""page"": 24, ""distance"": 0.7632321119308472}, {""rank"": 4, ""document"": ""d24105658.pdf"", ""page"": 8, ""distance"": 0.8370487689971924}, {""rank"": 5, ""document"": ""d24105658.pdf"", ""page"": 50, ""distance"": 0.8591826558113098}, {""rank"": 6, ""document"": ""d24105658.pdf"", ""page"": 1, ""distance"": 0.8628222942352295}, {""rank"": 7, ""document"": ""d24105658.pdf"", ""page"": 9, ""distance"": 0.8673001527786255}]",1.0,1.0,True,True,0.012689800001680851
EQ020,What is a CFO Act agency in the incident-response report?,It refers to a civilian agency covered by the Chief Financial Officers Act of 1990; the report examined 23 such agencies.,GAO-24-105658,PDF p. 2,8,"[{""evaluation_document"": ""GAO-24-105658"", ""indexed_document"": ""d24105658.pdf"", ""expected_pages"": [2]}]","[{""rank"": 1, ""document"": ""d24105658.pdf"", ""page"": 2, ""distance"": 0.6492069959640503}, {""rank"": 2, ""document"": ""d24105658.pdf"", ""page"": 45, ""distance"": 0.7179469466209412}, {""rank"": 3, ""document"": ""d24105658.pdf"", ""page"": 24, ""distance"": 0.7632321119308472}, {""rank"": 4, ""document"": ""d24105658.pdf"", ""page"": 8, ""distance"": 0.8370487689971924}, {""rank"": 5, ""document"": ""d24105658.pdf"", ""page"": 50, ""distance"": 0.8591826558113098}, {""rank"": 6, ""document"": ""d24105658.pdf"", ""page"": 1, ""distance"": 0.8628222942352295}, {""rank"": 7, ""document"": ""d24105658.pdf"", ""page"": 9, ""distance"": 0.8673001527786255}, {""rank"": 8, ""document"": ""d24105658.pdf"", ""page"": 47, ""distance"": 0.871810793876648}]",1.0,1.0,True,True,0.01126160001149401
EQ020,What is a CFO Act agency in the incident-response report?,It refers to a civilian agency covered by the Chief Financial Officers Act of 1990; the report examined 23 such agencies.,GAO-24-105658,PDF p. 2,9,"[{""evaluation_document"": ""GAO-24-105658"", ""indexed_document"": ""d24105658.pdf"", ""expected_pages"": [2]}]","[{""rank"": 1, ""document"": ""d24105658.pdf"", ""page"": 2, ""distance"": 0.6492069959640503}, {""rank"": 2, ""document"": ""d24105658.pdf"", ""page"": 45, ""distance"": 0.7179469466209412}, {""rank"": 3, ""document"": ""d24105658.pdf"", ""page"": 24, ""distance"": 0.7632321119308472}, {""rank"": 4, ""document"": ""d24105658.pdf"", ""page"": 8, ""distance"": 0.8370487689971924}, {""rank"": 5, ""document"": ""d24105658.pdf"", ""page"": 50, ""distance"": 0.8591826558113098}, {""rank"": 6, ""document"": ""d24105658.pdf"", ""page"": 1, ""distance"": 0.8628222942352295}, {""rank"": 7, ""document"": ""d24105658.pdf"", ""page"": 9, ""distance"": 0.8673001527786255}, {""rank"": 8, ""document"": ""d24105658.pdf"", ""page"": 47, ""distance"": 0.871810793876648}, {""rank"": 9, ""document"": ""d24105658.pdf"", ""page"": 38, ""distance"": 0.8809962272644043}]",1.0,1.0,True,True,0.01194330002181232
EQ020,What is a CFO Act agency in the incident-response report?,It refers to a civilian agency covered by the Chief Financial Officers Act of 1990; the report examined 23 such agencies.,GAO-24-105658,PDF p. 2,10,"[{""evaluation_document"": ""GAO-24-105658"", ""indexed_document"": ""d24105658.pdf"", ""expected_pages"": [2]}]","[{""rank"": 1, ""document"": ""d24105658.pdf"", ""page"": 2, ""distance"": 0.6492069959640503}, {""rank"": 2, ""document"": ""d24105658.pdf"", ""page"": 45, ""distance"": 0.7179469466209412}, {""rank"": 3, ""document"": ""d24105658.pdf"", ""page"": 24, ""distance"": 0.7632321119308472}, {""rank"": 4, ""document"": ""d24105658.pdf"", ""page"": 8, ""distance"": 0.8370487689971924}, {""rank"": 5, ""document"": ""d24105658.pdf"", ""page"": 50, ""distance"": 0.8591826558113098}, {""rank"": 6, ""document"": ""d24105658.pdf"", ""page"": 1, ""distance"": 0.8628222942352295}, {""rank"": 7, ""document"": ""d24105658.pdf"", ""page"": 9, ""distance"": 0.8673001527786255}, {""rank"": 8, ""document"": ""d24105658.pdf"", ""page"": 47, ""distance"": 0.871810793876648}, {""rank"": 9, ""document"": ""d24105658.pdf"", ""page"": 38, ""distance"": 0.8809962272644043}, {""rank"": 10, ""document"": ""d24105658.pdf"", ""page"": 3, ""distance"": 0.8905764818191528}]",1.0,1.0,True,True,0.012364800029899925
EQ021,What is a critical-infrastructure operational technology system?,It is a system that interacts with the physical environment to support critical-infrastructure operations.,GAO-24-107231,PDF p. 4,1,"[{""evaluation_document"": ""GAO-24-107231"", ""indexed_document"": ""gao-24-107231.pdf"", ""expected_pages"": [4]}]","[{""rank"": 1, ""document"": ""d24106576.pdf"", ""page"": 5, ""distance"": 0.8009089231491089}]",0.0,0.0,False,False,0.010903299960773438
EQ021,What is a critical-infrastructure operational technology system?,It is a system that interacts with the physical environment to support critical-infrastructure operations.,GAO-24-107231,PDF p. 4,2,"[{""evaluation_document"": ""GAO-24-107231"", ""indexed_document"": ""gao-24-107231.pdf"", ""expected_pages"": [4]}]","[{""rank"": 1, ""document"": ""d24106576.pdf"", ""page"": 5, ""distance"": 0.8009089231491089}, {""rank"": 2, ""document"": ""gao-24-107231.pdf"", ""page"": 49, ""distance"": 0.8412813544273376}]",1.0,0.0,True,False,0.011143299983814359
EQ021,What is a critical-infrastructure operational technology system?,It is a system that interacts with the physical environment to support critical-infrastructure operations.,GAO-24-107231,PDF p. 4,3,"[{""evaluation_document"": ""GAO-24-107231"", ""indexed_document"": ""gao-24-107231.pdf"", ""expected_pages"": [4]}]","[{""rank"": 1, ""document"": ""d24106576.pdf"", ""page"": 5, ""distance"": 0.8009089231491089}, {""rank"": 2, ""document"": ""gao-24-107231.pdf"", ""page"": 49, ""distance"": 0.8412813544273376}, {""rank"": 3, ""document"": ""d24106576.pdf"", ""page"": 45, ""distance"": 0.8490758538246155}]",1.0,0.0,True,False,0.01105269999243319
EQ021,What is a critical-infrastructure operational technology system?,It is a system that interacts with the physical environment to support critical-infrastructure operations.,GAO-24-107231,PDF p. 4,4,"[{""evaluation_document"": ""GAO-24-107231"", ""indexed_document"": ""gao-24-107231.pdf"", ""expected_pages"": [4]}]","[{""rank"": 1, ""document"": ""d24106576.pdf"", ""page"": 5, ""distance"": 0.8009089231491089}, {""rank"": 2, ""document"": ""gao-24-107231.pdf"", ""page"": 49, ""distance"": 0.8412813544273376}, {""rank"": 3, ""document"": ""d24106576.pdf"", ""page"": 45, ""distance"": 0.8490758538246155}, {""rank"": 4, ""document"": ""d24106576.pdf"", ""page"": 7, ""distance"": 0.8526620864868164}]",1.0,0.0,True,False,0.012051700032316148
EQ021,What is a critical-infrastructure operational technology system?,It is a system that interacts with the physical environment to support critical-infrastructure operations.,GAO-24-107231,PDF p. 4,5,"[{""evaluation_document"": ""GAO-24-107231"", ""indexed_document"": ""gao-24-107231.pdf"", ""expected_pages"": [4]}]","[{""rank"": 1, ""document"": ""d24106576.pdf"", ""page"": 5, ""distance"": 0.8009089231491089}, {""rank"": 2, ""document"": ""gao-24-107231.pdf"", ""page"": 49, ""distance"": 0.8412813544273376}, {""rank"": 3, ""document"": ""d24106576.pdf"", ""page"": 45, ""distance"": 0.8490758538246155}, {""rank"": 4, ""document"": ""d24106576.pdf"", ""page"": 7, ""distance"": 0.8526620864868164}, {""rank"": 5, ""document"": ""gao-24-107231.pdf"", ""page"": 50, ""distance"": 0.8664970993995667}]",1.0,0.0,True,False,0.010021399997640401
EQ021,What is a critical-infrastructure operational technology system?,It is a system that interacts with the physical environment to support critical-infrastructure operations.,GAO-24-107231,PDF p. 4,6,"[{""evaluation_document"": ""GAO-24-107231"", ""indexed_document"": ""gao-24-107231.pdf"", ""expected_pages"": [4]}]","[{""rank"": 1, ""document"": ""d24106576.pdf"", ""page"": 5, ""distance"": 0.8009089231491089}, {""rank"": 2, ""document"": ""gao-24-107231.pdf"", ""page"": 49, ""distance"": 0.8412813544273376}, {""rank"": 3, ""document"": ""d24106576.pdf"", ""page"": 45, ""distance"": 0.8490758538246155}, {""rank"": 4, ""document"": ""d24106576.pdf"", ""page"": 7, ""distance"": 0.8526620864868164}, {""rank"": 5, ""document"": ""gao-24-107231.pdf"", ""page"": 50, ""distance"": 0.8664970993995667}, {""rank"": 6, ""document"": ""d24106576.pdf"", ""page"": 13, ""distance"": 0.8679369688034058}]",1.0,0.0,True,False,0.01254609995521605
EQ021,What is a critical-infrastructure operational technology system?,It is a system that interacts with the physical environment to support critical-infrastructure operations.,GAO-24-107231,PDF p. 4,7,"[{""evaluation_document"": ""GAO-24-107231"", ""indexed_document"": ""gao-24-107231.pdf"", ""expected_pages"": [4]}]","[{""rank"": 1, ""document"": ""d24106576.pdf"", ""page"": 5, ""distance"": 0.8009089231491089}, {""rank"": 2, ""document"": ""gao-24-107231.pdf"", ""page"": 49, ""distance"": 0.8412813544273376}, {""rank"": 3, ""document"": ""d24106576.pdf"", ""page"": 45, ""distance"": 0.8490758538246155}, {""rank"": 4, ""document"": ""d24106576.pdf"", ""page"": 7, ""distance"": 0.8526620864868164}, {""rank"": 5, ""document"": ""gao-24-107231.pdf"", ""page"": 50, ""distance"": 0.8664970993995667}, {""rank"": 6, ""document"": ""d24106576.pdf"", ""page"": 13, ""distance"": 0.8679369688034058}, {""rank"": 7, ""document"": ""gao-24-107231.pdf"", ""page"": 4, ""distance"": 0.9425042867660522}]",1.0,1.0,True,True,0.01093280001077801
EQ021,What is a critical-infrastructure operational technology system?,It is a system that interacts with the physical environment to support critical-infrastructure operations.,GAO-24-107231,PDF p. 4,8,"[{""evaluation_document"": ""GAO-24-107231"", ""indexed_document"": ""gao-24-107231.pdf"", ""expected_pages"": [4]}]","[{""rank"": 1, ""document"": ""d24106576.pdf"", ""page"": 5, ""distance"": 0.8009089231491089}, {""rank"": 2, ""document"": ""gao-24-107231.pdf"", ""page"": 49, ""distance"": 0.8412813544273376}, {""rank"": 3, ""document"": ""d24106576.pdf"", ""page"": 45, ""distance"": 0.8490758538246155}, {""rank"": 4, ""document"": ""d24106576.pdf"", ""page"": 7, ""distance"": 0.8526620864868164}, {""rank"": 5, ""document"": ""gao-24-107231.pdf"", ""page"": 50, ""distance"": 0.8664970993995667}, {""rank"": 6, ""document"": ""d24106576.pdf"", ""page"": 13, ""distance"": 0.8679369688034058}, {""rank"": 7, ""document"": ""gao-24-107231-highlights.pdf"", ""page"": 3, ""distance"": 0.9425042867660522}, {""rank"": 8, ""document"": ""gao-24-107231.pdf"", ""page"": 4, ""distance"": 0.9425042867660522}]",1.0,1.0,True,True,0.011745300027541816
EQ021,What is a critical-infrastructure operational technology system?,It is a system that interacts with the physical environment to support critical-infrastructure operations.,GAO-24-107231,PDF p. 4,9,"[{""evaluation_document"": ""GAO-24-107231"", ""indexed_document"": ""gao-24-107231.pdf"", ""expected_pages"": [4]}]","[{""rank"": 1, ""document"": ""d24106576.pdf"", ""page"": 5, ""distance"": 0.8009089231491089}, {""rank"": 2, ""document"": ""gao-24-107231.pdf"", ""page"": 49, ""distance"": 0.8412813544273376}, {""rank"": 3, ""document"": ""d24106576.pdf"", ""page"": 45, ""distance"": 0.8490758538246155}, {""rank"": 4, ""document"": ""d24106576.pdf"", ""page"": 7, ""distance"": 0.8526620864868164}, {""rank"": 5, ""document"": ""gao-24-107231.pdf"", ""page"": 50, ""distance"": 0.8664970993995667}, {""rank"": 6, ""document"": ""d24106576.pdf"", ""page"": 13, ""distance"": 0.8679369688034058}, {""rank"": 7, ""document"": ""gao-24-107231-highlights.pdf"", ""page"": 3, ""distance"": 0.9425042867660522}, {""rank"": 8, ""document"": ""gao-24-107231.pdf"", ""page"": 4, ""distance"": 0.9425042867660522}, {""rank"": 9, ""document"": ""d24106576.pdf"", ""page"": 14, ""distance"": 0.9505184292793274}]",1.0,1.0,True,True,0.012088200019206852
EQ021,What is a critical-infrastructure operational technology system?,It is a system that interacts with the physical environment to support critical-infrastructure operations.,GAO-24-107231,PDF p. 4,10,"[{""evaluation_document"": ""GAO-24-107231"", ""indexed_document"": ""gao-24-107231.pdf"", ""expected_pages"": [4]}]","[{""rank"": 1, ""document"": ""d24106576.pdf"", ""page"": 5, ""distance"": 0.8009089231491089}, {""rank"": 2, ""document"": ""gao-24-107231.pdf"", ""page"": 49, ""distance"": 0.8412813544273376}, {""rank"": 3, ""document"": ""d24106576.pdf"", ""page"": 45, ""distance"": 0.8490758538246155}, {""rank"": 4, ""document"": ""d24106576.pdf"", ""page"": 7, ""distance"": 0.8526620864868164}, {""rank"": 5, ""document"": ""gao-24-107231.pdf"", ""page"": 50, ""distance"": 0.8664970993995667}, {""rank"": 6, ""document"": ""d24106576.pdf"", ""page"": 13, ""distance"": 0.8679369688034058}, {""rank"": 7, ""document"": ""gao-24-107231-highlights.pdf"", ""page"": 3, ""distance"": 0.9425042867660522}, {""rank"": 8, ""document"": ""gao-24-107231.pdf"", ""page"": 4, ""distance"": 0.9425042867660522}, {""rank"": 9, ""document"": ""d24106576.pdf"", ""page"": 14, ""distance"": 0.9505184292793274}, {""rank"": 10, ""document"": ""d24106576.pdf"", ""page"": 9, ""distance"": 0.9716188907623291}]",1.0,1.0,True,True,0.010585599986370653
EQ022,What does supply chain risk management mean in the CrowdStrike outage context?,"It concerns managing risks introduced through products, software, and other suppliers that support an organization's systems.",GAO-24-107733,PDF p. 1,1,"[{""evaluation_document"": ""GAO-24-107733"", ""indexed_document"": ""gao-24-107733.pdf"", ""expected_pages"": [1]}]","[{""rank"": 1, ""document"": ""gao-24-107231.pdf"", ""page"": 22, ""distance"": 1.0883681774139404}]",0.0,0.0,False,False,0.009272199997212738
EQ022,What does supply chain risk management mean in the CrowdStrike outage context?,"It concerns managing risks introduced through products, software, and other suppliers that support an organization's systems.",GAO-24-107733,PDF p. 1,2,"[{""evaluation_document"": ""GAO-24-107733"", ""indexed_document"": ""gao-24-107733.pdf"", ""expected_pages"": [1]}]","[{""rank"": 1, ""document"": ""gao-24-107231.pdf"", ""page"": 22, ""distance"": 1.0883681774139404}, {""rank"": 2, ""document"": ""gao-24-107231.pdf"", ""page"": 23, ""distance"": 1.1495485305786133}]",0.0,0.0,False,False,0.01195070001995191
EQ022,What does supply chain risk management mean in the CrowdStrike outage context?,"It concerns managing risks introduced through products, software, and other suppliers that support an organization's systems.",GAO-24-107733,PDF p. 1,3,"[{""evaluation_document"": ""GAO-24-107733"", ""indexed_document"": ""gao-24-107733.pdf"", ""expected_pages"": [1]}]","[{""rank"": 1, ""document"": ""gao-24-107231.pdf"", ""page"": 22, ""distance"": 1.0883681774139404}, {""rank"": 2, ""document"": ""gao-24-107231.pdf"", ""page"": 23, ""distance"": 1.1495485305786133}, {""rank"": 3, ""document"": ""gao-24-107733.pdf"", ""page"": 1, ""distance"": 1.250576376914978}]",1.0,1.0,True,True,0.01195359998382628
EQ022,What does supply chain risk management mean in the CrowdStrike outage context?,"It concerns managing risks introduced through products, software, and other suppliers that support an organization's systems.",GAO-24-107733,PDF p. 1,4,"[{""evaluation_document"": ""GAO-24-107733"", ""indexed_document"": ""gao-24-107733.pdf"", ""expected_pages"": [1]}]","[{""rank"": 1, ""document"": ""gao-24-107231.pdf"", ""page"": 22, ""distance"": 1.0883681774139404}, {""rank"": 2, ""document"": ""gao-24-107231.pdf"", ""page"": 23, ""distance"": 1.1495485305786133}, {""rank"": 3, ""document"": ""gao-24-107733.pdf"", ""page"": 1, ""distance"": 1.250576376914978}, {""rank"": 4, ""document"": ""d24106576.pdf"", ""page"": 8, ""distance"": 1.3280009031295776}]",1.0,1.0,True,True,0.011006499989889562
EQ022,What does supply chain risk management mean in the CrowdStrike outage context?,"It concerns managing risks introduced through products, software, and other suppliers that support an organization's systems.",GAO-24-107733,PDF p. 1,5,"[{""evaluation_document"": ""GAO-24-107733"", ""indexed_document"": ""gao-24-107733.pdf"", ""expected_pages"": [1]}]","[{""rank"": 1, ""document"": ""gao-24-107231.pdf"", ""page"": 22, ""distance"": 1.0883681774139404}, {""rank"": 2, ""document"": ""gao-24-107231.pdf"", ""page"": 23, ""distance"": 1.1495485305786133}, {""rank"": 3, ""document"": ""gao-24-107733.pdf"", ""page"": 1, ""distance"": 1.250576376914978}, {""rank"": 4, ""document"": ""d24106576.pdf"", ""page"": 8, ""distance"": 1.3280009031295776}, {""rank"": 5, ""document"": ""gao-24-107231.pdf"", ""page"": 57, ""distance"": 1.3543905019760132}]",1.0,1.0,True,True,0.010112699994351715
EQ022,What does supply chain risk management mean in the CrowdStrike outage context?,"It concerns managing risks introduced through products, software, and other suppliers that support an organization's systems.",GAO-24-107733,PDF p. 1,6,"[{""evaluation_document"": ""GAO-24-107733"", ""indexed_document"": ""gao-24-107733.pdf"", ""expected_pages"": [1]}]","[{""rank"": 1, ""document"": ""gao-24-107231.pdf"", ""page"": 22, ""distance"": 1.0883681774139404}, {""rank"": 2, ""document"": ""gao-24-107231.pdf"", ""page"": 23, ""distance"": 1.1495485305786133}, {""rank"": 3, ""document"": ""gao-24-107733.pdf"", ""page"": 1, ""distance"": 1.250576376914978}, {""rank"": 4, ""document"": ""d24106576.pdf"", ""page"": 8, ""distance"": 1.3280009031295776}, {""rank"": 5, ""document"": ""gao-24-107231.pdf"", ""page"": 57, ""distance"": 1.3543905019760132}, {""rank"": 6, ""document"": ""d24105658.pdf"", ""page"": 19, ""distance"": 1.3606277704238892}]",1.0,1.0,True,True,0.011598200013395399
EQ022,What does supply chain risk management mean in the CrowdStrike outage context?,"It concerns managing risks introduced through products, software, and other suppliers that support an organization's systems.",GAO-24-107733,PDF p. 1,7,"[{""evaluation_document"": ""GAO-24-107733"", ""indexed_document"": ""gao-24-107733.pdf"", ""expected_pages"": [1]}]","[{""rank"": 1, ""document"": ""gao-24-107231.pdf"", ""page"": 22, ""distance"": 1.0883681774139404}, {""rank"": 2, ""document"": ""gao-24-107231.pdf"", ""page"": 23, ""distance"": 1.1495485305786133}, {""rank"": 3, ""document"": ""gao-24-107733.pdf"", ""page"": 1, ""distance"": 1.250576376914978}, {""rank"": 4, ""document"": ""d24106576.pdf"", ""page"": 8, ""distance"": 1.3280009031295776}, {""rank"": 5, ""document"": ""gao-24-107231.pdf"", ""page"": 57, ""distance"": 1.3543905019760132}, {""rank"": 6, ""document"": ""d24105658.pdf"", ""page"": 19, ""distance"": 1.3606277704238892}, {""rank"": 7, ""document"": ""d24106576.pdf"", ""page"": 20, ""distance"": 1.3649547100067139}]",1.0,1.0,True,True,0.011822300031781197
EQ022,What does supply chain risk management mean in the CrowdStrike outage context?,"It concerns managing risks introduced through products, software, and other suppliers that support an organization's systems.",GAO-24-107733,PDF p. 1,8,"[{""evaluation_document"": ""GAO-24-107733"", ""indexed_document"": ""gao-24-107733.pdf"", ""expected_pages"": [1]}]","[{""rank"": 1, ""document"": ""gao-24-107231.pdf"", ""page"": 22, ""distance"": 1.0883681774139404}, {""rank"": 2, ""document"": ""gao-24-107231.pdf"", ""page"": 23, ""distance"": 1.1495485305786133}, {""rank"": 3, ""document"": ""gao-24-107733.pdf"", ""page"": 1, ""distance"": 1.250576376914978}, {""rank"": 4, ""document"": ""d24106576.pdf"", ""page"": 8, ""distance"": 1.3280009031295776}, {""rank"": 5, ""document"": ""gao-24-107231.pdf"", ""page"": 57, ""distance"": 1.3543905019760132}, {""rank"": 6, ""document"": ""d24105658.pdf"", ""page"": 19, ""distance"": 1.3606277704238892}, {""rank"": 7, ""document"": ""d24106576.pdf"", ""page"": 20, ""distance"": 1.3649547100067139}, {""rank"": 8, ""document"": ""d24106576.pdf"", ""page"": 3, ""distance"": 1.366835355758667}]",1.0,1.0,True,True,0.01200550002977252
EQ022,What does supply chain risk management mean in the CrowdStrike outage context?,"It concerns managing risks introduced through products, software, and other suppliers that support an organization's systems.",GAO-24-107733,PDF p. 1,9,"[{""evaluation_document"": ""GAO-24-107733"", ""indexed_document"": ""gao-24-107733.pdf"", ""expected_pages"": [1]}]","[{""rank"": 1, ""document"": ""gao-24-107231.pdf"", ""page"": 22, ""distance"": 1.0883681774139404}, {""rank"": 2, ""document"": ""gao-24-107231.pdf"", ""page"": 23, ""distance"": 1.1495485305786133}, {""rank"": 3, ""document"": ""gao-24-107733.pdf"", ""page"": 1, ""distance"": 1.250576376914978}, {""rank"": 4, ""document"": ""d24106576.pdf"", ""page"": 8, ""distance"": 1.3280009031295776}, {""rank"": 5, ""document"": ""gao-24-107231.pdf"", ""page"": 57, ""distance"": 1.3543905019760132}, {""rank"": 6, ""document"": ""d24105658.pdf"", ""page"": 19, ""distance"": 1.3606277704238892}, {""rank"": 7, ""document"": ""d24106576.pdf"", ""page"": 20, ""distance"": 1.3649547100067139}, {""rank"": 8, ""document"": ""d24106576.pdf"", ""page"": 3, ""distance"": 1.366835355758667}, {""rank"": 9, ""document"": ""gao-24-107231.pdf"", ""page"": 3, ""distance"": 1.3722221851348877}]",1.0,1.0,True,True,0.012903800001367927
EQ022,What does supply chain risk management mean in the CrowdStrike outage context?,"It concerns managing risks introduced through products, software, and other suppliers that support an organization's systems.",GAO-24-107733,PDF p. 1,10,"[{""evaluation_document"": ""GAO-24-107733"", ""indexed_document"": ""gao-24-107733.pdf"", ""expected_pages"": [1]}]","[{""rank"": 1, ""document"": ""gao-24-107231.pdf"", ""page"": 22, ""distance"": 1.0883681774139404}, {""rank"": 2, ""document"": ""gao-24-107231.pdf"", ""page"": 23, ""distance"": 1.1495485305786133}, {""rank"": 3, ""document"": ""gao-24-107733.pdf"", ""page"": 1, ""distance"": 1.250576376914978}, {""rank"": 4, ""document"": ""d24106576.pdf"", ""page"": 8, ""distance"": 1.3280009031295776}, {""rank"": 5, ""document"": ""gao-24-107231.pdf"", ""page"": 57, ""distance"": 1.3543905019760132}, {""rank"": 6, ""document"": ""d24105658.pdf"", ""page"": 19, ""distance"": 1.3606277704238892}, {""rank"": 7, ""document"": ""d24106576.pdf"", ""page"": 20, ""distance"": 1.3649547100067139}, {""rank"": 8, ""document"": ""d24106576.pdf"", ""page"": 3, ""distance"": 1.366835355758667}, {""rank"": 9, ""document"": ""gao-24-107231-highlights.pdf"", ""page"": 2, ""distance"": 1.3722221851348877}, {""rank"": 10, ""document"": ""gao-24-107231.pdf"", ""page"": 3, ""distance"": 1.3722221851348877}]",1.0,1.0,True,True,0.013519799977075309
EQ023,What is the Wall of Receipts?,"It is DOGE's web page for posting estimated savings from terminated contracts, grants, and leases.",GAO-26-108615,PDF p. 2,1,"[{""evaluation_document"": ""GAO-26-108615"", ""indexed_document"": ""gao-26-108615.pdf"", ""expected_pages"": [2]}]","[{""rank"": 1, ""document"": ""gao-26-108615.pdf"", ""page"": 1, ""distance"": 0.7495755553245544}]",1.0,0.0,True,False,0.011677300033625215
EQ023,What is the Wall of Receipts?,"It is DOGE's web page for posting estimated savings from terminated contracts, grants, and leases.",GAO-26-108615,PDF p. 2,2,"[{""evaluation_document"": ""GAO-26-108615"", ""indexed_document"": ""gao-26-108615.pdf"", ""expected_pages"": [2]}]","[{""rank"": 1, ""document"": ""gao-26-108615.pdf"", ""page"": 1, ""distance"": 0.7495755553245544}, {""rank"": 2, ""document"": ""gao-26-108615.pdf"", ""page"": 37, ""distance"": 0.7716174125671387}]",1.0,0.0,True,False,0.009842100029345602
EQ023,What is the Wall of Receipts?,"It is DOGE's web page for posting estimated savings from terminated contracts, grants, and leases.",GAO-26-108615,PDF p. 2,3,"[{""evaluation_document"": ""GAO-26-108615"", ""indexed_document"": ""gao-26-108615.pdf"", ""expected_pages"": [2]}]","[{""rank"": 1, ""document"": ""gao-26-108615.pdf"", ""page"": 1, ""distance"": 0.7495755553245544}, {""rank"": 2, ""document"": ""gao-26-108615.pdf"", ""page"": 37, ""distance"": 0.7716174125671387}, {""rank"": 3, ""document"": ""gao-26-108615.pdf"", ""page"": 38, ""distance"": 0.7817723751068115}]",1.0,0.0,True,False,0.009949699975550175
EQ023,What is the Wall of Receipts?,"It is DOGE's web page for posting estimated savings from terminated contracts, grants, and leases.",GAO-26-108615,PDF p. 2,4,"[{""evaluation_document"": ""GAO-26-108615"", ""indexed_document"": ""gao-26-108615.pdf"", ""expected_pages"": [2]}]","[{""rank"": 1, ""document"": ""gao-26-108615.pdf"", ""page"": 1, ""distance"": 0.7495755553245544}, {""rank"": 2, ""document"": ""gao-26-108615.pdf"", ""page"": 37, ""distance"": 0.7716174125671387}, {""rank"": 3, ""document"": ""gao-26-108615.pdf"", ""page"": 38, ""distance"": 0.7817723751068115}, {""rank"": 4, ""document"": ""gao-26-108615.pdf"", ""page"": 6, ""distance"": 0.851497232913971}]",1.0,0.0,True,False,0.011636100010946393
EQ023,What is the Wall of Receipts?,"It is DOGE's web page for posting estimated savings from terminated contracts, grants, and leases.",GAO-26-108615,PDF p. 2,5,"[{""evaluation_document"": ""GAO-26-108615"", ""indexed_document"": ""gao-26-108615.pdf"", ""expected_pages"": [2]}]","[{""rank"": 1, ""document"": ""gao-26-108615.pdf"", ""page"": 1, ""distance"": 0.7495755553245544}, {""rank"": 2, ""document"": ""gao-26-108615.pdf"", ""page"": 37, ""distance"": 0.7716174125671387}, {""rank"": 3, ""document"": ""gao-26-108615.pdf"", ""page"": 38, ""distance"": 0.7817723751068115}, {""rank"": 4, ""document"": ""gao-26-108615.pdf"", ""page"": 6, ""distance"": 0.851497232913971}, {""rank"": 5, ""document"": ""gao-26-108615.pdf"", ""page"": 46, ""distance"": 0.8658839464187622}]",1.0,0.0,True,False,0.010654500045347959
EQ023,What is the Wall of Receipts?,"It is DOGE's web page for posting estimated savings from terminated contracts, grants, and leases.",GAO-26-108615,PDF p. 2,6,"[{""evaluation_document"": ""GAO-26-108615"", ""indexed_document"": ""gao-26-108615.pdf"", ""expected_pages"": [2]}]","[{""rank"": 1, ""document"": ""gao-26-108615.pdf"", ""page"": 1, ""distance"": 0.7495755553245544}, {""rank"": 2, ""document"": ""gao-26-108615.pdf"", ""page"": 37, ""distance"": 0.7716174125671387}, {""rank"": 3, ""document"": ""gao-26-108615.pdf"", ""page"": 38, ""distance"": 0.7817723751068115}, {""rank"": 4, ""document"": ""gao-26-108615.pdf"", ""page"": 6, ""distance"": 0.851497232913971}, {""rank"": 5, ""document"": ""gao-26-108615.pdf"", ""page"": 46, ""distance"": 0.8658839464187622}, {""rank"": 6, ""document"": ""gao-26-108615.pdf"", ""page"": 40, ""distance"": 0.8871191740036011}]",1.0,0.0,True,False,0.011377500020898879
EQ023,What is the Wall of Receipts?,"It is DOGE's web page for posting estimated savings from terminated contracts, grants, and leases.",GAO-26-108615,PDF p. 2,7,"[{""evaluation_document"": ""GAO-26-108615"", ""indexed_document"": ""gao-26-108615.pdf"", ""expected_pages"": [2]}]","[{""rank"": 1, ""document"": ""gao-26-108615.pdf"", ""page"": 1, ""distance"": 0.7495755553245544}, {""rank"": 2, ""document"": ""gao-26-108615.pdf"", ""page"": 37, ""distance"": 0.7716174125671387}, {""rank"": 3, ""document"": ""gao-26-108615.pdf"", ""page"": 38, ""distance"": 0.7817723751068115}, {""rank"": 4, ""document"": ""gao-26-108615.pdf"", ""page"": 6, ""distance"": 0.851497232913971}, {""rank"": 5, ""document"": ""gao-26-108615.pdf"", ""page"": 46, ""distance"": 0.8658839464187622}, {""rank"": 6, ""document"": ""gao-26-108615.pdf"", ""page"": 40, ""distance"": 0.8871191740036011}, {""rank"": 7, ""document"": ""gao-26-108615.pdf"", ""page"": 35, ""distance"": 0.8973318338394165}]",1.0,0.0,True,False,0.011513300007209182
EQ023,What is the Wall of Receipts?,"It is DOGE's web page for posting estimated savings from terminated contracts, grants, and leases.",GAO-26-108615,PDF p. 2,8,"[{""evaluation_document"": ""GAO-26-108615"", ""indexed_document"": ""gao-26-108615.pdf"", ""expected_pages"": [2]}]","[{""rank"": 1, ""document"": ""gao-26-108615.pdf"", ""page"": 1, ""distance"": 0.7495755553245544}, {""rank"": 2, ""document"": ""gao-26-108615.pdf"", ""page"": 37, ""distance"": 0.7716174125671387}, {""rank"": 3, ""document"": ""gao-26-108615.pdf"", ""page"": 38, ""distance"": 0.7817723751068115}, {""rank"": 4, ""document"": ""gao-26-108615.pdf"", ""page"": 6, ""distance"": 0.851497232913971}, {""rank"": 5, ""document"": ""gao-26-108615.pdf"", ""page"": 46, ""distance"": 0.8658839464187622}, {""rank"": 6, ""document"": ""gao-26-108615.pdf"", ""page"": 40, ""distance"": 0.8871191740036011}, {""rank"": 7, ""document"": ""gao-26-108615.pdf"", ""page"": 35, ""distance"": 0.8973318338394165}, {""rank"": 8, ""document"": ""gao-26-108615.pdf"", ""page"": 2, ""distance"": 0.9125909209251404}]",1.0,1.0,True,True,0.011919800017494708
EQ023,What is the Wall of Receipts?,"It is DOGE's web page for posting estimated savings from terminated contracts, grants, and leases.",GAO-26-108615,PDF p. 2,9,"[{""evaluation_document"": ""GAO-26-108615"", ""indexed_document"": ""gao-26-108615.pdf"", ""expected_pages"": [2]}]","[{""rank"": 1, ""document"": ""gao-26-108615.pdf"", ""page"": 1, ""distance"": 0.7495755553245544}, {""rank"": 2, ""document"": ""gao-26-108615.pdf"", ""page"": 37, ""distance"": 0.7716174125671387}, {""rank"": 3, ""document"": ""gao-26-108615.pdf"", ""page"": 38, ""distance"": 0.7817723751068115}, {""rank"": 4, ""document"": ""gao-26-108615.pdf"", ""page"": 6, ""distance"": 0.851497232913971}, {""rank"": 5, ""document"": ""gao-26-108615.pdf"", ""page"": 46, ""distance"": 0.8658839464187622}, {""rank"": 6, ""document"": ""gao-26-108615.pdf"", ""page"": 40, ""distance"": 0.8871191740036011}, {""rank"": 7, ""document"": ""gao-26-108615.pdf"", ""page"": 35, ""distance"": 0.8973318338394165}, {""rank"": 8, ""document"": ""gao-26-108615.pdf"", ""page"": 2, ""distance"": 0.9125909209251404}, {""rank"": 9, ""document"": ""gao-26-108615.pdf"", ""page"": 14, ""distance"": 0.9158519506454468}]",1.0,1.0,True,True,0.011563700041733682
EQ023,What is the Wall of Receipts?,"It is DOGE's web page for posting estimated savings from terminated contracts, grants, and leases.",GAO-26-108615,PDF p. 2,10,"[{""evaluation_document"": ""GAO-26-108615"", ""indexed_document"": ""gao-26-108615.pdf"", ""expected_pages"": [2]}]","[{""rank"": 1, ""document"": ""gao-26-108615.pdf"", ""page"": 1, ""distance"": 0.7495755553245544}, {""rank"": 2, ""document"": ""gao-26-108615.pdf"", ""page"": 37, ""distance"": 0.7716174125671387}, {""rank"": 3, ""document"": ""gao-26-108615.pdf"", ""page"": 38, ""distance"": 0.7817723751068115}, {""rank"": 4, ""document"": ""gao-26-108615.pdf"", ""page"": 6, ""distance"": 0.851497232913971}, {""rank"": 5, ""document"": ""gao-26-108615.pdf"", ""page"": 46, ""distance"": 0.8658839464187622}, {""rank"": 6, ""document"": ""gao-26-108615.pdf"", ""page"": 40, ""distance"": 0.8871191740036011}, {""rank"": 7, ""document"": ""gao-26-108615.pdf"", ""page"": 35, ""distance"": 0.8973318338394165}, {""rank"": 8, ""document"": ""gao-26-108615.pdf"", ""page"": 2, ""distance"": 0.9125909209251404}, {""rank"": 9, ""document"": ""gao-26-108615.pdf"", ""page"": 14, ""distance"": 0.9158519506454468}, {""rank"": 10, ""document"": ""gao-26-108615.pdf"", ""page"": 20, ""distance"": 0.9521262645721436}]",1.0,1.0,True,True,0.010513000015635043
EQ024,What is the Main Street Lending Program intended to serve?,Its five facilities targeted small and midsize businesses and nonprofits.,GAO-26-108011,PDF p. 1,1,"[{""evaluation_document"": ""GAO-26-108011"", ""indexed_document"": ""gao-26-108011-highlights.pdf"", ""expected_pages"": [1]}]","[{""rank"": 1, ""document"": ""gao-26-108011-highlights.pdf"", ""page"": 1, ""distance"": 0.7773251533508301}]",1.0,1.0,True,True,0.01209440000820905
EQ024,What is the Main Street Lending Program intended to serve?,Its five facilities targeted small and midsize businesses and nonprofits.,GAO-26-108011,PDF p. 1,2,"[{""evaluation_document"": ""GAO-26-108011"", ""indexed_document"": ""gao-26-108011-highlights.pdf"", ""expected_pages"": [1]}]","[{""rank"": 1, ""document"": ""gao-26-108011-highlights.pdf"", ""page"": 1, ""distance"": 0.7773251533508301}, {""rank"": 2, ""document"": ""gao-26-108011-highlights.pdf"", ""page"": 1, ""distance"": 0.8754789233207703}]",1.0,1.0,True,True,0.012202899961266667
EQ024,What is the Main Street Lending Program intended to serve?,Its five facilities targeted small and midsize businesses and nonprofits.,GAO-26-108011,PDF p. 1,3,"[{""evaluation_document"": ""GAO-26-108011"", ""indexed_document"": ""gao-26-108011-highlights.pdf"", ""expected_pages"": [1]}]","[{""rank"": 1, ""document"": ""gao-26-108011-highlights.pdf"", ""page"": 1, ""distance"": 0.7773251533508301}, {""rank"": 2, ""document"": ""gao-26-108011-highlights.pdf"", ""page"": 1, ""distance"": 0.8754789233207703}, {""rank"": 3, ""document"": ""gao-26-107529.pdf"", ""page"": 12, ""distance"": 1.288179636001587}]",1.0,1.0,True,True,0.012490599998272955
EQ024,What is the Main Street Lending Program intended to serve?,Its five facilities targeted small and midsize businesses and nonprofits.,GAO-26-108011,PDF p. 1,4,"[{""evaluation_document"": ""GAO-26-108011"", ""indexed_document"": ""gao-26-108011-highlights.pdf"", ""expected_pages"": [1]}]","[{""rank"": 1, ""document"": ""gao-26-108011-highlights.pdf"", ""page"": 1, ""distance"": 0.7773251533508301}, {""rank"": 2, ""document"": ""gao-26-108011-highlights.pdf"", ""page"": 1, ""distance"": 0.8754789233207703}, {""rank"": 3, ""document"": ""gao-26-107529.pdf"", ""page"": 12, ""distance"": 1.288179636001587}, {""rank"": 4, ""document"": ""gao-26-107529.pdf"", ""page"": 23, ""distance"": 1.3042429685592651}]",1.0,1.0,True,True,0.011542799999006093
EQ024,What is the Main Street Lending Program intended to serve?,Its five facilities targeted small and midsize businesses and nonprofits.,GAO-26-108011,PDF p. 1,5,"[{""evaluation_document"": ""GAO-26-108011"", ""indexed_document"": ""gao-26-108011-highlights.pdf"", ""expected_pages"": [1]}]","[{""rank"": 1, ""document"": ""gao-26-108011-highlights.pdf"", ""page"": 1, ""distance"": 0.7773251533508301}, {""rank"": 2, ""document"": ""gao-26-108011-highlights.pdf"", ""page"": 1, ""distance"": 0.8754789233207703}, {""rank"": 3, ""document"": ""gao-26-107529.pdf"", ""page"": 12, ""distance"": 1.288179636001587}, {""rank"": 4, ""document"": ""gao-26-107529.pdf"", ""page"": 23, ""distance"": 1.3042429685592651}, {""rank"": 5, ""document"": ""gao-26-107529.pdf"", ""page"": 57, ""distance"": 1.3356436491012573}]",1.0,1.0,True,True,0.011345200007781386
EQ024,What is the Main Street Lending Program intended to serve?,Its five facilities targeted small and midsize businesses and nonprofits.,GAO-26-108011,PDF p. 1,6,"[{""evaluation_document"": ""GAO-26-108011"", ""indexed_document"": ""gao-26-108011-highlights.pdf"", ""expected_pages"": [1]}]","[{""rank"": 1, ""document"": ""gao-26-108011-highlights.pdf"", ""page"": 1, ""distance"": 0.7773251533508301}, {""rank"": 2, ""document"": ""gao-26-108011-highlights.pdf"", ""page"": 1, ""distance"": 0.8754789233207703}, {""rank"": 3, ""document"": ""gao-26-107529.pdf"", ""page"": 12, ""distance"": 1.288179636001587}, {""rank"": 4, ""document"": ""gao-26-107529.pdf"", ""page"": 23, ""distance"": 1.3042429685592651}, {""rank"": 5, ""document"": ""gao-26-107529.pdf"", ""page"": 57, ""distance"": 1.3356436491012573}, {""rank"": 6, ""document"": ""gao-26-900644.pdf"", ""page"": 62, ""distance"": 1.3490681648254395}]",1.0,1.0,True,True,0.012092699995264411
EQ024,What is the Main Street Lending Program intended to serve?,Its five facilities targeted small and midsize businesses and nonprofits.,GAO-26-108011,PDF p. 1,7,"[{""evaluation_document"": ""GAO-26-108011"", ""indexed_document"": ""gao-26-108011-highlights.pdf"", ""expected_pages"": [1]}]","[{""rank"": 1, ""document"": ""gao-26-108011-highlights.pdf"", ""page"": 1, ""distance"": 0.7773251533508301}, {""rank"": 2, ""document"": ""gao-26-108011-highlights.pdf"", ""page"": 1, ""distance"": 0.8754789233207703}, {""rank"": 3, ""document"": ""gao-26-107529.pdf"", ""page"": 12, ""distance"": 1.288179636001587}, {""rank"": 4, ""document"": ""gao-26-107529.pdf"", ""page"": 23, ""distance"": 1.3042429685592651}, {""rank"": 5, ""document"": ""gao-26-107529.pdf"", ""page"": 57, ""distance"": 1.3356436491012573}, {""rank"": 6, ""document"": ""gao-26-900644.pdf"", ""page"": 62, ""distance"": 1.3490681648254395}, {""rank"": 7, ""document"": ""gao-26-900644.pdf"", ""page"": 60, ""distance"": 1.3696664571762085}]",1.0,1.0,True,True,0.009831200004555285
EQ024,What is the Main Street Lending Program intended to serve?,Its five facilities targeted small and midsize businesses and nonprofits.,GAO-26-108011,PDF p. 1,8,"[{""evaluation_document"": ""GAO-26-108011"", ""indexed_document"": ""gao-26-108011-highlights.pdf"", ""expected_pages"": [1]}]","[{""rank"": 1, ""document"": ""gao-26-108011-highlights.pdf"", ""page"": 1, ""distance"": 0.7773251533508301}, {""rank"": 2, ""document"": ""gao-26-108011-highlights.pdf"", ""page"": 1, ""distance"": 0.8754789233207703}, {""rank"": 3, ""document"": ""gao-26-107529.pdf"", ""page"": 12, ""distance"": 1.288179636001587}, {""rank"": 4, ""document"": ""gao-26-107529.pdf"", ""page"": 23, ""distance"": 1.3042429685592651}, {""rank"": 5, ""document"": ""gao-26-107529.pdf"", ""page"": 57, ""distance"": 1.3356436491012573}, {""rank"": 6, ""document"": ""gao-26-900644.pdf"", ""page"": 62, ""distance"": 1.3490681648254395}, {""rank"": 7, ""document"": ""gao-26-900644.pdf"", ""page"": 60, ""distance"": 1.3696664571762085}, {""rank"": 8, ""document"": ""gao-26-900644.pdf"", ""page"": 42, ""distance"": 1.3789172172546387}]",1.0,1.0,True,True,0.012020799971651286
EQ024,What is the Main Street Lending Program intended to serve?,Its five facilities targeted small and midsize businesses and nonprofits.,GAO-26-108011,PDF p. 1,9,"[{""evaluation_document"": ""GAO-26-108011"", ""indexed_document"": ""gao-26-108011-highlights.pdf"", ""expected_pages"": [1]}]","[{""rank"": 1, ""document"": ""gao-26-108011-highlights.pdf"", ""page"": 1, ""distance"": 0.7773251533508301}, {""rank"": 2, ""document"": ""gao-26-108011-highlights.pdf"", ""page"": 1, ""distance"": 0.8754789233207703}, {""rank"": 3, ""document"": ""gao-26-107529.pdf"", ""page"": 12, ""distance"": 1.288179636001587}, {""rank"": 4, ""document"": ""gao-26-107529.pdf"", ""page"": 23, ""distance"": 1.3042429685592651}, {""rank"": 5, ""document"": ""gao-26-107529.pdf"", ""page"": 57, ""distance"": 1.3356436491012573}, {""rank"": 6, ""document"": ""gao-26-900644.pdf"", ""page"": 62, ""distance"": 1.3490681648254395}, {""rank"": 7, ""document"": ""gao-26-900644.pdf"", ""page"": 60, ""distance"": 1.3696664571762085}, {""rank"": 8, ""document"": ""gao-26-900644.pdf"", ""page"": 42, ""distance"": 1.3789172172546387}, {""rank"": 9, ""document"": ""gao-26-900644.pdf"", ""page"": 30, ""distance"": 1.3792555332183838}]",1.0,1.0,True,True,0.011731099977623671
EQ024,What is the Main Street Lending Program intended to serve?,Its five facilities targeted small and midsize businesses and nonprofits.,GAO-26-108011,PDF p. 1,10,"[{""evaluation_document"": ""GAO-26-108011"", ""indexed_document"": ""gao-26-108011-highlights.pdf"", ""expected_pages"": [1]}]","[{""rank"": 1, ""document"": ""gao-26-108011-highlights.pdf"", ""page"": 1, ""distance"": 0.7773251533508301}, {""rank"": 2, ""document"": ""gao-26-108011-highlights.pdf"", ""page"": 1, ""distance"": 0.8754789233207703}, {""rank"": 3, ""document"": ""gao-26-107529.pdf"", ""page"": 12, ""distance"": 1.288179636001587}, {""rank"": 4, ""document"": ""gao-26-107529.pdf"", ""page"": 23, ""distance"": 1.3042429685592651}, {""rank"": 5, ""document"": ""gao-26-107529.pdf"", ""page"": 57, ""distance"": 1.3356436491012573}, {""rank"": 6, ""document"": ""gao-26-900644.pdf"", ""page"": 62, ""distance"": 1.3490681648254395}, {""rank"": 7, ""document"": ""gao-26-900644.pdf"", ""page"": 60, ""distance"": 1.3696664571762085}, {""rank"": 8, ""document"": ""gao-26-900644.pdf"", ""page"": 42, ""distance"": 1.3789172172546387}, {""rank"": 9, ""document"": ""gao-26-900644.pdf"", ""page"": 30, ""distance"": 1.3792555332183838}, {""rank"": 10, ""document"": ""gao-26-107529.pdf"", ""page"": 21, ""distance"": 1.3816099166870117}]",1.0,1.0,True,True,0.009881400037556887
EQ025,What does GAO mean by a comprehensive cybersecurity strategy?,"It is a strategy and implementation approach that addresses desirable characteristics, including measurable outcomes and resources and costs.",GAO-24-106916,PDF p. 2,1,"[{""evaluation_document"": ""GAO-24-106916"", ""indexed_document"": ""d24106916.pdf"", ""expected_pages"": [2]}]","[{""rank"": 1, ""document"": ""d24106916.pdf"", ""page"": 17, ""distance"": 0.3892396092414856}]",1.0,0.0,True,False,0.012976600031834096
EQ025,What does GAO mean by a comprehensive cybersecurity strategy?,"It is a strategy and implementation approach that addresses desirable characteristics, including measurable outcomes and resources and costs.",GAO-24-106916,PDF p. 2,2,"[{""evaluation_document"": ""GAO-24-106916"", ""indexed_document"": ""d24106916.pdf"", ""expected_pages"": [2]}]","[{""rank"": 1, ""document"": ""d24106916.pdf"", ""page"": 17, ""distance"": 0.3892396092414856}, {""rank"": 2, ""document"": ""d24106916.pdf"", ""page"": 3, ""distance"": 0.4042404294013977}]",1.0,0.0,True,False,0.011401299969293177
EQ025,What does GAO mean by a comprehensive cybersecurity strategy?,"It is a strategy and implementation approach that addresses desirable characteristics, including measurable outcomes and resources and costs.",GAO-24-106916,PDF p. 2,3,"[{""evaluation_document"": ""GAO-24-106916"", ""indexed_document"": ""d24106916.pdf"", ""expected_pages"": [2]}]","[{""rank"": 1, ""document"": ""d24106916.pdf"", ""page"": 17, ""distance"": 0.3892396092414856}, {""rank"": 2, ""document"": ""d24106916.pdf"", ""page"": 3, ""distance"": 0.4042404294013977}, {""rank"": 3, ""document"": ""d24106916.pdf"", ""page"": 6, ""distance"": 0.42225348949432373}]",1.0,0.0,True,False,0.011290299997199327
EQ025,What does GAO mean by a comprehensive cybersecurity strategy?,"It is a strategy and implementation approach that addresses desirable characteristics, including measurable outcomes and resources and costs.",GAO-24-106916,PDF p. 2,4,"[{""evaluation_document"": ""GAO-24-106916"", ""indexed_document"": ""d24106916.pdf"", ""expected_pages"": [2]}]","[{""rank"": 1, ""document"": ""d24106916.pdf"", ""page"": 17, ""distance"": 0.3892396092414856}, {""rank"": 2, ""document"": ""d24106916.pdf"", ""page"": 3, ""distance"": 0.4042404294013977}, {""rank"": 3, ""document"": ""d24106916.pdf"", ""page"": 6, ""distance"": 0.42225348949432373}, {""rank"": 4, ""document"": ""d24106916.pdf"", ""page"": 33, ""distance"": 0.45253634452819824}]",1.0,0.0,True,False,0.011111699976027012
EQ025,What does GAO mean by a comprehensive cybersecurity strategy?,"It is a strategy and implementation approach that addresses desirable characteristics, including measurable outcomes and resources and costs.",GAO-24-106916,PDF p. 2,5,"[{""evaluation_document"": ""GAO-24-106916"", ""indexed_document"": ""d24106916.pdf"", ""expected_pages"": [2]}]","[{""rank"": 1, ""document"": ""d24106916.pdf"", ""page"": 17, ""distance"": 0.3892396092414856}, {""rank"": 2, ""document"": ""d24106916.pdf"", ""page"": 3, ""distance"": 0.4042404294013977}, {""rank"": 3, ""document"": ""d24106916.pdf"", ""page"": 6, ""distance"": 0.42225348949432373}, {""rank"": 4, ""document"": ""d24106916.pdf"", ""page"": 33, ""distance"": 0.45253634452819824}, {""rank"": 5, ""document"": ""d24106916.pdf"", ""page"": 23, ""distance"": 0.49429771304130554}]",1.0,0.0,True,False,0.011565900000277907
EQ025,What does GAO mean by a comprehensive cybersecurity strategy?,"It is a strategy and implementation approach that addresses desirable characteristics, including measurable outcomes and resources and costs.",GAO-24-106916,PDF p. 2,6,"[{""evaluation_document"": ""GAO-24-106916"", ""indexed_document"": ""d24106916.pdf"", ""expected_pages"": [2]}]","[{""rank"": 1, ""document"": ""d24106916.pdf"", ""page"": 17, ""distance"": 0.3892396092414856}, {""rank"": 2, ""document"": ""d24106916.pdf"", ""page"": 3, ""distance"": 0.4042404294013977}, {""rank"": 3, ""document"": ""d24106916.pdf"", ""page"": 6, ""distance"": 0.42225348949432373}, {""rank"": 4, ""document"": ""d24106916.pdf"", ""page"": 33, ""distance"": 0.45253634452819824}, {""rank"": 5, ""document"": ""d24106916.pdf"", ""page"": 23, ""distance"": 0.49429771304130554}, {""rank"": 6, ""document"": ""gao-24-107231.pdf"", ""page"": 18, ""distance"": 0.5115747451782227}]",1.0,0.0,True,False,0.012382199987769127
EQ025,What does GAO mean by a comprehensive cybersecurity strategy?,"It is a strategy and implementation approach that addresses desirable characteristics, including measurable outcomes and resources and costs.",GAO-24-106916,PDF p. 2,7,"[{""evaluation_document"": ""GAO-24-106916"", ""indexed_document"": ""d24106916.pdf"", ""expected_pages"": [2]}]","[{""rank"": 1, ""document"": ""d24106916.pdf"", ""page"": 17, ""distance"": 0.3892396092414856}, {""rank"": 2, ""document"": ""d24106916.pdf"", ""page"": 3, ""distance"": 0.4042404294013977}, {""rank"": 3, ""document"": ""d24106916.pdf"", ""page"": 6, ""distance"": 0.42225348949432373}, {""rank"": 4, ""document"": ""d24106916.pdf"", ""page"": 33, ""distance"": 0.45253634452819824}, {""rank"": 5, ""document"": ""d24106916.pdf"", ""page"": 23, ""distance"": 0.49429771304130554}, {""rank"": 6, ""document"": ""gao-24-107231.pdf"", ""page"": 18, ""distance"": 0.5115747451782227}, {""rank"": 7, ""document"": ""d24106916.pdf"", ""page"": 12, ""distance"": 0.5198560357093811}]",1.0,0.0,True,False,0.009880000026896596
EQ025,What does GAO mean by a comprehensive cybersecurity strategy?,"It is a strategy and implementation approach that addresses desirable characteristics, including measurable outcomes and resources and costs.",GAO-24-106916,PDF p. 2,8,"[{""evaluation_document"": ""GAO-24-106916"", ""indexed_document"": ""d24106916.pdf"", ""expected_pages"": [2]}]","[{""rank"": 1, ""document"": ""d24106916.pdf"", ""page"": 17, ""distance"": 0.3892396092414856}, {""rank"": 2, ""document"": ""d24106916.pdf"", ""page"": 3, ""distance"": 0.4042404294013977}, {""rank"": 3, ""document"": ""d24106916.pdf"", ""page"": 6, ""distance"": 0.42225348949432373}, {""rank"": 4, ""document"": ""d24106916.pdf"", ""page"": 33, ""distance"": 0.45253634452819824}, {""rank"": 5, ""document"": ""d24106916.pdf"", ""page"": 23, ""distance"": 0.49429771304130554}, {""rank"": 6, ""document"": ""gao-24-107231.pdf"", ""page"": 18, ""distance"": 0.5115747451782227}, {""rank"": 7, ""document"": ""d24106916.pdf"", ""page"": 12, ""distance"": 0.5198560357093811}, {""rank"": 8, ""document"": ""d24106916.pdf"", ""page"": 13, ""distance"": 0.5300451517105103}]",1.0,0.0,True,False,0.01200689998222515
EQ025,What does GAO mean by a comprehensive cybersecurity strategy?,"It is a strategy and implementation approach that addresses desirable characteristics, including measurable outcomes and resources and costs.",GAO-24-106916,PDF p. 2,9,"[{""evaluation_document"": ""GAO-24-106916"", ""indexed_document"": ""d24106916.pdf"", ""expected_pages"": [2]}]","[{""rank"": 1, ""document"": ""d24106916.pdf"", ""page"": 17, ""distance"": 0.3892396092414856}, {""rank"": 2, ""document"": ""d24106916.pdf"", ""page"": 3, ""distance"": 0.4042404294013977}, {""rank"": 3, ""document"": ""d24106916.pdf"", ""page"": 6, ""distance"": 0.42225348949432373}, {""rank"": 4, ""document"": ""d24106916.pdf"", ""page"": 33, ""distance"": 0.45253634452819824}, {""rank"": 5, ""document"": ""d24106916.pdf"", ""page"": 23, ""distance"": 0.49429771304130554}, {""rank"": 6, ""document"": ""gao-24-107231.pdf"", ""page"": 18, ""distance"": 0.5115747451782227}, {""rank"": 7, ""document"": ""d24106916.pdf"", ""page"": 12, ""distance"": 0.5198560357093811}, {""rank"": 8, ""document"": ""d24106916.pdf"", ""page"": 13, ""distance"": 0.5300451517105103}, {""rank"": 9, ""document"": ""gao-24-107231.pdf"", ""page"": 86, ""distance"": 0.5379619598388672}]",1.0,0.0,True,False,0.011198899999726564
EQ025,What does GAO mean by a comprehensive cybersecurity strategy?,"It is a strategy and implementation approach that addresses desirable characteristics, including measurable outcomes and resources and costs.",GAO-24-106916,PDF p. 2,10,"[{""evaluation_document"": ""GAO-24-106916"", ""indexed_document"": ""d24106916.pdf"", ""expected_pages"": [2]}]","[{""rank"": 1, ""document"": ""d24106916.pdf"", ""page"": 17, ""distance"": 0.3892396092414856}, {""rank"": 2, ""document"": ""d24106916.pdf"", ""page"": 3, ""distance"": 0.4042404294013977}, {""rank"": 3, ""document"": ""d24106916.pdf"", ""page"": 6, ""distance"": 0.42225348949432373}, {""rank"": 4, ""document"": ""d24106916.pdf"", ""page"": 33, ""distance"": 0.45253634452819824}, {""rank"": 5, ""document"": ""d24106916.pdf"", ""page"": 23, ""distance"": 0.49429771304130554}, {""rank"": 6, ""document"": ""gao-24-107231.pdf"", ""page"": 18, ""distance"": 0.5115747451782227}, {""rank"": 7, ""document"": ""d24106916.pdf"", ""page"": 12, ""distance"": 0.5198560357093811}, {""rank"": 8, ""document"": ""d24106916.pdf"", ""page"": 13, ""distance"": 0.5300451517105103}, {""rank"": 9, ""document"": ""gao-24-107231.pdf"", ""page"": 86, ""distance"": 0.5379619598388672}, {""rank"": 10, ""document"": ""d24106916.pdf"", ""page"": 16, ""distance"": 0.5433592200279236}]",1.0,0.0,True,False,0.011458199995104223
EQ026,What is the policy expectation for using CISA's playbook in incident response?,Agencies are to use CISA's playbook to plan and conduct cybersecurity vulnerability and incident-response activities.,GAO-24-105658,PDF p. 2,1,"[{""evaluation_document"": ""GAO-24-105658"", ""indexed_document"": ""d24105658.pdf"", ""expected_pages"": [2]}]","[{""rank"": 1, ""document"": ""d24105658.pdf"", ""page"": 24, ""distance"": 0.6345866918563843}]",1.0,0.0,True,False,0.011561200022697449
EQ026,What is the policy expectation for using CISA's playbook in incident response?,Agencies are to use CISA's playbook to plan and conduct cybersecurity vulnerability and incident-response activities.,GAO-24-105658,PDF p. 2,2,"[{""evaluation_document"": ""GAO-24-105658"", ""indexed_document"": ""d24105658.pdf"", ""expected_pages"": [2]}]","[{""rank"": 1, ""document"": ""d24105658.pdf"", ""page"": 24, ""distance"": 0.6345866918563843}, {""rank"": 2, ""document"": ""d24105658.pdf"", ""page"": 25, ""distance"": 0.7670222520828247}]",1.0,0.0,True,False,0.011718399997334927
EQ026,What is the policy expectation for using CISA's playbook in incident response?,Agencies are to use CISA's playbook to plan and conduct cybersecurity vulnerability and incident-response activities.,GAO-24-105658,PDF p. 2,3,"[{""evaluation_document"": ""GAO-24-105658"", ""indexed_document"": ""d24105658.pdf"", ""expected_pages"": [2]}]","[{""rank"": 1, ""document"": ""d24105658.pdf"", ""page"": 24, ""distance"": 0.6345866918563843}, {""rank"": 2, ""document"": ""d24105658.pdf"", ""page"": 25, ""distance"": 0.7670222520828247}, {""rank"": 3, ""document"": ""d24105658.pdf"", ""page"": 38, ""distance"": 0.7848436236381531}]",1.0,0.0,True,False,0.010351700009778142
EQ026,What is the policy expectation for using CISA's playbook in incident response?,Agencies are to use CISA's playbook to plan and conduct cybersecurity vulnerability and incident-response activities.,GAO-24-105658,PDF p. 2,4,"[{""evaluation_document"": ""GAO-24-105658"", ""indexed_document"": ""d24105658.pdf"", ""expected_pages"": [2]}]","[{""rank"": 1, ""document"": ""d24105658.pdf"", ""page"": 24, ""distance"": 0.6345866918563843}, {""rank"": 2, ""document"": ""d24105658.pdf"", ""page"": 25, ""distance"": 0.7670222520828247}, {""rank"": 3, ""document"": ""d24105658.pdf"", ""page"": 38, ""distance"": 0.7848436236381531}, {""rank"": 4, ""document"": ""d24105658.pdf"", ""page"": 14, ""distance"": 0.8061472177505493}]",1.0,0.0,True,False,0.01063049997901544
EQ026,What is the policy expectation for using CISA's playbook in incident response?,Agencies are to use CISA's playbook to plan and conduct cybersecurity vulnerability and incident-response activities.,GAO-24-105658,PDF p. 2,5,"[{""evaluation_document"": ""GAO-24-105658"", ""indexed_document"": ""d24105658.pdf"", ""expected_pages"": [2]}]","[{""rank"": 1, ""document"": ""d24105658.pdf"", ""page"": 24, ""distance"": 0.6345866918563843}, {""rank"": 2, ""document"": ""d24105658.pdf"", ""page"": 25, ""distance"": 0.7670222520828247}, {""rank"": 3, ""document"": ""d24105658.pdf"", ""page"": 38, ""distance"": 0.7848436236381531}, {""rank"": 4, ""document"": ""d24105658.pdf"", ""page"": 14, ""distance"": 0.8061472177505493}, {""rank"": 5, ""document"": ""d24105658.pdf"", ""page"": 20, ""distance"": 0.9144969582557678}]",1.0,0.0,True,False,0.010989000031258911
EQ026,What is the policy expectation for using CISA's playbook in incident response?,Agencies are to use CISA's playbook to plan and conduct cybersecurity vulnerability and incident-response activities.,GAO-24-105658,PDF p. 2,6,"[{""evaluation_document"": ""GAO-24-105658"", ""indexed_document"": ""d24105658.pdf"", ""expected_pages"": [2]}]","[{""rank"": 1, ""document"": ""d24105658.pdf"", ""page"": 24, ""distance"": 0.6345866918563843}, {""rank"": 2, ""document"": ""d24105658.pdf"", ""page"": 25, ""distance"": 0.7670222520828247}, {""rank"": 3, ""document"": ""d24105658.pdf"", ""page"": 38, ""distance"": 0.7848436236381531}, {""rank"": 4, ""document"": ""d24105658.pdf"", ""page"": 14, ""distance"": 0.8061472177505493}, {""rank"": 5, ""document"": ""d24105658.pdf"", ""page"": 20, ""distance"": 0.9144969582557678}, {""rank"": 6, ""document"": ""d24105658.pdf"", ""page"": 46, ""distance"": 0.9412261247634888}]",1.0,0.0,True,False,0.012906799966003746
EQ026,What is the policy expectation for using CISA's playbook in incident response?,Agencies are to use CISA's playbook to plan and conduct cybersecurity vulnerability and incident-response activities.,GAO-24-105658,PDF p. 2,7,"[{""evaluation_document"": ""GAO-24-105658"", ""indexed_document"": ""d24105658.pdf"", ""expected_pages"": [2]}]","[{""rank"": 1, ""document"": ""d24105658.pdf"", ""page"": 24, ""distance"": 0.6345866918563843}, {""rank"": 2, ""document"": ""d24105658.pdf"", ""page"": 25, ""distance"": 0.7670222520828247}, {""rank"": 3, ""document"": ""d24105658.pdf"", ""page"": 38, ""distance"": 0.7848436236381531}, {""rank"": 4, ""document"": ""d24105658.pdf"", ""page"": 14, ""distance"": 0.8061472177505493}, {""rank"": 5, ""document"": ""d24105658.pdf"", ""page"": 20, ""distance"": 0.9144969582557678}, {""rank"": 6, ""document"": ""d24105658.pdf"", ""page"": 46, ""distance"": 0.9412261247634888}, {""rank"": 7, ""document"": ""d24105658.pdf"", ""page"": 15, ""distance"": 0.9457402229309082}]",1.0,0.0,True,False,0.011108799953944981
EQ026,What is the policy expectation for using CISA's playbook in incident response?,Agencies are to use CISA's playbook to plan and conduct cybersecurity vulnerability and incident-response activities.,GAO-24-105658,PDF p. 2,8,"[{""evaluation_document"": ""GAO-24-105658"", ""indexed_document"": ""d24105658.pdf"", ""expected_pages"": [2]}]","[{""rank"": 1, ""document"": ""d24105658.pdf"", ""page"": 24, ""distance"": 0.6345866918563843}, {""rank"": 2, ""document"": ""d24105658.pdf"", ""page"": 25, ""distance"": 0.7670222520828247}, {""rank"": 3, ""document"": ""d24105658.pdf"", ""page"": 38, ""distance"": 0.7848436236381531}, {""rank"": 4, ""document"": ""d24105658.pdf"", ""page"": 14, ""distance"": 0.8061472177505493}, {""rank"": 5, ""document"": ""d24105658.pdf"", ""page"": 20, ""distance"": 0.9144969582557678}, {""rank"": 6, ""document"": ""d24105658.pdf"", ""page"": 46, ""distance"": 0.9412261247634888}, {""rank"": 7, ""document"": ""d24105658.pdf"", ""page"": 15, ""distance"": 0.9457402229309082}, {""rank"": 8, ""document"": ""d24105658.pdf"", ""page"": 2, ""distance"": 0.9665766954421997}]",1.0,1.0,True,True,0.012634399987291545
EQ026,What is the policy expectation for using CISA's playbook in incident response?,Agencies are to use CISA's playbook to plan and conduct cybersecurity vulnerability and incident-response activities.,GAO-24-105658,PDF p. 2,9,"[{""evaluation_document"": ""GAO-24-105658"", ""indexed_document"": ""d24105658.pdf"", ""expected_pages"": [2]}]","[{""rank"": 1, ""document"": ""d24105658.pdf"", ""page"": 24, ""distance"": 0.6345866918563843}, {""rank"": 2, ""document"": ""d24105658.pdf"", ""page"": 25, ""distance"": 0.7670222520828247}, {""rank"": 3, ""document"": ""d24105658.pdf"", ""page"": 38, ""distance"": 0.7848436236381531}, {""rank"": 4, ""document"": ""d24105658.pdf"", ""page"": 14, ""distance"": 0.8061472177505493}, {""rank"": 5, ""document"": ""d24105658.pdf"", ""page"": 20, ""distance"": 0.9144969582557678}, {""rank"": 6, ""document"": ""d24105658.pdf"", ""page"": 46, ""distance"": 0.9412261247634888}, {""rank"": 7, ""document"": ""d24105658.pdf"", ""page"": 15, ""distance"": 0.9457402229309082}, {""rank"": 8, ""document"": ""d24105658.pdf"", ""page"": 2, ""distance"": 0.9665766954421997}, {""rank"": 9, ""document"": ""d24105658.pdf"", ""page"": 50, ""distance"": 0.9760226011276245}]",1.0,1.0,True,True,0.011128899990580976
EQ026,What is the policy expectation for using CISA's playbook in incident response?,Agencies are to use CISA's playbook to plan and conduct cybersecurity vulnerability and incident-response activities.,GAO-24-105658,PDF p. 2,10,"[{""evaluation_document"": ""GAO-24-105658"", ""indexed_document"": ""d24105658.pdf"", ""expected_pages"": [2]}]","[{""rank"": 1, ""document"": ""d24105658.pdf"", ""page"": 24, ""distance"": 0.6345866918563843}, {""rank"": 2, ""document"": ""d24105658.pdf"", ""page"": 25, ""distance"": 0.7670222520828247}, {""rank"": 3, ""document"": ""d24105658.pdf"", ""page"": 38, ""distance"": 0.7848436236381531}, {""rank"": 4, ""document"": ""d24105658.pdf"", ""page"": 14, ""distance"": 0.8061472177505493}, {""rank"": 5, ""document"": ""d24105658.pdf"", ""page"": 20, ""distance"": 0.9144969582557678}, {""rank"": 6, ""document"": ""d24105658.pdf"", ""page"": 46, ""distance"": 0.9412261247634888}, {""rank"": 7, ""document"": ""d24105658.pdf"", ""page"": 15, ""distance"": 0.9457402229309082}, {""rank"": 8, ""document"": ""d24105658.pdf"", ""page"": 2, ""distance"": 0.9665766954421997}, {""rank"": 9, ""document"": ""d24105658.pdf"", ""page"": 50, ""distance"": 0.9760226011276245}, {""rank"": 10, ""document"": ""d24105658.pdf"", ""page"": 23, ""distance"": 1.0468324422836304}]",1.0,1.0,True,True,0.013343599974177778
EQ027,What is the policy concern with agencies' event logging implementation?,Agencies had not met the Executive Order 14028 event-logging requirements as of August 2023.,GAO-24-105658,PDF p. 2,1,"[{""evaluation_document"": ""GAO-24-105658"", ""indexed_document"": ""d24105658.pdf"", ""expected_pages"": [2]}]","[{""rank"": 1, ""document"": ""d24105658.pdf"", ""page"": 31, ""distance"": 0.6745692491531372}]",1.0,0.0,True,False,0.014834799978416413
EQ027,What is the policy concern with agencies' event logging implementation?,Agencies had not met the Executive Order 14028 event-logging requirements as of August 2023.,GAO-24-105658,PDF p. 2,2,"[{""evaluation_document"": ""GAO-24-105658"", ""indexed_document"": ""d24105658.pdf"", ""expected_pages"": [2]}]","[{""rank"": 1, ""document"": ""d24105658.pdf"", ""page"": 31, ""distance"": 0.6745692491531372}, {""rank"": 2, ""document"": ""d24105658.pdf"", ""page"": 33, ""distance"": 0.7317449450492859}]",1.0,0.0,True,False,0.013609099958557636
EQ027,What is the policy concern with agencies' event logging implementation?,Agencies had not met the Executive Order 14028 event-logging requirements as of August 2023.,GAO-24-105658,PDF p. 2,3,"[{""evaluation_document"": ""GAO-24-105658"", ""indexed_document"": ""d24105658.pdf"", ""expected_pages"": [2]}]","[{""rank"": 1, ""document"": ""d24105658.pdf"", ""page"": 31, ""distance"": 0.6745692491531372}, {""rank"": 2, ""document"": ""d24105658.pdf"", ""page"": 33, ""distance"": 0.7317449450492859}, {""rank"": 3, ""document"": ""gao-24-107231.pdf"", ""page"": 47, ""distance"": 0.7516423463821411}]",1.0,0.0,True,False,0.012015099986456335
EQ027,What is the policy concern with agencies' event logging implementation?,Agencies had not met the Executive Order 14028 event-logging requirements as of August 2023.,GAO-24-105658,PDF p. 2,4,"[{""evaluation_document"": ""GAO-24-105658"", ""indexed_document"": ""d24105658.pdf"", ""expected_pages"": [2]}]","[{""rank"": 1, ""document"": ""d24105658.pdf"", ""page"": 31, ""distance"": 0.6745692491531372}, {""rank"": 2, ""document"": ""d24105658.pdf"", ""page"": 33, ""distance"": 0.7317449450492859}, {""rank"": 3, ""document"": ""gao-24-107231.pdf"", ""page"": 47, ""distance"": 0.7516423463821411}, {""rank"": 4, ""document"": ""d24105658.pdf"", ""page"": 36, ""distance"": 0.7560554146766663}]",1.0,0.0,True,False,0.011520800006110221
EQ027,What is the policy concern with agencies' event logging implementation?,Agencies had not met the Executive Order 14028 event-logging requirements as of August 2023.,GAO-24-105658,PDF p. 2,5,"[{""evaluation_document"": ""GAO-24-105658"", ""indexed_document"": ""d24105658.pdf"", ""expected_pages"": [2]}]","[{""rank"": 1, ""document"": ""d24105658.pdf"", ""page"": 31, ""distance"": 0.6745692491531372}, {""rank"": 2, ""document"": ""d24105658.pdf"", ""page"": 33, ""distance"": 0.7317449450492859}, {""rank"": 3, ""document"": ""gao-24-107231.pdf"", ""page"": 47, ""distance"": 0.7516423463821411}, {""rank"": 4, ""document"": ""d24105658.pdf"", ""page"": 36, ""distance"": 0.7560554146766663}, {""rank"": 5, ""document"": ""d24105658.pdf"", ""page"": 43, ""distance"": 0.7715635299682617}]",1.0,0.0,True,False,0.011669500032439828
EQ027,What is the policy concern with agencies' event logging implementation?,Agencies had not met the Executive Order 14028 event-logging requirements as of August 2023.,GAO-24-105658,PDF p. 2,6,"[{""evaluation_document"": ""GAO-24-105658"", ""indexed_document"": ""d24105658.pdf"", ""expected_pages"": [2]}]","[{""rank"": 1, ""document"": ""d24105658.pdf"", ""page"": 31, ""distance"": 0.6745692491531372}, {""rank"": 2, ""document"": ""d24105658.pdf"", ""page"": 33, ""distance"": 0.7317449450492859}, {""rank"": 3, ""document"": ""gao-24-107231.pdf"", ""page"": 47, ""distance"": 0.7516423463821411}, {""rank"": 4, ""document"": ""d24105658.pdf"", ""page"": 36, ""distance"": 0.7560554146766663}, {""rank"": 5, ""document"": ""d24105658.pdf"", ""page"": 43, ""distance"": 0.7715635299682617}, {""rank"": 6, ""document"": ""d24105658.pdf"", ""page"": 40, ""distance"": 0.782225489616394}]",1.0,0.0,True,False,0.011266699992120266
EQ027,What is the policy concern with agencies' event logging implementation?,Agencies had not met the Executive Order 14028 event-logging requirements as of August 2023.,GAO-24-105658,PDF p. 2,7,"[{""evaluation_document"": ""GAO-24-105658"", ""indexed_document"": ""d24105658.pdf"", ""expected_pages"": [2]}]","[{""rank"": 1, ""document"": ""d24105658.pdf"", ""page"": 31, ""distance"": 0.6745692491531372}, {""rank"": 2, ""document"": ""d24105658.pdf"", ""page"": 33, ""distance"": 0.7317449450492859}, {""rank"": 3, ""document"": ""gao-24-107231.pdf"", ""page"": 47, ""distance"": 0.7516423463821411}, {""rank"": 4, ""document"": ""d24105658.pdf"", ""page"": 36, ""distance"": 0.7560554146766663}, {""rank"": 5, ""document"": ""d24105658.pdf"", ""page"": 43, ""distance"": 0.7715635299682617}, {""rank"": 6, ""document"": ""d24105658.pdf"", ""page"": 40, ""distance"": 0.782225489616394}, {""rank"": 7, ""document"": ""gao-24-107231-highlights.pdf"", ""page"": 2, ""distance"": 0.8071557283401489}]",1.0,0.0,True,False,0.012758800003211945
EQ027,What is the policy concern with agencies' event logging implementation?,Agencies had not met the Executive Order 14028 event-logging requirements as of August 2023.,GAO-24-105658,PDF p. 2,8,"[{""evaluation_document"": ""GAO-24-105658"", ""indexed_document"": ""d24105658.pdf"", ""expected_pages"": [2]}]","[{""rank"": 1, ""document"": ""d24105658.pdf"", ""page"": 31, ""distance"": 0.6745692491531372}, {""rank"": 2, ""document"": ""d24105658.pdf"", ""page"": 33, ""distance"": 0.7317449450492859}, {""rank"": 3, ""document"": ""gao-24-107231.pdf"", ""page"": 47, ""distance"": 0.7516423463821411}, {""rank"": 4, ""document"": ""d24105658.pdf"", ""page"": 36, ""distance"": 0.7560554146766663}, {""rank"": 5, ""document"": ""d24105658.pdf"", ""page"": 43, ""distance"": 0.7715635299682617}, {""rank"": 6, ""document"": ""d24105658.pdf"", ""page"": 40, ""distance"": 0.782225489616394}, {""rank"": 7, ""document"": ""gao-24-107231-highlights.pdf"", ""page"": 2, ""distance"": 0.8071557283401489}, {""rank"": 8, ""document"": ""gao-24-107231.pdf"", ""page"": 3, ""distance"": 0.8071557283401489}]",1.0,0.0,True,False,0.010978500009514391
EQ027,What is the policy concern with agencies' event logging implementation?,Agencies had not met the Executive Order 14028 event-logging requirements as of August 2023.,GAO-24-105658,PDF p. 2,9,"[{""evaluation_document"": ""GAO-24-105658"", ""indexed_document"": ""d24105658.pdf"", ""expected_pages"": [2]}]","[{""rank"": 1, ""document"": ""d24105658.pdf"", ""page"": 31, ""distance"": 0.6745692491531372}, {""rank"": 2, ""document"": ""d24105658.pdf"", ""page"": 33, ""distance"": 0.7317449450492859}, {""rank"": 3, ""document"": ""gao-24-107231.pdf"", ""page"": 47, ""distance"": 0.7516423463821411}, {""rank"": 4, ""document"": ""d24105658.pdf"", ""page"": 36, ""distance"": 0.7560554146766663}, {""rank"": 5, ""document"": ""d24105658.pdf"", ""page"": 43, ""distance"": 0.7715635299682617}, {""rank"": 6, ""document"": ""d24105658.pdf"", ""page"": 40, ""distance"": 0.782225489616394}, {""rank"": 7, ""document"": ""gao-24-107231-highlights.pdf"", ""page"": 2, ""distance"": 0.8071557283401489}, {""rank"": 8, ""document"": ""gao-24-107231.pdf"", ""page"": 3, ""distance"": 0.8071557283401489}, {""rank"": 9, ""document"": ""d24105658.pdf"", ""page"": 31, ""distance"": 0.8375781774520874}]",1.0,0.0,True,False,0.010298500012140721
EQ027,What is the policy concern with agencies' event logging implementation?,Agencies had not met the Executive Order 14028 event-logging requirements as of August 2023.,GAO-24-105658,PDF p. 2,10,"[{""evaluation_document"": ""GAO-24-105658"", ""indexed_document"": ""d24105658.pdf"", ""expected_pages"": [2]}]","[{""rank"": 1, ""document"": ""d24105658.pdf"", ""page"": 31, ""distance"": 0.6745692491531372}, {""rank"": 2, ""document"": ""d24105658.pdf"", ""page"": 33, ""distance"": 0.7317449450492859}, {""rank"": 3, ""document"": ""gao-24-107231.pdf"", ""page"": 47, ""distance"": 0.7516423463821411}, {""rank"": 4, ""document"": ""d24105658.pdf"", ""page"": 36, ""distance"": 0.7560554146766663}, {""rank"": 5, ""document"": ""d24105658.pdf"", ""page"": 43, ""distance"": 0.7715635299682617}, {""rank"": 6, ""document"": ""d24105658.pdf"", ""page"": 40, ""distance"": 0.782225489616394}, {""rank"": 7, ""document"": ""gao-24-107231-highlights.pdf"", ""page"": 2, ""distance"": 0.8071557283401489}, {""rank"": 8, ""document"": ""gao-24-107231.pdf"", ""page"": 3, ""distance"": 0.8071557283401489}, {""rank"": 9, ""document"": ""d24105658.pdf"", ""page"": 31, ""distance"": 0.8375781774520874}, {""rank"": 10, ""document"": ""d24105658.pdf"", ""page"": 41, ""distance"": 0.8580266237258911}]",1.0,0.0,True,False,0.010727500019129366
EQ028,What is GAO's recommendation for State Department contingency plans affecting national security?,The State Department should annually test contingency plans for systems with significant national-security impact.,GAO-24-107733,PDF p. 2,1,"[{""evaluation_document"": ""GAO-24-107733"", ""indexed_document"": ""gao-24-107733.pdf"", ""expected_pages"": [2]}]","[{""rank"": 1, ""document"": ""gao-22-104467-highlights.pdf"", ""page"": 1, ""distance"": 0.7430254220962524}]",0.0,0.0,False,False,0.012252599990461022
EQ028,What is GAO's recommendation for State Department contingency plans affecting national security?,The State Department should annually test contingency plans for systems with significant national-security impact.,GAO-24-107733,PDF p. 2,2,"[{""evaluation_document"": ""GAO-24-107733"", ""indexed_document"": ""gao-24-107733.pdf"", ""expected_pages"": [2]}]","[{""rank"": 1, ""document"": ""gao-22-104467-highlights.pdf"", ""page"": 1, ""distance"": 0.7430254220962524}, {""rank"": 2, ""document"": ""gao-26-900644.pdf"", ""page"": 92, ""distance"": 0.788802444934845}]",0.0,0.0,False,False,0.011856099998112768
EQ028,What is GAO's recommendation for State Department contingency plans affecting national security?,The State Department should annually test contingency plans for systems with significant national-security impact.,GAO-24-107733,PDF p. 2,3,"[{""evaluation_document"": ""GAO-24-107733"", ""indexed_document"": ""gao-24-107733.pdf"", ""expected_pages"": [2]}]","[{""rank"": 1, ""document"": ""gao-22-104467-highlights.pdf"", ""page"": 1, ""distance"": 0.7430254220962524}, {""rank"": 2, ""document"": ""gao-26-900644.pdf"", ""page"": 92, ""distance"": 0.788802444934845}, {""rank"": 3, ""document"": ""gao-16-885t.pdf"", ""page"": 2, ""distance"": 0.8173521757125854}]",0.0,0.0,False,False,0.011731900041922927
EQ028,What is GAO's recommendation for State Department contingency plans affecting national security?,The State Department should annually test contingency plans for systems with significant national-security impact.,GAO-24-107733,PDF p. 2,4,"[{""evaluation_document"": ""GAO-24-107733"", ""indexed_document"": ""gao-24-107733.pdf"", ""expected_pages"": [2]}]","[{""rank"": 1, ""document"": ""gao-22-104467-highlights.pdf"", ""page"": 1, ""distance"": 0.7430254220962524}, {""rank"": 2, ""document"": ""gao-26-900644.pdf"", ""page"": 92, ""distance"": 0.788802444934845}, {""rank"": 3, ""document"": ""gao-16-885t.pdf"", ""page"": 2, ""distance"": 0.8173521757125854}, {""rank"": 4, ""document"": ""d24106916.pdf"", ""page"": 17, ""distance"": 0.8345609903335571}]",0.0,0.0,False,False,0.011539299972355366
EQ028,What is GAO's recommendation for State Department contingency plans affecting national security?,The State Department should annually test contingency plans for systems with significant national-security impact.,GAO-24-107733,PDF p. 2,5,"[{""evaluation_document"": ""GAO-24-107733"", ""indexed_document"": ""gao-24-107733.pdf"", ""expected_pages"": [2]}]","[{""rank"": 1, ""document"": ""gao-22-104467-highlights.pdf"", ""page"": 1, ""distance"": 0.7430254220962524}, {""rank"": 2, ""document"": ""gao-26-900644.pdf"", ""page"": 92, ""distance"": 0.788802444934845}, {""rank"": 3, ""document"": ""gao-16-885t.pdf"", ""page"": 2, ""distance"": 0.8173521757125854}, {""rank"": 4, ""document"": ""d24106916.pdf"", ""page"": 17, ""distance"": 0.8345609903335571}, {""rank"": 5, ""document"": ""gao-24-107231.pdf"", ""page"": 4, ""distance"": 0.8400406837463379}]",0.0,0.0,False,False,0.01200410001911223
EQ028,What is GAO's recommendation for State Department contingency plans affecting national security?,The State Department should annually test contingency plans for systems with significant national-security impact.,GAO-24-107733,PDF p. 2,6,"[{""evaluation_document"": ""GAO-24-107733"", ""indexed_document"": ""gao-24-107733.pdf"", ""expected_pages"": [2]}]","[{""rank"": 1, ""document"": ""gao-22-104467-highlights.pdf"", ""page"": 1, ""distance"": 0.7430254220962524}, {""rank"": 2, ""document"": ""gao-26-900644.pdf"", ""page"": 92, ""distance"": 0.788802444934845}, {""rank"": 3, ""document"": ""gao-16-885t.pdf"", ""page"": 2, ""distance"": 0.8173521757125854}, {""rank"": 4, ""document"": ""d24106916.pdf"", ""page"": 17, ""distance"": 0.8345609903335571}, {""rank"": 5, ""document"": ""gao-24-107231-highlights.pdf"", ""page"": 3, ""distance"": 0.8400406837463379}, {""rank"": 6, ""document"": ""gao-24-107231.pdf"", ""page"": 4, ""distance"": 0.8400406837463379}]",0.0,0.0,False,False,0.011879800003953278
EQ028,What is GAO's recommendation for State Department contingency plans affecting national security?,The State Department should annually test contingency plans for systems with significant national-security impact.,GAO-24-107733,PDF p. 2,7,"[{""evaluation_document"": ""GAO-24-107733"", ""indexed_document"": ""gao-24-107733.pdf"", ""expected_pages"": [2]}]","[{""rank"": 1, ""document"": ""gao-22-104467-highlights.pdf"", ""page"": 1, ""distance"": 0.7430254220962524}, {""rank"": 2, ""document"": ""gao-26-900644.pdf"", ""page"": 92, ""distance"": 0.788802444934845}, {""rank"": 3, ""document"": ""gao-16-885t.pdf"", ""page"": 2, ""distance"": 0.8173521757125854}, {""rank"": 4, ""document"": ""d24106916.pdf"", ""page"": 17, ""distance"": 0.8345609903335571}, {""rank"": 5, ""document"": ""gao-24-107231-highlights.pdf"", ""page"": 3, ""distance"": 0.8400406837463379}, {""rank"": 6, ""document"": ""gao-24-107231.pdf"", ""page"": 4, ""distance"": 0.8400406837463379}, {""rank"": 7, ""document"": ""d24105658.pdf"", ""page"": 75, ""distance"": 0.8405056595802307}]",0.0,0.0,False,False,0.011637000017799437
EQ028,What is GAO's recommendation for State Department contingency plans affecting national security?,The State Department should annually test contingency plans for systems with significant national-security impact.,GAO-24-107733,PDF p. 2,8,"[{""evaluation_document"": ""GAO-24-107733"", ""indexed_document"": ""gao-24-107733.pdf"", ""expected_pages"": [2]}]","[{""rank"": 1, ""document"": ""gao-22-104467-highlights.pdf"", ""page"": 1, ""distance"": 0.7430254220962524}, {""rank"": 2, ""document"": ""gao-26-900644.pdf"", ""page"": 92, ""distance"": 0.788802444934845}, {""rank"": 3, ""document"": ""gao-16-885t.pdf"", ""page"": 2, ""distance"": 0.8173521757125854}, {""rank"": 4, ""document"": ""d24106916.pdf"", ""page"": 17, ""distance"": 0.8345609903335571}, {""rank"": 5, ""document"": ""gao-24-107231-highlights.pdf"", ""page"": 3, ""distance"": 0.8400406837463379}, {""rank"": 6, ""document"": ""gao-24-107231.pdf"", ""page"": 4, ""distance"": 0.8400406837463379}, {""rank"": 7, ""document"": ""d24105658.pdf"", ""page"": 75, ""distance"": 0.8405056595802307}, {""rank"": 8, ""document"": ""d24106576.pdf"", ""page"": 44, ""distance"": 0.8434802293777466}]",0.0,0.0,False,False,0.009834200027398765
EQ028,What is GAO's recommendation for State Department contingency plans affecting national security?,The State Department should annually test contingency plans for systems with significant national-security impact.,GAO-24-107733,PDF p. 2,9,"[{""evaluation_document"": ""GAO-24-107733"", ""indexed_document"": ""gao-24-107733.pdf"", ""expected_pages"": [2]}]","[{""rank"": 1, ""document"": ""gao-22-104467-highlights.pdf"", ""page"": 1, ""distance"": 0.7430254220962524}, {""rank"": 2, ""document"": ""gao-26-900644.pdf"", ""page"": 92, ""distance"": 0.788802444934845}, {""rank"": 3, ""document"": ""gao-16-885t.pdf"", ""page"": 2, ""distance"": 0.8173521757125854}, {""rank"": 4, ""document"": ""d24106916.pdf"", ""page"": 17, ""distance"": 0.8345609903335571}, {""rank"": 5, ""document"": ""gao-24-107231-highlights.pdf"", ""page"": 3, ""distance"": 0.8400406837463379}, {""rank"": 6, ""document"": ""gao-24-107231.pdf"", ""page"": 4, ""distance"": 0.8400406837463379}, {""rank"": 7, ""document"": ""d24105658.pdf"", ""page"": 75, ""distance"": 0.8405056595802307}, {""rank"": 8, ""document"": ""d24106576.pdf"", ""page"": 44, ""distance"": 0.8434802293777466}, {""rank"": 9, ""document"": ""gao-24-107231-highlights.pdf"", ""page"": 4, ""distance"": 0.8471149206161499}]",0.0,0.0,False,False,0.013732199964579195
EQ028,What is GAO's recommendation for State Department contingency plans affecting national security?,The State Department should annually test contingency plans for systems with significant national-security impact.,GAO-24-107733,PDF p. 2,10,"[{""evaluation_document"": ""GAO-24-107733"", ""indexed_document"": ""gao-24-107733.pdf"", ""expected_pages"": [2]}]","[{""rank"": 1, ""document"": ""gao-22-104467-highlights.pdf"", ""page"": 1, ""distance"": 0.7430254220962524}, {""rank"": 2, ""document"": ""gao-26-900644.pdf"", ""page"": 92, ""distance"": 0.788802444934845}, {""rank"": 3, ""document"": ""gao-16-885t.pdf"", ""page"": 2, ""distance"": 0.8173521757125854}, {""rank"": 4, ""document"": ""d24106916.pdf"", ""page"": 17, ""distance"": 0.8345609903335571}, {""rank"": 5, ""document"": ""gao-24-107231-highlights.pdf"", ""page"": 3, ""distance"": 0.8400406837463379}, {""rank"": 6, ""document"": ""gao-24-107231.pdf"", ""page"": 4, ""distance"": 0.8400406837463379}, {""rank"": 7, ""document"": ""d24105658.pdf"", ""page"": 75, ""distance"": 0.8405056595802307}, {""rank"": 8, ""document"": ""d24106576.pdf"", ""page"": 44, ""distance"": 0.8434802293777466}, {""rank"": 9, ""document"": ""gao-24-107231-highlights.pdf"", ""page"": 4, ""distance"": 0.8471149206161499}, {""rank"": 10, ""document"": ""gao-24-107231.pdf"", ""page"": 5, ""distance"": 0.8471149206161499}]",0.0,0.0,False,False,0.012382499990053475
EQ029,What policy role does the National Infrastructure Protection Plan assign for K-12 cybersecurity?,"It establishes roles and responsibilities for protecting critical infrastructure, including the Education Subsector.",GAO-23-105480,PDF p. 2,1,"[{""evaluation_document"": ""GAO-23-105480"", ""indexed_document"": ""gao-23-105480.pdf"", ""expected_pages"": [2]}]","[{""rank"": 1, ""document"": ""gao-23-105480.pdf"", ""page"": 46, ""distance"": 0.3882003426551819}]",1.0,0.0,True,False,0.01387219998287037
EQ029,What policy role does the National Infrastructure Protection Plan assign for K-12 cybersecurity?,"It establishes roles and responsibilities for protecting critical infrastructure, including the Education Subsector.",GAO-23-105480,PDF p. 2,2,"[{""evaluation_document"": ""GAO-23-105480"", ""indexed_document"": ""gao-23-105480.pdf"", ""expected_pages"": [2]}]","[{""rank"": 1, ""document"": ""gao-23-105480.pdf"", ""page"": 46, ""distance"": 0.3882003426551819}, {""rank"": 2, ""document"": ""gao-23-105480.pdf"", ""page"": 1, ""distance"": 0.5814128518104553}]",1.0,0.0,True,False,0.010707100038416684
EQ029,What policy role does the National Infrastructure Protection Plan assign for K-12 cybersecurity?,"It establishes roles and responsibilities for protecting critical infrastructure, including the Education Subsector.",GAO-23-105480,PDF p. 2,3,"[{""evaluation_document"": ""GAO-23-105480"", ""indexed_document"": ""gao-23-105480.pdf"", ""expected_pages"": [2]}]","[{""rank"": 1, ""document"": ""gao-23-105480.pdf"", ""page"": 46, ""distance"": 0.3882003426551819}, {""rank"": 2, ""document"": ""gao-23-105480.pdf"", ""page"": 1, ""distance"": 0.5814128518104553}, {""rank"": 3, ""document"": ""gao-23-105480.pdf"", ""page"": 10, ""distance"": 0.6247291564941406}]",1.0,0.0,True,False,0.012160699989181012
EQ029,What policy role does the National Infrastructure Protection Plan assign for K-12 cybersecurity?,"It establishes roles and responsibilities for protecting critical infrastructure, including the Education Subsector.",GAO-23-105480,PDF p. 2,4,"[{""evaluation_document"": ""GAO-23-105480"", ""indexed_document"": ""gao-23-105480.pdf"", ""expected_pages"": [2]}]","[{""rank"": 1, ""document"": ""gao-23-105480.pdf"", ""page"": 46, ""distance"": 0.3882003426551819}, {""rank"": 2, ""document"": ""gao-23-105480.pdf"", ""page"": 1, ""distance"": 0.5814128518104553}, {""rank"": 3, ""document"": ""gao-23-105480.pdf"", ""page"": 10, ""distance"": 0.6247291564941406}, {""rank"": 4, ""document"": ""gao-23-105480.pdf"", ""page"": 34, ""distance"": 0.6334055662155151}]",1.0,0.0,True,False,0.01416130003053695
EQ029,What policy role does the National Infrastructure Protection Plan assign for K-12 cybersecurity?,"It establishes roles and responsibilities for protecting critical infrastructure, including the Education Subsector.",GAO-23-105480,PDF p. 2,5,"[{""evaluation_document"": ""GAO-23-105480"", ""indexed_document"": ""gao-23-105480.pdf"", ""expected_pages"": [2]}]","[{""rank"": 1, ""document"": ""gao-23-105480.pdf"", ""page"": 46, ""distance"": 0.3882003426551819}, {""rank"": 2, ""document"": ""gao-23-105480.pdf"", ""page"": 1, ""distance"": 0.5814128518104553}, {""rank"": 3, ""document"": ""gao-23-105480.pdf"", ""page"": 10, ""distance"": 0.6247291564941406}, {""rank"": 4, ""document"": ""gao-23-105480.pdf"", ""page"": 34, ""distance"": 0.6334055662155151}, {""rank"": 5, ""document"": ""gao-23-105480.pdf"", ""page"": 47, ""distance"": 0.6507421731948853}]",1.0,0.0,True,False,0.012150699971243739
EQ029,What policy role does the National Infrastructure Protection Plan assign for K-12 cybersecurity?,"It establishes roles and responsibilities for protecting critical infrastructure, including the Education Subsector.",GAO-23-105480,PDF p. 2,6,"[{""evaluation_document"": ""GAO-23-105480"", ""indexed_document"": ""gao-23-105480.pdf"", ""expected_pages"": [2]}]","[{""rank"": 1, ""document"": ""gao-23-105480.pdf"", ""page"": 46, ""distance"": 0.3882003426551819}, {""rank"": 2, ""document"": ""gao-23-105480.pdf"", ""page"": 1, ""distance"": 0.5814128518104553}, {""rank"": 3, ""document"": ""gao-23-105480.pdf"", ""page"": 10, ""distance"": 0.6247291564941406}, {""rank"": 4, ""document"": ""gao-23-105480.pdf"", ""page"": 34, ""distance"": 0.6334055662155151}, {""rank"": 5, ""document"": ""gao-23-105480.pdf"", ""page"": 47, ""distance"": 0.6507421731948853}, {""rank"": 6, ""document"": ""gao-24-107231.pdf"", ""page"": 88, ""distance"": 0.6508655548095703}]",1.0,0.0,True,False,0.009985400014556944
EQ029,What policy role does the National Infrastructure Protection Plan assign for K-12 cybersecurity?,"It establishes roles and responsibilities for protecting critical infrastructure, including the Education Subsector.",GAO-23-105480,PDF p. 2,7,"[{""evaluation_document"": ""GAO-23-105480"", ""indexed_document"": ""gao-23-105480.pdf"", ""expected_pages"": [2]}]","[{""rank"": 1, ""document"": ""gao-23-105480.pdf"", ""page"": 46, ""distance"": 0.3882003426551819}, {""rank"": 2, ""document"": ""gao-23-105480.pdf"", ""page"": 1, ""distance"": 0.5814128518104553}, {""rank"": 3, ""document"": ""gao-23-105480.pdf"", ""page"": 10, ""distance"": 0.6247291564941406}, {""rank"": 4, ""document"": ""gao-23-105480.pdf"", ""page"": 34, ""distance"": 0.6334055662155151}, {""rank"": 5, ""document"": ""gao-23-105480.pdf"", ""page"": 47, ""distance"": 0.6507421731948853}, {""rank"": 6, ""document"": ""gao-24-107231.pdf"", ""page"": 88, ""distance"": 0.6508655548095703}, {""rank"": 7, ""document"": ""gao-23-105480.pdf"", ""page"": 45, ""distance"": 0.654048502445221}]",1.0,0.0,True,False,0.013455099950078875
EQ029,What policy role does the National Infrastructure Protection Plan assign for K-12 cybersecurity?,"It establishes roles and responsibilities for protecting critical infrastructure, including the Education Subsector.",GAO-23-105480,PDF p. 2,8,"[{""evaluation_document"": ""GAO-23-105480"", ""indexed_document"": ""gao-23-105480.pdf"", ""expected_pages"": [2]}]","[{""rank"": 1, ""document"": ""gao-23-105480.pdf"", ""page"": 46, ""distance"": 0.3882003426551819}, {""rank"": 2, ""document"": ""gao-23-105480.pdf"", ""page"": 1, ""distance"": 0.5814128518104553}, {""rank"": 3, ""document"": ""gao-23-105480.pdf"", ""page"": 10, ""distance"": 0.6247291564941406}, {""rank"": 4, ""document"": ""gao-23-105480.pdf"", ""page"": 34, ""distance"": 0.6334055662155151}, {""rank"": 5, ""document"": ""gao-23-105480.pdf"", ""page"": 47, ""distance"": 0.6507421731948853}, {""rank"": 6, ""document"": ""gao-24-107231.pdf"", ""page"": 88, ""distance"": 0.6508655548095703}, {""rank"": 7, ""document"": ""gao-23-105480.pdf"", ""page"": 45, ""distance"": 0.654048502445221}, {""rank"": 8, ""document"": ""gao-23-105480.pdf"", ""page"": 33, ""distance"": 0.6542245149612427}]",1.0,0.0,True,False,0.012698200007434934
EQ029,What policy role does the National Infrastructure Protection Plan assign for K-12 cybersecurity?,"It establishes roles and responsibilities for protecting critical infrastructure, including the Education Subsector.",GAO-23-105480,PDF p. 2,9,"[{""evaluation_document"": ""GAO-23-105480"", ""indexed_document"": ""gao-23-105480.pdf"", ""expected_pages"": [2]}]","[{""rank"": 1, ""document"": ""gao-23-105480.pdf"", ""page"": 46, ""distance"": 0.3882003426551819}, {""rank"": 2, ""document"": ""gao-23-105480.pdf"", ""page"": 1, ""distance"": 0.5814128518104553}, {""rank"": 3, ""document"": ""gao-23-105480.pdf"", ""page"": 10, ""distance"": 0.6247291564941406}, {""rank"": 4, ""document"": ""gao-23-105480.pdf"", ""page"": 34, ""distance"": 0.6334055662155151}, {""rank"": 5, ""document"": ""gao-23-105480.pdf"", ""page"": 47, ""distance"": 0.6507421731948853}, {""rank"": 6, ""document"": ""gao-24-107231.pdf"", ""page"": 88, ""distance"": 0.6508655548095703}, {""rank"": 7, ""document"": ""gao-23-105480.pdf"", ""page"": 45, ""distance"": 0.654048502445221}, {""rank"": 8, ""document"": ""gao-23-105480.pdf"", ""page"": 33, ""distance"": 0.6542245149612427}, {""rank"": 9, ""document"": ""gao-23-105480.pdf"", ""page"": 2, ""distance"": 0.6615118980407715}]",1.0,1.0,True,True,0.012504099984653294
EQ029,What policy role does the National Infrastructure Protection Plan assign for K-12 cybersecurity?,"It establishes roles and responsibilities for protecting critical infrastructure, including the Education Subsector.",GAO-23-105480,PDF p. 2,10,"[{""evaluation_document"": ""GAO-23-105480"", ""indexed_document"": ""gao-23-105480.pdf"", ""expected_pages"": [2]}]","[{""rank"": 1, ""document"": ""gao-23-105480.pdf"", ""page"": 46, ""distance"": 0.3882003426551819}, {""rank"": 2, ""document"": ""gao-23-105480.pdf"", ""page"": 1, ""distance"": 0.5814128518104553}, {""rank"": 3, ""document"": ""gao-23-105480.pdf"", ""page"": 10, ""distance"": 0.6247291564941406}, {""rank"": 4, ""document"": ""gao-23-105480.pdf"", ""page"": 34, ""distance"": 0.6334055662155151}, {""rank"": 5, ""document"": ""gao-23-105480.pdf"", ""page"": 47, ""distance"": 0.6507421731948853}, {""rank"": 6, ""document"": ""gao-24-107231.pdf"", ""page"": 88, ""distance"": 0.6508655548095703}, {""rank"": 7, ""document"": ""gao-23-105480.pdf"", ""page"": 45, ""distance"": 0.654048502445221}, {""rank"": 8, ""document"": ""gao-23-105480.pdf"", ""page"": 33, ""distance"": 0.6542245149612427}, {""rank"": 9, ""document"": ""gao-23-105480.pdf"", ""page"": 2, ""distance"": 0.6615118980407715}, {""rank"": 10, ""document"": ""d24106576.pdf"", ""page"": 20, ""distance"": 0.6640628576278687}]",1.0,1.0,True,True,0.012265599973034114
EQ030,What policy concern did GAO identify about transparency of DOGE contract savings?,DOGE was not transparent about its calculation methodologies and did not use its stated method for most reported terminated-contract savings.,GAO-26-108615,PDF p. 2,1,"[{""evaluation_document"": ""GAO-26-108615"", ""indexed_document"": ""gao-26-108615.pdf"", ""expected_pages"": [2]}]","[{""rank"": 1, ""document"": ""gao-26-108615.pdf"", ""page"": 23, ""distance"": 0.565742015838623}]",1.0,0.0,True,False,0.012173600029200315
EQ030,What policy concern did GAO identify about transparency of DOGE contract savings?,DOGE was not transparent about its calculation methodologies and did not use its stated method for most reported terminated-contract savings.,GAO-26-108615,PDF p. 2,2,"[{""evaluation_document"": ""GAO-26-108615"", ""indexed_document"": ""gao-26-108615.pdf"", ""expected_pages"": [2]}]","[{""rank"": 1, ""document"": ""gao-26-108615.pdf"", ""page"": 23, ""distance"": 0.565742015838623}, {""rank"": 2, ""document"": ""gao-26-108615.pdf"", ""page"": 6, ""distance"": 0.5778198838233948}]",1.0,0.0,True,False,0.012624200026039034
EQ030,What policy concern did GAO identify about transparency of DOGE contract savings?,DOGE was not transparent about its calculation methodologies and did not use its stated method for most reported terminated-contract savings.,GAO-26-108615,PDF p. 2,3,"[{""evaluation_document"": ""GAO-26-108615"", ""indexed_document"": ""gao-26-108615.pdf"", ""expected_pages"": [2]}]","[{""rank"": 1, ""document"": ""gao-26-108615.pdf"", ""page"": 23, ""distance"": 0.565742015838623}, {""rank"": 2, ""document"": ""gao-26-108615.pdf"", ""page"": 6, ""distance"": 0.5778198838233948}, {""rank"": 3, ""document"": ""gao-26-108615.pdf"", ""page"": 1, ""distance"": 0.5981123447418213}]",1.0,0.0,True,False,0.01313590002246201
EQ030,What policy concern did GAO identify about transparency of DOGE contract savings?,DOGE was not transparent about its calculation methodologies and did not use its stated method for most reported terminated-contract savings.,GAO-26-108615,PDF p. 2,4,"[{""evaluation_document"": ""GAO-26-108615"", ""indexed_document"": ""gao-26-108615.pdf"", ""expected_pages"": [2]}]","[{""rank"": 1, ""document"": ""gao-26-108615.pdf"", ""page"": 23, ""distance"": 0.565742015838623}, {""rank"": 2, ""document"": ""gao-26-108615.pdf"", ""page"": 6, ""distance"": 0.5778198838233948}, {""rank"": 3, ""document"": ""gao-26-108615.pdf"", ""page"": 1, ""distance"": 0.5981123447418213}, {""rank"": 4, ""document"": ""gao-26-108615.pdf"", ""page"": 9, ""distance"": 0.6078377366065979}]",1.0,0.0,True,False,0.010905800038017333
EQ030,What policy concern did GAO identify about transparency of DOGE contract savings?,DOGE was not transparent about its calculation methodologies and did not use its stated method for most reported terminated-contract savings.,GAO-26-108615,PDF p. 2,5,"[{""evaluation_document"": ""GAO-26-108615"", ""indexed_document"": ""gao-26-108615.pdf"", ""expected_pages"": [2]}]","[{""rank"": 1, ""document"": ""gao-26-108615.pdf"", ""page"": 23, ""distance"": 0.565742015838623}, {""rank"": 2, ""document"": ""gao-26-108615.pdf"", ""page"": 6, ""distance"": 0.5778198838233948}, {""rank"": 3, ""document"": ""gao-26-108615.pdf"", ""page"": 1, ""distance"": 0.5981123447418213}, {""rank"": 4, ""document"": ""gao-26-108615.pdf"", ""page"": 9, ""distance"": 0.6078377366065979}, {""rank"": 5, ""document"": ""gao-26-108615.pdf"", ""page"": 2, ""distance"": 0.6169119477272034}]",1.0,1.0,True,True,0.010854399995878339
EQ030,What policy concern did GAO identify about transparency of DOGE contract savings?,DOGE was not transparent about its calculation methodologies and did not use its stated method for most reported terminated-contract savings.,GAO-26-108615,PDF p. 2,6,"[{""evaluation_document"": ""GAO-26-108615"", ""indexed_document"": ""gao-26-108615.pdf"", ""expected_pages"": [2]}]","[{""rank"": 1, ""document"": ""gao-26-108615.pdf"", ""page"": 23, ""distance"": 0.565742015838623}, {""rank"": 2, ""document"": ""gao-26-108615.pdf"", ""page"": 6, ""distance"": 0.5778198838233948}, {""rank"": 3, ""document"": ""gao-26-108615.pdf"", ""page"": 1, ""distance"": 0.5981123447418213}, {""rank"": 4, ""document"": ""gao-26-108615.pdf"", ""page"": 9, ""distance"": 0.6078377366065979}, {""rank"": 5, ""document"": ""gao-26-108615.pdf"", ""page"": 2, ""distance"": 0.6169119477272034}, {""rank"": 6, ""document"": ""gao-26-108615.pdf"", ""page"": 2, ""distance"": 0.6264489889144897}]",1.0,1.0,True,True,0.01216539996676147
EQ030,What policy concern did GAO identify about transparency of DOGE contract savings?,DOGE was not transparent about its calculation methodologies and did not use its stated method for most reported terminated-contract savings.,GAO-26-108615,PDF p. 2,7,"[{""evaluation_document"": ""GAO-26-108615"", ""indexed_document"": ""gao-26-108615.pdf"", ""expected_pages"": [2]}]","[{""rank"": 1, ""document"": ""gao-26-108615.pdf"", ""page"": 23, ""distance"": 0.565742015838623}, {""rank"": 2, ""document"": ""gao-26-108615.pdf"", ""page"": 6, ""distance"": 0.5778198838233948}, {""rank"": 3, ""document"": ""gao-26-108615.pdf"", ""page"": 1, ""distance"": 0.5981123447418213}, {""rank"": 4, ""document"": ""gao-26-108615.pdf"", ""page"": 9, ""distance"": 0.6078377366065979}, {""rank"": 5, ""document"": ""gao-26-108615.pdf"", ""page"": 2, ""distance"": 0.6169119477272034}, {""rank"": 6, ""document"": ""gao-26-108615.pdf"", ""page"": 2, ""distance"": 0.6264489889144897}, {""rank"": 7, ""document"": ""gao-26-108615.pdf"", ""page"": 19, ""distance"": 0.6390742659568787}]",1.0,1.0,True,True,0.010669999988749623
EQ030,What policy concern did GAO identify about transparency of DOGE contract savings?,DOGE was not transparent about its calculation methodologies and did not use its stated method for most reported terminated-contract savings.,GAO-26-108615,PDF p. 2,8,"[{""evaluation_document"": ""GAO-26-108615"", ""indexed_document"": ""gao-26-108615.pdf"", ""expected_pages"": [2]}]","[{""rank"": 1, ""document"": ""gao-26-108615.pdf"", ""page"": 23, ""distance"": 0.565742015838623}, {""rank"": 2, ""document"": ""gao-26-108615.pdf"", ""page"": 6, ""distance"": 0.5778198838233948}, {""rank"": 3, ""document"": ""gao-26-108615.pdf"", ""page"": 1, ""distance"": 0.5981123447418213}, {""rank"": 4, ""document"": ""gao-26-108615.pdf"", ""page"": 9, ""distance"": 0.6078377366065979}, {""rank"": 5, ""document"": ""gao-26-108615.pdf"", ""page"": 2, ""distance"": 0.6169119477272034}, {""rank"": 6, ""document"": ""gao-26-108615.pdf"", ""page"": 2, ""distance"": 0.6264489889144897}, {""rank"": 7, ""document"": ""gao-26-108615.pdf"", ""page"": 19, ""distance"": 0.6390742659568787}, {""rank"": 8, ""document"": ""gao-26-108615.pdf"", ""page"": 36, ""distance"": 0.6404086351394653}]",1.0,1.0,True,True,0.010012099985033274
EQ030,What policy concern did GAO identify about transparency of DOGE contract savings?,DOGE was not transparent about its calculation methodologies and did not use its stated method for most reported terminated-contract savings.,GAO-26-108615,PDF p. 2,9,"[{""evaluation_document"": ""GAO-26-108615"", ""indexed_document"": ""gao-26-108615.pdf"", ""expected_pages"": [2]}]","[{""rank"": 1, ""document"": ""gao-26-108615.pdf"", ""page"": 23, ""distance"": 0.565742015838623}, {""rank"": 2, ""document"": ""gao-26-108615.pdf"", ""page"": 6, ""distance"": 0.5778198838233948}, {""rank"": 3, ""document"": ""gao-26-108615.pdf"", ""page"": 1, ""distance"": 0.5981123447418213}, {""rank"": 4, ""document"": ""gao-26-108615.pdf"", ""page"": 9, ""distance"": 0.6078377366065979}, {""rank"": 5, ""document"": ""gao-26-108615.pdf"", ""page"": 2, ""distance"": 0.6169119477272034}, {""rank"": 6, ""document"": ""gao-26-108615.pdf"", ""page"": 2, ""distance"": 0.6264489889144897}, {""rank"": 7, ""document"": ""gao-26-108615.pdf"", ""page"": 19, ""distance"": 0.6390742659568787}, {""rank"": 8, ""document"": ""gao-26-108615.pdf"", ""page"": 36, ""distance"": 0.6404086351394653}, {""rank"": 9, ""document"": ""gao-26-108615.pdf"", ""page"": 3, ""distance"": 0.6486595869064331}]",1.0,1.0,True,True,0.012624199967831373
EQ030,What policy concern did GAO identify about transparency of DOGE contract savings?,DOGE was not transparent about its calculation methodologies and did not use its stated method for most reported terminated-contract savings.,GAO-26-108615,PDF p. 2,10,"[{""evaluation_document"": ""GAO-26-108615"", ""indexed_document"": ""gao-26-108615.pdf"", ""expected_pages"": [2]}]","[{""rank"": 1, ""document"": ""gao-26-108615.pdf"", ""page"": 23, ""distance"": 0.565742015838623}, {""rank"": 2, ""document"": ""gao-26-108615.pdf"", ""page"": 6, ""distance"": 0.5778198838233948}, {""rank"": 3, ""document"": ""gao-26-108615.pdf"", ""page"": 1, ""distance"": 0.5981123447418213}, {""rank"": 4, ""document"": ""gao-26-108615.pdf"", ""page"": 9, ""distance"": 0.6078377366065979}, {""rank"": 5, ""document"": ""gao-26-108615.pdf"", ""page"": 2, ""distance"": 0.6169119477272034}, {""rank"": 6, ""document"": ""gao-26-108615.pdf"", ""page"": 2, ""distance"": 0.6264489889144897}, {""rank"": 7, ""document"": ""gao-26-108615.pdf"", ""page"": 19, ""distance"": 0.6390742659568787}, {""rank"": 8, ""document"": ""gao-26-108615.pdf"", ""page"": 36, ""distance"": 0.6404086351394653}, {""rank"": 9, ""document"": ""gao-26-108615.pdf"", ""page"": 3, ""distance"": 0.6486595869064331}, {""rank"": 10, ""document"": ""gao-26-108615.pdf"", ""page"": 12, ""distance"": 0.6569051146507263}]",1.0,1.0,True,True,0.011366399994585663
EQ031,What are agencies expected to improve in risk-based information security programs?,"They need stronger threat identification, secure configuration, timely patching or replacement of unsupported software, and comprehensive testing and evaluation.",GAO-16-885T,PDF p. 2,1,"[{""evaluation_document"": ""GAO-16-885T"", ""indexed_document"": ""gao-16-885t.pdf"", ""expected_pages"": [2]}]","[{""rank"": 1, ""document"": ""gao-16-885t.pdf"", ""page"": 10, ""distance"": 0.6435267925262451}]",1.0,0.0,True,False,0.008518799964804202
EQ031,What are agencies expected to improve in risk-based information security programs?,"They need stronger threat identification, secure configuration, timely patching or replacement of unsupported software, and comprehensive testing and evaluation.",GAO-16-885T,PDF p. 2,2,"[{""evaluation_document"": ""GAO-16-885T"", ""indexed_document"": ""gao-16-885t.pdf"", ""expected_pages"": [2]}]","[{""rank"": 1, ""document"": ""gao-16-885t.pdf"", ""page"": 10, ""distance"": 0.6435267925262451}, {""rank"": 2, ""document"": ""gao-16-885t.pdf"", ""page"": 2, ""distance"": 0.6583357453346252}]",1.0,1.0,True,True,0.011396100046113133
EQ031,What are agencies expected to improve in risk-based information security programs?,"They need stronger threat identification, secure configuration, timely patching or replacement of unsupported software, and comprehensive testing and evaluation.",GAO-16-885T,PDF p. 2,3,"[{""evaluation_document"": ""GAO-16-885T"", ""indexed_document"": ""gao-16-885t.pdf"", ""expected_pages"": [2]}]","[{""rank"": 1, ""document"": ""gao-16-885t.pdf"", ""page"": 10, ""distance"": 0.6435267925262451}, {""rank"": 2, ""document"": ""gao-16-885t.pdf"", ""page"": 2, ""distance"": 0.6583357453346252}, {""rank"": 3, ""document"": ""gao-24-107231.pdf"", ""page"": 35, ""distance"": 0.6762109398841858}]",1.0,1.0,True,True,0.011186799965798855
EQ031,What are agencies expected to improve in risk-based information security programs?,"They need stronger threat identification, secure configuration, timely patching or replacement of unsupported software, and comprehensive testing and evaluation.",GAO-16-885T,PDF p. 2,4,"[{""evaluation_document"": ""GAO-16-885T"", ""indexed_document"": ""gao-16-885t.pdf"", ""expected_pages"": [2]}]","[{""rank"": 1, ""document"": ""gao-16-885t.pdf"", ""page"": 10, ""distance"": 0.6435267925262451}, {""rank"": 2, ""document"": ""gao-16-885t.pdf"", ""page"": 2, ""distance"": 0.6583357453346252}, {""rank"": 3, ""document"": ""gao-24-107231.pdf"", ""page"": 35, ""distance"": 0.6762109398841858}, {""rank"": 4, ""document"": ""gao-24-107231.pdf"", ""page"": 34, ""distance"": 0.6790846586227417}]",1.0,1.0,True,True,0.012538399954792112
EQ031,What are agencies expected to improve in risk-based information security programs?,"They need stronger threat identification, secure configuration, timely patching or replacement of unsupported software, and comprehensive testing and evaluation.",GAO-16-885T,PDF p. 2,5,"[{""evaluation_document"": ""GAO-16-885T"", ""indexed_document"": ""gao-16-885t.pdf"", ""expected_pages"": [2]}]","[{""rank"": 1, ""document"": ""gao-16-885t.pdf"", ""page"": 10, ""distance"": 0.6435267925262451}, {""rank"": 2, ""document"": ""gao-16-885t.pdf"", ""page"": 2, ""distance"": 0.6583357453346252}, {""rank"": 3, ""document"": ""gao-24-107231.pdf"", ""page"": 35, ""distance"": 0.6762109398841858}, {""rank"": 4, ""document"": ""gao-24-107231.pdf"", ""page"": 34, ""distance"": 0.6790846586227417}, {""rank"": 5, ""document"": ""gao-16-885t.pdf"", ""page"": 8, ""distance"": 0.7145213484764099}]",1.0,1.0,True,True,0.010826699959579855
EQ031,What are agencies expected to improve in risk-based information security programs?,"They need stronger threat identification, secure configuration, timely patching or replacement of unsupported software, and comprehensive testing and evaluation.",GAO-16-885T,PDF p. 2,6,"[{""evaluation_document"": ""GAO-16-885T"", ""indexed_document"": ""gao-16-885t.pdf"", ""expected_pages"": [2]}]","[{""rank"": 1, ""document"": ""gao-16-885t.pdf"", ""page"": 10, ""distance"": 0.6435267925262451}, {""rank"": 2, ""document"": ""gao-16-885t.pdf"", ""page"": 2, ""distance"": 0.6583357453346252}, {""rank"": 3, ""document"": ""gao-24-107231.pdf"", ""page"": 35, ""distance"": 0.6762109398841858}, {""rank"": 4, ""document"": ""gao-24-107231.pdf"", ""page"": 34, ""distance"": 0.6790846586227417}, {""rank"": 5, ""document"": ""gao-16-885t.pdf"", ""page"": 8, ""distance"": 0.7145213484764099}, {""rank"": 6, ""document"": ""gao-16-885t.pdf"", ""page"": 6, ""distance"": 0.715429961681366}]",1.0,1.0,True,True,0.011284200008958578
EQ031,What are agencies expected to improve in risk-based information security programs?,"They need stronger threat identification, secure configuration, timely patching or replacement of unsupported software, and comprehensive testing and evaluation.",GAO-16-885T,PDF p. 2,7,"[{""evaluation_document"": ""GAO-16-885T"", ""indexed_document"": ""gao-16-885t.pdf"", ""expected_pages"": [2]}]","[{""rank"": 1, ""document"": ""gao-16-885t.pdf"", ""page"": 10, ""distance"": 0.6435267925262451}, {""rank"": 2, ""document"": ""gao-16-885t.pdf"", ""page"": 2, ""distance"": 0.6583357453346252}, {""rank"": 3, ""document"": ""gao-24-107231.pdf"", ""page"": 35, ""distance"": 0.6762109398841858}, {""rank"": 4, ""document"": ""gao-24-107231.pdf"", ""page"": 34, ""distance"": 0.6790846586227417}, {""rank"": 5, ""document"": ""gao-16-885t.pdf"", ""page"": 8, ""distance"": 0.7145213484764099}, {""rank"": 6, ""document"": ""gao-16-885t.pdf"", ""page"": 6, ""distance"": 0.715429961681366}, {""rank"": 7, ""document"": ""gao-24-107231.pdf"", ""page"": 41, ""distance"": 0.7237845063209534}]",1.0,1.0,True,True,0.012730400019790977
EQ031,What are agencies expected to improve in risk-based information security programs?,"They need stronger threat identification, secure configuration, timely patching or replacement of unsupported software, and comprehensive testing and evaluation.",GAO-16-885T,PDF p. 2,8,"[{""evaluation_document"": ""GAO-16-885T"", ""indexed_document"": ""gao-16-885t.pdf"", ""expected_pages"": [2]}]","[{""rank"": 1, ""document"": ""gao-16-885t.pdf"", ""page"": 10, ""distance"": 0.6435267925262451}, {""rank"": 2, ""document"": ""gao-16-885t.pdf"", ""page"": 2, ""distance"": 0.6583357453346252}, {""rank"": 3, ""document"": ""gao-24-107231.pdf"", ""page"": 35, ""distance"": 0.6762109398841858}, {""rank"": 4, ""document"": ""gao-24-107231.pdf"", ""page"": 34, ""distance"": 0.6790846586227417}, {""rank"": 5, ""document"": ""gao-16-885t.pdf"", ""page"": 8, ""distance"": 0.7145213484764099}, {""rank"": 6, ""document"": ""gao-16-885t.pdf"", ""page"": 6, ""distance"": 0.715429961681366}, {""rank"": 7, ""document"": ""gao-24-107231.pdf"", ""page"": 41, ""distance"": 0.7237845063209534}, {""rank"": 8, ""document"": ""gao-24-107231.pdf"", ""page"": 33, ""distance"": 0.7317781448364258}]",1.0,1.0,True,True,0.00983339996309951
EQ031,What are agencies expected to improve in risk-based information security programs?,"They need stronger threat identification, secure configuration, timely patching or replacement of unsupported software, and comprehensive testing and evaluation.",GAO-16-885T,PDF p. 2,9,"[{""evaluation_document"": ""GAO-16-885T"", ""indexed_document"": ""gao-16-885t.pdf"", ""expected_pages"": [2]}]","[{""rank"": 1, ""document"": ""gao-16-885t.pdf"", ""page"": 10, ""distance"": 0.6435267925262451}, {""rank"": 2, ""document"": ""gao-16-885t.pdf"", ""page"": 2, ""distance"": 0.6583357453346252}, {""rank"": 3, ""document"": ""gao-24-107231.pdf"", ""page"": 35, ""distance"": 0.6762109398841858}, {""rank"": 4, ""document"": ""gao-24-107231.pdf"", ""page"": 34, ""distance"": 0.6790846586227417}, {""rank"": 5, ""document"": ""gao-16-885t.pdf"", ""page"": 8, ""distance"": 0.7145213484764099}, {""rank"": 6, ""document"": ""gao-16-885t.pdf"", ""page"": 6, ""distance"": 0.715429961681366}, {""rank"": 7, ""document"": ""gao-24-107231.pdf"", ""page"": 41, ""distance"": 0.7237845063209534}, {""rank"": 8, ""document"": ""gao-24-107231.pdf"", ""page"": 33, ""distance"": 0.7317781448364258}, {""rank"": 9, ""document"": ""gao-16-885t.pdf"", ""page"": 12, ""distance"": 0.7334964275360107}]",1.0,1.0,True,True,0.01178449997678399
EQ031,What are agencies expected to improve in risk-based information security programs?,"They need stronger threat identification, secure configuration, timely patching or replacement of unsupported software, and comprehensive testing and evaluation.",GAO-16-885T,PDF p. 2,10,"[{""evaluation_document"": ""GAO-16-885T"", ""indexed_document"": ""gao-16-885t.pdf"", ""expected_pages"": [2]}]","[{""rank"": 1, ""document"": ""gao-16-885t.pdf"", ""page"": 10, ""distance"": 0.6435267925262451}, {""rank"": 2, ""document"": ""gao-16-885t.pdf"", ""page"": 2, ""distance"": 0.6583357453346252}, {""rank"": 3, ""document"": ""gao-24-107231.pdf"", ""page"": 35, ""distance"": 0.6762109398841858}, {""rank"": 4, ""document"": ""gao-24-107231.pdf"", ""page"": 34, ""distance"": 0.6790846586227417}, {""rank"": 5, ""document"": ""gao-16-885t.pdf"", ""page"": 8, ""distance"": 0.7145213484764099}, {""rank"": 6, ""document"": ""gao-16-885t.pdf"", ""page"": 6, ""distance"": 0.715429961681366}, {""rank"": 7, ""document"": ""gao-24-107231.pdf"", ""page"": 41, ""distance"": 0.7237845063209534}, {""rank"": 8, ""document"": ""gao-24-107231.pdf"", ""page"": 33, ""distance"": 0.7317781448364258}, {""rank"": 9, ""document"": ""gao-16-885t.pdf"", ""page"": 12, ""distance"": 0.7334964275360107}, {""rank"": 10, ""document"": ""d24106916.pdf"", ""page"": 25, ""distance"": 0.7453305125236511}]",1.0,1.0,True,True,0.01219069998478517
EQ032,What policy issue did GAO identify for sharing cyber threat information with critical infrastructure?,Federal agencies and critical-infrastructure owners and operators need information sharing that is effective and timely; voluntary sharing and actionable-information gaps remain barriers.,GAO-24-107733,PDF p. 2,1,"[{""evaluation_document"": ""GAO-24-107733"", ""indexed_document"": ""gao-24-107733.pdf"", ""expected_pages"": [2]}]","[{""rank"": 1, ""document"": ""gao-24-107231.pdf"", ""page"": 54, ""distance"": 0.4580376446247101}]",0.0,0.0,False,False,0.012207099993247539
EQ032,What policy issue did GAO identify for sharing cyber threat information with critical infrastructure?,Federal agencies and critical-infrastructure owners and operators need information sharing that is effective and timely; voluntary sharing and actionable-information gaps remain barriers.,GAO-24-107733,PDF p. 2,2,"[{""evaluation_document"": ""GAO-24-107733"", ""indexed_document"": ""gao-24-107733.pdf"", ""expected_pages"": [2]}]","[{""rank"": 1, ""document"": ""gao-24-107231.pdf"", ""page"": 54, ""distance"": 0.4580376446247101}, {""rank"": 2, ""document"": ""gao-24-107733.pdf"", ""page"": 2, ""distance"": 0.5695397257804871}]",1.0,1.0,True,True,0.012840499985031784
EQ032,What policy issue did GAO identify for sharing cyber threat information with critical infrastructure?,Federal agencies and critical-infrastructure owners and operators need information sharing that is effective and timely; voluntary sharing and actionable-information gaps remain barriers.,GAO-24-107733,PDF p. 2,3,"[{""evaluation_document"": ""GAO-24-107733"", ""indexed_document"": ""gao-24-107733.pdf"", ""expected_pages"": [2]}]","[{""rank"": 1, ""document"": ""gao-24-107231.pdf"", ""page"": 54, ""distance"": 0.4580376446247101}, {""rank"": 2, ""document"": ""gao-24-107733.pdf"", ""page"": 2, ""distance"": 0.5695397257804871}, {""rank"": 3, ""document"": ""gao-24-107231.pdf"", ""page"": 21, ""distance"": 0.5834020972251892}]",1.0,1.0,True,True,0.011589900008402765
EQ032,What policy issue did GAO identify for sharing cyber threat information with critical infrastructure?,Federal agencies and critical-infrastructure owners and operators need information sharing that is effective and timely; voluntary sharing and actionable-information gaps remain barriers.,GAO-24-107733,PDF p. 2,4,"[{""evaluation_document"": ""GAO-24-107733"", ""indexed_document"": ""gao-24-107733.pdf"", ""expected_pages"": [2]}]","[{""rank"": 1, ""document"": ""gao-24-107231.pdf"", ""page"": 54, ""distance"": 0.4580376446247101}, {""rank"": 2, ""document"": ""gao-24-107733.pdf"", ""page"": 2, ""distance"": 0.5695397257804871}, {""rank"": 3, ""document"": ""gao-24-107231.pdf"", ""page"": 21, ""distance"": 0.5834020972251892}, {""rank"": 4, ""document"": ""gao-24-107231.pdf"", ""page"": 2, ""distance"": 0.5988318920135498}]",1.0,1.0,True,True,0.010233199980575591
EQ032,What policy issue did GAO identify for sharing cyber threat information with critical infrastructure?,Federal agencies and critical-infrastructure owners and operators need information sharing that is effective and timely; voluntary sharing and actionable-information gaps remain barriers.,GAO-24-107733,PDF p. 2,5,"[{""evaluation_document"": ""GAO-24-107733"", ""indexed_document"": ""gao-24-107733.pdf"", ""expected_pages"": [2]}]","[{""rank"": 1, ""document"": ""gao-24-107231.pdf"", ""page"": 54, ""distance"": 0.4580376446247101}, {""rank"": 2, ""document"": ""gao-24-107733.pdf"", ""page"": 2, ""distance"": 0.5695397257804871}, {""rank"": 3, ""document"": ""gao-24-107231.pdf"", ""page"": 21, ""distance"": 0.5834020972251892}, {""rank"": 4, ""document"": ""gao-24-107231-highlights.pdf"", ""page"": 1, ""distance"": 0.5988318920135498}, {""rank"": 5, ""document"": ""gao-24-107231.pdf"", ""page"": 2, ""distance"": 0.5988318920135498}]",1.0,1.0,True,True,0.010395299992524087
EQ032,What policy issue did GAO identify for sharing cyber threat information with critical infrastructure?,Federal agencies and critical-infrastructure owners and operators need information sharing that is effective and timely; voluntary sharing and actionable-information gaps remain barriers.,GAO-24-107733,PDF p. 2,6,"[{""evaluation_document"": ""GAO-24-107733"", ""indexed_document"": ""gao-24-107733.pdf"", ""expected_pages"": [2]}]","[{""rank"": 1, ""document"": ""gao-24-107231.pdf"", ""page"": 54, ""distance"": 0.4580376446247101}, {""rank"": 2, ""document"": ""gao-24-107733.pdf"", ""page"": 2, ""distance"": 0.5695397257804871}, {""rank"": 3, ""document"": ""gao-24-107231.pdf"", ""page"": 21, ""distance"": 0.5834020972251892}, {""rank"": 4, ""document"": ""gao-24-107231-highlights.pdf"", ""page"": 1, ""distance"": 0.5988318920135498}, {""rank"": 5, ""document"": ""gao-24-107231.pdf"", ""page"": 2, ""distance"": 0.5988318920135498}, {""rank"": 6, ""document"": ""gao-24-107733.pdf"", ""page"": 2, ""distance"": 0.6195393204689026}]",1.0,1.0,True,True,0.01203520002309233
EQ032,What policy issue did GAO identify for sharing cyber threat information with critical infrastructure?,Federal agencies and critical-infrastructure owners and operators need information sharing that is effective and timely; voluntary sharing and actionable-information gaps remain barriers.,GAO-24-107733,PDF p. 2,7,"[{""evaluation_document"": ""GAO-24-107733"", ""indexed_document"": ""gao-24-107733.pdf"", ""expected_pages"": [2]}]","[{""rank"": 1, ""document"": ""gao-24-107231.pdf"", ""page"": 54, ""distance"": 0.4580376446247101}, {""rank"": 2, ""document"": ""gao-24-107733.pdf"", ""page"": 2, ""distance"": 0.5695397257804871}, {""rank"": 3, ""document"": ""gao-24-107231.pdf"", ""page"": 21, ""distance"": 0.5834020972251892}, {""rank"": 4, ""document"": ""gao-24-107231-highlights.pdf"", ""page"": 1, ""distance"": 0.5988318920135498}, {""rank"": 5, ""document"": ""gao-24-107231.pdf"", ""page"": 2, ""distance"": 0.5988318920135498}, {""rank"": 6, ""document"": ""gao-24-107733.pdf"", ""page"": 2, ""distance"": 0.6195393204689026}, {""rank"": 7, ""document"": ""gao-24-107231-highlights.pdf"", ""page"": 1, ""distance"": 0.6281686425209045}]",1.0,1.0,True,True,0.012011999962851405
EQ032,What policy issue did GAO identify for sharing cyber threat information with critical infrastructure?,Federal agencies and critical-infrastructure owners and operators need information sharing that is effective and timely; voluntary sharing and actionable-information gaps remain barriers.,GAO-24-107733,PDF p. 2,8,"[{""evaluation_document"": ""GAO-24-107733"", ""indexed_document"": ""gao-24-107733.pdf"", ""expected_pages"": [2]}]","[{""rank"": 1, ""document"": ""gao-24-107231.pdf"", ""page"": 54, ""distance"": 0.4580376446247101}, {""rank"": 2, ""document"": ""gao-24-107733.pdf"", ""page"": 2, ""distance"": 0.5695397257804871}, {""rank"": 3, ""document"": ""gao-24-107231.pdf"", ""page"": 21, ""distance"": 0.5834020972251892}, {""rank"": 4, ""document"": ""gao-24-107231-highlights.pdf"", ""page"": 1, ""distance"": 0.5988318920135498}, {""rank"": 5, ""document"": ""gao-24-107231.pdf"", ""page"": 2, ""distance"": 0.5988318920135498}, {""rank"": 6, ""document"": ""gao-24-107733.pdf"", ""page"": 2, ""distance"": 0.6195393204689026}, {""rank"": 7, ""document"": ""gao-24-107231-highlights.pdf"", ""page"": 1, ""distance"": 0.6281686425209045}, {""rank"": 8, ""document"": ""gao-24-107231.pdf"", ""page"": 2, ""distance"": 0.6281686425209045}]",1.0,1.0,True,True,0.012390899995807558
EQ032,What policy issue did GAO identify for sharing cyber threat information with critical infrastructure?,Federal agencies and critical-infrastructure owners and operators need information sharing that is effective and timely; voluntary sharing and actionable-information gaps remain barriers.,GAO-24-107733,PDF p. 2,9,"[{""evaluation_document"": ""GAO-24-107733"", ""indexed_document"": ""gao-24-107733.pdf"", ""expected_pages"": [2]}]","[{""rank"": 1, ""document"": ""gao-24-107231.pdf"", ""page"": 54, ""distance"": 0.4580376446247101}, {""rank"": 2, ""document"": ""gao-24-107733.pdf"", ""page"": 2, ""distance"": 0.5695397257804871}, {""rank"": 3, ""document"": ""gao-24-107231.pdf"", ""page"": 21, ""distance"": 0.5834020972251892}, {""rank"": 4, ""document"": ""gao-24-107231-highlights.pdf"", ""page"": 1, ""distance"": 0.5988318920135498}, {""rank"": 5, ""document"": ""gao-24-107231.pdf"", ""page"": 2, ""distance"": 0.5988318920135498}, {""rank"": 6, ""document"": ""gao-24-107733.pdf"", ""page"": 2, ""distance"": 0.6195393204689026}, {""rank"": 7, ""document"": ""gao-24-107231-highlights.pdf"", ""page"": 1, ""distance"": 0.6281686425209045}, {""rank"": 8, ""document"": ""gao-24-107231.pdf"", ""page"": 2, ""distance"": 0.6281686425209045}, {""rank"": 9, ""document"": ""gao-24-107231.pdf"", ""page"": 53, ""distance"": 0.6282579302787781}]",1.0,1.0,True,True,0.011939199990592897
EQ032,What policy issue did GAO identify for sharing cyber threat information with critical infrastructure?,Federal agencies and critical-infrastructure owners and operators need information sharing that is effective and timely; voluntary sharing and actionable-information gaps remain barriers.,GAO-24-107733,PDF p. 2,10,"[{""evaluation_document"": ""GAO-24-107733"", ""indexed_document"": ""gao-24-107733.pdf"", ""expected_pages"": [2]}]","[{""rank"": 1, ""document"": ""gao-24-107231.pdf"", ""page"": 54, ""distance"": 0.4580376446247101}, {""rank"": 2, ""document"": ""gao-24-107733.pdf"", ""page"": 2, ""distance"": 0.5695397257804871}, {""rank"": 3, ""document"": ""gao-24-107231.pdf"", ""page"": 21, ""distance"": 0.5834020972251892}, {""rank"": 4, ""document"": ""gao-24-107231-highlights.pdf"", ""page"": 1, ""distance"": 0.5988318920135498}, {""rank"": 5, ""document"": ""gao-24-107231.pdf"", ""page"": 2, ""distance"": 0.5988318920135498}, {""rank"": 6, ""document"": ""gao-24-107733.pdf"", ""page"": 2, ""distance"": 0.6195393204689026}, {""rank"": 7, ""document"": ""gao-24-107231-highlights.pdf"", ""page"": 1, ""distance"": 0.6281686425209045}, {""rank"": 8, ""document"": ""gao-24-107231.pdf"", ""page"": 2, ""distance"": 0.6281686425209045}, {""rank"": 9, ""document"": ""gao-24-107231.pdf"", ""page"": 53, ""distance"": 0.6282579302787781}, {""rank"": 10, ""document"": ""d24105658.pdf"", ""page"": 75, ""distance"": 0.6513275504112244}]",1.0,1.0,True,True,0.01278479996835813
EQ033,What policy gaps remained in the National Cybersecurity Strategy and implementation plan?,They did not fully incorporate outcome-oriented performance measures or estimated resources and costs.,GAO-24-107231,PDF p. 3,1,"[{""evaluation_document"": ""GAO-24-107231"", ""indexed_document"": ""gao-24-107231.pdf"", ""expected_pages"": [3]}]","[{""rank"": 1, ""document"": ""d24106916.pdf"", ""page"": 14, ""distance"": 0.5430662035942078}]",0.0,0.0,False,False,0.009218399995006621
EQ033,What policy gaps remained in the National Cybersecurity Strategy and implementation plan?,They did not fully incorporate outcome-oriented performance measures or estimated resources and costs.,GAO-24-107231,PDF p. 3,2,"[{""evaluation_document"": ""GAO-24-107231"", ""indexed_document"": ""gao-24-107231.pdf"", ""expected_pages"": [3]}]","[{""rank"": 1, ""document"": ""d24106916.pdf"", ""page"": 14, ""distance"": 0.5430662035942078}, {""rank"": 2, ""document"": ""d24106916.pdf"", ""page"": 33, ""distance"": 0.5677154064178467}]",0.0,0.0,False,False,0.009969999955501407
EQ033,What policy gaps remained in the National Cybersecurity Strategy and implementation plan?,They did not fully incorporate outcome-oriented performance measures or estimated resources and costs.,GAO-24-107231,PDF p. 3,3,"[{""evaluation_document"": ""GAO-24-107231"", ""indexed_document"": ""gao-24-107231.pdf"", ""expected_pages"": [3]}]","[{""rank"": 1, ""document"": ""d24106916.pdf"", ""page"": 14, ""distance"": 0.5430662035942078}, {""rank"": 2, ""document"": ""d24106916.pdf"", ""page"": 33, ""distance"": 0.5677154064178467}, {""rank"": 3, ""document"": ""d24106916.pdf"", ""page"": 17, ""distance"": 0.5688803195953369}]",0.0,0.0,False,False,0.010446199972648174
EQ033,What policy gaps remained in the National Cybersecurity Strategy and implementation plan?,They did not fully incorporate outcome-oriented performance measures or estimated resources and costs.,GAO-24-107231,PDF p. 3,4,"[{""evaluation_document"": ""GAO-24-107231"", ""indexed_document"": ""gao-24-107231.pdf"", ""expected_pages"": [3]}]","[{""rank"": 1, ""document"": ""d24106916.pdf"", ""page"": 14, ""distance"": 0.5430662035942078}, {""rank"": 2, ""document"": ""d24106916.pdf"", ""page"": 33, ""distance"": 0.5677154064178467}, {""rank"": 3, ""document"": ""d24106916.pdf"", ""page"": 17, ""distance"": 0.5688803195953369}, {""rank"": 4, ""document"": ""gao-24-107231.pdf"", ""page"": 18, ""distance"": 0.5813168287277222}]",1.0,0.0,True,False,0.012088999967090786
EQ033,What policy gaps remained in the National Cybersecurity Strategy and implementation plan?,They did not fully incorporate outcome-oriented performance measures or estimated resources and costs.,GAO-24-107231,PDF p. 3,5,"[{""evaluation_document"": ""GAO-24-107231"", ""indexed_document"": ""gao-24-107231.pdf"", ""expected_pages"": [3]}]","[{""rank"": 1, ""document"": ""d24106916.pdf"", ""page"": 14, ""distance"": 0.5430662035942078}, {""rank"": 2, ""document"": ""d24106916.pdf"", ""page"": 33, ""distance"": 0.5677154064178467}, {""rank"": 3, ""document"": ""d24106916.pdf"", ""page"": 17, ""distance"": 0.5688803195953369}, {""rank"": 4, ""document"": ""gao-24-107231.pdf"", ""page"": 18, ""distance"": 0.5813168287277222}, {""rank"": 5, ""document"": ""d24106916.pdf"", ""page"": 23, ""distance"": 0.596956729888916}]",1.0,0.0,True,False,0.009785600006580353
EQ033,What policy gaps remained in the National Cybersecurity Strategy and implementation plan?,They did not fully incorporate outcome-oriented performance measures or estimated resources and costs.,GAO-24-107231,PDF p. 3,6,"[{""evaluation_document"": ""GAO-24-107231"", ""indexed_document"": ""gao-24-107231.pdf"", ""expected_pages"": [3]}]","[{""rank"": 1, ""document"": ""d24106916.pdf"", ""page"": 14, ""distance"": 0.5430662035942078}, {""rank"": 2, ""document"": ""d24106916.pdf"", ""page"": 33, ""distance"": 0.5677154064178467}, {""rank"": 3, ""document"": ""d24106916.pdf"", ""page"": 17, ""distance"": 0.5688803195953369}, {""rank"": 4, ""document"": ""gao-24-107231.pdf"", ""page"": 18, ""distance"": 0.5813168287277222}, {""rank"": 5, ""document"": ""d24106916.pdf"", ""page"": 23, ""distance"": 0.596956729888916}, {""rank"": 6, ""document"": ""d24106916.pdf"", ""page"": 3, ""distance"": 0.6046451330184937}]",1.0,0.0,True,False,0.012725800042971969
EQ033,What policy gaps remained in the National Cybersecurity Strategy and implementation plan?,They did not fully incorporate outcome-oriented performance measures or estimated resources and costs.,GAO-24-107231,PDF p. 3,7,"[{""evaluation_document"": ""GAO-24-107231"", ""indexed_document"": ""gao-24-107231.pdf"", ""expected_pages"": [3]}]","[{""rank"": 1, ""document"": ""d24106916.pdf"", ""page"": 14, ""distance"": 0.5430662035942078}, {""rank"": 2, ""document"": ""d24106916.pdf"", ""page"": 33, ""distance"": 0.5677154064178467}, {""rank"": 3, ""document"": ""d24106916.pdf"", ""page"": 17, ""distance"": 0.5688803195953369}, {""rank"": 4, ""document"": ""gao-24-107231.pdf"", ""page"": 18, ""distance"": 0.5813168287277222}, {""rank"": 5, ""document"": ""d24106916.pdf"", ""page"": 23, ""distance"": 0.596956729888916}, {""rank"": 6, ""document"": ""d24106916.pdf"", ""page"": 3, ""distance"": 0.6046451330184937}, {""rank"": 7, ""document"": ""d24106916.pdf"", ""page"": 16, ""distance"": 0.6090284585952759}]",1.0,0.0,True,False,0.011542800057213753
EQ033,What policy gaps remained in the National Cybersecurity Strategy and implementation plan?,They did not fully incorporate outcome-oriented performance measures or estimated resources and costs.,GAO-24-107231,PDF p. 3,8,"[{""evaluation_document"": ""GAO-24-107231"", ""indexed_document"": ""gao-24-107231.pdf"", ""expected_pages"": [3]}]","[{""rank"": 1, ""document"": ""d24106916.pdf"", ""page"": 14, ""distance"": 0.5430662035942078}, {""rank"": 2, ""document"": ""d24106916.pdf"", ""page"": 33, ""distance"": 0.5677154064178467}, {""rank"": 3, ""document"": ""d24106916.pdf"", ""page"": 17, ""distance"": 0.5688803195953369}, {""rank"": 4, ""document"": ""gao-24-107231.pdf"", ""page"": 18, ""distance"": 0.5813168287277222}, {""rank"": 5, ""document"": ""d24106916.pdf"", ""page"": 23, ""distance"": 0.596956729888916}, {""rank"": 6, ""document"": ""d24106916.pdf"", ""page"": 3, ""distance"": 0.6046451330184937}, {""rank"": 7, ""document"": ""d24106916.pdf"", ""page"": 16, ""distance"": 0.6090284585952759}, {""rank"": 8, ""document"": ""d24106916.pdf"", ""page"": 20, ""distance"": 0.6144039630889893}]",1.0,0.0,True,False,0.011993899999652058
EQ033,What policy gaps remained in the National Cybersecurity Strategy and implementation plan?,They did not fully incorporate outcome-oriented performance measures or estimated resources and costs.,GAO-24-107231,PDF p. 3,9,"[{""evaluation_document"": ""GAO-24-107231"", ""indexed_document"": ""gao-24-107231.pdf"", ""expected_pages"": [3]}]","[{""rank"": 1, ""document"": ""d24106916.pdf"", ""page"": 14, ""distance"": 0.5430662035942078}, {""rank"": 2, ""document"": ""d24106916.pdf"", ""page"": 33, ""distance"": 0.5677154064178467}, {""rank"": 3, ""document"": ""d24106916.pdf"", ""page"": 17, ""distance"": 0.5688803195953369}, {""rank"": 4, ""document"": ""gao-24-107231.pdf"", ""page"": 18, ""distance"": 0.5813168287277222}, {""rank"": 5, ""document"": ""d24106916.pdf"", ""page"": 23, ""distance"": 0.596956729888916}, {""rank"": 6, ""document"": ""d24106916.pdf"", ""page"": 3, ""distance"": 0.6046451330184937}, {""rank"": 7, ""document"": ""d24106916.pdf"", ""page"": 16, ""distance"": 0.6090284585952759}, {""rank"": 8, ""document"": ""d24106916.pdf"", ""page"": 20, ""distance"": 0.6144039630889893}, {""rank"": 9, ""document"": ""d24106916.pdf"", ""page"": 13, ""distance"": 0.629763662815094}]",1.0,0.0,True,False,0.011567700013983995
EQ033,What policy gaps remained in the National Cybersecurity Strategy and implementation plan?,They did not fully incorporate outcome-oriented performance measures or estimated resources and costs.,GAO-24-107231,PDF p. 3,10,"[{""evaluation_document"": ""GAO-24-107231"", ""indexed_document"": ""gao-24-107231.pdf"", ""expected_pages"": [3]}]","[{""rank"": 1, ""document"": ""d24106916.pdf"", ""page"": 14, ""distance"": 0.5430662035942078}, {""rank"": 2, ""document"": ""d24106916.pdf"", ""page"": 33, ""distance"": 0.5677154064178467}, {""rank"": 3, ""document"": ""d24106916.pdf"", ""page"": 17, ""distance"": 0.5688803195953369}, {""rank"": 4, ""document"": ""gao-24-107231.pdf"", ""page"": 18, ""distance"": 0.5813168287277222}, {""rank"": 5, ""document"": ""d24106916.pdf"", ""page"": 23, ""distance"": 0.596956729888916}, {""rank"": 6, ""document"": ""d24106916.pdf"", ""page"": 3, ""distance"": 0.6046451330184937}, {""rank"": 7, ""document"": ""d24106916.pdf"", ""page"": 16, ""distance"": 0.6090284585952759}, {""rank"": 8, ""document"": ""d24106916.pdf"", ""page"": 20, ""distance"": 0.6144039630889893}, {""rank"": 9, ""document"": ""d24106916.pdf"", ""page"": 13, ""distance"": 0.629763662815094}, {""rank"": 10, ""document"": ""d24106916.pdf"", ""page"": 27, ""distance"": 0.6355142593383789}]",1.0,0.0,True,False,0.0142782999901101
EQ034,What policy issue did GAO find in CISA's coordination on OT risks?,CISA had not fully addressed any of five selected leading collaboration practices with seven selected agencies.,GAO-24-106576,PDF p. 3,1,"[{""evaluation_document"": ""GAO-24-106576"", ""indexed_document"": ""d24106576.pdf"", ""expected_pages"": [3]}]","[{""rank"": 1, ""document"": ""d24106576.pdf"", ""page"": 2, ""distance"": 0.7421483993530273}]",1.0,0.0,True,False,0.010331399971619248
EQ034,What policy issue did GAO find in CISA's coordination on OT risks?,CISA had not fully addressed any of five selected leading collaboration practices with seven selected agencies.,GAO-24-106576,PDF p. 3,2,"[{""evaluation_document"": ""GAO-24-106576"", ""indexed_document"": ""d24106576.pdf"", ""expected_pages"": [3]}]","[{""rank"": 1, ""document"": ""d24106576.pdf"", ""page"": 2, ""distance"": 0.7421483993530273}, {""rank"": 2, ""document"": ""d24106576.pdf"", ""page"": 3, ""distance"": 0.7698779702186584}]",1.0,1.0,True,True,0.012726599990855902
EQ034,What policy issue did GAO find in CISA's coordination on OT risks?,CISA had not fully addressed any of five selected leading collaboration practices with seven selected agencies.,GAO-24-106576,PDF p. 3,3,"[{""evaluation_document"": ""GAO-24-106576"", ""indexed_document"": ""d24106576.pdf"", ""expected_pages"": [3]}]","[{""rank"": 1, ""document"": ""d24106576.pdf"", ""page"": 2, ""distance"": 0.7421483993530273}, {""rank"": 2, ""document"": ""d24106576.pdf"", ""page"": 3, ""distance"": 0.7698779702186584}, {""rank"": 3, ""document"": ""d24106576.pdf"", ""page"": 62, ""distance"": 0.7966769933700562}]",1.0,1.0,True,True,0.012508899962995201
EQ034,What policy issue did GAO find in CISA's coordination on OT risks?,CISA had not fully addressed any of five selected leading collaboration practices with seven selected agencies.,GAO-24-106576,PDF p. 3,4,"[{""evaluation_document"": ""GAO-24-106576"", ""indexed_document"": ""d24106576.pdf"", ""expected_pages"": [3]}]","[{""rank"": 1, ""document"": ""d24106576.pdf"", ""page"": 2, ""distance"": 0.7421483993530273}, {""rank"": 2, ""document"": ""d24106576.pdf"", ""page"": 3, ""distance"": 0.7698779702186584}, {""rank"": 3, ""document"": ""d24106576.pdf"", ""page"": 62, ""distance"": 0.7966769933700562}, {""rank"": 4, ""document"": ""d24106576.pdf"", ""page"": 40, ""distance"": 0.8070309162139893}]",1.0,1.0,True,True,0.01204850000794977
EQ034,What policy issue did GAO find in CISA's coordination on OT risks?,CISA had not fully addressed any of five selected leading collaboration practices with seven selected agencies.,GAO-24-106576,PDF p. 3,5,"[{""evaluation_document"": ""GAO-24-106576"", ""indexed_document"": ""d24106576.pdf"", ""expected_pages"": [3]}]","[{""rank"": 1, ""document"": ""d24106576.pdf"", ""page"": 2, ""distance"": 0.7421483993530273}, {""rank"": 2, ""document"": ""d24106576.pdf"", ""page"": 3, ""distance"": 0.7698779702186584}, {""rank"": 3, ""document"": ""d24106576.pdf"", ""page"": 62, ""distance"": 0.7966769933700562}, {""rank"": 4, ""document"": ""d24106576.pdf"", ""page"": 40, ""distance"": 0.8070309162139893}, {""rank"": 5, ""document"": ""d24106576.pdf"", ""page"": 41, ""distance"": 0.8173143863677979}]",1.0,1.0,True,True,0.01329740002984181
EQ034,What policy issue did GAO find in CISA's coordination on OT risks?,CISA had not fully addressed any of five selected leading collaboration practices with seven selected agencies.,GAO-24-106576,PDF p. 3,6,"[{""evaluation_document"": ""GAO-24-106576"", ""indexed_document"": ""d24106576.pdf"", ""expected_pages"": [3]}]","[{""rank"": 1, ""document"": ""d24106576.pdf"", ""page"": 2, ""distance"": 0.7421483993530273}, {""rank"": 2, ""document"": ""d24106576.pdf"", ""page"": 3, ""distance"": 0.7698779702186584}, {""rank"": 3, ""document"": ""d24106576.pdf"", ""page"": 62, ""distance"": 0.7966769933700562}, {""rank"": 4, ""document"": ""d24106576.pdf"", ""page"": 40, ""distance"": 0.8070309162139893}, {""rank"": 5, ""document"": ""d24106576.pdf"", ""page"": 41, ""distance"": 0.8173143863677979}, {""rank"": 6, ""document"": ""gao-24-107231.pdf"", ""page"": 57, ""distance"": 0.8173227310180664}]",1.0,1.0,True,True,0.011225399968679994
EQ034,What policy issue did GAO find in CISA's coordination on OT risks?,CISA had not fully addressed any of five selected leading collaboration practices with seven selected agencies.,GAO-24-106576,PDF p. 3,7,"[{""evaluation_document"": ""GAO-24-106576"", ""indexed_document"": ""d24106576.pdf"", ""expected_pages"": [3]}]","[{""rank"": 1, ""document"": ""d24106576.pdf"", ""page"": 2, ""distance"": 0.7421483993530273}, {""rank"": 2, ""document"": ""d24106576.pdf"", ""page"": 3, ""distance"": 0.7698779702186584}, {""rank"": 3, ""document"": ""d24106576.pdf"", ""page"": 62, ""distance"": 0.7966769933700562}, {""rank"": 4, ""document"": ""d24106576.pdf"", ""page"": 40, ""distance"": 0.8070309162139893}, {""rank"": 5, ""document"": ""d24106576.pdf"", ""page"": 41, ""distance"": 0.8173143863677979}, {""rank"": 6, ""document"": ""gao-24-107231.pdf"", ""page"": 57, ""distance"": 0.8173227310180664}, {""rank"": 7, ""document"": ""d24106576.pdf"", ""page"": 4, ""distance"": 0.8464411497116089}]",1.0,1.0,True,True,0.010476499970536679
EQ034,What policy issue did GAO find in CISA's coordination on OT risks?,CISA had not fully addressed any of five selected leading collaboration practices with seven selected agencies.,GAO-24-106576,PDF p. 3,8,"[{""evaluation_document"": ""GAO-24-106576"", ""indexed_document"": ""d24106576.pdf"", ""expected_pages"": [3]}]","[{""rank"": 1, ""document"": ""d24106576.pdf"", ""page"": 2, ""distance"": 0.7421483993530273}, {""rank"": 2, ""document"": ""d24106576.pdf"", ""page"": 3, ""distance"": 0.7698779702186584}, {""rank"": 3, ""document"": ""d24106576.pdf"", ""page"": 62, ""distance"": 0.7966769933700562}, {""rank"": 4, ""document"": ""d24106576.pdf"", ""page"": 40, ""distance"": 0.8070309162139893}, {""rank"": 5, ""document"": ""d24106576.pdf"", ""page"": 41, ""distance"": 0.8173143863677979}, {""rank"": 6, ""document"": ""gao-24-107231.pdf"", ""page"": 57, ""distance"": 0.8173227310180664}, {""rank"": 7, ""document"": ""d24106576.pdf"", ""page"": 4, ""distance"": 0.8464411497116089}, {""rank"": 8, ""document"": ""d24106576.pdf"", ""page"": 38, ""distance"": 0.8472691774368286}]",1.0,1.0,True,True,0.011256899975705892
EQ034,What policy issue did GAO find in CISA's coordination on OT risks?,CISA had not fully addressed any of five selected leading collaboration practices with seven selected agencies.,GAO-24-106576,PDF p. 3,9,"[{""evaluation_document"": ""GAO-24-106576"", ""indexed_document"": ""d24106576.pdf"", ""expected_pages"": [3]}]","[{""rank"": 1, ""document"": ""d24106576.pdf"", ""page"": 2, ""distance"": 0.7421483993530273}, {""rank"": 2, ""document"": ""d24106576.pdf"", ""page"": 3, ""distance"": 0.7698779702186584}, {""rank"": 3, ""document"": ""d24106576.pdf"", ""page"": 62, ""distance"": 0.7966769933700562}, {""rank"": 4, ""document"": ""d24106576.pdf"", ""page"": 40, ""distance"": 0.8070309162139893}, {""rank"": 5, ""document"": ""d24106576.pdf"", ""page"": 41, ""distance"": 0.8173143863677979}, {""rank"": 6, ""document"": ""gao-24-107231.pdf"", ""page"": 57, ""distance"": 0.8173227310180664}, {""rank"": 7, ""document"": ""d24106576.pdf"", ""page"": 4, ""distance"": 0.8464411497116089}, {""rank"": 8, ""document"": ""d24106576.pdf"", ""page"": 38, ""distance"": 0.8472691774368286}, {""rank"": 9, ""document"": ""d24106576.pdf"", ""page"": 33, ""distance"": 0.8560641407966614}]",1.0,1.0,True,True,0.014976800011936575
EQ034,What policy issue did GAO find in CISA's coordination on OT risks?,CISA had not fully addressed any of five selected leading collaboration practices with seven selected agencies.,GAO-24-106576,PDF p. 3,10,"[{""evaluation_document"": ""GAO-24-106576"", ""indexed_document"": ""d24106576.pdf"", ""expected_pages"": [3]}]","[{""rank"": 1, ""document"": ""d24106576.pdf"", ""page"": 2, ""distance"": 0.7421483993530273}, {""rank"": 2, ""document"": ""d24106576.pdf"", ""page"": 3, ""distance"": 0.7698779702186584}, {""rank"": 3, ""document"": ""d24106576.pdf"", ""page"": 62, ""distance"": 0.7966769933700562}, {""rank"": 4, ""document"": ""d24106576.pdf"", ""page"": 40, ""distance"": 0.8070309162139893}, {""rank"": 5, ""document"": ""d24106576.pdf"", ""page"": 41, ""distance"": 0.8173143863677979}, {""rank"": 6, ""document"": ""gao-24-107231.pdf"", ""page"": 57, ""distance"": 0.8173227310180664}, {""rank"": 7, ""document"": ""d24106576.pdf"", ""page"": 4, ""distance"": 0.8464411497116089}, {""rank"": 8, ""document"": ""d24106576.pdf"", ""page"": 38, ""distance"": 0.8472691774368286}, {""rank"": 9, ""document"": ""d24106576.pdf"", ""page"": 33, ""distance"": 0.8560641407966614}, {""rank"": 10, ""document"": ""d24106576.pdf"", ""page"": 35, ""distance"": 0.8602778315544128}]",1.0,1.0,True,True,0.010894100007135421
EQ035,What policy issue did GAO identify with the security of NIH's information systems?,"NIH had deficiencies across identifying risk, protecting systems, detecting and responding to events, and recovering operations.",GAO-22-104467,PDF p. 1,1,"[{""evaluation_document"": ""GAO-22-104467"", ""indexed_document"": ""gao-22-104467-highlights.pdf"", ""expected_pages"": [1]}]","[{""rank"": 1, ""document"": ""gao-22-104467-highlights.pdf"", ""page"": 1, ""distance"": 0.47849711775779724}]",1.0,1.0,True,True,0.0118219000287354
EQ035,What policy issue did GAO identify with the security of NIH's information systems?,"NIH had deficiencies across identifying risk, protecting systems, detecting and responding to events, and recovering operations.",GAO-22-104467,PDF p. 1,2,"[{""evaluation_document"": ""GAO-22-104467"", ""indexed_document"": ""gao-22-104467-highlights.pdf"", ""expected_pages"": [1]}]","[{""rank"": 1, ""document"": ""gao-22-104467-highlights.pdf"", ""page"": 1, ""distance"": 0.47849711775779724}, {""rank"": 2, ""document"": ""gao-22-104467-highlights.pdf"", ""page"": 1, ""distance"": 0.6447888612747192}]",1.0,1.0,True,True,0.012357400031760335
EQ035,What policy issue did GAO identify with the security of NIH's information systems?,"NIH had deficiencies across identifying risk, protecting systems, detecting and responding to events, and recovering operations.",GAO-22-104467,PDF p. 1,3,"[{""evaluation_document"": ""GAO-22-104467"", ""indexed_document"": ""gao-22-104467-highlights.pdf"", ""expected_pages"": [1]}]","[{""rank"": 1, ""document"": ""gao-22-104467-highlights.pdf"", ""page"": 1, ""distance"": 0.47849711775779724}, {""rank"": 2, ""document"": ""gao-22-104467-highlights.pdf"", ""page"": 1, ""distance"": 0.6447888612747192}, {""rank"": 3, ""document"": ""gao-16-885t.pdf"", ""page"": 2, ""distance"": 0.845524787902832}]",1.0,1.0,True,True,0.010985000000800937
EQ035,What policy issue did GAO identify with the security of NIH's information systems?,"NIH had deficiencies across identifying risk, protecting systems, detecting and responding to events, and recovering operations.",GAO-22-104467,PDF p. 1,4,"[{""evaluation_document"": ""GAO-22-104467"", ""indexed_document"": ""gao-22-104467-highlights.pdf"", ""expected_pages"": [1]}]","[{""rank"": 1, ""document"": ""gao-22-104467-highlights.pdf"", ""page"": 1, ""distance"": 0.47849711775779724}, {""rank"": 2, ""document"": ""gao-22-104467-highlights.pdf"", ""page"": 1, ""distance"": 0.6447888612747192}, {""rank"": 3, ""document"": ""gao-16-885t.pdf"", ""page"": 2, ""distance"": 0.845524787902832}, {""rank"": 4, ""document"": ""gao-16-885t.pdf"", ""page"": 8, ""distance"": 0.8491220474243164}]",1.0,1.0,True,True,0.011658000003080815
EQ035,What policy issue did GAO identify with the security of NIH's information systems?,"NIH had deficiencies across identifying risk, protecting systems, detecting and responding to events, and recovering operations.",GAO-22-104467,PDF p. 1,5,"[{""evaluation_document"": ""GAO-22-104467"", ""indexed_document"": ""gao-22-104467-highlights.pdf"", ""expected_pages"": [1]}]","[{""rank"": 1, ""document"": ""gao-22-104467-highlights.pdf"", ""page"": 1, ""distance"": 0.47849711775779724}, {""rank"": 2, ""document"": ""gao-22-104467-highlights.pdf"", ""page"": 1, ""distance"": 0.6447888612747192}, {""rank"": 3, ""document"": ""gao-16-885t.pdf"", ""page"": 2, ""distance"": 0.845524787902832}, {""rank"": 4, ""document"": ""gao-16-885t.pdf"", ""page"": 8, ""distance"": 0.8491220474243164}, {""rank"": 5, ""document"": ""gao-16-885t.pdf"", ""page"": 6, ""distance"": 0.8621614575386047}]",1.0,1.0,True,True,0.013110300002153963
EQ035,What policy issue did GAO identify with the security of NIH's information systems?,"NIH had deficiencies across identifying risk, protecting systems, detecting and responding to events, and recovering operations.",GAO-22-104467,PDF p. 1,6,"[{""evaluation_document"": ""GAO-22-104467"", ""indexed_document"": ""gao-22-104467-highlights.pdf"", ""expected_pages"": [1]}]","[{""rank"": 1, ""document"": ""gao-22-104467-highlights.pdf"", ""page"": 1, ""distance"": 0.47849711775779724}, {""rank"": 2, ""document"": ""gao-22-104467-highlights.pdf"", ""page"": 1, ""distance"": 0.6447888612747192}, {""rank"": 3, ""document"": ""gao-16-885t.pdf"", ""page"": 2, ""distance"": 0.845524787902832}, {""rank"": 4, ""document"": ""gao-16-885t.pdf"", ""page"": 8, ""distance"": 0.8491220474243164}, {""rank"": 5, ""document"": ""gao-16-885t.pdf"", ""page"": 6, ""distance"": 0.8621614575386047}, {""rank"": 6, ""document"": ""gao-24-107231-highlights.pdf"", ""page"": 1, ""distance"": 0.862762987613678}]",1.0,1.0,True,True,0.012925099988933653
EQ035,What policy issue did GAO identify with the security of NIH's information systems?,"NIH had deficiencies across identifying risk, protecting systems, detecting and responding to events, and recovering operations.",GAO-22-104467,PDF p. 1,7,"[{""evaluation_document"": ""GAO-22-104467"", ""indexed_document"": ""gao-22-104467-highlights.pdf"", ""expected_pages"": [1]}]","[{""rank"": 1, ""document"": ""gao-22-104467-highlights.pdf"", ""page"": 1, ""distance"": 0.47849711775779724}, {""rank"": 2, ""document"": ""gao-22-104467-highlights.pdf"", ""page"": 1, ""distance"": 0.6447888612747192}, {""rank"": 3, ""document"": ""gao-16-885t.pdf"", ""page"": 2, ""distance"": 0.845524787902832}, {""rank"": 4, ""document"": ""gao-16-885t.pdf"", ""page"": 8, ""distance"": 0.8491220474243164}, {""rank"": 5, ""document"": ""gao-16-885t.pdf"", ""page"": 6, ""distance"": 0.8621614575386047}, {""rank"": 6, ""document"": ""gao-24-107231-highlights.pdf"", ""page"": 1, ""distance"": 0.862762987613678}, {""rank"": 7, ""document"": ""gao-24-107231.pdf"", ""page"": 2, ""distance"": 0.862762987613678}]",1.0,1.0,True,True,0.012823599972762167
EQ035,What policy issue did GAO identify with the security of NIH's information systems?,"NIH had deficiencies across identifying risk, protecting systems, detecting and responding to events, and recovering operations.",GAO-22-104467,PDF p. 1,8,"[{""evaluation_document"": ""GAO-22-104467"", ""indexed_document"": ""gao-22-104467-highlights.pdf"", ""expected_pages"": [1]}]","[{""rank"": 1, ""document"": ""gao-22-104467-highlights.pdf"", ""page"": 1, ""distance"": 0.47849711775779724}, {""rank"": 2, ""document"": ""gao-22-104467-highlights.pdf"", ""page"": 1, ""distance"": 0.6447888612747192}, {""rank"": 3, ""document"": ""gao-16-885t.pdf"", ""page"": 2, ""distance"": 0.845524787902832}, {""rank"": 4, ""document"": ""gao-16-885t.pdf"", ""page"": 8, ""distance"": 0.8491220474243164}, {""rank"": 5, ""document"": ""gao-16-885t.pdf"", ""page"": 6, ""distance"": 0.8621614575386047}, {""rank"": 6, ""document"": ""gao-24-107231-highlights.pdf"", ""page"": 1, ""distance"": 0.862762987613678}, {""rank"": 7, ""document"": ""gao-24-107231.pdf"", ""page"": 2, ""distance"": 0.862762987613678}, {""rank"": 8, ""document"": ""gao-16-885t.pdf"", ""page"": 7, ""distance"": 0.8649144768714905}]",1.0,1.0,True,True,0.010398500016890466
EQ035,What policy issue did GAO identify with the security of NIH's information systems?,"NIH had deficiencies across identifying risk, protecting systems, detecting and responding to events, and recovering operations.",GAO-22-104467,PDF p. 1,9,"[{""evaluation_document"": ""GAO-22-104467"", ""indexed_document"": ""gao-22-104467-highlights.pdf"", ""expected_pages"": [1]}]","[{""rank"": 1, ""document"": ""gao-22-104467-highlights.pdf"", ""page"": 1, ""distance"": 0.47849711775779724}, {""rank"": 2, ""document"": ""gao-22-104467-highlights.pdf"", ""page"": 1, ""distance"": 0.6447888612747192}, {""rank"": 3, ""document"": ""gao-16-885t.pdf"", ""page"": 2, ""distance"": 0.845524787902832}, {""rank"": 4, ""document"": ""gao-16-885t.pdf"", ""page"": 8, ""distance"": 0.8491220474243164}, {""rank"": 5, ""document"": ""gao-16-885t.pdf"", ""page"": 6, ""distance"": 0.8621614575386047}, {""rank"": 6, ""document"": ""gao-24-107231-highlights.pdf"", ""page"": 1, ""distance"": 0.862762987613678}, {""rank"": 7, ""document"": ""gao-24-107231.pdf"", ""page"": 2, ""distance"": 0.862762987613678}, {""rank"": 8, ""document"": ""gao-16-885t.pdf"", ""page"": 7, ""distance"": 0.8649144768714905}, {""rank"": 9, ""document"": ""gao-16-885t.pdf"", ""page"": 9, ""distance"": 0.8756564855575562}]",1.0,1.0,True,True,0.013028000015765429
EQ035,What policy issue did GAO identify with the security of NIH's information systems?,"NIH had deficiencies across identifying risk, protecting systems, detecting and responding to events, and recovering operations.",GAO-22-104467,PDF p. 1,10,"[{""evaluation_document"": ""GAO-22-104467"", ""indexed_document"": ""gao-22-104467-highlights.pdf"", ""expected_pages"": [1]}]","[{""rank"": 1, ""document"": ""gao-22-104467-highlights.pdf"", ""page"": 1, ""distance"": 0.47849711775779724}, {""rank"": 2, ""document"": ""gao-22-104467-highlights.pdf"", ""page"": 1, ""distance"": 0.6447888612747192}, {""rank"": 3, ""document"": ""gao-16-885t.pdf"", ""page"": 2, ""distance"": 0.845524787902832}, {""rank"": 4, ""document"": ""gao-16-885t.pdf"", ""page"": 8, ""distance"": 0.8491220474243164}, {""rank"": 5, ""document"": ""gao-16-885t.pdf"", ""page"": 6, ""distance"": 0.8621614575386047}, {""rank"": 6, ""document"": ""gao-24-107231-highlights.pdf"", ""page"": 1, ""distance"": 0.862762987613678}, {""rank"": 7, ""document"": ""gao-24-107231.pdf"", ""page"": 2, ""distance"": 0.862762987613678}, {""rank"": 8, ""document"": ""gao-16-885t.pdf"", ""page"": 7, ""distance"": 0.8649144768714905}, {""rank"": 9, ""document"": ""gao-16-885t.pdf"", ""page"": 9, ""distance"": 0.8756564855575562}, {""rank"": 10, ""document"": ""gao-26-900644.pdf"", ""page"": 81, ""distance"": 0.8756808042526245}]",1.0,1.0,True,True,0.013338399992790073
EQ036,What policy approach should agencies use for cybersecurity technologies protecting critical infrastructure?,"They should use a cybersecurity framework that determines security requirements, performs risk assessments, establishes policy, and selects appropriate technologies.",GAO-04-321,PDF p. 1,1,"[{""evaluation_document"": ""GAO-04-321"", ""indexed_document"": ""gao-04-321-highlights.pdf"", ""expected_pages"": [1]}]","[{""rank"": 1, ""document"": ""gao-23-105480.pdf"", ""page"": 46, ""distance"": 0.6579741835594177}]",0.0,0.0,False,False,0.01149730000179261
EQ036,What policy approach should agencies use for cybersecurity technologies protecting critical infrastructure?,"They should use a cybersecurity framework that determines security requirements, performs risk assessments, establishes policy, and selects appropriate technologies.",GAO-04-321,PDF p. 1,2,"[{""evaluation_document"": ""GAO-04-321"", ""indexed_document"": ""gao-04-321-highlights.pdf"", ""expected_pages"": [1]}]","[{""rank"": 1, ""document"": ""gao-23-105480.pdf"", ""page"": 46, ""distance"": 0.6579741835594177}, {""rank"": 2, ""document"": ""gao-04-321-highlights.pdf"", ""page"": 1, ""distance"": 0.6788626313209534}]",1.0,1.0,True,True,0.010583699971903116
EQ036,What policy approach should agencies use for cybersecurity technologies protecting critical infrastructure?,"They should use a cybersecurity framework that determines security requirements, performs risk assessments, establishes policy, and selects appropriate technologies.",GAO-04-321,PDF p. 1,3,"[{""evaluation_document"": ""GAO-04-321"", ""indexed_document"": ""gao-04-321-highlights.pdf"", ""expected_pages"": [1]}]","[{""rank"": 1, ""document"": ""gao-23-105480.pdf"", ""page"": 46, ""distance"": 0.6579741835594177}, {""rank"": 2, ""document"": ""gao-04-321-highlights.pdf"", ""page"": 1, ""distance"": 0.6788626313209534}, {""rank"": 3, ""document"": ""gao-24-107231.pdf"", ""page"": 60, ""distance"": 0.6835601329803467}]",1.0,1.0,True,True,0.011681800009682775
EQ036,What policy approach should agencies use for cybersecurity technologies protecting critical infrastructure?,"They should use a cybersecurity framework that determines security requirements, performs risk assessments, establishes policy, and selects appropriate technologies.",GAO-04-321,PDF p. 1,4,"[{""evaluation_document"": ""GAO-04-321"", ""indexed_document"": ""gao-04-321-highlights.pdf"", ""expected_pages"": [1]}]","[{""rank"": 1, ""document"": ""gao-23-105480.pdf"", ""page"": 46, ""distance"": 0.6579741835594177}, {""rank"": 2, ""document"": ""gao-04-321-highlights.pdf"", ""page"": 1, ""distance"": 0.6788626313209534}, {""rank"": 3, ""document"": ""gao-24-107231.pdf"", ""page"": 60, ""distance"": 0.6835601329803467}, {""rank"": 4, ""document"": ""gao-24-107231.pdf"", ""page"": 4, ""distance"": 0.684213399887085}]",1.0,1.0,True,True,0.012506899947766215
EQ036,What policy approach should agencies use for cybersecurity technologies protecting critical infrastructure?,"They should use a cybersecurity framework that determines security requirements, performs risk assessments, establishes policy, and selects appropriate technologies.",GAO-04-321,PDF p. 1,5,"[{""evaluation_document"": ""GAO-04-321"", ""indexed_document"": ""gao-04-321-highlights.pdf"", ""expected_pages"": [1]}]","[{""rank"": 1, ""document"": ""gao-23-105480.pdf"", ""page"": 46, ""distance"": 0.6579741835594177}, {""rank"": 2, ""document"": ""gao-04-321-highlights.pdf"", ""page"": 1, ""distance"": 0.6788626313209534}, {""rank"": 3, ""document"": ""gao-24-107231.pdf"", ""page"": 60, ""distance"": 0.6835601329803467}, {""rank"": 4, ""document"": ""gao-24-107231-highlights.pdf"", ""page"": 3, ""distance"": 0.684213399887085}, {""rank"": 5, ""document"": ""gao-24-107231.pdf"", ""page"": 4, ""distance"": 0.684213399887085}]",1.0,1.0,True,True,0.009975399996619672
EQ036,What policy approach should agencies use for cybersecurity technologies protecting critical infrastructure?,"They should use a cybersecurity framework that determines security requirements, performs risk assessments, establishes policy, and selects appropriate technologies.",GAO-04-321,PDF p. 1,6,"[{""evaluation_document"": ""GAO-04-321"", ""indexed_document"": ""gao-04-321-highlights.pdf"", ""expected_pages"": [1]}]","[{""rank"": 1, ""document"": ""gao-23-105480.pdf"", ""page"": 46, ""distance"": 0.6579741835594177}, {""rank"": 2, ""document"": ""gao-04-321-highlights.pdf"", ""page"": 1, ""distance"": 0.6788626313209534}, {""rank"": 3, ""document"": ""gao-24-107231.pdf"", ""page"": 60, ""distance"": 0.6835601329803467}, {""rank"": 4, ""document"": ""gao-24-107231-highlights.pdf"", ""page"": 3, ""distance"": 0.684213399887085}, {""rank"": 5, ""document"": ""gao-24-107231.pdf"", ""page"": 4, ""distance"": 0.684213399887085}, {""rank"": 6, ""document"": ""gao-24-107231.pdf"", ""page"": 53, ""distance"": 0.691205620765686}]",1.0,1.0,True,True,0.012254100001882762
EQ036,What policy approach should agencies use for cybersecurity technologies protecting critical infrastructure?,"They should use a cybersecurity framework that determines security requirements, performs risk assessments, establishes policy, and selects appropriate technologies.",GAO-04-321,PDF p. 1,7,"[{""evaluation_document"": ""GAO-04-321"", ""indexed_document"": ""gao-04-321-highlights.pdf"", ""expected_pages"": [1]}]","[{""rank"": 1, ""document"": ""gao-23-105480.pdf"", ""page"": 46, ""distance"": 0.6579741835594177}, {""rank"": 2, ""document"": ""gao-04-321-highlights.pdf"", ""page"": 1, ""distance"": 0.6788626313209534}, {""rank"": 3, ""document"": ""gao-24-107231.pdf"", ""page"": 60, ""distance"": 0.6835601329803467}, {""rank"": 4, ""document"": ""gao-24-107231-highlights.pdf"", ""page"": 3, ""distance"": 0.684213399887085}, {""rank"": 5, ""document"": ""gao-24-107231.pdf"", ""page"": 4, ""distance"": 0.684213399887085}, {""rank"": 6, ""document"": ""gao-24-107231.pdf"", ""page"": 53, ""distance"": 0.691205620765686}, {""rank"": 7, ""document"": ""gao-24-107231.pdf"", ""page"": 88, ""distance"": 0.6985479593276978}]",1.0,1.0,True,True,0.012208100000862032
EQ036,What policy approach should agencies use for cybersecurity technologies protecting critical infrastructure?,"They should use a cybersecurity framework that determines security requirements, performs risk assessments, establishes policy, and selects appropriate technologies.",GAO-04-321,PDF p. 1,8,"[{""evaluation_document"": ""GAO-04-321"", ""indexed_document"": ""gao-04-321-highlights.pdf"", ""expected_pages"": [1]}]","[{""rank"": 1, ""document"": ""gao-23-105480.pdf"", ""page"": 46, ""distance"": 0.6579741835594177}, {""rank"": 2, ""document"": ""gao-04-321-highlights.pdf"", ""page"": 1, ""distance"": 0.6788626313209534}, {""rank"": 3, ""document"": ""gao-24-107231.pdf"", ""page"": 60, ""distance"": 0.6835601329803467}, {""rank"": 4, ""document"": ""gao-24-107231-highlights.pdf"", ""page"": 3, ""distance"": 0.684213399887085}, {""rank"": 5, ""document"": ""gao-24-107231.pdf"", ""page"": 4, ""distance"": 0.684213399887085}, {""rank"": 6, ""document"": ""gao-24-107231.pdf"", ""page"": 53, ""distance"": 0.691205620765686}, {""rank"": 7, ""document"": ""gao-24-107231.pdf"", ""page"": 88, ""distance"": 0.6985479593276978}, {""rank"": 8, ""document"": ""d24106576.pdf"", ""page"": 39, ""distance"": 0.7033137083053589}]",1.0,1.0,True,True,0.011953400040511042
EQ036,What policy approach should agencies use for cybersecurity technologies protecting critical infrastructure?,"They should use a cybersecurity framework that determines security requirements, performs risk assessments, establishes policy, and selects appropriate technologies.",GAO-04-321,PDF p. 1,9,"[{""evaluation_document"": ""GAO-04-321"", ""indexed_document"": ""gao-04-321-highlights.pdf"", ""expected_pages"": [1]}]","[{""rank"": 1, ""document"": ""gao-23-105480.pdf"", ""page"": 46, ""distance"": 0.6579741835594177}, {""rank"": 2, ""document"": ""gao-04-321-highlights.pdf"", ""page"": 1, ""distance"": 0.6788626313209534}, {""rank"": 3, ""document"": ""gao-24-107231.pdf"", ""page"": 60, ""distance"": 0.6835601329803467}, {""rank"": 4, ""document"": ""gao-24-107231-highlights.pdf"", ""page"": 3, ""distance"": 0.684213399887085}, {""rank"": 5, ""document"": ""gao-24-107231.pdf"", ""page"": 4, ""distance"": 0.684213399887085}, {""rank"": 6, ""document"": ""gao-24-107231.pdf"", ""page"": 53, ""distance"": 0.691205620765686}, {""rank"": 7, ""document"": ""gao-24-107231.pdf"", ""page"": 88, ""distance"": 0.6985479593276978}, {""rank"": 8, ""document"": ""d24106576.pdf"", ""page"": 39, ""distance"": 0.7033137083053589}, {""rank"": 9, ""document"": ""gao-24-107733.pdf"", ""page"": 2, ""distance"": 0.7312440276145935}]",1.0,1.0,True,True,0.009871600021142513
EQ036,What policy approach should agencies use for cybersecurity technologies protecting critical infrastructure?,"They should use a cybersecurity framework that determines security requirements, performs risk assessments, establishes policy, and selects appropriate technologies.",GAO-04-321,PDF p. 1,10,"[{""evaluation_document"": ""GAO-04-321"", ""indexed_document"": ""gao-04-321-highlights.pdf"", ""expected_pages"": [1]}]","[{""rank"": 1, ""document"": ""gao-23-105480.pdf"", ""page"": 46, ""distance"": 0.6579741835594177}, {""rank"": 2, ""document"": ""gao-04-321-highlights.pdf"", ""page"": 1, ""distance"": 0.6788626313209534}, {""rank"": 3, ""document"": ""gao-24-107231.pdf"", ""page"": 60, ""distance"": 0.6835601329803467}, {""rank"": 4, ""document"": ""gao-24-107231-highlights.pdf"", ""page"": 3, ""distance"": 0.684213399887085}, {""rank"": 5, ""document"": ""gao-24-107231.pdf"", ""page"": 4, ""distance"": 0.684213399887085}, {""rank"": 6, ""document"": ""gao-24-107231.pdf"", ""page"": 53, ""distance"": 0.691205620765686}, {""rank"": 7, ""document"": ""gao-24-107231.pdf"", ""page"": 88, ""distance"": 0.6985479593276978}, {""rank"": 8, ""document"": ""d24106576.pdf"", ""page"": 39, ""distance"": 0.7033137083053589}, {""rank"": 9, ""document"": ""gao-24-107733.pdf"", ""page"": 2, ""distance"": 0.7312440276145935}, {""rank"": 10, ""document"": ""d24106576.pdf"", ""page"": 20, ""distance"": 0.7369876503944397}]",1.0,1.0,True,True,0.01122899999609217
EQ037,What policy issue did GAO identify with the Navy's hypersonic modernization strategy?,The Navy and Army lacked a comprehensive strategy to guide investment decisions for the capability.,GAO-26-107974,PDF p. 3,1,"[{""evaluation_document"": ""GAO-26-107974"", ""indexed_document"": ""gao-26-107974.pdf"", ""expected_pages"": [3]}]","[{""rank"": 1, ""document"": ""gao-26-107974.pdf"", ""page"": 1, ""distance"": 0.6688414812088013}]",1.0,0.0,True,False,0.01168990001315251
EQ037,What policy issue did GAO identify with the Navy's hypersonic modernization strategy?,The Navy and Army lacked a comprehensive strategy to guide investment decisions for the capability.,GAO-26-107974,PDF p. 3,2,"[{""evaluation_document"": ""GAO-26-107974"", ""indexed_document"": ""gao-26-107974.pdf"", ""expected_pages"": [3]}]","[{""rank"": 1, ""document"": ""gao-26-107974.pdf"", ""page"": 1, ""distance"": 0.6688414812088013}, {""rank"": 2, ""document"": ""gao-26-107974.pdf"", ""page"": 3, ""distance"": 0.9028878211975098}]",1.0,1.0,True,True,0.010238499962724745
EQ037,What policy issue did GAO identify with the Navy's hypersonic modernization strategy?,The Navy and Army lacked a comprehensive strategy to guide investment decisions for the capability.,GAO-26-107974,PDF p. 3,3,"[{""evaluation_document"": ""GAO-26-107974"", ""indexed_document"": ""gao-26-107974.pdf"", ""expected_pages"": [3]}]","[{""rank"": 1, ""document"": ""gao-26-107974.pdf"", ""page"": 1, ""distance"": 0.6688414812088013}, {""rank"": 2, ""document"": ""gao-26-107974.pdf"", ""page"": 3, ""distance"": 0.9028878211975098}, {""rank"": 3, ""document"": ""gao-26-107974.pdf"", ""page"": 30, ""distance"": 0.9287893176078796}]",1.0,1.0,True,True,0.01019040000392124
EQ037,What policy issue did GAO identify with the Navy's hypersonic modernization strategy?,The Navy and Army lacked a comprehensive strategy to guide investment decisions for the capability.,GAO-26-107974,PDF p. 3,4,"[{""evaluation_document"": ""GAO-26-107974"", ""indexed_document"": ""gao-26-107974.pdf"", ""expected_pages"": [3]}]","[{""rank"": 1, ""document"": ""gao-26-107974.pdf"", ""page"": 1, ""distance"": 0.6688414812088013}, {""rank"": 2, ""document"": ""gao-26-107974.pdf"", ""page"": 3, ""distance"": 0.9028878211975098}, {""rank"": 3, ""document"": ""gao-26-107974.pdf"", ""page"": 30, ""distance"": 0.9287893176078796}, {""rank"": 4, ""document"": ""gao-26-107974.pdf"", ""page"": 31, ""distance"": 0.9772581458091736}]",1.0,1.0,True,True,0.009665400022640824
EQ037,What policy issue did GAO identify with the Navy's hypersonic modernization strategy?,The Navy and Army lacked a comprehensive strategy to guide investment decisions for the capability.,GAO-26-107974,PDF p. 3,5,"[{""evaluation_document"": ""GAO-26-107974"", ""indexed_document"": ""gao-26-107974.pdf"", ""expected_pages"": [3]}]","[{""rank"": 1, ""document"": ""gao-26-107974.pdf"", ""page"": 1, ""distance"": 0.6688414812088013}, {""rank"": 2, ""document"": ""gao-26-107974.pdf"", ""page"": 3, ""distance"": 0.9028878211975098}, {""rank"": 3, ""document"": ""gao-26-107974.pdf"", ""page"": 30, ""distance"": 0.9287893176078796}, {""rank"": 4, ""document"": ""gao-26-107974.pdf"", ""page"": 31, ""distance"": 0.9772581458091736}, {""rank"": 5, ""document"": ""gao-26-107974.pdf"", ""page"": 5, ""distance"": 0.9871007204055786}]",1.0,1.0,True,True,0.011311900045257062
EQ037,What policy issue did GAO identify with the Navy's hypersonic modernization strategy?,The Navy and Army lacked a comprehensive strategy to guide investment decisions for the capability.,GAO-26-107974,PDF p. 3,6,"[{""evaluation_document"": ""GAO-26-107974"", ""indexed_document"": ""gao-26-107974.pdf"", ""expected_pages"": [3]}]","[{""rank"": 1, ""document"": ""gao-26-107974.pdf"", ""page"": 1, ""distance"": 0.6688414812088013}, {""rank"": 2, ""document"": ""gao-26-107974.pdf"", ""page"": 3, ""distance"": 0.9028878211975098}, {""rank"": 3, ""document"": ""gao-26-107974.pdf"", ""page"": 30, ""distance"": 0.9287893176078796}, {""rank"": 4, ""document"": ""gao-26-107974.pdf"", ""page"": 31, ""distance"": 0.9772581458091736}, {""rank"": 5, ""document"": ""gao-26-107974.pdf"", ""page"": 5, ""distance"": 0.9871007204055786}, {""rank"": 6, ""document"": ""gao-26-107974.pdf"", ""page"": 2, ""distance"": 1.0096917152404785}]",1.0,1.0,True,True,0.011511200049426407
EQ037,What policy issue did GAO identify with the Navy's hypersonic modernization strategy?,The Navy and Army lacked a comprehensive strategy to guide investment decisions for the capability.,GAO-26-107974,PDF p. 3,7,"[{""evaluation_document"": ""GAO-26-107974"", ""indexed_document"": ""gao-26-107974.pdf"", ""expected_pages"": [3]}]","[{""rank"": 1, ""document"": ""gao-26-107974.pdf"", ""page"": 1, ""distance"": 0.6688414812088013}, {""rank"": 2, ""document"": ""gao-26-107974.pdf"", ""page"": 3, ""distance"": 0.9028878211975098}, {""rank"": 3, ""document"": ""gao-26-107974.pdf"", ""page"": 30, ""distance"": 0.9287893176078796}, {""rank"": 4, ""document"": ""gao-26-107974.pdf"", ""page"": 31, ""distance"": 0.9772581458091736}, {""rank"": 5, ""document"": ""gao-26-107974.pdf"", ""page"": 5, ""distance"": 0.9871007204055786}, {""rank"": 6, ""document"": ""gao-26-107974.pdf"", ""page"": 2, ""distance"": 1.0096917152404785}, {""rank"": 7, ""document"": ""gao-26-107974.pdf"", ""page"": 4, ""distance"": 1.0248569250106812}]",1.0,1.0,True,True,0.012285100005101413
EQ037,What policy issue did GAO identify with the Navy's hypersonic modernization strategy?,The Navy and Army lacked a comprehensive strategy to guide investment decisions for the capability.,GAO-26-107974,PDF p. 3,8,"[{""evaluation_document"": ""GAO-26-107974"", ""indexed_document"": ""gao-26-107974.pdf"", ""expected_pages"": [3]}]","[{""rank"": 1, ""document"": ""gao-26-107974.pdf"", ""page"": 1, ""distance"": 0.6688414812088013}, {""rank"": 2, ""document"": ""gao-26-107974.pdf"", ""page"": 3, ""distance"": 0.9028878211975098}, {""rank"": 3, ""document"": ""gao-26-107974.pdf"", ""page"": 30, ""distance"": 0.9287893176078796}, {""rank"": 4, ""document"": ""gao-26-107974.pdf"", ""page"": 31, ""distance"": 0.9772581458091736}, {""rank"": 5, ""document"": ""gao-26-107974.pdf"", ""page"": 5, ""distance"": 0.9871007204055786}, {""rank"": 6, ""document"": ""gao-26-107974.pdf"", ""page"": 2, ""distance"": 1.0096917152404785}, {""rank"": 7, ""document"": ""gao-26-107974.pdf"", ""page"": 4, ""distance"": 1.0248569250106812}, {""rank"": 8, ""document"": ""gao-26-107974.pdf"", ""page"": 29, ""distance"": 1.0357168912887573}]",1.0,1.0,True,True,0.012961000029463321
EQ037,What policy issue did GAO identify with the Navy's hypersonic modernization strategy?,The Navy and Army lacked a comprehensive strategy to guide investment decisions for the capability.,GAO-26-107974,PDF p. 3,9,"[{""evaluation_document"": ""GAO-26-107974"", ""indexed_document"": ""gao-26-107974.pdf"", ""expected_pages"": [3]}]","[{""rank"": 1, ""document"": ""gao-26-107974.pdf"", ""page"": 1, ""distance"": 0.6688414812088013}, {""rank"": 2, ""document"": ""gao-26-107974.pdf"", ""page"": 3, ""distance"": 0.9028878211975098}, {""rank"": 3, ""document"": ""gao-26-107974.pdf"", ""page"": 30, ""distance"": 0.9287893176078796}, {""rank"": 4, ""document"": ""gao-26-107974.pdf"", ""page"": 31, ""distance"": 0.9772581458091736}, {""rank"": 5, ""document"": ""gao-26-107974.pdf"", ""page"": 5, ""distance"": 0.9871007204055786}, {""rank"": 6, ""document"": ""gao-26-107974.pdf"", ""page"": 2, ""distance"": 1.0096917152404785}, {""rank"": 7, ""document"": ""gao-26-107974.pdf"", ""page"": 4, ""distance"": 1.0248569250106812}, {""rank"": 8, ""document"": ""gao-26-107974.pdf"", ""page"": 29, ""distance"": 1.0357168912887573}, {""rank"": 9, ""document"": ""gao-26-107974.pdf"", ""page"": 11, ""distance"": 1.0666228532791138}]",1.0,1.0,True,True,0.012300000002142042
EQ037,What policy issue did GAO identify with the Navy's hypersonic modernization strategy?,The Navy and Army lacked a comprehensive strategy to guide investment decisions for the capability.,GAO-26-107974,PDF p. 3,10,"[{""evaluation_document"": ""GAO-26-107974"", ""indexed_document"": ""gao-26-107974.pdf"", ""expected_pages"": [3]}]","[{""rank"": 1, ""document"": ""gao-26-107974.pdf"", ""page"": 1, ""distance"": 0.6688414812088013}, {""rank"": 2, ""document"": ""gao-26-107974.pdf"", ""page"": 3, ""distance"": 0.9028878211975098}, {""rank"": 3, ""document"": ""gao-26-107974.pdf"", ""page"": 30, ""distance"": 0.9287893176078796}, {""rank"": 4, ""document"": ""gao-26-107974.pdf"", ""page"": 31, ""distance"": 0.9772581458091736}, {""rank"": 5, ""document"": ""gao-26-107974.pdf"", ""page"": 5, ""distance"": 0.9871007204055786}, {""rank"": 6, ""document"": ""gao-26-107974.pdf"", ""page"": 2, ""distance"": 1.0096917152404785}, {""rank"": 7, ""document"": ""gao-26-107974.pdf"", ""page"": 4, ""distance"": 1.0248569250106812}, {""rank"": 8, ""document"": ""gao-26-107974.pdf"", ""page"": 29, ""distance"": 1.0357168912887573}, {""rank"": 9, ""document"": ""gao-26-107974.pdf"", ""page"": 11, ""distance"": 1.0666228532791138}, {""rank"": 10, ""document"": ""gao-26-107974.pdf"", ""page"": 27, ""distance"": 1.0803683996200562}]",1.0,1.0,True,True,0.012423700012732297
EQ038,What policy safeguards are relevant when an organization deploys a widely used security update?,"The reports emphasize supply-chain risk management, testing, contingency planning, and timely cyber information sharing to mitigate disruption risk.",GAO-24-107733; GAO-24-107231,PDF pp. 1-3,1,"[{""evaluation_document"": ""GAO-24-107733"", ""indexed_document"": ""gao-24-107733.pdf"", ""expected_pages"": [1, 2, 3]}, {""evaluation_document"": ""GAO-24-107231"", ""indexed_document"": ""gao-24-107231.pdf"", ""expected_pages"": [1, 2, 3]}]","[{""rank"": 1, ""document"": ""d24106576.pdf"", ""page"": 28, ""distance"": 0.9010926485061646}]",0.0,0.0,False,False,0.012828400009311736
EQ038,What policy safeguards are relevant when an organization deploys a widely used security update?,"The reports emphasize supply-chain risk management, testing, contingency planning, and timely cyber information sharing to mitigate disruption risk.",GAO-24-107733; GAO-24-107231,PDF pp. 1-3,2,"[{""evaluation_document"": ""GAO-24-107733"", ""indexed_document"": ""gao-24-107733.pdf"", ""expected_pages"": [1, 2, 3]}, {""evaluation_document"": ""GAO-24-107231"", ""indexed_document"": ""gao-24-107231.pdf"", ""expected_pages"": [1, 2, 3]}]","[{""rank"": 1, ""document"": ""d24106576.pdf"", ""page"": 28, ""distance"": 0.9010926485061646}, {""rank"": 2, ""document"": ""gao-24-107231.pdf"", ""page"": 43, ""distance"": 1.0179591178894043}]",0.5,0.0,False,False,0.012909600045531988
EQ038,What policy safeguards are relevant when an organization deploys a widely used security update?,"The reports emphasize supply-chain risk management, testing, contingency planning, and timely cyber information sharing to mitigate disruption risk.",GAO-24-107733; GAO-24-107231,PDF pp. 1-3,3,"[{""evaluation_document"": ""GAO-24-107733"", ""indexed_document"": ""gao-24-107733.pdf"", ""expected_pages"": [1, 2, 3]}, {""evaluation_document"": ""GAO-24-107231"", ""indexed_document"": ""gao-24-107231.pdf"", ""expected_pages"": [1, 2, 3]}]","[{""rank"": 1, ""document"": ""d24106576.pdf"", ""page"": 28, ""distance"": 0.9010926485061646}, {""rank"": 2, ""document"": ""gao-24-107231.pdf"", ""page"": 43, ""distance"": 1.0179591178894043}, {""rank"": 3, ""document"": ""gao-24-107231.pdf"", ""page"": 39, ""distance"": 1.0240614414215088}]",0.5,0.0,False,False,0.00995330000296235
EQ038,What policy safeguards are relevant when an organization deploys a widely used security update?,"The reports emphasize supply-chain risk management, testing, contingency planning, and timely cyber information sharing to mitigate disruption risk.",GAO-24-107733; GAO-24-107231,PDF pp. 1-3,4,"[{""evaluation_document"": ""GAO-24-107733"", ""indexed_document"": ""gao-24-107733.pdf"", ""expected_pages"": [1, 2, 3]}, {""evaluation_document"": ""GAO-24-107231"", ""indexed_document"": ""gao-24-107231.pdf"", ""expected_pages"": [1, 2, 3]}]","[{""rank"": 1, ""document"": ""d24106576.pdf"", ""page"": 28, ""distance"": 0.9010926485061646}, {""rank"": 2, ""document"": ""gao-24-107231.pdf"", ""page"": 43, ""distance"": 1.0179591178894043}, {""rank"": 3, ""document"": ""gao-24-107231.pdf"", ""page"": 39, ""distance"": 1.0240614414215088}, {""rank"": 4, ""document"": ""d24106576.pdf"", ""page"": 60, ""distance"": 1.0257289409637451}]",0.5,0.0,False,False,0.013417700014542788
EQ038,What policy safeguards are relevant when an organization deploys a widely used security update?,"The reports emphasize supply-chain risk management, testing, contingency planning, and timely cyber information sharing to mitigate disruption risk.",GAO-24-107733; GAO-24-107231,PDF pp. 1-3,5,"[{""evaluation_document"": ""GAO-24-107733"", ""indexed_document"": ""gao-24-107733.pdf"", ""expected_pages"": [1, 2, 3]}, {""evaluation_document"": ""GAO-24-107231"", ""indexed_document"": ""gao-24-107231.pdf"", ""expected_pages"": [1, 2, 3]}]","[{""rank"": 1, ""document"": ""d24106576.pdf"", ""page"": 28, ""distance"": 0.9010926485061646}, {""rank"": 2, ""document"": ""gao-24-107231.pdf"", ""page"": 43, ""distance"": 1.0179591178894043}, {""rank"": 3, ""document"": ""gao-24-107231.pdf"", ""page"": 39, ""distance"": 1.0240614414215088}, {""rank"": 4, ""document"": ""d24106576.pdf"", ""page"": 60, ""distance"": 1.0257289409637451}, {""rank"": 5, ""document"": ""gao-16-885t.pdf"", ""page"": 12, ""distance"": 1.0260142087936401}]",0.5,0.0,False,False,0.011450099991634488
EQ038,What policy safeguards are relevant when an organization deploys a widely used security update?,"The reports emphasize supply-chain risk management, testing, contingency planning, and timely cyber information sharing to mitigate disruption risk.",GAO-24-107733; GAO-24-107231,PDF pp. 1-3,6,"[{""evaluation_document"": ""GAO-24-107733"", ""indexed_document"": ""gao-24-107733.pdf"", ""expected_pages"": [1, 2, 3]}, {""evaluation_document"": ""GAO-24-107231"", ""indexed_document"": ""gao-24-107231.pdf"", ""expected_pages"": [1, 2, 3]}]","[{""rank"": 1, ""document"": ""d24106576.pdf"", ""page"": 28, ""distance"": 0.9010926485061646}, {""rank"": 2, ""document"": ""gao-24-107231.pdf"", ""page"": 43, ""distance"": 1.0179591178894043}, {""rank"": 3, ""document"": ""gao-24-107231.pdf"", ""page"": 39, ""distance"": 1.0240614414215088}, {""rank"": 4, ""document"": ""d24106576.pdf"", ""page"": 60, ""distance"": 1.0257289409637451}, {""rank"": 5, ""document"": ""gao-16-885t.pdf"", ""page"": 12, ""distance"": 1.0260142087936401}, {""rank"": 6, ""document"": ""gao-24-107231.pdf"", ""page"": 23, ""distance"": 1.0299203395843506}]",0.5,0.0,False,False,0.011375500005669892
EQ038,What policy safeguards are relevant when an organization deploys a widely used security update?,"The reports emphasize supply-chain risk management, testing, contingency planning, and timely cyber information sharing to mitigate disruption risk.",GAO-24-107733; GAO-24-107231,PDF pp. 1-3,7,"[{""evaluation_document"": ""GAO-24-107733"", ""indexed_document"": ""gao-24-107733.pdf"", ""expected_pages"": [1, 2, 3]}, {""evaluation_document"": ""GAO-24-107231"", ""indexed_document"": ""gao-24-107231.pdf"", ""expected_pages"": [1, 2, 3]}]","[{""rank"": 1, ""document"": ""d24106576.pdf"", ""page"": 28, ""distance"": 0.9010926485061646}, {""rank"": 2, ""document"": ""gao-24-107231.pdf"", ""page"": 43, ""distance"": 1.0179591178894043}, {""rank"": 3, ""document"": ""gao-24-107231.pdf"", ""page"": 39, ""distance"": 1.0240614414215088}, {""rank"": 4, ""document"": ""d24106576.pdf"", ""page"": 60, ""distance"": 1.0257289409637451}, {""rank"": 5, ""document"": ""gao-16-885t.pdf"", ""page"": 12, ""distance"": 1.0260142087936401}, {""rank"": 6, ""document"": ""gao-24-107231.pdf"", ""page"": 23, ""distance"": 1.0299203395843506}, {""rank"": 7, ""document"": ""gao-23-105480.pdf"", ""page"": 16, ""distance"": 1.0382401943206787}]",0.5,0.0,False,False,0.011029199988115579
EQ038,What policy safeguards are relevant when an organization deploys a widely used security update?,"The reports emphasize supply-chain risk management, testing, contingency planning, and timely cyber information sharing to mitigate disruption risk.",GAO-24-107733; GAO-24-107231,PDF pp. 1-3,8,"[{""evaluation_document"": ""GAO-24-107733"", ""indexed_document"": ""gao-24-107733.pdf"", ""expected_pages"": [1, 2, 3]}, {""evaluation_document"": ""GAO-24-107231"", ""indexed_document"": ""gao-24-107231.pdf"", ""expected_pages"": [1, 2, 3]}]","[{""rank"": 1, ""document"": ""d24106576.pdf"", ""page"": 28, ""distance"": 0.9010926485061646}, {""rank"": 2, ""document"": ""gao-24-107231.pdf"", ""page"": 43, ""distance"": 1.0179591178894043}, {""rank"": 3, ""document"": ""gao-24-107231.pdf"", ""page"": 39, ""distance"": 1.0240614414215088}, {""rank"": 4, ""document"": ""d24106576.pdf"", ""page"": 60, ""distance"": 1.0257289409637451}, {""rank"": 5, ""document"": ""gao-16-885t.pdf"", ""page"": 12, ""distance"": 1.0260142087936401}, {""rank"": 6, ""document"": ""gao-24-107231.pdf"", ""page"": 23, ""distance"": 1.0299203395843506}, {""rank"": 7, ""document"": ""gao-23-105480.pdf"", ""page"": 16, ""distance"": 1.0382401943206787}, {""rank"": 8, ""document"": ""gao-16-885t.pdf"", ""page"": 11, ""distance"": 1.039027452468872}]",0.5,0.0,False,False,0.012751000002026558
EQ038,What policy safeguards are relevant when an organization deploys a widely used security update?,"The reports emphasize supply-chain risk management, testing, contingency planning, and timely cyber information sharing to mitigate disruption risk.",GAO-24-107733; GAO-24-107231,PDF pp. 1-3,9,"[{""evaluation_document"": ""GAO-24-107733"", ""indexed_document"": ""gao-24-107733.pdf"", ""expected_pages"": [1, 2, 3]}, {""evaluation_document"": ""GAO-24-107231"", ""indexed_document"": ""gao-24-107231.pdf"", ""expected_pages"": [1, 2, 3]}]","[{""rank"": 1, ""document"": ""d24106576.pdf"", ""page"": 28, ""distance"": 0.9010926485061646}, {""rank"": 2, ""document"": ""gao-24-107231.pdf"", ""page"": 43, ""distance"": 1.0179591178894043}, {""rank"": 3, ""document"": ""gao-24-107231.pdf"", ""page"": 39, ""distance"": 1.0240614414215088}, {""rank"": 4, ""document"": ""d24106576.pdf"", ""page"": 60, ""distance"": 1.0257289409637451}, {""rank"": 5, ""document"": ""gao-16-885t.pdf"", ""page"": 12, ""distance"": 1.0260142087936401}, {""rank"": 6, ""document"": ""gao-24-107231.pdf"", ""page"": 23, ""distance"": 1.0299203395843506}, {""rank"": 7, ""document"": ""gao-23-105480.pdf"", ""page"": 16, ""distance"": 1.0382401943206787}, {""rank"": 8, ""document"": ""gao-16-885t.pdf"", ""page"": 11, ""distance"": 1.039027452468872}, {""rank"": 9, ""document"": ""gao-24-107231.pdf"", ""page"": 64, ""distance"": 1.0395512580871582}]",0.5,0.0,False,False,0.009961599949747324
EQ038,What policy safeguards are relevant when an organization deploys a widely used security update?,"The reports emphasize supply-chain risk management, testing, contingency planning, and timely cyber information sharing to mitigate disruption risk.",GAO-24-107733; GAO-24-107231,PDF pp. 1-3,10,"[{""evaluation_document"": ""GAO-24-107733"", ""indexed_document"": ""gao-24-107733.pdf"", ""expected_pages"": [1, 2, 3]}, {""evaluation_document"": ""GAO-24-107231"", ""indexed_document"": ""gao-24-107231.pdf"", ""expected_pages"": [1, 2, 3]}]","[{""rank"": 1, ""document"": ""d24106576.pdf"", ""page"": 28, ""distance"": 0.9010926485061646}, {""rank"": 2, ""document"": ""gao-24-107231.pdf"", ""page"": 43, ""distance"": 1.0179591178894043}, {""rank"": 3, ""document"": ""gao-24-107231.pdf"", ""page"": 39, ""distance"": 1.0240614414215088}, {""rank"": 4, ""document"": ""d24106576.pdf"", ""page"": 60, ""distance"": 1.0257289409637451}, {""rank"": 5, ""document"": ""gao-16-885t.pdf"", ""page"": 12, ""distance"": 1.0260142087936401}, {""rank"": 6, ""document"": ""gao-24-107231.pdf"", ""page"": 23, ""distance"": 1.0299203395843506}, {""rank"": 7, ""document"": ""gao-23-105480.pdf"", ""page"": 16, ""distance"": 1.0382401943206787}, {""rank"": 8, ""document"": ""gao-16-885t.pdf"", ""page"": 11, ""distance"": 1.039027452468872}, {""rank"": 9, ""document"": ""gao-24-107231.pdf"", ""page"": 64, ""distance"": 1.0395512580871582}, {""rank"": 10, ""document"": ""gao-24-107231.pdf"", ""page"": 57, ""distance"": 1.0472112894058228}]",0.5,0.0,False,False,0.01340850000269711
EQ039,"How should agencies prioritize cybersecurity oversight across strategy, systems, infrastructure, and privacy?","They should address the four major challenges: comprehensive strategy and oversight, federal systems and information, critical infrastructure cybersecurity, and privacy and sensitive data.",GAO-24-107231,PDF pp. 1-2,1,"[{""evaluation_document"": ""GAO-24-107231"", ""indexed_document"": ""gao-24-107231.pdf"", ""expected_pages"": [1, 2]}]","[{""rank"": 1, ""document"": ""d24106916.pdf"", ""page"": 16, ""distance"": 0.7042558193206787}]",0.0,0.0,False,False,0.01140550000127405
EQ039,"How should agencies prioritize cybersecurity oversight across strategy, systems, infrastructure, and privacy?","They should address the four major challenges: comprehensive strategy and oversight, federal systems and information, critical infrastructure cybersecurity, and privacy and sensitive data.",GAO-24-107231,PDF pp. 1-2,2,"[{""evaluation_document"": ""GAO-24-107231"", ""indexed_document"": ""gao-24-107231.pdf"", ""expected_pages"": [1, 2]}]","[{""rank"": 1, ""document"": ""d24106916.pdf"", ""page"": 16, ""distance"": 0.7042558193206787}, {""rank"": 2, ""document"": ""gao-24-107231.pdf"", ""page"": 53, ""distance"": 0.7303426265716553}]",1.0,0.0,True,False,0.013532500015571713
EQ039,"How should agencies prioritize cybersecurity oversight across strategy, systems, infrastructure, and privacy?","They should address the four major challenges: comprehensive strategy and oversight, federal systems and information, critical infrastructure cybersecurity, and privacy and sensitive data.",GAO-24-107231,PDF pp. 1-2,3,"[{""evaluation_document"": ""GAO-24-107231"", ""indexed_document"": ""gao-24-107231.pdf"", ""expected_pages"": [1, 2]}]","[{""rank"": 1, ""document"": ""d24106916.pdf"", ""page"": 16, ""distance"": 0.7042558193206787}, {""rank"": 2, ""document"": ""gao-24-107231.pdf"", ""page"": 53, ""distance"": 0.7303426265716553}, {""rank"": 3, ""document"": ""gao-16-885t.pdf"", ""page"": 2, ""distance"": 0.7342815399169922}]",1.0,0.0,True,False,0.012229499989189208
EQ039,"How should agencies prioritize cybersecurity oversight across strategy, systems, infrastructure, and privacy?","They should address the four major challenges: comprehensive strategy and oversight, federal systems and information, critical infrastructure cybersecurity, and privacy and sensitive data.",GAO-24-107231,PDF pp. 1-2,4,"[{""evaluation_document"": ""GAO-24-107231"", ""indexed_document"": ""gao-24-107231.pdf"", ""expected_pages"": [1, 2]}]","[{""rank"": 1, ""document"": ""d24106916.pdf"", ""page"": 16, ""distance"": 0.7042558193206787}, {""rank"": 2, ""document"": ""gao-24-107231.pdf"", ""page"": 53, ""distance"": 0.7303426265716553}, {""rank"": 3, ""document"": ""gao-16-885t.pdf"", ""page"": 2, ""distance"": 0.7342815399169922}, {""rank"": 4, ""document"": ""d24106576.pdf"", ""page"": 11, ""distance"": 0.7365574836730957}]",1.0,0.0,True,False,0.011465899995528162
EQ039,"How should agencies prioritize cybersecurity oversight across strategy, systems, infrastructure, and privacy?","They should address the four major challenges: comprehensive strategy and oversight, federal systems and information, critical infrastructure cybersecurity, and privacy and sensitive data.",GAO-24-107231,PDF pp. 1-2,5,"[{""evaluation_document"": ""GAO-24-107231"", ""indexed_document"": ""gao-24-107231.pdf"", ""expected_pages"": [1, 2]}]","[{""rank"": 1, ""document"": ""d24106916.pdf"", ""page"": 16, ""distance"": 0.7042558193206787}, {""rank"": 2, ""document"": ""gao-24-107231.pdf"", ""page"": 53, ""distance"": 0.7303426265716553}, {""rank"": 3, ""document"": ""gao-16-885t.pdf"", ""page"": 2, ""distance"": 0.7342815399169922}, {""rank"": 4, ""document"": ""d24106576.pdf"", ""page"": 11, ""distance"": 0.7365574836730957}, {""rank"": 5, ""document"": ""d24106916.pdf"", ""page"": 13, ""distance"": 0.7455790042877197}]",1.0,0.0,True,False,0.010957699967548251
EQ039,"How should agencies prioritize cybersecurity oversight across strategy, systems, infrastructure, and privacy?","They should address the four major challenges: comprehensive strategy and oversight, federal systems and information, critical infrastructure cybersecurity, and privacy and sensitive data.",GAO-24-107231,PDF pp. 1-2,6,"[{""evaluation_document"": ""GAO-24-107231"", ""indexed_document"": ""gao-24-107231.pdf"", ""expected_pages"": [1, 2]}]","[{""rank"": 1, ""document"": ""d24106916.pdf"", ""page"": 16, ""distance"": 0.7042558193206787}, {""rank"": 2, ""document"": ""gao-24-107231.pdf"", ""page"": 53, ""distance"": 0.7303426265716553}, {""rank"": 3, ""document"": ""gao-16-885t.pdf"", ""page"": 2, ""distance"": 0.7342815399169922}, {""rank"": 4, ""document"": ""d24106576.pdf"", ""page"": 11, ""distance"": 0.7365574836730957}, {""rank"": 5, ""document"": ""d24106916.pdf"", ""page"": 13, ""distance"": 0.7455790042877197}, {""rank"": 6, ""document"": ""d24106576.pdf"", ""page"": 50, ""distance"": 0.7585525512695312}]",1.0,0.0,True,False,0.011719199945218861
EQ039,"How should agencies prioritize cybersecurity oversight across strategy, systems, infrastructure, and privacy?","They should address the four major challenges: comprehensive strategy and oversight, federal systems and information, critical infrastructure cybersecurity, and privacy and sensitive data.",GAO-24-107231,PDF pp. 1-2,7,"[{""evaluation_document"": ""GAO-24-107231"", ""indexed_document"": ""gao-24-107231.pdf"", ""expected_pages"": [1, 2]}]","[{""rank"": 1, ""document"": ""d24106916.pdf"", ""page"": 16, ""distance"": 0.7042558193206787}, {""rank"": 2, ""document"": ""gao-24-107231.pdf"", ""page"": 53, ""distance"": 0.7303426265716553}, {""rank"": 3, ""document"": ""gao-16-885t.pdf"", ""page"": 2, ""distance"": 0.7342815399169922}, {""rank"": 4, ""document"": ""d24106576.pdf"", ""page"": 11, ""distance"": 0.7365574836730957}, {""rank"": 5, ""document"": ""d24106916.pdf"", ""page"": 13, ""distance"": 0.7455790042877197}, {""rank"": 6, ""document"": ""d24106576.pdf"", ""page"": 50, ""distance"": 0.7585525512695312}, {""rank"": 7, ""document"": ""d24106916.pdf"", ""page"": 11, ""distance"": 0.7587260007858276}]",1.0,0.0,True,False,0.013489699980709702
EQ039,"How should agencies prioritize cybersecurity oversight across strategy, systems, infrastructure, and privacy?","They should address the four major challenges: comprehensive strategy and oversight, federal systems and information, critical infrastructure cybersecurity, and privacy and sensitive data.",GAO-24-107231,PDF pp. 1-2,8,"[{""evaluation_document"": ""GAO-24-107231"", ""indexed_document"": ""gao-24-107231.pdf"", ""expected_pages"": [1, 2]}]","[{""rank"": 1, ""document"": ""d24106916.pdf"", ""page"": 16, ""distance"": 0.7042558193206787}, {""rank"": 2, ""document"": ""gao-24-107231.pdf"", ""page"": 53, ""distance"": 0.7303426265716553}, {""rank"": 3, ""document"": ""gao-16-885t.pdf"", ""page"": 2, ""distance"": 0.7342815399169922}, {""rank"": 4, ""document"": ""d24106576.pdf"", ""page"": 11, ""distance"": 0.7365574836730957}, {""rank"": 5, ""document"": ""d24106916.pdf"", ""page"": 13, ""distance"": 0.7455790042877197}, {""rank"": 6, ""document"": ""d24106576.pdf"", ""page"": 50, ""distance"": 0.7585525512695312}, {""rank"": 7, ""document"": ""d24106916.pdf"", ""page"": 11, ""distance"": 0.7587260007858276}, {""rank"": 8, ""document"": ""gao-24-107231.pdf"", ""page"": 54, ""distance"": 0.771649956703186}]",1.0,0.0,True,False,0.010533599997870624
EQ039,"How should agencies prioritize cybersecurity oversight across strategy, systems, infrastructure, and privacy?","They should address the four major challenges: comprehensive strategy and oversight, federal systems and information, critical infrastructure cybersecurity, and privacy and sensitive data.",GAO-24-107231,PDF pp. 1-2,9,"[{""evaluation_document"": ""GAO-24-107231"", ""indexed_document"": ""gao-24-107231.pdf"", ""expected_pages"": [1, 2]}]","[{""rank"": 1, ""document"": ""d24106916.pdf"", ""page"": 16, ""distance"": 0.7042558193206787}, {""rank"": 2, ""document"": ""gao-24-107231.pdf"", ""page"": 53, ""distance"": 0.7303426265716553}, {""rank"": 3, ""document"": ""gao-16-885t.pdf"", ""page"": 2, ""distance"": 0.7342815399169922}, {""rank"": 4, ""document"": ""d24106576.pdf"", ""page"": 11, ""distance"": 0.7365574836730957}, {""rank"": 5, ""document"": ""d24106916.pdf"", ""page"": 13, ""distance"": 0.7455790042877197}, {""rank"": 6, ""document"": ""d24106576.pdf"", ""page"": 50, ""distance"": 0.7585525512695312}, {""rank"": 7, ""document"": ""d24106916.pdf"", ""page"": 11, ""distance"": 0.7587260007858276}, {""rank"": 8, ""document"": ""gao-24-107231.pdf"", ""page"": 54, ""distance"": 0.771649956703186}, {""rank"": 9, ""document"": ""gao-24-107231.pdf"", ""page"": 18, ""distance"": 0.7730758190155029}]",1.0,0.0,True,False,0.013225899951066822
EQ039,"How should agencies prioritize cybersecurity oversight across strategy, systems, infrastructure, and privacy?","They should address the four major challenges: comprehensive strategy and oversight, federal systems and information, critical infrastructure cybersecurity, and privacy and sensitive data.",GAO-24-107231,PDF pp. 1-2,10,"[{""evaluation_document"": ""GAO-24-107231"", ""indexed_document"": ""gao-24-107231.pdf"", ""expected_pages"": [1, 2]}]","[{""rank"": 1, ""document"": ""d24106916.pdf"", ""page"": 16, ""distance"": 0.7042558193206787}, {""rank"": 2, ""document"": ""gao-24-107231.pdf"", ""page"": 53, ""distance"": 0.7303426265716553}, {""rank"": 3, ""document"": ""gao-16-885t.pdf"", ""page"": 2, ""distance"": 0.7342815399169922}, {""rank"": 4, ""document"": ""d24106576.pdf"", ""page"": 11, ""distance"": 0.7365574836730957}, {""rank"": 5, ""document"": ""d24106916.pdf"", ""page"": 13, ""distance"": 0.7455790042877197}, {""rank"": 6, ""document"": ""d24106576.pdf"", ""page"": 50, ""distance"": 0.7585525512695312}, {""rank"": 7, ""document"": ""d24106916.pdf"", ""page"": 11, ""distance"": 0.7587260007858276}, {""rank"": 8, ""document"": ""gao-24-107231.pdf"", ""page"": 54, ""distance"": 0.771649956703186}, {""rank"": 9, ""document"": ""gao-24-107231.pdf"", ""page"": 18, ""distance"": 0.7730758190155029}, {""rank"": 10, ""document"": ""d24106916.pdf"", ""page"": 14, ""distance"": 0.7766978740692139}]",1.0,0.0,True,False,0.010056200029794127
EQ040,What policy response follows when a national strategy lacks outcome measures and resource estimates?,The strategy should add applicable outcome-oriented measures and estimated resources and costs so implementation can be assessed and managed.,GAO-24-106916; GAO-24-107231,PDF pp. 2-3,1,"[{""evaluation_document"": ""GAO-24-106916"", ""indexed_document"": ""d24106916.pdf"", ""expected_pages"": [2, 3]}, {""evaluation_document"": ""GAO-24-107231"", ""indexed_document"": ""gao-24-107231.pdf"", ""expected_pages"": [2, 3]}]","[{""rank"": 1, ""document"": ""d24106916.pdf"", ""page"": 34, ""distance"": 1.0829962491989136}]",0.5,0.0,False,False,0.012196800031233579
EQ040,What policy response follows when a national strategy lacks outcome measures and resource estimates?,The strategy should add applicable outcome-oriented measures and estimated resources and costs so implementation can be assessed and managed.,GAO-24-106916; GAO-24-107231,PDF pp. 2-3,2,"[{""evaluation_document"": ""GAO-24-106916"", ""indexed_document"": ""d24106916.pdf"", ""expected_pages"": [2, 3]}, {""evaluation_document"": ""GAO-24-107231"", ""indexed_document"": ""gao-24-107231.pdf"", ""expected_pages"": [2, 3]}]","[{""rank"": 1, ""document"": ""d24106916.pdf"", ""page"": 34, ""distance"": 1.0829962491989136}, {""rank"": 2, ""document"": ""gao-24-107231.pdf"", ""page"": 19, ""distance"": 1.135561227798462}]",1.0,0.0,True,False,0.010786800005007535
EQ040,What policy response follows when a national strategy lacks outcome measures and resource estimates?,The strategy should add applicable outcome-oriented measures and estimated resources and costs so implementation can be assessed and managed.,GAO-24-106916; GAO-24-107231,PDF pp. 2-3,3,"[{""evaluation_document"": ""GAO-24-106916"", ""indexed_document"": ""d24106916.pdf"", ""expected_pages"": [2, 3]}, {""evaluation_document"": ""GAO-24-107231"", ""indexed_document"": ""gao-24-107231.pdf"", ""expected_pages"": [2, 3]}]","[{""rank"": 1, ""document"": ""d24106916.pdf"", ""page"": 34, ""distance"": 1.0829962491989136}, {""rank"": 2, ""document"": ""gao-24-107231.pdf"", ""page"": 19, ""distance"": 1.135561227798462}, {""rank"": 3, ""document"": ""gao-26-900644.pdf"", ""page"": 96, ""distance"": 1.1632812023162842}]",1.0,0.0,True,False,0.010146400018129498
EQ040,What policy response follows when a national strategy lacks outcome measures and resource estimates?,The strategy should add applicable outcome-oriented measures and estimated resources and costs so implementation can be assessed and managed.,GAO-24-106916; GAO-24-107231,PDF pp. 2-3,4,"[{""evaluation_document"": ""GAO-24-106916"", ""indexed_document"": ""d24106916.pdf"", ""expected_pages"": [2, 3]}, {""evaluation_document"": ""GAO-24-107231"", ""indexed_document"": ""gao-24-107231.pdf"", ""expected_pages"": [2, 3]}]","[{""rank"": 1, ""document"": ""d24106916.pdf"", ""page"": 34, ""distance"": 1.0829962491989136}, {""rank"": 2, ""document"": ""gao-24-107231.pdf"", ""page"": 19, ""distance"": 1.135561227798462}, {""rank"": 3, ""document"": ""gao-26-900644.pdf"", ""page"": 96, ""distance"": 1.1632812023162842}, {""rank"": 4, ""document"": ""gao-26-900644.pdf"", ""page"": 28, ""distance"": 1.1672849655151367}]",1.0,0.0,True,False,0.00983779999660328
EQ040,What policy response follows when a national strategy lacks outcome measures and resource estimates?,The strategy should add applicable outcome-oriented measures and estimated resources and costs so implementation can be assessed and managed.,GAO-24-106916; GAO-24-107231,PDF pp. 2-3,5,"[{""evaluation_document"": ""GAO-24-106916"", ""indexed_document"": ""d24106916.pdf"", ""expected_pages"": [2, 3]}, {""evaluation_document"": ""GAO-24-107231"", ""indexed_document"": ""gao-24-107231.pdf"", ""expected_pages"": [2, 3]}]","[{""rank"": 1, ""document"": ""d24106916.pdf"", ""page"": 34, ""distance"": 1.0829962491989136}, {""rank"": 2, ""document"": ""gao-24-107231.pdf"", ""page"": 19, ""distance"": 1.135561227798462}, {""rank"": 3, ""document"": ""gao-26-900644.pdf"", ""page"": 96, ""distance"": 1.1632812023162842}, {""rank"": 4, ""document"": ""gao-26-900644.pdf"", ""page"": 28, ""distance"": 1.1672849655151367}, {""rank"": 5, ""document"": ""d24106916.pdf"", ""page"": 2, ""distance"": 1.1697927713394165}]",1.0,0.5,True,False,0.012267199985217303
EQ040,What policy response follows when a national strategy lacks outcome measures and resource estimates?,The strategy should add applicable outcome-oriented measures and estimated resources and costs so implementation can be assessed and managed.,GAO-24-106916; GAO-24-107231,PDF pp. 2-3,6,"[{""evaluation_document"": ""GAO-24-106916"", ""indexed_document"": ""d24106916.pdf"", ""expected_pages"": [2, 3]}, {""evaluation_document"": ""GAO-24-107231"", ""indexed_document"": ""gao-24-107231.pdf"", ""expected_pages"": [2, 3]}]","[{""rank"": 1, ""document"": ""d24106916.pdf"", ""page"": 34, ""distance"": 1.0829962491989136}, {""rank"": 2, ""document"": ""gao-24-107231.pdf"", ""page"": 19, ""distance"": 1.135561227798462}, {""rank"": 3, ""document"": ""gao-26-900644.pdf"", ""page"": 96, ""distance"": 1.1632812023162842}, {""rank"": 4, ""document"": ""gao-26-900644.pdf"", ""page"": 28, ""distance"": 1.1672849655151367}, {""rank"": 5, ""document"": ""d24106916.pdf"", ""page"": 2, ""distance"": 1.1697927713394165}, {""rank"": 6, ""document"": ""gao-24-107231.pdf"", ""page"": 86, ""distance"": 1.18036687374115}]",1.0,0.5,True,False,0.011804600013419986
EQ040,What policy response follows when a national strategy lacks outcome measures and resource estimates?,The strategy should add applicable outcome-oriented measures and estimated resources and costs so implementation can be assessed and managed.,GAO-24-106916; GAO-24-107231,PDF pp. 2-3,7,"[{""evaluation_document"": ""GAO-24-106916"", ""indexed_document"": ""d24106916.pdf"", ""expected_pages"": [2, 3]}, {""evaluation_document"": ""GAO-24-107231"", ""indexed_document"": ""gao-24-107231.pdf"", ""expected_pages"": [2, 3]}]","[{""rank"": 1, ""document"": ""d24106916.pdf"", ""page"": 34, ""distance"": 1.0829962491989136}, {""rank"": 2, ""document"": ""gao-24-107231.pdf"", ""page"": 19, ""distance"": 1.135561227798462}, {""rank"": 3, ""document"": ""gao-26-900644.pdf"", ""page"": 96, ""distance"": 1.1632812023162842}, {""rank"": 4, ""document"": ""gao-26-900644.pdf"", ""page"": 28, ""distance"": 1.1672849655151367}, {""rank"": 5, ""document"": ""d24106916.pdf"", ""page"": 2, ""distance"": 1.1697927713394165}, {""rank"": 6, ""document"": ""gao-24-107231.pdf"", ""page"": 86, ""distance"": 1.18036687374115}, {""rank"": 7, ""document"": ""gao-26-900644.pdf"", ""page"": 24, ""distance"": 1.1945801973342896}]",1.0,0.5,True,False,0.011752799968235195
EQ040,What policy response follows when a national strategy lacks outcome measures and resource estimates?,The strategy should add applicable outcome-oriented measures and estimated resources and costs so implementation can be assessed and managed.,GAO-24-106916; GAO-24-107231,PDF pp. 2-3,8,"[{""evaluation_document"": ""GAO-24-106916"", ""indexed_document"": ""d24106916.pdf"", ""expected_pages"": [2, 3]}, {""evaluation_document"": ""GAO-24-107231"", ""indexed_document"": ""gao-24-107231.pdf"", ""expected_pages"": [2, 3]}]","[{""rank"": 1, ""document"": ""d24106916.pdf"", ""page"": 34, ""distance"": 1.0829962491989136}, {""rank"": 2, ""document"": ""gao-24-107231.pdf"", ""page"": 19, ""distance"": 1.135561227798462}, {""rank"": 3, ""document"": ""gao-26-900644.pdf"", ""page"": 96, ""distance"": 1.1632812023162842}, {""rank"": 4, ""document"": ""gao-26-900644.pdf"", ""page"": 28, ""distance"": 1.1672849655151367}, {""rank"": 5, ""document"": ""d24106916.pdf"", ""page"": 2, ""distance"": 1.1697927713394165}, {""rank"": 6, ""document"": ""gao-24-107231.pdf"", ""page"": 86, ""distance"": 1.18036687374115}, {""rank"": 7, ""document"": ""gao-26-900644.pdf"", ""page"": 24, ""distance"": 1.1945801973342896}, {""rank"": 8, ""document"": ""gao-26-900644.pdf"", ""page"": 93, ""distance"": 1.1955540180206299}]",1.0,0.5,True,False,0.012512400047853589
EQ040,What policy response follows when a national strategy lacks outcome measures and resource estimates?,The strategy should add applicable outcome-oriented measures and estimated resources and costs so implementation can be assessed and managed.,GAO-24-106916; GAO-24-107231,PDF pp. 2-3,9,"[{""evaluation_document"": ""GAO-24-106916"", ""indexed_document"": ""d24106916.pdf"", ""expected_pages"": [2, 3]}, {""evaluation_document"": ""GAO-24-107231"", ""indexed_document"": ""gao-24-107231.pdf"", ""expected_pages"": [2, 3]}]","[{""rank"": 1, ""document"": ""d24106916.pdf"", ""page"": 34, ""distance"": 1.0829962491989136}, {""rank"": 2, ""document"": ""gao-24-107231.pdf"", ""page"": 19, ""distance"": 1.135561227798462}, {""rank"": 3, ""document"": ""gao-26-900644.pdf"", ""page"": 96, ""distance"": 1.1632812023162842}, {""rank"": 4, ""document"": ""gao-26-900644.pdf"", ""page"": 28, ""distance"": 1.1672849655151367}, {""rank"": 5, ""document"": ""d24106916.pdf"", ""page"": 2, ""distance"": 1.1697927713394165}, {""rank"": 6, ""document"": ""gao-24-107231.pdf"", ""page"": 86, ""distance"": 1.18036687374115}, {""rank"": 7, ""document"": ""gao-26-900644.pdf"", ""page"": 24, ""distance"": 1.1945801973342896}, {""rank"": 8, ""document"": ""gao-26-900644.pdf"", ""page"": 93, ""distance"": 1.1955540180206299}, {""rank"": 9, ""document"": ""d24106916.pdf"", ""page"": 27, ""distance"": 1.1987910270690918}]",1.0,0.5,True,False,0.012954199977684766
EQ040,What policy response follows when a national strategy lacks outcome measures and resource estimates?,The strategy should add applicable outcome-oriented measures and estimated resources and costs so implementation can be assessed and managed.,GAO-24-106916; GAO-24-107231,PDF pp. 2-3,10,"[{""evaluation_document"": ""GAO-24-106916"", ""indexed_document"": ""d24106916.pdf"", ""expected_pages"": [2, 3]}, {""evaluation_document"": ""GAO-24-107231"", ""indexed_document"": ""gao-24-107231.pdf"", ""expected_pages"": [2, 3]}]","[{""rank"": 1, ""document"": ""d24106916.pdf"", ""page"": 34, ""distance"": 1.0829962491989136}, {""rank"": 2, ""document"": ""gao-24-107231.pdf"", ""page"": 19, ""distance"": 1.135561227798462}, {""rank"": 3, ""document"": ""gao-26-900644.pdf"", ""page"": 96, ""distance"": 1.1632812023162842}, {""rank"": 4, ""document"": ""gao-26-900644.pdf"", ""page"": 28, ""distance"": 1.1672849655151367}, {""rank"": 5, ""document"": ""d24106916.pdf"", ""page"": 2, ""distance"": 1.1697927713394165}, {""rank"": 6, ""document"": ""gao-24-107231.pdf"", ""page"": 86, ""distance"": 1.18036687374115}, {""rank"": 7, ""document"": ""gao-26-900644.pdf"", ""page"": 24, ""distance"": 1.1945801973342896}, {""rank"": 8, ""document"": ""gao-26-900644.pdf"", ""page"": 93, ""distance"": 1.1955540180206299}, {""rank"": 9, ""document"": ""d24106916.pdf"", ""page"": 27, ""distance"": 1.1987910270690918}, {""rank"": 10, ""document"": ""gao-26-900644.pdf"", ""page"": 100, ""distance"": 1.2146111726760864}]",1.0,0.5,True,False,0.011582200007978827
EQ041,How should a K-12 organization prepare for a cyber incident according to the supplied reports?,"Use the applicable federal roles and guidance, coordinate with relevant federal support, and prepare for recovery because incidents can disrupt learning and operations.",GAO-23-105480,PDF p. 2,1,"[{""evaluation_document"": ""GAO-23-105480"", ""indexed_document"": ""gao-23-105480.pdf"", ""expected_pages"": [2]}]","[{""rank"": 1, ""document"": ""gao-23-105480.pdf"", ""page"": 2, ""distance"": 0.5794131755828857}]",1.0,1.0,True,True,0.012158499972429127
EQ041,How should a K-12 organization prepare for a cyber incident according to the supplied reports?,"Use the applicable federal roles and guidance, coordinate with relevant federal support, and prepare for recovery because incidents can disrupt learning and operations.",GAO-23-105480,PDF p. 2,2,"[{""evaluation_document"": ""GAO-23-105480"", ""indexed_document"": ""gao-23-105480.pdf"", ""expected_pages"": [2]}]","[{""rank"": 1, ""document"": ""gao-23-105480.pdf"", ""page"": 2, ""distance"": 0.5794131755828857}, {""rank"": 2, ""document"": ""gao-23-105480.pdf"", ""page"": 16, ""distance"": 0.6360723972320557}]",1.0,1.0,True,True,0.009978800022508949
EQ041,How should a K-12 organization prepare for a cyber incident according to the supplied reports?,"Use the applicable federal roles and guidance, coordinate with relevant federal support, and prepare for recovery because incidents can disrupt learning and operations.",GAO-23-105480,PDF p. 2,3,"[{""evaluation_document"": ""GAO-23-105480"", ""indexed_document"": ""gao-23-105480.pdf"", ""expected_pages"": [2]}]","[{""rank"": 1, ""document"": ""gao-23-105480.pdf"", ""page"": 2, ""distance"": 0.5794131755828857}, {""rank"": 2, ""document"": ""gao-23-105480.pdf"", ""page"": 16, ""distance"": 0.6360723972320557}, {""rank"": 3, ""document"": ""gao-23-105480.pdf"", ""page"": 7, ""distance"": 0.6542962193489075}]",1.0,1.0,True,True,0.01254919997882098
EQ041,How should a K-12 organization prepare for a cyber incident according to the supplied reports?,"Use the applicable federal roles and guidance, coordinate with relevant federal support, and prepare for recovery because incidents can disrupt learning and operations.",GAO-23-105480,PDF p. 2,4,"[{""evaluation_document"": ""GAO-23-105480"", ""indexed_document"": ""gao-23-105480.pdf"", ""expected_pages"": [2]}]","[{""rank"": 1, ""document"": ""gao-23-105480.pdf"", ""page"": 2, ""distance"": 0.5794131755828857}, {""rank"": 2, ""document"": ""gao-23-105480.pdf"", ""page"": 16, ""distance"": 0.6360723972320557}, {""rank"": 3, ""document"": ""gao-23-105480.pdf"", ""page"": 7, ""distance"": 0.6542962193489075}, {""rank"": 4, ""document"": ""gao-23-105480.pdf"", ""page"": 22, ""distance"": 0.677082896232605}]",1.0,1.0,True,True,0.012564699980430305
EQ041,How should a K-12 organization prepare for a cyber incident according to the supplied reports?,"Use the applicable federal roles and guidance, coordinate with relevant federal support, and prepare for recovery because incidents can disrupt learning and operations.",GAO-23-105480,PDF p. 2,5,"[{""evaluation_document"": ""GAO-23-105480"", ""indexed_document"": ""gao-23-105480.pdf"", ""expected_pages"": [2]}]","[{""rank"": 1, ""document"": ""gao-23-105480.pdf"", ""page"": 2, ""distance"": 0.5794131755828857}, {""rank"": 2, ""document"": ""gao-23-105480.pdf"", ""page"": 16, ""distance"": 0.6360723972320557}, {""rank"": 3, ""document"": ""gao-23-105480.pdf"", ""page"": 7, ""distance"": 0.6542962193489075}, {""rank"": 4, ""document"": ""gao-23-105480.pdf"", ""page"": 22, ""distance"": 0.677082896232605}, {""rank"": 5, ""document"": ""gao-23-105480.pdf"", ""page"": 42, ""distance"": 0.6926804780960083}]",1.0,1.0,True,True,0.011602599988691509
EQ041,How should a K-12 organization prepare for a cyber incident according to the supplied reports?,"Use the applicable federal roles and guidance, coordinate with relevant federal support, and prepare for recovery because incidents can disrupt learning and operations.",GAO-23-105480,PDF p. 2,6,"[{""evaluation_document"": ""GAO-23-105480"", ""indexed_document"": ""gao-23-105480.pdf"", ""expected_pages"": [2]}]","[{""rank"": 1, ""document"": ""gao-23-105480.pdf"", ""page"": 2, ""distance"": 0.5794131755828857}, {""rank"": 2, ""document"": ""gao-23-105480.pdf"", ""page"": 16, ""distance"": 0.6360723972320557}, {""rank"": 3, ""document"": ""gao-23-105480.pdf"", ""page"": 7, ""distance"": 0.6542962193489075}, {""rank"": 4, ""document"": ""gao-23-105480.pdf"", ""page"": 22, ""distance"": 0.677082896232605}, {""rank"": 5, ""document"": ""gao-23-105480.pdf"", ""page"": 42, ""distance"": 0.6926804780960083}, {""rank"": 6, ""document"": ""gao-23-105480.pdf"", ""page"": 37, ""distance"": 0.7025610208511353}]",1.0,1.0,True,True,0.012905699957627803
EQ041,How should a K-12 organization prepare for a cyber incident according to the supplied reports?,"Use the applicable federal roles and guidance, coordinate with relevant federal support, and prepare for recovery because incidents can disrupt learning and operations.",GAO-23-105480,PDF p. 2,7,"[{""evaluation_document"": ""GAO-23-105480"", ""indexed_document"": ""gao-23-105480.pdf"", ""expected_pages"": [2]}]","[{""rank"": 1, ""document"": ""gao-23-105480.pdf"", ""page"": 2, ""distance"": 0.5794131755828857}, {""rank"": 2, ""document"": ""gao-23-105480.pdf"", ""page"": 16, ""distance"": 0.6360723972320557}, {""rank"": 3, ""document"": ""gao-23-105480.pdf"", ""page"": 7, ""distance"": 0.6542962193489075}, {""rank"": 4, ""document"": ""gao-23-105480.pdf"", ""page"": 22, ""distance"": 0.677082896232605}, {""rank"": 5, ""document"": ""gao-23-105480.pdf"", ""page"": 42, ""distance"": 0.6926804780960083}, {""rank"": 6, ""document"": ""gao-23-105480.pdf"", ""page"": 37, ""distance"": 0.7025610208511353}, {""rank"": 7, ""document"": ""gao-23-105480.pdf"", ""page"": 10, ""distance"": 0.7084083557128906}]",1.0,1.0,True,True,0.012026000011246651
EQ041,How should a K-12 organization prepare for a cyber incident according to the supplied reports?,"Use the applicable federal roles and guidance, coordinate with relevant federal support, and prepare for recovery because incidents can disrupt learning and operations.",GAO-23-105480,PDF p. 2,8,"[{""evaluation_document"": ""GAO-23-105480"", ""indexed_document"": ""gao-23-105480.pdf"", ""expected_pages"": [2]}]","[{""rank"": 1, ""document"": ""gao-23-105480.pdf"", ""page"": 2, ""distance"": 0.5794131755828857}, {""rank"": 2, ""document"": ""gao-23-105480.pdf"", ""page"": 16, ""distance"": 0.6360723972320557}, {""rank"": 3, ""document"": ""gao-23-105480.pdf"", ""page"": 7, ""distance"": 0.6542962193489075}, {""rank"": 4, ""document"": ""gao-23-105480.pdf"", ""page"": 22, ""distance"": 0.677082896232605}, {""rank"": 5, ""document"": ""gao-23-105480.pdf"", ""page"": 42, ""distance"": 0.6926804780960083}, {""rank"": 6, ""document"": ""gao-23-105480.pdf"", ""page"": 37, ""distance"": 0.7025610208511353}, {""rank"": 7, ""document"": ""gao-23-105480.pdf"", ""page"": 10, ""distance"": 0.7084083557128906}, {""rank"": 8, ""document"": ""gao-23-105480.pdf"", ""page"": 48, ""distance"": 0.7152400016784668}]",1.0,1.0,True,True,0.012441899976693094
EQ041,How should a K-12 organization prepare for a cyber incident according to the supplied reports?,"Use the applicable federal roles and guidance, coordinate with relevant federal support, and prepare for recovery because incidents can disrupt learning and operations.",GAO-23-105480,PDF p. 2,9,"[{""evaluation_document"": ""GAO-23-105480"", ""indexed_document"": ""gao-23-105480.pdf"", ""expected_pages"": [2]}]","[{""rank"": 1, ""document"": ""gao-23-105480.pdf"", ""page"": 2, ""distance"": 0.5794131755828857}, {""rank"": 2, ""document"": ""gao-23-105480.pdf"", ""page"": 16, ""distance"": 0.6360723972320557}, {""rank"": 3, ""document"": ""gao-23-105480.pdf"", ""page"": 7, ""distance"": 0.6542962193489075}, {""rank"": 4, ""document"": ""gao-23-105480.pdf"", ""page"": 22, ""distance"": 0.677082896232605}, {""rank"": 5, ""document"": ""gao-23-105480.pdf"", ""page"": 42, ""distance"": 0.6926804780960083}, {""rank"": 6, ""document"": ""gao-23-105480.pdf"", ""page"": 37, ""distance"": 0.7025610208511353}, {""rank"": 7, ""document"": ""gao-23-105480.pdf"", ""page"": 10, ""distance"": 0.7084083557128906}, {""rank"": 8, ""document"": ""gao-23-105480.pdf"", ""page"": 48, ""distance"": 0.7152400016784668}, {""rank"": 9, ""document"": ""gao-23-105480.pdf"", ""page"": 26, ""distance"": 0.7571493983268738}]",1.0,1.0,True,True,0.012238700001034886
EQ041,How should a K-12 organization prepare for a cyber incident according to the supplied reports?,"Use the applicable federal roles and guidance, coordinate with relevant federal support, and prepare for recovery because incidents can disrupt learning and operations.",GAO-23-105480,PDF p. 2,10,"[{""evaluation_document"": ""GAO-23-105480"", ""indexed_document"": ""gao-23-105480.pdf"", ""expected_pages"": [2]}]","[{""rank"": 1, ""document"": ""gao-23-105480.pdf"", ""page"": 2, ""distance"": 0.5794131755828857}, {""rank"": 2, ""document"": ""gao-23-105480.pdf"", ""page"": 16, ""distance"": 0.6360723972320557}, {""rank"": 3, ""document"": ""gao-23-105480.pdf"", ""page"": 7, ""distance"": 0.6542962193489075}, {""rank"": 4, ""document"": ""gao-23-105480.pdf"", ""page"": 22, ""distance"": 0.677082896232605}, {""rank"": 5, ""document"": ""gao-23-105480.pdf"", ""page"": 42, ""distance"": 0.6926804780960083}, {""rank"": 6, ""document"": ""gao-23-105480.pdf"", ""page"": 37, ""distance"": 0.7025610208511353}, {""rank"": 7, ""document"": ""gao-23-105480.pdf"", ""page"": 10, ""distance"": 0.7084083557128906}, {""rank"": 8, ""document"": ""gao-23-105480.pdf"", ""page"": 48, ""distance"": 0.7152400016784668}, {""rank"": 9, ""document"": ""gao-23-105480.pdf"", ""page"": 26, ""distance"": 0.7571493983268738}, {""rank"": 10, ""document"": ""gao-23-105480.pdf"", ""page"": 44, ""distance"": 0.775518536567688}]",1.0,1.0,True,True,0.01168679998954758
EQ042,How should an agency begin planning cyber vulnerability and incident-response activities?,Begin by using CISA's incident-response playbook for planning and conducting the activities.,GAO-24-105658,PDF p. 2,1,"[{""evaluation_document"": ""GAO-24-105658"", ""indexed_document"": ""d24105658.pdf"", ""expected_pages"": [2]}]","[{""rank"": 1, ""document"": ""d24106576.pdf"", ""page"": 11, ""distance"": 0.661072850227356}]",0.0,0.0,False,False,0.01020369998877868
EQ042,How should an agency begin planning cyber vulnerability and incident-response activities?,Begin by using CISA's incident-response playbook for planning and conducting the activities.,GAO-24-105658,PDF p. 2,2,"[{""evaluation_document"": ""GAO-24-105658"", ""indexed_document"": ""d24105658.pdf"", ""expected_pages"": [2]}]","[{""rank"": 1, ""document"": ""d24106576.pdf"", ""page"": 11, ""distance"": 0.661072850227356}, {""rank"": 2, ""document"": ""d24106576.pdf"", ""page"": 48, ""distance"": 0.6680392622947693}]",0.0,0.0,False,False,0.010883699986152351
EQ042,How should an agency begin planning cyber vulnerability and incident-response activities?,Begin by using CISA's incident-response playbook for planning and conducting the activities.,GAO-24-105658,PDF p. 2,3,"[{""evaluation_document"": ""GAO-24-105658"", ""indexed_document"": ""d24105658.pdf"", ""expected_pages"": [2]}]","[{""rank"": 1, ""document"": ""d24106576.pdf"", ""page"": 11, ""distance"": 0.661072850227356}, {""rank"": 2, ""document"": ""d24106576.pdf"", ""page"": 48, ""distance"": 0.6680392622947693}, {""rank"": 3, ""document"": ""d24105658.pdf"", ""page"": 38, ""distance"": 0.6775740385055542}]",1.0,0.0,True,False,0.011666600010357797
EQ042,How should an agency begin planning cyber vulnerability and incident-response activities?,Begin by using CISA's incident-response playbook for planning and conducting the activities.,GAO-24-105658,PDF p. 2,4,"[{""evaluation_document"": ""GAO-24-105658"", ""indexed_document"": ""d24105658.pdf"", ""expected_pages"": [2]}]","[{""rank"": 1, ""document"": ""d24106576.pdf"", ""page"": 11, ""distance"": 0.661072850227356}, {""rank"": 2, ""document"": ""d24106576.pdf"", ""page"": 48, ""distance"": 0.6680392622947693}, {""rank"": 3, ""document"": ""d24105658.pdf"", ""page"": 38, ""distance"": 0.6775740385055542}, {""rank"": 4, ""document"": ""d24105658.pdf"", ""page"": 9, ""distance"": 0.6829326152801514}]",1.0,0.0,True,False,0.010819300019647926
EQ042,How should an agency begin planning cyber vulnerability and incident-response activities?,Begin by using CISA's incident-response playbook for planning and conducting the activities.,GAO-24-105658,PDF p. 2,5,"[{""evaluation_document"": ""GAO-24-105658"", ""indexed_document"": ""d24105658.pdf"", ""expected_pages"": [2]}]","[{""rank"": 1, ""document"": ""d24106576.pdf"", ""page"": 11, ""distance"": 0.661072850227356}, {""rank"": 2, ""document"": ""d24106576.pdf"", ""page"": 48, ""distance"": 0.6680392622947693}, {""rank"": 3, ""document"": ""d24105658.pdf"", ""page"": 38, ""distance"": 0.6775740385055542}, {""rank"": 4, ""document"": ""d24105658.pdf"", ""page"": 9, ""distance"": 0.6829326152801514}, {""rank"": 5, ""document"": ""d24105658.pdf"", ""page"": 47, ""distance"": 0.6855525970458984}]",1.0,0.0,True,False,0.01169140002457425
EQ042,How should an agency begin planning cyber vulnerability and incident-response activities?,Begin by using CISA's incident-response playbook for planning and conducting the activities.,GAO-24-105658,PDF p. 2,6,"[{""evaluation_document"": ""GAO-24-105658"", ""indexed_document"": ""d24105658.pdf"", ""expected_pages"": [2]}]","[{""rank"": 1, ""document"": ""d24106576.pdf"", ""page"": 11, ""distance"": 0.661072850227356}, {""rank"": 2, ""document"": ""d24106576.pdf"", ""page"": 48, ""distance"": 0.6680392622947693}, {""rank"": 3, ""document"": ""d24105658.pdf"", ""page"": 38, ""distance"": 0.6775740385055542}, {""rank"": 4, ""document"": ""d24105658.pdf"", ""page"": 9, ""distance"": 0.6829326152801514}, {""rank"": 5, ""document"": ""d24105658.pdf"", ""page"": 47, ""distance"": 0.6855525970458984}, {""rank"": 6, ""document"": ""d24105658.pdf"", ""page"": 50, ""distance"": 0.7085773944854736}]",1.0,0.0,True,False,0.010743800026830286
EQ042,How should an agency begin planning cyber vulnerability and incident-response activities?,Begin by using CISA's incident-response playbook for planning and conducting the activities.,GAO-24-105658,PDF p. 2,7,"[{""evaluation_document"": ""GAO-24-105658"", ""indexed_document"": ""d24105658.pdf"", ""expected_pages"": [2]}]","[{""rank"": 1, ""document"": ""d24106576.pdf"", ""page"": 11, ""distance"": 0.661072850227356}, {""rank"": 2, ""document"": ""d24106576.pdf"", ""page"": 48, ""distance"": 0.6680392622947693}, {""rank"": 3, ""document"": ""d24105658.pdf"", ""page"": 38, ""distance"": 0.6775740385055542}, {""rank"": 4, ""document"": ""d24105658.pdf"", ""page"": 9, ""distance"": 0.6829326152801514}, {""rank"": 5, ""document"": ""d24105658.pdf"", ""page"": 47, ""distance"": 0.6855525970458984}, {""rank"": 6, ""document"": ""d24105658.pdf"", ""page"": 50, ""distance"": 0.7085773944854736}, {""rank"": 7, ""document"": ""d24105658.pdf"", ""page"": 3, ""distance"": 0.7105373740196228}]",1.0,0.0,True,False,0.012269600003492087
EQ042,How should an agency begin planning cyber vulnerability and incident-response activities?,Begin by using CISA's incident-response playbook for planning and conducting the activities.,GAO-24-105658,PDF p. 2,8,"[{""evaluation_document"": ""GAO-24-105658"", ""indexed_document"": ""d24105658.pdf"", ""expected_pages"": [2]}]","[{""rank"": 1, ""document"": ""d24106576.pdf"", ""page"": 11, ""distance"": 0.661072850227356}, {""rank"": 2, ""document"": ""d24106576.pdf"", ""page"": 48, ""distance"": 0.6680392622947693}, {""rank"": 3, ""document"": ""d24105658.pdf"", ""page"": 38, ""distance"": 0.6775740385055542}, {""rank"": 4, ""document"": ""d24105658.pdf"", ""page"": 9, ""distance"": 0.6829326152801514}, {""rank"": 5, ""document"": ""d24105658.pdf"", ""page"": 47, ""distance"": 0.6855525970458984}, {""rank"": 6, ""document"": ""d24105658.pdf"", ""page"": 50, ""distance"": 0.7085773944854736}, {""rank"": 7, ""document"": ""d24105658.pdf"", ""page"": 3, ""distance"": 0.7105373740196228}, {""rank"": 8, ""document"": ""d24105658.pdf"", ""page"": 25, ""distance"": 0.7145177125930786}]",1.0,0.0,True,False,0.0129935999866575
EQ042,How should an agency begin planning cyber vulnerability and incident-response activities?,Begin by using CISA's incident-response playbook for planning and conducting the activities.,GAO-24-105658,PDF p. 2,9,"[{""evaluation_document"": ""GAO-24-105658"", ""indexed_document"": ""d24105658.pdf"", ""expected_pages"": [2]}]","[{""rank"": 1, ""document"": ""d24106576.pdf"", ""page"": 11, ""distance"": 0.661072850227356}, {""rank"": 2, ""document"": ""d24106576.pdf"", ""page"": 48, ""distance"": 0.6680392622947693}, {""rank"": 3, ""document"": ""d24105658.pdf"", ""page"": 38, ""distance"": 0.6775740385055542}, {""rank"": 4, ""document"": ""d24105658.pdf"", ""page"": 9, ""distance"": 0.6829326152801514}, {""rank"": 5, ""document"": ""d24105658.pdf"", ""page"": 47, ""distance"": 0.6855525970458984}, {""rank"": 6, ""document"": ""d24105658.pdf"", ""page"": 50, ""distance"": 0.7085773944854736}, {""rank"": 7, ""document"": ""d24105658.pdf"", ""page"": 3, ""distance"": 0.7105373740196228}, {""rank"": 8, ""document"": ""d24105658.pdf"", ""page"": 25, ""distance"": 0.7145177125930786}, {""rank"": 9, ""document"": ""gao-24-107231.pdf"", ""page"": 46, ""distance"": 0.7169380187988281}]",1.0,0.0,True,False,0.01189289998728782
EQ042,How should an agency begin planning cyber vulnerability and incident-response activities?,Begin by using CISA's incident-response playbook for planning and conducting the activities.,GAO-24-105658,PDF p. 2,10,"[{""evaluation_document"": ""GAO-24-105658"", ""indexed_document"": ""d24105658.pdf"", ""expected_pages"": [2]}]","[{""rank"": 1, ""document"": ""d24106576.pdf"", ""page"": 11, ""distance"": 0.661072850227356}, {""rank"": 2, ""document"": ""d24106576.pdf"", ""page"": 48, ""distance"": 0.6680392622947693}, {""rank"": 3, ""document"": ""d24105658.pdf"", ""page"": 38, ""distance"": 0.6775740385055542}, {""rank"": 4, ""document"": ""d24105658.pdf"", ""page"": 9, ""distance"": 0.6829326152801514}, {""rank"": 5, ""document"": ""d24105658.pdf"", ""page"": 47, ""distance"": 0.6855525970458984}, {""rank"": 6, ""document"": ""d24105658.pdf"", ""page"": 50, ""distance"": 0.7085773944854736}, {""rank"": 7, ""document"": ""d24105658.pdf"", ""page"": 3, ""distance"": 0.7105373740196228}, {""rank"": 8, ""document"": ""d24105658.pdf"", ""page"": 25, ""distance"": 0.7145177125930786}, {""rank"": 9, ""document"": ""gao-24-107231.pdf"", ""page"": 46, ""distance"": 0.7169380187988281}, {""rank"": 10, ""document"": ""d24105658.pdf"", ""page"": 15, ""distance"": 0.718298077583313}]",1.0,0.0,True,False,0.0102881999919191
EQ043,How should an agency improve its ability to recover from a service disruption?,"Develop, plan for, and test contingency plans so it can detect, mitigate, and recover while preserving access to vital information.",GAO-24-107733,PDF p. 2,1,"[{""evaluation_document"": ""GAO-24-107733"", ""indexed_document"": ""gao-24-107733.pdf"", ""expected_pages"": [2]}]","[{""rank"": 1, ""document"": ""d24105658.pdf"", ""page"": 24, ""distance"": 1.0229090452194214}]",0.0,0.0,False,False,0.011454000021331012
EQ043,How should an agency improve its ability to recover from a service disruption?,"Develop, plan for, and test contingency plans so it can detect, mitigate, and recover while preserving access to vital information.",GAO-24-107733,PDF p. 2,2,"[{""evaluation_document"": ""GAO-24-107733"", ""indexed_document"": ""gao-24-107733.pdf"", ""expected_pages"": [2]}]","[{""rank"": 1, ""document"": ""d24105658.pdf"", ""page"": 24, ""distance"": 1.0229090452194214}, {""rank"": 2, ""document"": ""d24105658.pdf"", ""page"": 20, ""distance"": 1.0370453596115112}]",0.0,0.0,False,False,0.010955900012049824
EQ043,How should an agency improve its ability to recover from a service disruption?,"Develop, plan for, and test contingency plans so it can detect, mitigate, and recover while preserving access to vital information.",GAO-24-107733,PDF p. 2,3,"[{""evaluation_document"": ""GAO-24-107733"", ""indexed_document"": ""gao-24-107733.pdf"", ""expected_pages"": [2]}]","[{""rank"": 1, ""document"": ""d24105658.pdf"", ""page"": 24, ""distance"": 1.0229090452194214}, {""rank"": 2, ""document"": ""d24105658.pdf"", ""page"": 20, ""distance"": 1.0370453596115112}, {""rank"": 3, ""document"": ""d24106576.pdf"", ""page"": 3, ""distance"": 1.0835288763046265}]",0.0,0.0,False,False,0.008666700043249875
EQ043,How should an agency improve its ability to recover from a service disruption?,"Develop, plan for, and test contingency plans so it can detect, mitigate, and recover while preserving access to vital information.",GAO-24-107733,PDF p. 2,4,"[{""evaluation_document"": ""GAO-24-107733"", ""indexed_document"": ""gao-24-107733.pdf"", ""expected_pages"": [2]}]","[{""rank"": 1, ""document"": ""d24105658.pdf"", ""page"": 24, ""distance"": 1.0229090452194214}, {""rank"": 2, ""document"": ""d24105658.pdf"", ""page"": 20, ""distance"": 1.0370453596115112}, {""rank"": 3, ""document"": ""d24106576.pdf"", ""page"": 3, ""distance"": 1.0835288763046265}, {""rank"": 4, ""document"": ""d24105658.pdf"", ""page"": 34, ""distance"": 1.1007055044174194}]",0.0,0.0,False,False,0.013286100002005696
EQ043,How should an agency improve its ability to recover from a service disruption?,"Develop, plan for, and test contingency plans so it can detect, mitigate, and recover while preserving access to vital information.",GAO-24-107733,PDF p. 2,5,"[{""evaluation_document"": ""GAO-24-107733"", ""indexed_document"": ""gao-24-107733.pdf"", ""expected_pages"": [2]}]","[{""rank"": 1, ""document"": ""d24105658.pdf"", ""page"": 24, ""distance"": 1.0229090452194214}, {""rank"": 2, ""document"": ""d24105658.pdf"", ""page"": 20, ""distance"": 1.0370453596115112}, {""rank"": 3, ""document"": ""d24106576.pdf"", ""page"": 3, ""distance"": 1.0835288763046265}, {""rank"": 4, ""document"": ""d24105658.pdf"", ""page"": 34, ""distance"": 1.1007055044174194}, {""rank"": 5, ""document"": ""d24105658.pdf"", ""page"": 3, ""distance"": 1.1187770366668701}]",0.0,0.0,False,False,0.010944799985736609
EQ043,How should an agency improve its ability to recover from a service disruption?,"Develop, plan for, and test contingency plans so it can detect, mitigate, and recover while preserving access to vital information.",GAO-24-107733,PDF p. 2,6,"[{""evaluation_document"": ""GAO-24-107733"", ""indexed_document"": ""gao-24-107733.pdf"", ""expected_pages"": [2]}]","[{""rank"": 1, ""document"": ""d24105658.pdf"", ""page"": 24, ""distance"": 1.0229090452194214}, {""rank"": 2, ""document"": ""d24105658.pdf"", ""page"": 20, ""distance"": 1.0370453596115112}, {""rank"": 3, ""document"": ""d24106576.pdf"", ""page"": 3, ""distance"": 1.0835288763046265}, {""rank"": 4, ""document"": ""d24105658.pdf"", ""page"": 34, ""distance"": 1.1007055044174194}, {""rank"": 5, ""document"": ""d24105658.pdf"", ""page"": 3, ""distance"": 1.1187770366668701}, {""rank"": 6, ""document"": ""d24105658.pdf"", ""page"": 26, ""distance"": 1.1212047338485718}]",0.0,0.0,False,False,0.011400399962440133
EQ043,How should an agency improve its ability to recover from a service disruption?,"Develop, plan for, and test contingency plans so it can detect, mitigate, and recover while preserving access to vital information.",GAO-24-107733,PDF p. 2,7,"[{""evaluation_document"": ""GAO-24-107733"", ""indexed_document"": ""gao-24-107733.pdf"", ""expected_pages"": [2]}]","[{""rank"": 1, ""document"": ""d24105658.pdf"", ""page"": 24, ""distance"": 1.0229090452194214}, {""rank"": 2, ""document"": ""d24105658.pdf"", ""page"": 20, ""distance"": 1.0370453596115112}, {""rank"": 3, ""document"": ""d24106576.pdf"", ""page"": 3, ""distance"": 1.0835288763046265}, {""rank"": 4, ""document"": ""d24105658.pdf"", ""page"": 34, ""distance"": 1.1007055044174194}, {""rank"": 5, ""document"": ""d24105658.pdf"", ""page"": 3, ""distance"": 1.1187770366668701}, {""rank"": 6, ""document"": ""d24105658.pdf"", ""page"": 26, ""distance"": 1.1212047338485718}, {""rank"": 7, ""document"": ""d24105658.pdf"", ""page"": 35, ""distance"": 1.1368792057037354}]",0.0,0.0,False,False,0.012214599992148578
EQ043,How should an agency improve its ability to recover from a service disruption?,"Develop, plan for, and test contingency plans so it can detect, mitigate, and recover while preserving access to vital information.",GAO-24-107733,PDF p. 2,8,"[{""evaluation_document"": ""GAO-24-107733"", ""indexed_document"": ""gao-24-107733.pdf"", ""expected_pages"": [2]}]","[{""rank"": 1, ""document"": ""d24105658.pdf"", ""page"": 24, ""distance"": 1.0229090452194214}, {""rank"": 2, ""document"": ""d24105658.pdf"", ""page"": 20, ""distance"": 1.0370453596115112}, {""rank"": 3, ""document"": ""d24106576.pdf"", ""page"": 3, ""distance"": 1.0835288763046265}, {""rank"": 4, ""document"": ""d24105658.pdf"", ""page"": 34, ""distance"": 1.1007055044174194}, {""rank"": 5, ""document"": ""d24105658.pdf"", ""page"": 3, ""distance"": 1.1187770366668701}, {""rank"": 6, ""document"": ""d24105658.pdf"", ""page"": 26, ""distance"": 1.1212047338485718}, {""rank"": 7, ""document"": ""d24105658.pdf"", ""page"": 35, ""distance"": 1.1368792057037354}, {""rank"": 8, ""document"": ""d24106576.pdf"", ""page"": 29, ""distance"": 1.1378560066223145}]",0.0,0.0,False,False,0.00931049999780953
EQ043,How should an agency improve its ability to recover from a service disruption?,"Develop, plan for, and test contingency plans so it can detect, mitigate, and recover while preserving access to vital information.",GAO-24-107733,PDF p. 2,9,"[{""evaluation_document"": ""GAO-24-107733"", ""indexed_document"": ""gao-24-107733.pdf"", ""expected_pages"": [2]}]","[{""rank"": 1, ""document"": ""d24105658.pdf"", ""page"": 24, ""distance"": 1.0229090452194214}, {""rank"": 2, ""document"": ""d24105658.pdf"", ""page"": 20, ""distance"": 1.0370453596115112}, {""rank"": 3, ""document"": ""d24106576.pdf"", ""page"": 3, ""distance"": 1.0835288763046265}, {""rank"": 4, ""document"": ""d24105658.pdf"", ""page"": 34, ""distance"": 1.1007055044174194}, {""rank"": 5, ""document"": ""d24105658.pdf"", ""page"": 3, ""distance"": 1.1187770366668701}, {""rank"": 6, ""document"": ""d24105658.pdf"", ""page"": 26, ""distance"": 1.1212047338485718}, {""rank"": 7, ""document"": ""d24105658.pdf"", ""page"": 35, ""distance"": 1.1368792057037354}, {""rank"": 8, ""document"": ""d24106576.pdf"", ""page"": 29, ""distance"": 1.1378560066223145}, {""rank"": 9, ""document"": ""d24106576.pdf"", ""page"": 10, ""distance"": 1.1575911045074463}]",0.0,0.0,False,False,0.012748099979944527
EQ043,How should an agency improve its ability to recover from a service disruption?,"Develop, plan for, and test contingency plans so it can detect, mitigate, and recover while preserving access to vital information.",GAO-24-107733,PDF p. 2,10,"[{""evaluation_document"": ""GAO-24-107733"", ""indexed_document"": ""gao-24-107733.pdf"", ""expected_pages"": [2]}]","[{""rank"": 1, ""document"": ""d24105658.pdf"", ""page"": 24, ""distance"": 1.0229090452194214}, {""rank"": 2, ""document"": ""d24105658.pdf"", ""page"": 20, ""distance"": 1.0370453596115112}, {""rank"": 3, ""document"": ""d24106576.pdf"", ""page"": 3, ""distance"": 1.0835288763046265}, {""rank"": 4, ""document"": ""d24105658.pdf"", ""page"": 34, ""distance"": 1.1007055044174194}, {""rank"": 5, ""document"": ""d24105658.pdf"", ""page"": 3, ""distance"": 1.1187770366668701}, {""rank"": 6, ""document"": ""d24105658.pdf"", ""page"": 26, ""distance"": 1.1212047338485718}, {""rank"": 7, ""document"": ""d24105658.pdf"", ""page"": 35, ""distance"": 1.1368792057037354}, {""rank"": 8, ""document"": ""d24106576.pdf"", ""page"": 29, ""distance"": 1.1378560066223145}, {""rank"": 9, ""document"": ""d24106576.pdf"", ""page"": 10, ""distance"": 1.1575911045074463}, {""rank"": 10, ""document"": ""d24105658.pdf"", ""page"": 15, ""distance"": 1.1617178916931152}]",0.0,0.0,False,False,0.01125729997875169
EQ044,What steps should an agency take to strengthen a risk-based information-security program?,Identify threats; securely configure assets; patch vulnerable systems or replace unsupported software; and comprehensively test and evaluate security controls.,GAO-16-885T,PDF p. 2,1,"[{""evaluation_document"": ""GAO-16-885T"", ""indexed_document"": ""gao-16-885t.pdf"", ""expected_pages"": [2]}]","[{""rank"": 1, ""document"": ""gao-16-885t.pdf"", ""page"": 8, ""distance"": 0.6034807562828064}]",1.0,0.0,True,False,0.012414600001648068
EQ044,What steps should an agency take to strengthen a risk-based information-security program?,Identify threats; securely configure assets; patch vulnerable systems or replace unsupported software; and comprehensively test and evaluate security controls.,GAO-16-885T,PDF p. 2,2,"[{""evaluation_document"": ""GAO-16-885T"", ""indexed_document"": ""gao-16-885t.pdf"", ""expected_pages"": [2]}]","[{""rank"": 1, ""document"": ""gao-16-885t.pdf"", ""page"": 8, ""distance"": 0.6034807562828064}, {""rank"": 2, ""document"": ""gao-16-885t.pdf"", ""page"": 10, ""distance"": 0.6582022905349731}]",1.0,0.0,True,False,0.01122460002079606
EQ044,What steps should an agency take to strengthen a risk-based information-security program?,Identify threats; securely configure assets; patch vulnerable systems or replace unsupported software; and comprehensively test and evaluate security controls.,GAO-16-885T,PDF p. 2,3,"[{""evaluation_document"": ""GAO-16-885T"", ""indexed_document"": ""gao-16-885t.pdf"", ""expected_pages"": [2]}]","[{""rank"": 1, ""document"": ""gao-16-885t.pdf"", ""page"": 8, ""distance"": 0.6034807562828064}, {""rank"": 2, ""document"": ""gao-16-885t.pdf"", ""page"": 10, ""distance"": 0.6582022905349731}, {""rank"": 3, ""document"": ""gao-16-885t.pdf"", ""page"": 2, ""distance"": 0.667993426322937}]",1.0,1.0,True,True,0.011632400040980428
EQ044,What steps should an agency take to strengthen a risk-based information-security program?,Identify threats; securely configure assets; patch vulnerable systems or replace unsupported software; and comprehensively test and evaluate security controls.,GAO-16-885T,PDF p. 2,4,"[{""evaluation_document"": ""GAO-16-885T"", ""indexed_document"": ""gao-16-885t.pdf"", ""expected_pages"": [2]}]","[{""rank"": 1, ""document"": ""gao-16-885t.pdf"", ""page"": 8, ""distance"": 0.6034807562828064}, {""rank"": 2, ""document"": ""gao-16-885t.pdf"", ""page"": 10, ""distance"": 0.6582022905349731}, {""rank"": 3, ""document"": ""gao-16-885t.pdf"", ""page"": 2, ""distance"": 0.667993426322937}, {""rank"": 4, ""document"": ""gao-24-107231.pdf"", ""page"": 41, ""distance"": 0.7066881656646729}]",1.0,1.0,True,True,0.012315900006797165
EQ044,What steps should an agency take to strengthen a risk-based information-security program?,Identify threats; securely configure assets; patch vulnerable systems or replace unsupported software; and comprehensively test and evaluate security controls.,GAO-16-885T,PDF p. 2,5,"[{""evaluation_document"": ""GAO-16-885T"", ""indexed_document"": ""gao-16-885t.pdf"", ""expected_pages"": [2]}]","[{""rank"": 1, ""document"": ""gao-16-885t.pdf"", ""page"": 8, ""distance"": 0.6034807562828064}, {""rank"": 2, ""document"": ""gao-16-885t.pdf"", ""page"": 10, ""distance"": 0.6582022905349731}, {""rank"": 3, ""document"": ""gao-16-885t.pdf"", ""page"": 2, ""distance"": 0.667993426322937}, {""rank"": 4, ""document"": ""gao-24-107231.pdf"", ""page"": 41, ""distance"": 0.7066881656646729}, {""rank"": 5, ""document"": ""d24106916.pdf"", ""page"": 25, ""distance"": 0.7312582731246948}]",1.0,1.0,True,True,0.013273400021716952
EQ044,What steps should an agency take to strengthen a risk-based information-security program?,Identify threats; securely configure assets; patch vulnerable systems or replace unsupported software; and comprehensively test and evaluate security controls.,GAO-16-885T,PDF p. 2,6,"[{""evaluation_document"": ""GAO-16-885T"", ""indexed_document"": ""gao-16-885t.pdf"", ""expected_pages"": [2]}]","[{""rank"": 1, ""document"": ""gao-16-885t.pdf"", ""page"": 8, ""distance"": 0.6034807562828064}, {""rank"": 2, ""document"": ""gao-16-885t.pdf"", ""page"": 10, ""distance"": 0.6582022905349731}, {""rank"": 3, ""document"": ""gao-16-885t.pdf"", ""page"": 2, ""distance"": 0.667993426322937}, {""rank"": 4, ""document"": ""gao-24-107231.pdf"", ""page"": 41, ""distance"": 0.7066881656646729}, {""rank"": 5, ""document"": ""d24106916.pdf"", ""page"": 25, ""distance"": 0.7312582731246948}, {""rank"": 6, ""document"": ""gao-16-885t.pdf"", ""page"": 6, ""distance"": 0.7413204908370972}]",1.0,1.0,True,True,0.011413500003982335
EQ044,What steps should an agency take to strengthen a risk-based information-security program?,Identify threats; securely configure assets; patch vulnerable systems or replace unsupported software; and comprehensively test and evaluate security controls.,GAO-16-885T,PDF p. 2,7,"[{""evaluation_document"": ""GAO-16-885T"", ""indexed_document"": ""gao-16-885t.pdf"", ""expected_pages"": [2]}]","[{""rank"": 1, ""document"": ""gao-16-885t.pdf"", ""page"": 8, ""distance"": 0.6034807562828064}, {""rank"": 2, ""document"": ""gao-16-885t.pdf"", ""page"": 10, ""distance"": 0.6582022905349731}, {""rank"": 3, ""document"": ""gao-16-885t.pdf"", ""page"": 2, ""distance"": 0.667993426322937}, {""rank"": 4, ""document"": ""gao-24-107231.pdf"", ""page"": 41, ""distance"": 0.7066881656646729}, {""rank"": 5, ""document"": ""d24106916.pdf"", ""page"": 25, ""distance"": 0.7312582731246948}, {""rank"": 6, ""document"": ""gao-16-885t.pdf"", ""page"": 6, ""distance"": 0.7413204908370972}, {""rank"": 7, ""document"": ""gao-16-885t.pdf"", ""page"": 12, ""distance"": 0.74271160364151}]",1.0,1.0,True,True,0.011844500026199967
EQ044,What steps should an agency take to strengthen a risk-based information-security program?,Identify threats; securely configure assets; patch vulnerable systems or replace unsupported software; and comprehensively test and evaluate security controls.,GAO-16-885T,PDF p. 2,8,"[{""evaluation_document"": ""GAO-16-885T"", ""indexed_document"": ""gao-16-885t.pdf"", ""expected_pages"": [2]}]","[{""rank"": 1, ""document"": ""gao-16-885t.pdf"", ""page"": 8, ""distance"": 0.6034807562828064}, {""rank"": 2, ""document"": ""gao-16-885t.pdf"", ""page"": 10, ""distance"": 0.6582022905349731}, {""rank"": 3, ""document"": ""gao-16-885t.pdf"", ""page"": 2, ""distance"": 0.667993426322937}, {""rank"": 4, ""document"": ""gao-24-107231.pdf"", ""page"": 41, ""distance"": 0.7066881656646729}, {""rank"": 5, ""document"": ""d24106916.pdf"", ""page"": 25, ""distance"": 0.7312582731246948}, {""rank"": 6, ""document"": ""gao-16-885t.pdf"", ""page"": 6, ""distance"": 0.7413204908370972}, {""rank"": 7, ""document"": ""gao-16-885t.pdf"", ""page"": 12, ""distance"": 0.74271160364151}, {""rank"": 8, ""document"": ""gao-24-107231.pdf"", ""page"": 34, ""distance"": 0.7446204423904419}]",1.0,1.0,True,True,0.012019300018437207
EQ044,What steps should an agency take to strengthen a risk-based information-security program?,Identify threats; securely configure assets; patch vulnerable systems or replace unsupported software; and comprehensively test and evaluate security controls.,GAO-16-885T,PDF p. 2,9,"[{""evaluation_document"": ""GAO-16-885T"", ""indexed_document"": ""gao-16-885t.pdf"", ""expected_pages"": [2]}]","[{""rank"": 1, ""document"": ""gao-16-885t.pdf"", ""page"": 8, ""distance"": 0.6034807562828064}, {""rank"": 2, ""document"": ""gao-16-885t.pdf"", ""page"": 10, ""distance"": 0.6582022905349731}, {""rank"": 3, ""document"": ""gao-16-885t.pdf"", ""page"": 2, ""distance"": 0.667993426322937}, {""rank"": 4, ""document"": ""gao-24-107231.pdf"", ""page"": 41, ""distance"": 0.7066881656646729}, {""rank"": 5, ""document"": ""d24106916.pdf"", ""page"": 25, ""distance"": 0.7312582731246948}, {""rank"": 6, ""document"": ""gao-16-885t.pdf"", ""page"": 6, ""distance"": 0.7413204908370972}, {""rank"": 7, ""document"": ""gao-16-885t.pdf"", ""page"": 12, ""distance"": 0.74271160364151}, {""rank"": 8, ""document"": ""gao-24-107231.pdf"", ""page"": 34, ""distance"": 0.7446204423904419}, {""rank"": 9, ""document"": ""gao-24-107231.pdf"", ""page"": 57, ""distance"": 0.770007848739624}]",1.0,1.0,True,True,0.012025500007439405
EQ044,What steps should an agency take to strengthen a risk-based information-security program?,Identify threats; securely configure assets; patch vulnerable systems or replace unsupported software; and comprehensively test and evaluate security controls.,GAO-16-885T,PDF p. 2,10,"[{""evaluation_document"": ""GAO-16-885T"", ""indexed_document"": ""gao-16-885t.pdf"", ""expected_pages"": [2]}]","[{""rank"": 1, ""document"": ""gao-16-885t.pdf"", ""page"": 8, ""distance"": 0.6034807562828064}, {""rank"": 2, ""document"": ""gao-16-885t.pdf"", ""page"": 10, ""distance"": 0.6582022905349731}, {""rank"": 3, ""document"": ""gao-16-885t.pdf"", ""page"": 2, ""distance"": 0.667993426322937}, {""rank"": 4, ""document"": ""gao-24-107231.pdf"", ""page"": 41, ""distance"": 0.7066881656646729}, {""rank"": 5, ""document"": ""d24106916.pdf"", ""page"": 25, ""distance"": 0.7312582731246948}, {""rank"": 6, ""document"": ""gao-16-885t.pdf"", ""page"": 6, ""distance"": 0.7413204908370972}, {""rank"": 7, ""document"": ""gao-16-885t.pdf"", ""page"": 12, ""distance"": 0.74271160364151}, {""rank"": 8, ""document"": ""gao-24-107231.pdf"", ""page"": 34, ""distance"": 0.7446204423904419}, {""rank"": 9, ""document"": ""gao-24-107231.pdf"", ""page"": 57, ""distance"": 0.770007848739624}, {""rank"": 10, ""document"": ""gao-16-885t.pdf"", ""page"": 7, ""distance"": 0.7773216962814331}]",1.0,1.0,True,True,0.012588899990078062
EQ045,How should an organization select cybersecurity technologies for critical-infrastructure protection?,"Determine security business requirements, perform risk assessments, establish a security policy, and use the framework to select technologies.",GAO-04-321,PDF p. 1,1,"[{""evaluation_document"": ""GAO-04-321"", ""indexed_document"": ""gao-04-321-highlights.pdf"", ""expected_pages"": [1]}]","[{""rank"": 1, ""document"": ""gao-04-321-highlights.pdf"", ""page"": 1, ""distance"": 0.6278942823410034}]",1.0,1.0,True,True,0.011060599994380027
EQ045,How should an organization select cybersecurity technologies for critical-infrastructure protection?,"Determine security business requirements, perform risk assessments, establish a security policy, and use the framework to select technologies.",GAO-04-321,PDF p. 1,2,"[{""evaluation_document"": ""GAO-04-321"", ""indexed_document"": ""gao-04-321-highlights.pdf"", ""expected_pages"": [1]}]","[{""rank"": 1, ""document"": ""gao-04-321-highlights.pdf"", ""page"": 1, ""distance"": 0.6278942823410034}, {""rank"": 2, ""document"": ""d24106576.pdf"", ""page"": 47, ""distance"": 0.6860442161560059}]",1.0,1.0,True,True,0.011890800029505044
EQ045,How should an organization select cybersecurity technologies for critical-infrastructure protection?,"Determine security business requirements, perform risk assessments, establish a security policy, and use the framework to select technologies.",GAO-04-321,PDF p. 1,3,"[{""evaluation_document"": ""GAO-04-321"", ""indexed_document"": ""gao-04-321-highlights.pdf"", ""expected_pages"": [1]}]","[{""rank"": 1, ""document"": ""gao-04-321-highlights.pdf"", ""page"": 1, ""distance"": 0.6278942823410034}, {""rank"": 2, ""document"": ""d24106576.pdf"", ""page"": 47, ""distance"": 0.6860442161560059}, {""rank"": 3, ""document"": ""d24106576.pdf"", ""page"": 67, ""distance"": 0.7060662508010864}]",1.0,1.0,True,True,0.011482700007036328
EQ045,How should an organization select cybersecurity technologies for critical-infrastructure protection?,"Determine security business requirements, perform risk assessments, establish a security policy, and use the framework to select technologies.",GAO-04-321,PDF p. 1,4,"[{""evaluation_document"": ""GAO-04-321"", ""indexed_document"": ""gao-04-321-highlights.pdf"", ""expected_pages"": [1]}]","[{""rank"": 1, ""document"": ""gao-04-321-highlights.pdf"", ""page"": 1, ""distance"": 0.6278942823410034}, {""rank"": 2, ""document"": ""d24106576.pdf"", ""page"": 47, ""distance"": 0.6860442161560059}, {""rank"": 3, ""document"": ""d24106576.pdf"", ""page"": 67, ""distance"": 0.7060662508010864}, {""rank"": 4, ""document"": ""d24106576.pdf"", ""page"": 45, ""distance"": 0.7177789211273193}]",1.0,1.0,True,True,0.010893099999520928
EQ045,How should an organization select cybersecurity technologies for critical-infrastructure protection?,"Determine security business requirements, perform risk assessments, establish a security policy, and use the framework to select technologies.",GAO-04-321,PDF p. 1,5,"[{""evaluation_document"": ""GAO-04-321"", ""indexed_document"": ""gao-04-321-highlights.pdf"", ""expected_pages"": [1]}]","[{""rank"": 1, ""document"": ""gao-04-321-highlights.pdf"", ""page"": 1, ""distance"": 0.6278942823410034}, {""rank"": 2, ""document"": ""d24106576.pdf"", ""page"": 47, ""distance"": 0.6860442161560059}, {""rank"": 3, ""document"": ""d24106576.pdf"", ""page"": 67, ""distance"": 0.7060662508010864}, {""rank"": 4, ""document"": ""d24106576.pdf"", ""page"": 45, ""distance"": 0.7177789211273193}, {""rank"": 5, ""document"": ""gao-04-321-highlights.pdf"", ""page"": 1, ""distance"": 0.7183685302734375}]",1.0,1.0,True,True,0.009007799963001162
EQ045,How should an organization select cybersecurity technologies for critical-infrastructure protection?,"Determine security business requirements, perform risk assessments, establish a security policy, and use the framework to select technologies.",GAO-04-321,PDF p. 1,6,"[{""evaluation_document"": ""GAO-04-321"", ""indexed_document"": ""gao-04-321-highlights.pdf"", ""expected_pages"": [1]}]","[{""rank"": 1, ""document"": ""gao-04-321-highlights.pdf"", ""page"": 1, ""distance"": 0.6278942823410034}, {""rank"": 2, ""document"": ""d24106576.pdf"", ""page"": 47, ""distance"": 0.6860442161560059}, {""rank"": 3, ""document"": ""d24106576.pdf"", ""page"": 67, ""distance"": 0.7060662508010864}, {""rank"": 4, ""document"": ""d24106576.pdf"", ""page"": 45, ""distance"": 0.7177789211273193}, {""rank"": 5, ""document"": ""gao-04-321-highlights.pdf"", ""page"": 1, ""distance"": 0.7183685302734375}, {""rank"": 6, ""document"": ""d24106576.pdf"", ""page"": 4, ""distance"": 0.7349467277526855}]",1.0,1.0,True,True,0.01120819995412603
EQ045,How should an organization select cybersecurity technologies for critical-infrastructure protection?,"Determine security business requirements, perform risk assessments, establish a security policy, and use the framework to select technologies.",GAO-04-321,PDF p. 1,7,"[{""evaluation_document"": ""GAO-04-321"", ""indexed_document"": ""gao-04-321-highlights.pdf"", ""expected_pages"": [1]}]","[{""rank"": 1, ""document"": ""gao-04-321-highlights.pdf"", ""page"": 1, ""distance"": 0.6278942823410034}, {""rank"": 2, ""document"": ""d24106576.pdf"", ""page"": 47, ""distance"": 0.6860442161560059}, {""rank"": 3, ""document"": ""d24106576.pdf"", ""page"": 67, ""distance"": 0.7060662508010864}, {""rank"": 4, ""document"": ""d24106576.pdf"", ""page"": 45, ""distance"": 0.7177789211273193}, {""rank"": 5, ""document"": ""gao-04-321-highlights.pdf"", ""page"": 1, ""distance"": 0.7183685302734375}, {""rank"": 6, ""document"": ""d24106576.pdf"", ""page"": 4, ""distance"": 0.7349467277526855}, {""rank"": 7, ""document"": ""d24106576.pdf"", ""page"": 9, ""distance"": 0.7373287677764893}]",1.0,1.0,True,True,0.011997900030110031
EQ045,How should an organization select cybersecurity technologies for critical-infrastructure protection?,"Determine security business requirements, perform risk assessments, establish a security policy, and use the framework to select technologies.",GAO-04-321,PDF p. 1,8,"[{""evaluation_document"": ""GAO-04-321"", ""indexed_document"": ""gao-04-321-highlights.pdf"", ""expected_pages"": [1]}]","[{""rank"": 1, ""document"": ""gao-04-321-highlights.pdf"", ""page"": 1, ""distance"": 0.6278942823410034}, {""rank"": 2, ""document"": ""d24106576.pdf"", ""page"": 47, ""distance"": 0.6860442161560059}, {""rank"": 3, ""document"": ""d24106576.pdf"", ""page"": 67, ""distance"": 0.7060662508010864}, {""rank"": 4, ""document"": ""d24106576.pdf"", ""page"": 45, ""distance"": 0.7177789211273193}, {""rank"": 5, ""document"": ""gao-04-321-highlights.pdf"", ""page"": 1, ""distance"": 0.7183685302734375}, {""rank"": 6, ""document"": ""d24106576.pdf"", ""page"": 4, ""distance"": 0.7349467277526855}, {""rank"": 7, ""document"": ""d24106576.pdf"", ""page"": 9, ""distance"": 0.7373287677764893}, {""rank"": 8, ""document"": ""gao-24-107231.pdf"", ""page"": 88, ""distance"": 0.7437999248504639}]",1.0,1.0,True,True,0.011822699976619333
EQ045,How should an organization select cybersecurity technologies for critical-infrastructure protection?,"Determine security business requirements, perform risk assessments, establish a security policy, and use the framework to select technologies.",GAO-04-321,PDF p. 1,9,"[{""evaluation_document"": ""GAO-04-321"", ""indexed_document"": ""gao-04-321-highlights.pdf"", ""expected_pages"": [1]}]","[{""rank"": 1, ""document"": ""gao-04-321-highlights.pdf"", ""page"": 1, ""distance"": 0.6278942823410034}, {""rank"": 2, ""document"": ""d24106576.pdf"", ""page"": 47, ""distance"": 0.6860442161560059}, {""rank"": 3, ""document"": ""d24106576.pdf"", ""page"": 67, ""distance"": 0.7060662508010864}, {""rank"": 4, ""document"": ""d24106576.pdf"", ""page"": 45, ""distance"": 0.7177789211273193}, {""rank"": 5, ""document"": ""gao-04-321-highlights.pdf"", ""page"": 1, ""distance"": 0.7183685302734375}, {""rank"": 6, ""document"": ""d24106576.pdf"", ""page"": 4, ""distance"": 0.7349467277526855}, {""rank"": 7, ""document"": ""d24106576.pdf"", ""page"": 9, ""distance"": 0.7373287677764893}, {""rank"": 8, ""document"": ""gao-24-107231.pdf"", ""page"": 88, ""distance"": 0.7437999248504639}, {""rank"": 9, ""document"": ""d24106576.pdf"", ""page"": 3, ""distance"": 0.7447916865348816}]",1.0,1.0,True,True,0.012740499980282038
EQ045,How should an organization select cybersecurity technologies for critical-infrastructure protection?,"Determine security business requirements, perform risk assessments, establish a security policy, and use the framework to select technologies.",GAO-04-321,PDF p. 1,10,"[{""evaluation_document"": ""GAO-04-321"", ""indexed_document"": ""gao-04-321-highlights.pdf"", ""expected_pages"": [1]}]","[{""rank"": 1, ""document"": ""gao-04-321-highlights.pdf"", ""page"": 1, ""distance"": 0.6278942823410034}, {""rank"": 2, ""document"": ""d24106576.pdf"", ""page"": 47, ""distance"": 0.6860442161560059}, {""rank"": 3, ""document"": ""d24106576.pdf"", ""page"": 67, ""distance"": 0.7060662508010864}, {""rank"": 4, ""document"": ""d24106576.pdf"", ""page"": 45, ""distance"": 0.7177789211273193}, {""rank"": 5, ""document"": ""gao-04-321-highlights.pdf"", ""page"": 1, ""distance"": 0.7183685302734375}, {""rank"": 6, ""document"": ""d24106576.pdf"", ""page"": 4, ""distance"": 0.7349467277526855}, {""rank"": 7, ""document"": ""d24106576.pdf"", ""page"": 9, ""distance"": 0.7373287677764893}, {""rank"": 8, ""document"": ""gao-24-107231.pdf"", ""page"": 88, ""distance"": 0.7437999248504639}, {""rank"": 9, ""document"": ""d24106576.pdf"", ""page"": 3, ""distance"": 0.7447916865348816}, {""rank"": 10, ""document"": ""gao-24-107231.pdf"", ""page"": 53, ""distance"": 0.7491756677627563}]",1.0,1.0,True,True,0.01239499996881932
EQ046,How should CISA and partner agencies improve collaboration on OT cybersecurity risks?,"Use leading collaboration practices, including defining common outcomes, ensuring accountability, bridging cultures, and clarifying roles and responsibilities.",GAO-24-106576,PDF p. 3,1,"[{""evaluation_document"": ""GAO-24-106576"", ""indexed_document"": ""d24106576.pdf"", ""expected_pages"": [3]}]","[{""rank"": 1, ""document"": ""gao-24-107231.pdf"", ""page"": 57, ""distance"": 0.3707388937473297}]",0.0,0.0,False,False,0.009457800013478845
EQ046,How should CISA and partner agencies improve collaboration on OT cybersecurity risks?,"Use leading collaboration practices, including defining common outcomes, ensuring accountability, bridging cultures, and clarifying roles and responsibilities.",GAO-24-106576,PDF p. 3,2,"[{""evaluation_document"": ""GAO-24-106576"", ""indexed_document"": ""d24106576.pdf"", ""expected_pages"": [3]}]","[{""rank"": 1, ""document"": ""gao-24-107231.pdf"", ""page"": 57, ""distance"": 0.3707388937473297}, {""rank"": 2, ""document"": ""d24106576.pdf"", ""page"": 3, ""distance"": 0.42486798763275146}]",1.0,1.0,True,True,0.011591700022108853
EQ046,How should CISA and partner agencies improve collaboration on OT cybersecurity risks?,"Use leading collaboration practices, including defining common outcomes, ensuring accountability, bridging cultures, and clarifying roles and responsibilities.",GAO-24-106576,PDF p. 3,3,"[{""evaluation_document"": ""GAO-24-106576"", ""indexed_document"": ""d24106576.pdf"", ""expected_pages"": [3]}]","[{""rank"": 1, ""document"": ""gao-24-107231.pdf"", ""page"": 57, ""distance"": 0.3707388937473297}, {""rank"": 2, ""document"": ""d24106576.pdf"", ""page"": 3, ""distance"": 0.42486798763275146}, {""rank"": 3, ""document"": ""d24106576.pdf"", ""page"": 11, ""distance"": 0.4313196837902069}]",1.0,1.0,True,True,0.013373799971304834
EQ046,How should CISA and partner agencies improve collaboration on OT cybersecurity risks?,"Use leading collaboration practices, including defining common outcomes, ensuring accountability, bridging cultures, and clarifying roles and responsibilities.",GAO-24-106576,PDF p. 3,4,"[{""evaluation_document"": ""GAO-24-106576"", ""indexed_document"": ""d24106576.pdf"", ""expected_pages"": [3]}]","[{""rank"": 1, ""document"": ""gao-24-107231.pdf"", ""page"": 57, ""distance"": 0.3707388937473297}, {""rank"": 2, ""document"": ""d24106576.pdf"", ""page"": 3, ""distance"": 0.42486798763275146}, {""rank"": 3, ""document"": ""d24106576.pdf"", ""page"": 11, ""distance"": 0.4313196837902069}, {""rank"": 4, ""document"": ""d24106576.pdf"", ""page"": 43, ""distance"": 0.43873196840286255}]",1.0,1.0,True,True,0.011566600005608052
EQ046,How should CISA and partner agencies improve collaboration on OT cybersecurity risks?,"Use leading collaboration practices, including defining common outcomes, ensuring accountability, bridging cultures, and clarifying roles and responsibilities.",GAO-24-106576,PDF p. 3,5,"[{""evaluation_document"": ""GAO-24-106576"", ""indexed_document"": ""d24106576.pdf"", ""expected_pages"": [3]}]","[{""rank"": 1, ""document"": ""gao-24-107231.pdf"", ""page"": 57, ""distance"": 0.3707388937473297}, {""rank"": 2, ""document"": ""d24106576.pdf"", ""page"": 3, ""distance"": 0.42486798763275146}, {""rank"": 3, ""document"": ""d24106576.pdf"", ""page"": 11, ""distance"": 0.4313196837902069}, {""rank"": 4, ""document"": ""d24106576.pdf"", ""page"": 43, ""distance"": 0.43873196840286255}, {""rank"": 5, ""document"": ""d24106576.pdf"", ""page"": 2, ""distance"": 0.47209709882736206}]",1.0,1.0,True,True,0.01056959998095408
EQ046,How should CISA and partner agencies improve collaboration on OT cybersecurity risks?,"Use leading collaboration practices, including defining common outcomes, ensuring accountability, bridging cultures, and clarifying roles and responsibilities.",GAO-24-106576,PDF p. 3,6,"[{""evaluation_document"": ""GAO-24-106576"", ""indexed_document"": ""d24106576.pdf"", ""expected_pages"": [3]}]","[{""rank"": 1, ""document"": ""gao-24-107231.pdf"", ""page"": 57, ""distance"": 0.3707388937473297}, {""rank"": 2, ""document"": ""d24106576.pdf"", ""page"": 3, ""distance"": 0.42486798763275146}, {""rank"": 3, ""document"": ""d24106576.pdf"", ""page"": 11, ""distance"": 0.4313196837902069}, {""rank"": 4, ""document"": ""d24106576.pdf"", ""page"": 43, ""distance"": 0.43873196840286255}, {""rank"": 5, ""document"": ""d24106576.pdf"", ""page"": 2, ""distance"": 0.47209709882736206}, {""rank"": 6, ""document"": ""d24106576.pdf"", ""page"": 4, ""distance"": 0.4862271249294281}]",1.0,1.0,True,True,0.013170199992600828
EQ046,How should CISA and partner agencies improve collaboration on OT cybersecurity risks?,"Use leading collaboration practices, including defining common outcomes, ensuring accountability, bridging cultures, and clarifying roles and responsibilities.",GAO-24-106576,PDF p. 3,7,"[{""evaluation_document"": ""GAO-24-106576"", ""indexed_document"": ""d24106576.pdf"", ""expected_pages"": [3]}]","[{""rank"": 1, ""document"": ""gao-24-107231.pdf"", ""page"": 57, ""distance"": 0.3707388937473297}, {""rank"": 2, ""document"": ""d24106576.pdf"", ""page"": 3, ""distance"": 0.42486798763275146}, {""rank"": 3, ""document"": ""d24106576.pdf"", ""page"": 11, ""distance"": 0.4313196837902069}, {""rank"": 4, ""document"": ""d24106576.pdf"", ""page"": 43, ""distance"": 0.43873196840286255}, {""rank"": 5, ""document"": ""d24106576.pdf"", ""page"": 2, ""distance"": 0.47209709882736206}, {""rank"": 6, ""document"": ""d24106576.pdf"", ""page"": 4, ""distance"": 0.4862271249294281}, {""rank"": 7, ""document"": ""d24106576.pdf"", ""page"": 49, ""distance"": 0.49180078506469727}]",1.0,1.0,True,True,0.011441699985880405
EQ046,How should CISA and partner agencies improve collaboration on OT cybersecurity risks?,"Use leading collaboration practices, including defining common outcomes, ensuring accountability, bridging cultures, and clarifying roles and responsibilities.",GAO-24-106576,PDF p. 3,8,"[{""evaluation_document"": ""GAO-24-106576"", ""indexed_document"": ""d24106576.pdf"", ""expected_pages"": [3]}]","[{""rank"": 1, ""document"": ""gao-24-107231.pdf"", ""page"": 57, ""distance"": 0.3707388937473297}, {""rank"": 2, ""document"": ""d24106576.pdf"", ""page"": 3, ""distance"": 0.42486798763275146}, {""rank"": 3, ""document"": ""d24106576.pdf"", ""page"": 11, ""distance"": 0.4313196837902069}, {""rank"": 4, ""document"": ""d24106576.pdf"", ""page"": 43, ""distance"": 0.43873196840286255}, {""rank"": 5, ""document"": ""d24106576.pdf"", ""page"": 2, ""distance"": 0.47209709882736206}, {""rank"": 6, ""document"": ""d24106576.pdf"", ""page"": 4, ""distance"": 0.4862271249294281}, {""rank"": 7, ""document"": ""d24106576.pdf"", ""page"": 49, ""distance"": 0.49180078506469727}, {""rank"": 8, ""document"": ""d24106576.pdf"", ""page"": 48, ""distance"": 0.5203028321266174}]",1.0,1.0,True,True,0.011704300006385893
EQ046,How should CISA and partner agencies improve collaboration on OT cybersecurity risks?,"Use leading collaboration practices, including defining common outcomes, ensuring accountability, bridging cultures, and clarifying roles and responsibilities.",GAO-24-106576,PDF p. 3,9,"[{""evaluation_document"": ""GAO-24-106576"", ""indexed_document"": ""d24106576.pdf"", ""expected_pages"": [3]}]","[{""rank"": 1, ""document"": ""gao-24-107231.pdf"", ""page"": 57, ""distance"": 0.3707388937473297}, {""rank"": 2, ""document"": ""d24106576.pdf"", ""page"": 3, ""distance"": 0.42486798763275146}, {""rank"": 3, ""document"": ""d24106576.pdf"", ""page"": 11, ""distance"": 0.4313196837902069}, {""rank"": 4, ""document"": ""d24106576.pdf"", ""page"": 43, ""distance"": 0.43873196840286255}, {""rank"": 5, ""document"": ""d24106576.pdf"", ""page"": 2, ""distance"": 0.47209709882736206}, {""rank"": 6, ""document"": ""d24106576.pdf"", ""page"": 4, ""distance"": 0.4862271249294281}, {""rank"": 7, ""document"": ""d24106576.pdf"", ""page"": 49, ""distance"": 0.49180078506469727}, {""rank"": 8, ""document"": ""d24106576.pdf"", ""page"": 48, ""distance"": 0.5203028321266174}, {""rank"": 9, ""document"": ""d24106576.pdf"", ""page"": 58, ""distance"": 0.5502755045890808}]",1.0,1.0,True,True,0.013000900042243302
EQ046,How should CISA and partner agencies improve collaboration on OT cybersecurity risks?,"Use leading collaboration practices, including defining common outcomes, ensuring accountability, bridging cultures, and clarifying roles and responsibilities.",GAO-24-106576,PDF p. 3,10,"[{""evaluation_document"": ""GAO-24-106576"", ""indexed_document"": ""d24106576.pdf"", ""expected_pages"": [3]}]","[{""rank"": 1, ""document"": ""gao-24-107231.pdf"", ""page"": 57, ""distance"": 0.3707388937473297}, {""rank"": 2, ""document"": ""d24106576.pdf"", ""page"": 3, ""distance"": 0.42486798763275146}, {""rank"": 3, ""document"": ""d24106576.pdf"", ""page"": 11, ""distance"": 0.4313196837902069}, {""rank"": 4, ""document"": ""d24106576.pdf"", ""page"": 43, ""distance"": 0.43873196840286255}, {""rank"": 5, ""document"": ""d24106576.pdf"", ""page"": 2, ""distance"": 0.47209709882736206}, {""rank"": 6, ""document"": ""d24106576.pdf"", ""page"": 4, ""distance"": 0.4862271249294281}, {""rank"": 7, ""document"": ""d24106576.pdf"", ""page"": 49, ""distance"": 0.49180078506469727}, {""rank"": 8, ""document"": ""d24106576.pdf"", ""page"": 48, ""distance"": 0.5203028321266174}, {""rank"": 9, ""document"": ""d24106576.pdf"", ""page"": 58, ""distance"": 0.5502755045890808}, {""rank"": 10, ""document"": ""d24106576.pdf"", ""page"": 59, ""distance"": 0.5545987486839294}]",1.0,1.0,True,True,0.012932199984788895
EQ047,How should a federal agency make its cyber threat information sharing more useful?,Work with relevant agencies and critical-sector partners to make sharing effective and timely and address gaps in voluntary and actionable information.,GAO-24-107733,PDF p. 2,1,"[{""evaluation_document"": ""GAO-24-107733"", ""indexed_document"": ""gao-24-107733.pdf"", ""expected_pages"": [2]}]","[{""rank"": 1, ""document"": ""gao-24-107231.pdf"", ""page"": 54, ""distance"": 0.4681602120399475}]",0.0,0.0,False,False,0.011100500007160008
EQ047,How should a federal agency make its cyber threat information sharing more useful?,Work with relevant agencies and critical-sector partners to make sharing effective and timely and address gaps in voluntary and actionable information.,GAO-24-107733,PDF p. 2,2,"[{""evaluation_document"": ""GAO-24-107733"", ""indexed_document"": ""gao-24-107733.pdf"", ""expected_pages"": [2]}]","[{""rank"": 1, ""document"": ""gao-24-107231.pdf"", ""page"": 54, ""distance"": 0.4681602120399475}, {""rank"": 2, ""document"": ""gao-24-107231.pdf"", ""page"": 53, ""distance"": 0.5017412304878235}]",0.0,0.0,False,False,0.011696700006723404
EQ047,How should a federal agency make its cyber threat information sharing more useful?,Work with relevant agencies and critical-sector partners to make sharing effective and timely and address gaps in voluntary and actionable information.,GAO-24-107733,PDF p. 2,3,"[{""evaluation_document"": ""GAO-24-107733"", ""indexed_document"": ""gao-24-107733.pdf"", ""expected_pages"": [2]}]","[{""rank"": 1, ""document"": ""gao-24-107231.pdf"", ""page"": 54, ""distance"": 0.4681602120399475}, {""rank"": 2, ""document"": ""gao-24-107231.pdf"", ""page"": 53, ""distance"": 0.5017412304878235}, {""rank"": 3, ""document"": ""d24105658.pdf"", ""page"": 2, ""distance"": 0.5614218711853027}]",0.0,0.0,False,False,0.01096079999115318
EQ047,How should a federal agency make its cyber threat information sharing more useful?,Work with relevant agencies and critical-sector partners to make sharing effective and timely and address gaps in voluntary and actionable information.,GAO-24-107733,PDF p. 2,4,"[{""evaluation_document"": ""GAO-24-107733"", ""indexed_document"": ""gao-24-107733.pdf"", ""expected_pages"": [2]}]","[{""rank"": 1, ""document"": ""gao-24-107231.pdf"", ""page"": 54, ""distance"": 0.4681602120399475}, {""rank"": 2, ""document"": ""gao-24-107231.pdf"", ""page"": 53, ""distance"": 0.5017412304878235}, {""rank"": 3, ""document"": ""d24105658.pdf"", ""page"": 2, ""distance"": 0.5614218711853027}, {""rank"": 4, ""document"": ""gao-24-107733.pdf"", ""page"": 2, ""distance"": 0.577118992805481}]",1.0,1.0,True,True,0.01112989999819547
EQ047,How should a federal agency make its cyber threat information sharing more useful?,Work with relevant agencies and critical-sector partners to make sharing effective and timely and address gaps in voluntary and actionable information.,GAO-24-107733,PDF p. 2,5,"[{""evaluation_document"": ""GAO-24-107733"", ""indexed_document"": ""gao-24-107733.pdf"", ""expected_pages"": [2]}]","[{""rank"": 1, ""document"": ""gao-24-107231.pdf"", ""page"": 54, ""distance"": 0.4681602120399475}, {""rank"": 2, ""document"": ""gao-24-107231.pdf"", ""page"": 53, ""distance"": 0.5017412304878235}, {""rank"": 3, ""document"": ""d24105658.pdf"", ""page"": 2, ""distance"": 0.5614218711853027}, {""rank"": 4, ""document"": ""gao-24-107733.pdf"", ""page"": 2, ""distance"": 0.577118992805481}, {""rank"": 5, ""document"": ""gao-16-885t.pdf"", ""page"": 13, ""distance"": 0.6317800283432007}]",1.0,1.0,True,True,0.011471500038169324
EQ047,How should a federal agency make its cyber threat information sharing more useful?,Work with relevant agencies and critical-sector partners to make sharing effective and timely and address gaps in voluntary and actionable information.,GAO-24-107733,PDF p. 2,6,"[{""evaluation_document"": ""GAO-24-107733"", ""indexed_document"": ""gao-24-107733.pdf"", ""expected_pages"": [2]}]","[{""rank"": 1, ""document"": ""gao-24-107231.pdf"", ""page"": 54, ""distance"": 0.4681602120399475}, {""rank"": 2, ""document"": ""gao-24-107231.pdf"", ""page"": 53, ""distance"": 0.5017412304878235}, {""rank"": 3, ""document"": ""d24105658.pdf"", ""page"": 2, ""distance"": 0.5614218711853027}, {""rank"": 4, ""document"": ""gao-24-107733.pdf"", ""page"": 2, ""distance"": 0.577118992805481}, {""rank"": 5, ""document"": ""gao-16-885t.pdf"", ""page"": 13, ""distance"": 0.6317800283432007}, {""rank"": 6, ""document"": ""d24106576.pdf"", ""page"": 11, ""distance"": 0.6603940725326538}]",1.0,1.0,True,True,0.011747799988370389
EQ047,How should a federal agency make its cyber threat information sharing more useful?,Work with relevant agencies and critical-sector partners to make sharing effective and timely and address gaps in voluntary and actionable information.,GAO-24-107733,PDF p. 2,7,"[{""evaluation_document"": ""GAO-24-107733"", ""indexed_document"": ""gao-24-107733.pdf"", ""expected_pages"": [2]}]","[{""rank"": 1, ""document"": ""gao-24-107231.pdf"", ""page"": 54, ""distance"": 0.4681602120399475}, {""rank"": 2, ""document"": ""gao-24-107231.pdf"", ""page"": 53, ""distance"": 0.5017412304878235}, {""rank"": 3, ""document"": ""d24105658.pdf"", ""page"": 2, ""distance"": 0.5614218711853027}, {""rank"": 4, ""document"": ""gao-24-107733.pdf"", ""page"": 2, ""distance"": 0.577118992805481}, {""rank"": 5, ""document"": ""gao-16-885t.pdf"", ""page"": 13, ""distance"": 0.6317800283432007}, {""rank"": 6, ""document"": ""d24106576.pdf"", ""page"": 11, ""distance"": 0.6603940725326538}, {""rank"": 7, ""document"": ""d24105658.pdf"", ""page"": 37, ""distance"": 0.6616434454917908}]",1.0,1.0,True,True,0.012217700015753508
EQ047,How should a federal agency make its cyber threat information sharing more useful?,Work with relevant agencies and critical-sector partners to make sharing effective and timely and address gaps in voluntary and actionable information.,GAO-24-107733,PDF p. 2,8,"[{""evaluation_document"": ""GAO-24-107733"", ""indexed_document"": ""gao-24-107733.pdf"", ""expected_pages"": [2]}]","[{""rank"": 1, ""document"": ""gao-24-107231.pdf"", ""page"": 54, ""distance"": 0.4681602120399475}, {""rank"": 2, ""document"": ""gao-24-107231.pdf"", ""page"": 53, ""distance"": 0.5017412304878235}, {""rank"": 3, ""document"": ""d24105658.pdf"", ""page"": 2, ""distance"": 0.5614218711853027}, {""rank"": 4, ""document"": ""gao-24-107733.pdf"", ""page"": 2, ""distance"": 0.577118992805481}, {""rank"": 5, ""document"": ""gao-16-885t.pdf"", ""page"": 13, ""distance"": 0.6317800283432007}, {""rank"": 6, ""document"": ""d24106576.pdf"", ""page"": 11, ""distance"": 0.6603940725326538}, {""rank"": 7, ""document"": ""d24105658.pdf"", ""page"": 37, ""distance"": 0.6616434454917908}, {""rank"": 8, ""document"": ""gao-24-107231.pdf"", ""page"": 20, ""distance"": 0.6679252982139587}]",1.0,1.0,True,True,0.012194599956274033
EQ047,How should a federal agency make its cyber threat information sharing more useful?,Work with relevant agencies and critical-sector partners to make sharing effective and timely and address gaps in voluntary and actionable information.,GAO-24-107733,PDF p. 2,9,"[{""evaluation_document"": ""GAO-24-107733"", ""indexed_document"": ""gao-24-107733.pdf"", ""expected_pages"": [2]}]","[{""rank"": 1, ""document"": ""gao-24-107231.pdf"", ""page"": 54, ""distance"": 0.4681602120399475}, {""rank"": 2, ""document"": ""gao-24-107231.pdf"", ""page"": 53, ""distance"": 0.5017412304878235}, {""rank"": 3, ""document"": ""d24105658.pdf"", ""page"": 2, ""distance"": 0.5614218711853027}, {""rank"": 4, ""document"": ""gao-24-107733.pdf"", ""page"": 2, ""distance"": 0.577118992805481}, {""rank"": 5, ""document"": ""gao-16-885t.pdf"", ""page"": 13, ""distance"": 0.6317800283432007}, {""rank"": 6, ""document"": ""d24106576.pdf"", ""page"": 11, ""distance"": 0.6603940725326538}, {""rank"": 7, ""document"": ""d24105658.pdf"", ""page"": 37, ""distance"": 0.6616434454917908}, {""rank"": 8, ""document"": ""gao-24-107231.pdf"", ""page"": 20, ""distance"": 0.6679252982139587}, {""rank"": 9, ""document"": ""gao-24-107231.pdf"", ""page"": 57, ""distance"": 0.668655276298523}]",1.0,1.0,True,True,0.011289599991869181
EQ047,How should a federal agency make its cyber threat information sharing more useful?,Work with relevant agencies and critical-sector partners to make sharing effective and timely and address gaps in voluntary and actionable information.,GAO-24-107733,PDF p. 2,10,"[{""evaluation_document"": ""GAO-24-107733"", ""indexed_document"": ""gao-24-107733.pdf"", ""expected_pages"": [2]}]","[{""rank"": 1, ""document"": ""gao-24-107231.pdf"", ""page"": 54, ""distance"": 0.4681602120399475}, {""rank"": 2, ""document"": ""gao-24-107231.pdf"", ""page"": 53, ""distance"": 0.5017412304878235}, {""rank"": 3, ""document"": ""d24105658.pdf"", ""page"": 2, ""distance"": 0.5614218711853027}, {""rank"": 4, ""document"": ""gao-24-107733.pdf"", ""page"": 2, ""distance"": 0.577118992805481}, {""rank"": 5, ""document"": ""gao-16-885t.pdf"", ""page"": 13, ""distance"": 0.6317800283432007}, {""rank"": 6, ""document"": ""d24106576.pdf"", ""page"": 11, ""distance"": 0.6603940725326538}, {""rank"": 7, ""document"": ""d24105658.pdf"", ""page"": 37, ""distance"": 0.6616434454917908}, {""rank"": 8, ""document"": ""gao-24-107231.pdf"", ""page"": 20, ""distance"": 0.6679252982139587}, {""rank"": 9, ""document"": ""gao-24-107231.pdf"", ""page"": 57, ""distance"": 0.668655276298523}, {""rank"": 10, ""document"": ""d24105658.pdf"", ""page"": 17, ""distance"": 0.6708413362503052}]",1.0,1.0,True,True,0.011910200002603233
EQ048,"How should an agency structure incident-response readiness around people, tools, and outside support?","Combine response tools such as EDR, services such as threat hunting and intelligence, and resources including skilled staff and funding.",GAO-24-105658,PDF p. 2,1,"[{""evaluation_document"": ""GAO-24-105658"", ""indexed_document"": ""d24105658.pdf"", ""expected_pages"": [2]}]","[{""rank"": 1, ""document"": ""d24105658.pdf"", ""page"": 24, ""distance"": 0.7497791647911072}]",1.0,0.0,True,False,0.012303399969823658
EQ048,"How should an agency structure incident-response readiness around people, tools, and outside support?","Combine response tools such as EDR, services such as threat hunting and intelligence, and resources including skilled staff and funding.",GAO-24-105658,PDF p. 2,2,"[{""evaluation_document"": ""GAO-24-105658"", ""indexed_document"": ""d24105658.pdf"", ""expected_pages"": [2]}]","[{""rank"": 1, ""document"": ""d24105658.pdf"", ""page"": 24, ""distance"": 0.7497791647911072}, {""rank"": 2, ""document"": ""d24105658.pdf"", ""page"": 15, ""distance"": 0.7966537475585938}]",1.0,0.0,True,False,0.011279599973931909
EQ048,"How should an agency structure incident-response readiness around people, tools, and outside support?","Combine response tools such as EDR, services such as threat hunting and intelligence, and resources including skilled staff and funding.",GAO-24-105658,PDF p. 2,3,"[{""evaluation_document"": ""GAO-24-105658"", ""indexed_document"": ""d24105658.pdf"", ""expected_pages"": [2]}]","[{""rank"": 1, ""document"": ""d24105658.pdf"", ""page"": 24, ""distance"": 0.7497791647911072}, {""rank"": 2, ""document"": ""d24105658.pdf"", ""page"": 15, ""distance"": 0.7966537475585938}, {""rank"": 3, ""document"": ""d24105658.pdf"", ""page"": 22, ""distance"": 0.8137295842170715}]",1.0,0.0,True,False,0.010451900016050786
EQ048,"How should an agency structure incident-response readiness around people, tools, and outside support?","Combine response tools such as EDR, services such as threat hunting and intelligence, and resources including skilled staff and funding.",GAO-24-105658,PDF p. 2,4,"[{""evaluation_document"": ""GAO-24-105658"", ""indexed_document"": ""d24105658.pdf"", ""expected_pages"": [2]}]","[{""rank"": 1, ""document"": ""d24105658.pdf"", ""page"": 24, ""distance"": 0.7497791647911072}, {""rank"": 2, ""document"": ""d24105658.pdf"", ""page"": 15, ""distance"": 0.7966537475585938}, {""rank"": 3, ""document"": ""d24105658.pdf"", ""page"": 22, ""distance"": 0.8137295842170715}, {""rank"": 4, ""document"": ""d24105658.pdf"", ""page"": 3, ""distance"": 0.843244194984436}]",1.0,0.0,True,False,0.012687399983406067
EQ048,"How should an agency structure incident-response readiness around people, tools, and outside support?","Combine response tools such as EDR, services such as threat hunting and intelligence, and resources including skilled staff and funding.",GAO-24-105658,PDF p. 2,5,"[{""evaluation_document"": ""GAO-24-105658"", ""indexed_document"": ""d24105658.pdf"", ""expected_pages"": [2]}]","[{""rank"": 1, ""document"": ""d24105658.pdf"", ""page"": 24, ""distance"": 0.7497791647911072}, {""rank"": 2, ""document"": ""d24105658.pdf"", ""page"": 15, ""distance"": 0.7966537475585938}, {""rank"": 3, ""document"": ""d24105658.pdf"", ""page"": 22, ""distance"": 0.8137295842170715}, {""rank"": 4, ""document"": ""d24105658.pdf"", ""page"": 3, ""distance"": 0.843244194984436}, {""rank"": 5, ""document"": ""d24106576.pdf"", ""page"": 41, ""distance"": 0.8505465984344482}]",1.0,0.0,True,False,0.011865900014527142
EQ048,"How should an agency structure incident-response readiness around people, tools, and outside support?","Combine response tools such as EDR, services such as threat hunting and intelligence, and resources including skilled staff and funding.",GAO-24-105658,PDF p. 2,6,"[{""evaluation_document"": ""GAO-24-105658"", ""indexed_document"": ""d24105658.pdf"", ""expected_pages"": [2]}]","[{""rank"": 1, ""document"": ""d24105658.pdf"", ""page"": 24, ""distance"": 0.7497791647911072}, {""rank"": 2, ""document"": ""d24105658.pdf"", ""page"": 15, ""distance"": 0.7966537475585938}, {""rank"": 3, ""document"": ""d24105658.pdf"", ""page"": 22, ""distance"": 0.8137295842170715}, {""rank"": 4, ""document"": ""d24105658.pdf"", ""page"": 3, ""distance"": 0.843244194984436}, {""rank"": 5, ""document"": ""d24106576.pdf"", ""page"": 41, ""distance"": 0.8505465984344482}, {""rank"": 6, ""document"": ""d24105658.pdf"", ""page"": 34, ""distance"": 0.8607158064842224}]",1.0,0.0,True,False,0.012273799977265298
EQ048,"How should an agency structure incident-response readiness around people, tools, and outside support?","Combine response tools such as EDR, services such as threat hunting and intelligence, and resources including skilled staff and funding.",GAO-24-105658,PDF p. 2,7,"[{""evaluation_document"": ""GAO-24-105658"", ""indexed_document"": ""d24105658.pdf"", ""expected_pages"": [2]}]","[{""rank"": 1, ""document"": ""d24105658.pdf"", ""page"": 24, ""distance"": 0.7497791647911072}, {""rank"": 2, ""document"": ""d24105658.pdf"", ""page"": 15, ""distance"": 0.7966537475585938}, {""rank"": 3, ""document"": ""d24105658.pdf"", ""page"": 22, ""distance"": 0.8137295842170715}, {""rank"": 4, ""document"": ""d24105658.pdf"", ""page"": 3, ""distance"": 0.843244194984436}, {""rank"": 5, ""document"": ""d24106576.pdf"", ""page"": 41, ""distance"": 0.8505465984344482}, {""rank"": 6, ""document"": ""d24105658.pdf"", ""page"": 34, ""distance"": 0.8607158064842224}, {""rank"": 7, ""document"": ""d24105658.pdf"", ""page"": 9, ""distance"": 0.8675263524055481}]",1.0,0.0,True,False,0.010707799985539168
EQ048,"How should an agency structure incident-response readiness around people, tools, and outside support?","Combine response tools such as EDR, services such as threat hunting and intelligence, and resources including skilled staff and funding.",GAO-24-105658,PDF p. 2,8,"[{""evaluation_document"": ""GAO-24-105658"", ""indexed_document"": ""d24105658.pdf"", ""expected_pages"": [2]}]","[{""rank"": 1, ""document"": ""d24105658.pdf"", ""page"": 24, ""distance"": 0.7497791647911072}, {""rank"": 2, ""document"": ""d24105658.pdf"", ""page"": 15, ""distance"": 0.7966537475585938}, {""rank"": 3, ""document"": ""d24105658.pdf"", ""page"": 22, ""distance"": 0.8137295842170715}, {""rank"": 4, ""document"": ""d24105658.pdf"", ""page"": 3, ""distance"": 0.843244194984436}, {""rank"": 5, ""document"": ""d24106576.pdf"", ""page"": 41, ""distance"": 0.8505465984344482}, {""rank"": 6, ""document"": ""d24105658.pdf"", ""page"": 34, ""distance"": 0.8607158064842224}, {""rank"": 7, ""document"": ""d24105658.pdf"", ""page"": 9, ""distance"": 0.8675263524055481}, {""rank"": 8, ""document"": ""d24105658.pdf"", ""page"": 2, ""distance"": 0.8754251003265381}]",1.0,1.0,True,True,0.011257399979513139
EQ048,"How should an agency structure incident-response readiness around people, tools, and outside support?","Combine response tools such as EDR, services such as threat hunting and intelligence, and resources including skilled staff and funding.",GAO-24-105658,PDF p. 2,9,"[{""evaluation_document"": ""GAO-24-105658"", ""indexed_document"": ""d24105658.pdf"", ""expected_pages"": [2]}]","[{""rank"": 1, ""document"": ""d24105658.pdf"", ""page"": 24, ""distance"": 0.7497791647911072}, {""rank"": 2, ""document"": ""d24105658.pdf"", ""page"": 15, ""distance"": 0.7966537475585938}, {""rank"": 3, ""document"": ""d24105658.pdf"", ""page"": 22, ""distance"": 0.8137295842170715}, {""rank"": 4, ""document"": ""d24105658.pdf"", ""page"": 3, ""distance"": 0.843244194984436}, {""rank"": 5, ""document"": ""d24106576.pdf"", ""page"": 41, ""distance"": 0.8505465984344482}, {""rank"": 6, ""document"": ""d24105658.pdf"", ""page"": 34, ""distance"": 0.8607158064842224}, {""rank"": 7, ""document"": ""d24105658.pdf"", ""page"": 9, ""distance"": 0.8675263524055481}, {""rank"": 8, ""document"": ""d24105658.pdf"", ""page"": 2, ""distance"": 0.8754251003265381}, {""rank"": 9, ""document"": ""d24105658.pdf"", ""page"": 50, ""distance"": 0.8885306715965271}]",1.0,1.0,True,True,0.01261879998492077
EQ048,"How should an agency structure incident-response readiness around people, tools, and outside support?","Combine response tools such as EDR, services such as threat hunting and intelligence, and resources including skilled staff and funding.",GAO-24-105658,PDF p. 2,10,"[{""evaluation_document"": ""GAO-24-105658"", ""indexed_document"": ""d24105658.pdf"", ""expected_pages"": [2]}]","[{""rank"": 1, ""document"": ""d24105658.pdf"", ""page"": 24, ""distance"": 0.7497791647911072}, {""rank"": 2, ""document"": ""d24105658.pdf"", ""page"": 15, ""distance"": 0.7966537475585938}, {""rank"": 3, ""document"": ""d24105658.pdf"", ""page"": 22, ""distance"": 0.8137295842170715}, {""rank"": 4, ""document"": ""d24105658.pdf"", ""page"": 3, ""distance"": 0.843244194984436}, {""rank"": 5, ""document"": ""d24106576.pdf"", ""page"": 41, ""distance"": 0.8505465984344482}, {""rank"": 6, ""document"": ""d24105658.pdf"", ""page"": 34, ""distance"": 0.8607158064842224}, {""rank"": 7, ""document"": ""d24105658.pdf"", ""page"": 9, ""distance"": 0.8675263524055481}, {""rank"": 8, ""document"": ""d24105658.pdf"", ""page"": 2, ""distance"": 0.8754251003265381}, {""rank"": 9, ""document"": ""d24105658.pdf"", ""page"": 50, ""distance"": 0.8885306715965271}, {""rank"": 10, ""document"": ""d24105658.pdf"", ""page"": 24, ""distance"": 0.8946084976196289}]",1.0,1.0,True,True,0.011693299980834126
EQ049,How should a team measure progress on a national cybersecurity initiative?,"Develop applicable outcome-oriented measures and use them with implementation planning, resources, and cost information to monitor progress.",GAO-24-106916,PDF p. 2,1,"[{""evaluation_document"": ""GAO-24-106916"", ""indexed_document"": ""d24106916.pdf"", ""expected_pages"": [2]}]","[{""rank"": 1, ""document"": ""d24106916.pdf"", ""page"": 24, ""distance"": 0.6686814427375793}]",1.0,0.0,True,False,0.011362599965650588
EQ049,How should a team measure progress on a national cybersecurity initiative?,"Develop applicable outcome-oriented measures and use them with implementation planning, resources, and cost information to monitor progress.",GAO-24-106916,PDF p. 2,2,"[{""evaluation_document"": ""GAO-24-106916"", ""indexed_document"": ""d24106916.pdf"", ""expected_pages"": [2]}]","[{""rank"": 1, ""document"": ""d24106916.pdf"", ""page"": 24, ""distance"": 0.6686814427375793}, {""rank"": 2, ""document"": ""gao-24-107231.pdf"", ""page"": 25, ""distance"": 0.6952142119407654}]",1.0,0.0,True,False,0.012224400008562952
EQ049,How should a team measure progress on a national cybersecurity initiative?,"Develop applicable outcome-oriented measures and use them with implementation planning, resources, and cost information to monitor progress.",GAO-24-106916,PDF p. 2,3,"[{""evaluation_document"": ""GAO-24-106916"", ""indexed_document"": ""d24106916.pdf"", ""expected_pages"": [2]}]","[{""rank"": 1, ""document"": ""d24106916.pdf"", ""page"": 24, ""distance"": 0.6686814427375793}, {""rank"": 2, ""document"": ""gao-24-107231.pdf"", ""page"": 25, ""distance"": 0.6952142119407654}, {""rank"": 3, ""document"": ""d24106916.pdf"", ""page"": 15, ""distance"": 0.6995612978935242}]",1.0,0.0,True,False,0.012502099969424307
EQ049,How should a team measure progress on a national cybersecurity initiative?,"Develop applicable outcome-oriented measures and use them with implementation planning, resources, and cost information to monitor progress.",GAO-24-106916,PDF p. 2,4,"[{""evaluation_document"": ""GAO-24-106916"", ""indexed_document"": ""d24106916.pdf"", ""expected_pages"": [2]}]","[{""rank"": 1, ""document"": ""d24106916.pdf"", ""page"": 24, ""distance"": 0.6686814427375793}, {""rank"": 2, ""document"": ""gao-24-107231.pdf"", ""page"": 25, ""distance"": 0.6952142119407654}, {""rank"": 3, ""document"": ""d24106916.pdf"", ""page"": 15, ""distance"": 0.6995612978935242}, {""rank"": 4, ""document"": ""d24106916.pdf"", ""page"": 27, ""distance"": 0.7341414093971252}]",1.0,0.0,True,False,0.012533900036942214
EQ049,How should a team measure progress on a national cybersecurity initiative?,"Develop applicable outcome-oriented measures and use them with implementation planning, resources, and cost information to monitor progress.",GAO-24-106916,PDF p. 2,5,"[{""evaluation_document"": ""GAO-24-106916"", ""indexed_document"": ""d24106916.pdf"", ""expected_pages"": [2]}]","[{""rank"": 1, ""document"": ""d24106916.pdf"", ""page"": 24, ""distance"": 0.6686814427375793}, {""rank"": 2, ""document"": ""gao-24-107231.pdf"", ""page"": 25, ""distance"": 0.6952142119407654}, {""rank"": 3, ""document"": ""d24106916.pdf"", ""page"": 15, ""distance"": 0.6995612978935242}, {""rank"": 4, ""document"": ""d24106916.pdf"", ""page"": 27, ""distance"": 0.7341414093971252}, {""rank"": 5, ""document"": ""gao-24-107231.pdf"", ""page"": 55, ""distance"": 0.7469619512557983}]",1.0,0.0,True,False,0.0117344000027515
EQ049,How should a team measure progress on a national cybersecurity initiative?,"Develop applicable outcome-oriented measures and use them with implementation planning, resources, and cost information to monitor progress.",GAO-24-106916,PDF p. 2,6,"[{""evaluation_document"": ""GAO-24-106916"", ""indexed_document"": ""d24106916.pdf"", ""expected_pages"": [2]}]","[{""rank"": 1, ""document"": ""d24106916.pdf"", ""page"": 24, ""distance"": 0.6686814427375793}, {""rank"": 2, ""document"": ""gao-24-107231.pdf"", ""page"": 25, ""distance"": 0.6952142119407654}, {""rank"": 3, ""document"": ""d24106916.pdf"", ""page"": 15, ""distance"": 0.6995612978935242}, {""rank"": 4, ""document"": ""d24106916.pdf"", ""page"": 27, ""distance"": 0.7341414093971252}, {""rank"": 5, ""document"": ""gao-24-107231.pdf"", ""page"": 55, ""distance"": 0.7469619512557983}, {""rank"": 6, ""document"": ""d24106916.pdf"", ""page"": 25, ""distance"": 0.7508796453475952}]",1.0,0.0,True,False,0.011241999978665262
EQ049,How should a team measure progress on a national cybersecurity initiative?,"Develop applicable outcome-oriented measures and use them with implementation planning, resources, and cost information to monitor progress.",GAO-24-106916,PDF p. 2,7,"[{""evaluation_document"": ""GAO-24-106916"", ""indexed_document"": ""d24106916.pdf"", ""expected_pages"": [2]}]","[{""rank"": 1, ""document"": ""d24106916.pdf"", ""page"": 24, ""distance"": 0.6686814427375793}, {""rank"": 2, ""document"": ""gao-24-107231.pdf"", ""page"": 25, ""distance"": 0.6952142119407654}, {""rank"": 3, ""document"": ""d24106916.pdf"", ""page"": 15, ""distance"": 0.6995612978935242}, {""rank"": 4, ""document"": ""d24106916.pdf"", ""page"": 27, ""distance"": 0.7341414093971252}, {""rank"": 5, ""document"": ""gao-24-107231.pdf"", ""page"": 55, ""distance"": 0.7469619512557983}, {""rank"": 6, ""document"": ""d24106916.pdf"", ""page"": 25, ""distance"": 0.7508796453475952}, {""rank"": 7, ""document"": ""d24106916.pdf"", ""page"": 2, ""distance"": 0.7700299024581909}]",1.0,1.0,True,True,0.012400600011460483
EQ049,How should a team measure progress on a national cybersecurity initiative?,"Develop applicable outcome-oriented measures and use them with implementation planning, resources, and cost information to monitor progress.",GAO-24-106916,PDF p. 2,8,"[{""evaluation_document"": ""GAO-24-106916"", ""indexed_document"": ""d24106916.pdf"", ""expected_pages"": [2]}]","[{""rank"": 1, ""document"": ""d24106916.pdf"", ""page"": 24, ""distance"": 0.6686814427375793}, {""rank"": 2, ""document"": ""gao-24-107231.pdf"", ""page"": 25, ""distance"": 0.6952142119407654}, {""rank"": 3, ""document"": ""d24106916.pdf"", ""page"": 15, ""distance"": 0.6995612978935242}, {""rank"": 4, ""document"": ""d24106916.pdf"", ""page"": 27, ""distance"": 0.7341414093971252}, {""rank"": 5, ""document"": ""gao-24-107231.pdf"", ""page"": 55, ""distance"": 0.7469619512557983}, {""rank"": 6, ""document"": ""d24106916.pdf"", ""page"": 25, ""distance"": 0.7508796453475952}, {""rank"": 7, ""document"": ""d24106916.pdf"", ""page"": 2, ""distance"": 0.7700299024581909}, {""rank"": 8, ""document"": ""d24106916.pdf"", ""page"": 16, ""distance"": 0.7758280038833618}]",1.0,1.0,True,True,0.012222599994856864
EQ049,How should a team measure progress on a national cybersecurity initiative?,"Develop applicable outcome-oriented measures and use them with implementation planning, resources, and cost information to monitor progress.",GAO-24-106916,PDF p. 2,9,"[{""evaluation_document"": ""GAO-24-106916"", ""indexed_document"": ""d24106916.pdf"", ""expected_pages"": [2]}]","[{""rank"": 1, ""document"": ""d24106916.pdf"", ""page"": 24, ""distance"": 0.6686814427375793}, {""rank"": 2, ""document"": ""gao-24-107231.pdf"", ""page"": 25, ""distance"": 0.6952142119407654}, {""rank"": 3, ""document"": ""d24106916.pdf"", ""page"": 15, ""distance"": 0.6995612978935242}, {""rank"": 4, ""document"": ""d24106916.pdf"", ""page"": 27, ""distance"": 0.7341414093971252}, {""rank"": 5, ""document"": ""gao-24-107231.pdf"", ""page"": 55, ""distance"": 0.7469619512557983}, {""rank"": 6, ""document"": ""d24106916.pdf"", ""page"": 25, ""distance"": 0.7508796453475952}, {""rank"": 7, ""document"": ""d24106916.pdf"", ""page"": 2, ""distance"": 0.7700299024581909}, {""rank"": 8, ""document"": ""d24106916.pdf"", ""page"": 16, ""distance"": 0.7758280038833618}, {""rank"": 9, ""document"": ""d24106916.pdf"", ""page"": 14, ""distance"": 0.7809269428253174}]",1.0,1.0,True,True,0.012619999994058162
EQ049,How should a team measure progress on a national cybersecurity initiative?,"Develop applicable outcome-oriented measures and use them with implementation planning, resources, and cost information to monitor progress.",GAO-24-106916,PDF p. 2,10,"[{""evaluation_document"": ""GAO-24-106916"", ""indexed_document"": ""d24106916.pdf"", ""expected_pages"": [2]}]","[{""rank"": 1, ""document"": ""d24106916.pdf"", ""page"": 24, ""distance"": 0.6686814427375793}, {""rank"": 2, ""document"": ""gao-24-107231.pdf"", ""page"": 25, ""distance"": 0.6952142119407654}, {""rank"": 3, ""document"": ""d24106916.pdf"", ""page"": 15, ""distance"": 0.6995612978935242}, {""rank"": 4, ""document"": ""d24106916.pdf"", ""page"": 27, ""distance"": 0.7341414093971252}, {""rank"": 5, ""document"": ""gao-24-107231.pdf"", ""page"": 55, ""distance"": 0.7469619512557983}, {""rank"": 6, ""document"": ""d24106916.pdf"", ""page"": 25, ""distance"": 0.7508796453475952}, {""rank"": 7, ""document"": ""d24106916.pdf"", ""page"": 2, ""distance"": 0.7700299024581909}, {""rank"": 8, ""document"": ""d24106916.pdf"", ""page"": 16, ""distance"": 0.7758280038833618}, {""rank"": 9, ""document"": ""d24106916.pdf"", ""page"": 14, ""distance"": 0.7809269428253174}, {""rank"": 10, ""document"": ""d24105658.pdf"", ""page"": 50, ""distance"": 0.787971019744873}]",1.0,1.0,True,True,0.01214770000660792
EQ050,"How should an oversight team review reported savings from terminated contracts, grants, and leases?","Check the calculation method, supporting evidence, data-quality limitations, and whether reported savings are overstated or unverifiable.",GAO-26-108615,PDF pp. 2-3,1,"[{""evaluation_document"": ""GAO-26-108615"", ""indexed_document"": ""gao-26-108615.pdf"", ""expected_pages"": [2, 3]}]","[{""rank"": 1, ""document"": ""gao-26-108615.pdf"", ""page"": 8, ""distance"": 0.7133315801620483}]",1.0,0.0,True,False,0.012654600024688989
EQ050,"How should an oversight team review reported savings from terminated contracts, grants, and leases?","Check the calculation method, supporting evidence, data-quality limitations, and whether reported savings are overstated or unverifiable.",GAO-26-108615,PDF pp. 2-3,2,"[{""evaluation_document"": ""GAO-26-108615"", ""indexed_document"": ""gao-26-108615.pdf"", ""expected_pages"": [2, 3]}]","[{""rank"": 1, ""document"": ""gao-26-108615.pdf"", ""page"": 8, ""distance"": 0.7133315801620483}, {""rank"": 2, ""document"": ""gao-26-108615.pdf"", ""page"": 45, ""distance"": 0.7407907247543335}]",1.0,0.0,True,False,0.011231299955397844
EQ050,"How should an oversight team review reported savings from terminated contracts, grants, and leases?","Check the calculation method, supporting evidence, data-quality limitations, and whether reported savings are overstated or unverifiable.",GAO-26-108615,PDF pp. 2-3,3,"[{""evaluation_document"": ""GAO-26-108615"", ""indexed_document"": ""gao-26-108615.pdf"", ""expected_pages"": [2, 3]}]","[{""rank"": 1, ""document"": ""gao-26-108615.pdf"", ""page"": 8, ""distance"": 0.7133315801620483}, {""rank"": 2, ""document"": ""gao-26-108615.pdf"", ""page"": 45, ""distance"": 0.7407907247543335}, {""rank"": 3, ""document"": ""gao-26-108615.pdf"", ""page"": 13, ""distance"": 0.752887487411499}]",1.0,0.0,True,False,0.012407700007315725
EQ050,"How should an oversight team review reported savings from terminated contracts, grants, and leases?","Check the calculation method, supporting evidence, data-quality limitations, and whether reported savings are overstated or unverifiable.",GAO-26-108615,PDF pp. 2-3,4,"[{""evaluation_document"": ""GAO-26-108615"", ""indexed_document"": ""gao-26-108615.pdf"", ""expected_pages"": [2, 3]}]","[{""rank"": 1, ""document"": ""gao-26-108615.pdf"", ""page"": 8, ""distance"": 0.7133315801620483}, {""rank"": 2, ""document"": ""gao-26-108615.pdf"", ""page"": 45, ""distance"": 0.7407907247543335}, {""rank"": 3, ""document"": ""gao-26-108615.pdf"", ""page"": 13, ""distance"": 0.752887487411499}, {""rank"": 4, ""document"": ""gao-26-108615.pdf"", ""page"": 9, ""distance"": 0.767464816570282}]",1.0,0.0,True,False,0.012704099994152784
EQ050,"How should an oversight team review reported savings from terminated contracts, grants, and leases?","Check the calculation method, supporting evidence, data-quality limitations, and whether reported savings are overstated or unverifiable.",GAO-26-108615,PDF pp. 2-3,5,"[{""evaluation_document"": ""GAO-26-108615"", ""indexed_document"": ""gao-26-108615.pdf"", ""expected_pages"": [2, 3]}]","[{""rank"": 1, ""document"": ""gao-26-108615.pdf"", ""page"": 8, ""distance"": 0.7133315801620483}, {""rank"": 2, ""document"": ""gao-26-108615.pdf"", ""page"": 45, ""distance"": 0.7407907247543335}, {""rank"": 3, ""document"": ""gao-26-108615.pdf"", ""page"": 13, ""distance"": 0.752887487411499}, {""rank"": 4, ""document"": ""gao-26-108615.pdf"", ""page"": 9, ""distance"": 0.767464816570282}, {""rank"": 5, ""document"": ""gao-26-108615.pdf"", ""page"": 39, ""distance"": 0.7849832773208618}]",1.0,0.0,True,False,0.013340700010303408
EQ050,"How should an oversight team review reported savings from terminated contracts, grants, and leases?","Check the calculation method, supporting evidence, data-quality limitations, and whether reported savings are overstated or unverifiable.",GAO-26-108615,PDF pp. 2-3,6,"[{""evaluation_document"": ""GAO-26-108615"", ""indexed_document"": ""gao-26-108615.pdf"", ""expected_pages"": [2, 3]}]","[{""rank"": 1, ""document"": ""gao-26-108615.pdf"", ""page"": 8, ""distance"": 0.7133315801620483}, {""rank"": 2, ""document"": ""gao-26-108615.pdf"", ""page"": 45, ""distance"": 0.7407907247543335}, {""rank"": 3, ""document"": ""gao-26-108615.pdf"", ""page"": 13, ""distance"": 0.752887487411499}, {""rank"": 4, ""document"": ""gao-26-108615.pdf"", ""page"": 9, ""distance"": 0.767464816570282}, {""rank"": 5, ""document"": ""gao-26-108615.pdf"", ""page"": 39, ""distance"": 0.7849832773208618}, {""rank"": 6, ""document"": ""gao-26-108615.pdf"", ""page"": 7, ""distance"": 0.8024048209190369}]",1.0,0.0,True,False,0.01158019999274984
EQ050,"How should an oversight team review reported savings from terminated contracts, grants, and leases?","Check the calculation method, supporting evidence, data-quality limitations, and whether reported savings are overstated or unverifiable.",GAO-26-108615,PDF pp. 2-3,7,"[{""evaluation_document"": ""GAO-26-108615"", ""indexed_document"": ""gao-26-108615.pdf"", ""expected_pages"": [2, 3]}]","[{""rank"": 1, ""document"": ""gao-26-108615.pdf"", ""page"": 8, ""distance"": 0.7133315801620483}, {""rank"": 2, ""document"": ""gao-26-108615.pdf"", ""page"": 45, ""distance"": 0.7407907247543335}, {""rank"": 3, ""document"": ""gao-26-108615.pdf"", ""page"": 13, ""distance"": 0.752887487411499}, {""rank"": 4, ""document"": ""gao-26-108615.pdf"", ""page"": 9, ""distance"": 0.767464816570282}, {""rank"": 5, ""document"": ""gao-26-108615.pdf"", ""page"": 39, ""distance"": 0.7849832773208618}, {""rank"": 6, ""document"": ""gao-26-108615.pdf"", ""page"": 7, ""distance"": 0.8024048209190369}, {""rank"": 7, ""document"": ""gao-26-108615.pdf"", ""page"": 21, ""distance"": 0.8100895285606384}]",1.0,0.0,True,False,0.012872699997387826
EQ050,"How should an oversight team review reported savings from terminated contracts, grants, and leases?","Check the calculation method, supporting evidence, data-quality limitations, and whether reported savings are overstated or unverifiable.",GAO-26-108615,PDF pp. 2-3,8,"[{""evaluation_document"": ""GAO-26-108615"", ""indexed_document"": ""gao-26-108615.pdf"", ""expected_pages"": [2, 3]}]","[{""rank"": 1, ""document"": ""gao-26-108615.pdf"", ""page"": 8, ""distance"": 0.7133315801620483}, {""rank"": 2, ""document"": ""gao-26-108615.pdf"", ""page"": 45, ""distance"": 0.7407907247543335}, {""rank"": 3, ""document"": ""gao-26-108615.pdf"", ""page"": 13, ""distance"": 0.752887487411499}, {""rank"": 4, ""document"": ""gao-26-108615.pdf"", ""page"": 9, ""distance"": 0.767464816570282}, {""rank"": 5, ""document"": ""gao-26-108615.pdf"", ""page"": 39, ""distance"": 0.7849832773208618}, {""rank"": 6, ""document"": ""gao-26-108615.pdf"", ""page"": 7, ""distance"": 0.8024048209190369}, {""rank"": 7, ""document"": ""gao-26-108615.pdf"", ""page"": 21, ""distance"": 0.8100895285606384}, {""rank"": 8, ""document"": ""gao-26-108615.pdf"", ""page"": 7, ""distance"": 0.8151242136955261}]",1.0,0.0,True,False,0.010831799998413771
EQ050,"How should an oversight team review reported savings from terminated contracts, grants, and leases?","Check the calculation method, supporting evidence, data-quality limitations, and whether reported savings are overstated or unverifiable.",GAO-26-108615,PDF pp. 2-3,9,"[{""evaluation_document"": ""GAO-26-108615"", ""indexed_document"": ""gao-26-108615.pdf"", ""expected_pages"": [2, 3]}]","[{""rank"": 1, ""document"": ""gao-26-108615.pdf"", ""page"": 8, ""distance"": 0.7133315801620483}, {""rank"": 2, ""document"": ""gao-26-108615.pdf"", ""page"": 45, ""distance"": 0.7407907247543335}, {""rank"": 3, ""document"": ""gao-26-108615.pdf"", ""page"": 13, ""distance"": 0.752887487411499}, {""rank"": 4, ""document"": ""gao-26-108615.pdf"", ""page"": 9, ""distance"": 0.767464816570282}, {""rank"": 5, ""document"": ""gao-26-108615.pdf"", ""page"": 39, ""distance"": 0.7849832773208618}, {""rank"": 6, ""document"": ""gao-26-108615.pdf"", ""page"": 7, ""distance"": 0.8024048209190369}, {""rank"": 7, ""document"": ""gao-26-108615.pdf"", ""page"": 21, ""distance"": 0.8100895285606384}, {""rank"": 8, ""document"": ""gao-26-108615.pdf"", ""page"": 7, ""distance"": 0.8151242136955261}, {""rank"": 9, ""document"": ""gao-26-108615.pdf"", ""page"": 2, ""distance"": 0.8237906098365784}]",1.0,1.0,True,True,0.012882100010756403
EQ050,"How should an oversight team review reported savings from terminated contracts, grants, and leases?","Check the calculation method, supporting evidence, data-quality limitations, and whether reported savings are overstated or unverifiable.",GAO-26-108615,PDF pp. 2-3,10,"[{""evaluation_document"": ""GAO-26-108615"", ""indexed_document"": ""gao-26-108615.pdf"", ""expected_pages"": [2, 3]}]","[{""rank"": 1, ""document"": ""gao-26-108615.pdf"", ""page"": 8, ""distance"": 0.7133315801620483}, {""rank"": 2, ""document"": ""gao-26-108615.pdf"", ""page"": 45, ""distance"": 0.7407907247543335}, {""rank"": 3, ""document"": ""gao-26-108615.pdf"", ""page"": 13, ""distance"": 0.752887487411499}, {""rank"": 4, ""document"": ""gao-26-108615.pdf"", ""page"": 9, ""distance"": 0.767464816570282}, {""rank"": 5, ""document"": ""gao-26-108615.pdf"", ""page"": 39, ""distance"": 0.7849832773208618}, {""rank"": 6, ""document"": ""gao-26-108615.pdf"", ""page"": 7, ""distance"": 0.8024048209190369}, {""rank"": 7, ""document"": ""gao-26-108615.pdf"", ""page"": 21, ""distance"": 0.8100895285606384}, {""rank"": 8, ""document"": ""gao-26-108615.pdf"", ""page"": 7, ""distance"": 0.8151242136955261}, {""rank"": 9, ""document"": ""gao-26-108615.pdf"", ""page"": 2, ""distance"": 0.8237906098365784}, {""rank"": 10, ""document"": ""gao-26-108615.pdf"", ""page"": 42, ""distance"": 0.8430097103118896}]",1.0,1.0,True,True,0.010124800028279424
EQ051,How should the Navy address its delayed hypersonic capability effort?,"Use a comprehensive Navy-Army strategy to guide investment decisions while addressing modernization, testing, funding, quality, and production challenges.",GAO-26-107974,PDF pp. 2-3,1,"[{""evaluation_document"": ""GAO-26-107974"", ""indexed_document"": ""gao-26-107974.pdf"", ""expected_pages"": [2, 3]}]","[{""rank"": 1, ""document"": ""gao-26-107974.pdf"", ""page"": 1, ""distance"": 0.6574069261550903}]",1.0,0.0,True,False,0.011505600006785244
EQ051,How should the Navy address its delayed hypersonic capability effort?,"Use a comprehensive Navy-Army strategy to guide investment decisions while addressing modernization, testing, funding, quality, and production challenges.",GAO-26-107974,PDF pp. 2-3,2,"[{""evaluation_document"": ""GAO-26-107974"", ""indexed_document"": ""gao-26-107974.pdf"", ""expected_pages"": [2, 3]}]","[{""rank"": 1, ""document"": ""gao-26-107974.pdf"", ""page"": 1, ""distance"": 0.6574069261550903}, {""rank"": 2, ""document"": ""gao-26-107974.pdf"", ""page"": 5, ""distance"": 0.7217938899993896}]",1.0,0.0,True,False,0.012619599991012365
EQ051,How should the Navy address its delayed hypersonic capability effort?,"Use a comprehensive Navy-Army strategy to guide investment decisions while addressing modernization, testing, funding, quality, and production challenges.",GAO-26-107974,PDF pp. 2-3,3,"[{""evaluation_document"": ""GAO-26-107974"", ""indexed_document"": ""gao-26-107974.pdf"", ""expected_pages"": [2, 3]}]","[{""rank"": 1, ""document"": ""gao-26-107974.pdf"", ""page"": 1, ""distance"": 0.6574069261550903}, {""rank"": 2, ""document"": ""gao-26-107974.pdf"", ""page"": 5, ""distance"": 0.7217938899993896}, {""rank"": 3, ""document"": ""gao-26-107974.pdf"", ""page"": 2, ""distance"": 0.8978558778762817}]",1.0,1.0,True,True,0.011218799976631999
EQ051,How should the Navy address its delayed hypersonic capability effort?,"Use a comprehensive Navy-Army strategy to guide investment decisions while addressing modernization, testing, funding, quality, and production challenges.",GAO-26-107974,PDF pp. 2-3,4,"[{""evaluation_document"": ""GAO-26-107974"", ""indexed_document"": ""gao-26-107974.pdf"", ""expected_pages"": [2, 3]}]","[{""rank"": 1, ""document"": ""gao-26-107974.pdf"", ""page"": 1, ""distance"": 0.6574069261550903}, {""rank"": 2, ""document"": ""gao-26-107974.pdf"", ""page"": 5, ""distance"": 0.7217938899993896}, {""rank"": 3, ""document"": ""gao-26-107974.pdf"", ""page"": 2, ""distance"": 0.8978558778762817}, {""rank"": 4, ""document"": ""gao-26-107974.pdf"", ""page"": 28, ""distance"": 0.9136773347854614}]",1.0,1.0,True,True,0.011411799991037697
EQ051,How should the Navy address its delayed hypersonic capability effort?,"Use a comprehensive Navy-Army strategy to guide investment decisions while addressing modernization, testing, funding, quality, and production challenges.",GAO-26-107974,PDF pp. 2-3,5,"[{""evaluation_document"": ""GAO-26-107974"", ""indexed_document"": ""gao-26-107974.pdf"", ""expected_pages"": [2, 3]}]","[{""rank"": 1, ""document"": ""gao-26-107974.pdf"", ""page"": 1, ""distance"": 0.6574069261550903}, {""rank"": 2, ""document"": ""gao-26-107974.pdf"", ""page"": 5, ""distance"": 0.7217938899993896}, {""rank"": 3, ""document"": ""gao-26-107974.pdf"", ""page"": 2, ""distance"": 0.8978558778762817}, {""rank"": 4, ""document"": ""gao-26-107974.pdf"", ""page"": 28, ""distance"": 0.9136773347854614}, {""rank"": 5, ""document"": ""gao-26-900644.pdf"", ""page"": 97, ""distance"": 0.9496039152145386}]",1.0,1.0,True,True,0.012209500011522323
EQ051,How should the Navy address its delayed hypersonic capability effort?,"Use a comprehensive Navy-Army strategy to guide investment decisions while addressing modernization, testing, funding, quality, and production challenges.",GAO-26-107974,PDF pp. 2-3,6,"[{""evaluation_document"": ""GAO-26-107974"", ""indexed_document"": ""gao-26-107974.pdf"", ""expected_pages"": [2, 3]}]","[{""rank"": 1, ""document"": ""gao-26-107974.pdf"", ""page"": 1, ""distance"": 0.6574069261550903}, {""rank"": 2, ""document"": ""gao-26-107974.pdf"", ""page"": 5, ""distance"": 0.7217938899993896}, {""rank"": 3, ""document"": ""gao-26-107974.pdf"", ""page"": 2, ""distance"": 0.8978558778762817}, {""rank"": 4, ""document"": ""gao-26-107974.pdf"", ""page"": 28, ""distance"": 0.9136773347854614}, {""rank"": 5, ""document"": ""gao-26-900644.pdf"", ""page"": 97, ""distance"": 0.9496039152145386}, {""rank"": 6, ""document"": ""gao-26-107974.pdf"", ""page"": 4, ""distance"": 0.9556424021720886}]",1.0,1.0,True,True,0.012882299954071641
EQ051,How should the Navy address its delayed hypersonic capability effort?,"Use a comprehensive Navy-Army strategy to guide investment decisions while addressing modernization, testing, funding, quality, and production challenges.",GAO-26-107974,PDF pp. 2-3,7,"[{""evaluation_document"": ""GAO-26-107974"", ""indexed_document"": ""gao-26-107974.pdf"", ""expected_pages"": [2, 3]}]","[{""rank"": 1, ""document"": ""gao-26-107974.pdf"", ""page"": 1, ""distance"": 0.6574069261550903}, {""rank"": 2, ""document"": ""gao-26-107974.pdf"", ""page"": 5, ""distance"": 0.7217938899993896}, {""rank"": 3, ""document"": ""gao-26-107974.pdf"", ""page"": 2, ""distance"": 0.8978558778762817}, {""rank"": 4, ""document"": ""gao-26-107974.pdf"", ""page"": 28, ""distance"": 0.9136773347854614}, {""rank"": 5, ""document"": ""gao-26-900644.pdf"", ""page"": 97, ""distance"": 0.9496039152145386}, {""rank"": 6, ""document"": ""gao-26-107974.pdf"", ""page"": 4, ""distance"": 0.9556424021720886}, {""rank"": 7, ""document"": ""gao-26-107974.pdf"", ""page"": 9, ""distance"": 0.9581948518753052}]",1.0,1.0,True,True,0.01115500001469627
EQ051,How should the Navy address its delayed hypersonic capability effort?,"Use a comprehensive Navy-Army strategy to guide investment decisions while addressing modernization, testing, funding, quality, and production challenges.",GAO-26-107974,PDF pp. 2-3,8,"[{""evaluation_document"": ""GAO-26-107974"", ""indexed_document"": ""gao-26-107974.pdf"", ""expected_pages"": [2, 3]}]","[{""rank"": 1, ""document"": ""gao-26-107974.pdf"", ""page"": 1, ""distance"": 0.6574069261550903}, {""rank"": 2, ""document"": ""gao-26-107974.pdf"", ""page"": 5, ""distance"": 0.7217938899993896}, {""rank"": 3, ""document"": ""gao-26-107974.pdf"", ""page"": 2, ""distance"": 0.8978558778762817}, {""rank"": 4, ""document"": ""gao-26-107974.pdf"", ""page"": 28, ""distance"": 0.9136773347854614}, {""rank"": 5, ""document"": ""gao-26-900644.pdf"", ""page"": 97, ""distance"": 0.9496039152145386}, {""rank"": 6, ""document"": ""gao-26-107974.pdf"", ""page"": 4, ""distance"": 0.9556424021720886}, {""rank"": 7, ""document"": ""gao-26-107974.pdf"", ""page"": 9, ""distance"": 0.9581948518753052}, {""rank"": 8, ""document"": ""gao-26-107974.pdf"", ""page"": 11, ""distance"": 0.9707037210464478}]",1.0,1.0,True,True,0.012852300016675144
EQ051,How should the Navy address its delayed hypersonic capability effort?,"Use a comprehensive Navy-Army strategy to guide investment decisions while addressing modernization, testing, funding, quality, and production challenges.",GAO-26-107974,PDF pp. 2-3,9,"[{""evaluation_document"": ""GAO-26-107974"", ""indexed_document"": ""gao-26-107974.pdf"", ""expected_pages"": [2, 3]}]","[{""rank"": 1, ""document"": ""gao-26-107974.pdf"", ""page"": 1, ""distance"": 0.6574069261550903}, {""rank"": 2, ""document"": ""gao-26-107974.pdf"", ""page"": 5, ""distance"": 0.7217938899993896}, {""rank"": 3, ""document"": ""gao-26-107974.pdf"", ""page"": 2, ""distance"": 0.8978558778762817}, {""rank"": 4, ""document"": ""gao-26-107974.pdf"", ""page"": 28, ""distance"": 0.9136773347854614}, {""rank"": 5, ""document"": ""gao-26-900644.pdf"", ""page"": 97, ""distance"": 0.9496039152145386}, {""rank"": 6, ""document"": ""gao-26-107974.pdf"", ""page"": 4, ""distance"": 0.9556424021720886}, {""rank"": 7, ""document"": ""gao-26-107974.pdf"", ""page"": 9, ""distance"": 0.9581948518753052}, {""rank"": 8, ""document"": ""gao-26-107974.pdf"", ""page"": 11, ""distance"": 0.9707037210464478}, {""rank"": 9, ""document"": ""gao-26-107974.pdf"", ""page"": 27, ""distance"": 0.97144615650177}]",1.0,1.0,True,True,0.012053799990098923
EQ051,How should the Navy address its delayed hypersonic capability effort?,"Use a comprehensive Navy-Army strategy to guide investment decisions while addressing modernization, testing, funding, quality, and production challenges.",GAO-26-107974,PDF pp. 2-3,10,"[{""evaluation_document"": ""GAO-26-107974"", ""indexed_document"": ""gao-26-107974.pdf"", ""expected_pages"": [2, 3]}]","[{""rank"": 1, ""document"": ""gao-26-107974.pdf"", ""page"": 1, ""distance"": 0.6574069261550903}, {""rank"": 2, ""document"": ""gao-26-107974.pdf"", ""page"": 5, ""distance"": 0.7217938899993896}, {""rank"": 3, ""document"": ""gao-26-107974.pdf"", ""page"": 2, ""distance"": 0.8978558778762817}, {""rank"": 4, ""document"": ""gao-26-107974.pdf"", ""page"": 28, ""distance"": 0.9136773347854614}, {""rank"": 5, ""document"": ""gao-26-900644.pdf"", ""page"": 97, ""distance"": 0.9496039152145386}, {""rank"": 6, ""document"": ""gao-26-107974.pdf"", ""page"": 4, ""distance"": 0.9556424021720886}, {""rank"": 7, ""document"": ""gao-26-107974.pdf"", ""page"": 9, ""distance"": 0.9581948518753052}, {""rank"": 8, ""document"": ""gao-26-107974.pdf"", ""page"": 11, ""distance"": 0.9707037210464478}, {""rank"": 9, ""document"": ""gao-26-107974.pdf"", ""page"": 27, ""distance"": 0.97144615650177}, {""rank"": 10, ""document"": ""gao-26-107974.pdf"", ""page"": 2, ""distance"": 0.9764549732208252}]",1.0,1.0,True,True,0.012160799989942461
EQ052,How should an agency prepare for a software-supply-chain disruption like the CrowdStrike outage?,"Manage supply-chain risk, test updates and contingency plans, and establish timely information-sharing arrangements to detect, mitigate, and recover from disruption.",GAO-24-107733,PDF pp. 1-2,1,"[{""evaluation_document"": ""GAO-24-107733"", ""indexed_document"": ""gao-24-107733.pdf"", ""expected_pages"": [1, 2]}]","[{""rank"": 1, ""document"": ""gao-24-107231.pdf"", ""page"": 22, ""distance"": 0.99869704246521}]",0.0,0.0,False,False,0.01209440000820905
EQ052,How should an agency prepare for a software-supply-chain disruption like the CrowdStrike outage?,"Manage supply-chain risk, test updates and contingency plans, and establish timely information-sharing arrangements to detect, mitigate, and recover from disruption.",GAO-24-107733,PDF pp. 1-2,2,"[{""evaluation_document"": ""GAO-24-107733"", ""indexed_document"": ""gao-24-107733.pdf"", ""expected_pages"": [1, 2]}]","[{""rank"": 1, ""document"": ""gao-24-107231.pdf"", ""page"": 22, ""distance"": 0.99869704246521}, {""rank"": 2, ""document"": ""gao-24-107733.pdf"", ""page"": 1, ""distance"": 1.0803217887878418}]",1.0,1.0,True,True,0.012385300011374056
EQ052,How should an agency prepare for a software-supply-chain disruption like the CrowdStrike outage?,"Manage supply-chain risk, test updates and contingency plans, and establish timely information-sharing arrangements to detect, mitigate, and recover from disruption.",GAO-24-107733,PDF pp. 1-2,3,"[{""evaluation_document"": ""GAO-24-107733"", ""indexed_document"": ""gao-24-107733.pdf"", ""expected_pages"": [1, 2]}]","[{""rank"": 1, ""document"": ""gao-24-107231.pdf"", ""page"": 22, ""distance"": 0.99869704246521}, {""rank"": 2, ""document"": ""gao-24-107733.pdf"", ""page"": 1, ""distance"": 1.0803217887878418}, {""rank"": 3, ""document"": ""gao-24-107231.pdf"", ""page"": 23, ""distance"": 1.120399832725525}]",1.0,1.0,True,True,0.010668399976566434
EQ052,How should an agency prepare for a software-supply-chain disruption like the CrowdStrike outage?,"Manage supply-chain risk, test updates and contingency plans, and establish timely information-sharing arrangements to detect, mitigate, and recover from disruption.",GAO-24-107733,PDF pp. 1-2,4,"[{""evaluation_document"": ""GAO-24-107733"", ""indexed_document"": ""gao-24-107733.pdf"", ""expected_pages"": [1, 2]}]","[{""rank"": 1, ""document"": ""gao-24-107231.pdf"", ""page"": 22, ""distance"": 0.99869704246521}, {""rank"": 2, ""document"": ""gao-24-107733.pdf"", ""page"": 1, ""distance"": 1.0803217887878418}, {""rank"": 3, ""document"": ""gao-24-107231.pdf"", ""page"": 23, ""distance"": 1.120399832725525}, {""rank"": 4, ""document"": ""d24106576.pdf"", ""page"": 3, ""distance"": 1.1368061304092407}]",1.0,1.0,True,True,0.012604199990164489
EQ052,How should an agency prepare for a software-supply-chain disruption like the CrowdStrike outage?,"Manage supply-chain risk, test updates and contingency plans, and establish timely information-sharing arrangements to detect, mitigate, and recover from disruption.",GAO-24-107733,PDF pp. 1-2,5,"[{""evaluation_document"": ""GAO-24-107733"", ""indexed_document"": ""gao-24-107733.pdf"", ""expected_pages"": [1, 2]}]","[{""rank"": 1, ""document"": ""gao-24-107231.pdf"", ""page"": 22, ""distance"": 0.99869704246521}, {""rank"": 2, ""document"": ""gao-24-107733.pdf"", ""page"": 1, ""distance"": 1.0803217887878418}, {""rank"": 3, ""document"": ""gao-24-107231.pdf"", ""page"": 23, ""distance"": 1.120399832725525}, {""rank"": 4, ""document"": ""d24106576.pdf"", ""page"": 3, ""distance"": 1.1368061304092407}, {""rank"": 5, ""document"": ""gao-24-107231.pdf"", ""page"": 49, ""distance"": 1.1474319696426392}]",1.0,1.0,True,True,0.011770399985834956
EQ052,How should an agency prepare for a software-supply-chain disruption like the CrowdStrike outage?,"Manage supply-chain risk, test updates and contingency plans, and establish timely information-sharing arrangements to detect, mitigate, and recover from disruption.",GAO-24-107733,PDF pp. 1-2,6,"[{""evaluation_document"": ""GAO-24-107733"", ""indexed_document"": ""gao-24-107733.pdf"", ""expected_pages"": [1, 2]}]","[{""rank"": 1, ""document"": ""gao-24-107231.pdf"", ""page"": 22, ""distance"": 0.99869704246521}, {""rank"": 2, ""document"": ""gao-24-107733.pdf"", ""page"": 1, ""distance"": 1.0803217887878418}, {""rank"": 3, ""document"": ""gao-24-107231.pdf"", ""page"": 23, ""distance"": 1.120399832725525}, {""rank"": 4, ""document"": ""d24106576.pdf"", ""page"": 3, ""distance"": 1.1368061304092407}, {""rank"": 5, ""document"": ""gao-24-107231.pdf"", ""page"": 49, ""distance"": 1.1474319696426392}, {""rank"": 6, ""document"": ""gao-24-107231-highlights.pdf"", ""page"": 2, ""distance"": 1.160032868385315}]",1.0,1.0,True,True,0.012225300015415996
EQ052,How should an agency prepare for a software-supply-chain disruption like the CrowdStrike outage?,"Manage supply-chain risk, test updates and contingency plans, and establish timely information-sharing arrangements to detect, mitigate, and recover from disruption.",GAO-24-107733,PDF pp. 1-2,7,"[{""evaluation_document"": ""GAO-24-107733"", ""indexed_document"": ""gao-24-107733.pdf"", ""expected_pages"": [1, 2]}]","[{""rank"": 1, ""document"": ""gao-24-107231.pdf"", ""page"": 22, ""distance"": 0.99869704246521}, {""rank"": 2, ""document"": ""gao-24-107733.pdf"", ""page"": 1, ""distance"": 1.0803217887878418}, {""rank"": 3, ""document"": ""gao-24-107231.pdf"", ""page"": 23, ""distance"": 1.120399832725525}, {""rank"": 4, ""document"": ""d24106576.pdf"", ""page"": 3, ""distance"": 1.1368061304092407}, {""rank"": 5, ""document"": ""gao-24-107231.pdf"", ""page"": 49, ""distance"": 1.1474319696426392}, {""rank"": 6, ""document"": ""gao-24-107231-highlights.pdf"", ""page"": 2, ""distance"": 1.160032868385315}, {""rank"": 7, ""document"": ""gao-24-107231.pdf"", ""page"": 3, ""distance"": 1.160032868385315}]",1.0,1.0,True,True,0.010487999999895692
EQ052,How should an agency prepare for a software-supply-chain disruption like the CrowdStrike outage?,"Manage supply-chain risk, test updates and contingency plans, and establish timely information-sharing arrangements to detect, mitigate, and recover from disruption.",GAO-24-107733,PDF pp. 1-2,8,"[{""evaluation_document"": ""GAO-24-107733"", ""indexed_document"": ""gao-24-107733.pdf"", ""expected_pages"": [1, 2]}]","[{""rank"": 1, ""document"": ""gao-24-107231.pdf"", ""page"": 22, ""distance"": 0.99869704246521}, {""rank"": 2, ""document"": ""gao-24-107733.pdf"", ""page"": 1, ""distance"": 1.0803217887878418}, {""rank"": 3, ""document"": ""gao-24-107231.pdf"", ""page"": 23, ""distance"": 1.120399832725525}, {""rank"": 4, ""document"": ""d24106576.pdf"", ""page"": 3, ""distance"": 1.1368061304092407}, {""rank"": 5, ""document"": ""gao-24-107231.pdf"", ""page"": 49, ""distance"": 1.1474319696426392}, {""rank"": 6, ""document"": ""gao-24-107231-highlights.pdf"", ""page"": 2, ""distance"": 1.160032868385315}, {""rank"": 7, ""document"": ""gao-24-107231.pdf"", ""page"": 3, ""distance"": 1.160032868385315}, {""rank"": 8, ""document"": ""d24105658.pdf"", ""page"": 34, ""distance"": 1.1716396808624268}]",1.0,1.0,True,True,0.012219600030221045
EQ052,How should an agency prepare for a software-supply-chain disruption like the CrowdStrike outage?,"Manage supply-chain risk, test updates and contingency plans, and establish timely information-sharing arrangements to detect, mitigate, and recover from disruption.",GAO-24-107733,PDF pp. 1-2,9,"[{""evaluation_document"": ""GAO-24-107733"", ""indexed_document"": ""gao-24-107733.pdf"", ""expected_pages"": [1, 2]}]","[{""rank"": 1, ""document"": ""gao-24-107231.pdf"", ""page"": 22, ""distance"": 0.99869704246521}, {""rank"": 2, ""document"": ""gao-24-107733.pdf"", ""page"": 1, ""distance"": 1.0803217887878418}, {""rank"": 3, ""document"": ""gao-24-107231.pdf"", ""page"": 23, ""distance"": 1.120399832725525}, {""rank"": 4, ""document"": ""d24106576.pdf"", ""page"": 3, ""distance"": 1.1368061304092407}, {""rank"": 5, ""document"": ""gao-24-107231.pdf"", ""page"": 49, ""distance"": 1.1474319696426392}, {""rank"": 6, ""document"": ""gao-24-107231-highlights.pdf"", ""page"": 2, ""distance"": 1.160032868385315}, {""rank"": 7, ""document"": ""gao-24-107231.pdf"", ""page"": 3, ""distance"": 1.160032868385315}, {""rank"": 8, ""document"": ""d24105658.pdf"", ""page"": 34, ""distance"": 1.1716396808624268}, {""rank"": 9, ""document"": ""d24106576.pdf"", ""page"": 43, ""distance"": 1.176100492477417}]",1.0,1.0,True,True,0.011017700016964227
EQ052,How should an agency prepare for a software-supply-chain disruption like the CrowdStrike outage?,"Manage supply-chain risk, test updates and contingency plans, and establish timely information-sharing arrangements to detect, mitigate, and recover from disruption.",GAO-24-107733,PDF pp. 1-2,10,"[{""evaluation_document"": ""GAO-24-107733"", ""indexed_document"": ""gao-24-107733.pdf"", ""expected_pages"": [1, 2]}]","[{""rank"": 1, ""document"": ""gao-24-107231.pdf"", ""page"": 22, ""distance"": 0.99869704246521}, {""rank"": 2, ""document"": ""gao-24-107733.pdf"", ""page"": 1, ""distance"": 1.0803217887878418}, {""rank"": 3, ""document"": ""gao-24-107231.pdf"", ""page"": 23, ""distance"": 1.120399832725525}, {""rank"": 4, ""document"": ""d24106576.pdf"", ""page"": 3, ""distance"": 1.1368061304092407}, {""rank"": 5, ""document"": ""gao-24-107231.pdf"", ""page"": 49, ""distance"": 1.1474319696426392}, {""rank"": 6, ""document"": ""gao-24-107231-highlights.pdf"", ""page"": 2, ""distance"": 1.160032868385315}, {""rank"": 7, ""document"": ""gao-24-107231.pdf"", ""page"": 3, ""distance"": 1.160032868385315}, {""rank"": 8, ""document"": ""d24105658.pdf"", ""page"": 34, ""distance"": 1.1716396808624268}, {""rank"": 9, ""document"": ""d24106576.pdf"", ""page"": 43, ""distance"": 1.176100492477417}, {""rank"": 10, ""document"": ""d24106576.pdf"", ""page"": 10, ""distance"": 1.1916005611419678}]",1.0,1.0,True,True,0.041548000008333474
EQ053,How should federal leaders close gaps in a national cybersecurity strategy?,"Add outcome measures and resource/cost estimates, then strengthen oversight of supply-chain, workforce, and emerging-technology risks.",GAO-24-106916; GAO-24-107231,PDF pp. 2-3,1,"[{""evaluation_document"": ""GAO-24-106916"", ""indexed_document"": ""d24106916.pdf"", ""expected_pages"": [2, 3]}, {""evaluation_document"": ""GAO-24-107231"", ""indexed_document"": ""gao-24-107231.pdf"", ""expected_pages"": [2, 3]}]","[{""rank"": 1, ""document"": ""d24106916.pdf"", ""page"": 14, ""distance"": 0.6133249998092651}]",0.5,0.0,False,False,0.019708600011654198
EQ053,How should federal leaders close gaps in a national cybersecurity strategy?,"Add outcome measures and resource/cost estimates, then strengthen oversight of supply-chain, workforce, and emerging-technology risks.",GAO-24-106916; GAO-24-107231,PDF pp. 2-3,2,"[{""evaluation_document"": ""GAO-24-106916"", ""indexed_document"": ""d24106916.pdf"", ""expected_pages"": [2, 3]}, {""evaluation_document"": ""GAO-24-107231"", ""indexed_document"": ""gao-24-107231.pdf"", ""expected_pages"": [2, 3]}]","[{""rank"": 1, ""document"": ""d24106916.pdf"", ""page"": 14, ""distance"": 0.6133249998092651}, {""rank"": 2, ""document"": ""gao-24-107231.pdf"", ""page"": 18, ""distance"": 0.6441642642021179}]",1.0,0.0,True,False,0.011529600014910102
EQ053,How should federal leaders close gaps in a national cybersecurity strategy?,"Add outcome measures and resource/cost estimates, then strengthen oversight of supply-chain, workforce, and emerging-technology risks.",GAO-24-106916; GAO-24-107231,PDF pp. 2-3,3,"[{""evaluation_document"": ""GAO-24-106916"", ""indexed_document"": ""d24106916.pdf"", ""expected_pages"": [2, 3]}, {""evaluation_document"": ""GAO-24-107231"", ""indexed_document"": ""gao-24-107231.pdf"", ""expected_pages"": [2, 3]}]","[{""rank"": 1, ""document"": ""d24106916.pdf"", ""page"": 14, ""distance"": 0.6133249998092651}, {""rank"": 2, ""document"": ""gao-24-107231.pdf"", ""page"": 18, ""distance"": 0.6441642642021179}, {""rank"": 3, ""document"": ""d24106916.pdf"", ""page"": 16, ""distance"": 0.6784714460372925}]",1.0,0.0,True,False,0.012387999973725528
EQ053,How should federal leaders close gaps in a national cybersecurity strategy?,"Add outcome measures and resource/cost estimates, then strengthen oversight of supply-chain, workforce, and emerging-technology risks.",GAO-24-106916; GAO-24-107231,PDF pp. 2-3,4,"[{""evaluation_document"": ""GAO-24-106916"", ""indexed_document"": ""d24106916.pdf"", ""expected_pages"": [2, 3]}, {""evaluation_document"": ""GAO-24-107231"", ""indexed_document"": ""gao-24-107231.pdf"", ""expected_pages"": [2, 3]}]","[{""rank"": 1, ""document"": ""d24106916.pdf"", ""page"": 14, ""distance"": 0.6133249998092651}, {""rank"": 2, ""document"": ""gao-24-107231.pdf"", ""page"": 18, ""distance"": 0.6441642642021179}, {""rank"": 3, ""document"": ""d24106916.pdf"", ""page"": 16, ""distance"": 0.6784714460372925}, {""rank"": 4, ""document"": ""d24106916.pdf"", ""page"": 13, ""distance"": 0.6882823705673218}]",1.0,0.0,True,False,0.011498200008645654
EQ053,How should federal leaders close gaps in a national cybersecurity strategy?,"Add outcome measures and resource/cost estimates, then strengthen oversight of supply-chain, workforce, and emerging-technology risks.",GAO-24-106916; GAO-24-107231,PDF pp. 2-3,5,"[{""evaluation_document"": ""GAO-24-106916"", ""indexed_document"": ""d24106916.pdf"", ""expected_pages"": [2, 3]}, {""evaluation_document"": ""GAO-24-107231"", ""indexed_document"": ""gao-24-107231.pdf"", ""expected_pages"": [2, 3]}]","[{""rank"": 1, ""document"": ""d24106916.pdf"", ""page"": 14, ""distance"": 0.6133249998092651}, {""rank"": 2, ""document"": ""gao-24-107231.pdf"", ""page"": 18, ""distance"": 0.6441642642021179}, {""rank"": 3, ""document"": ""d24106916.pdf"", ""page"": 16, ""distance"": 0.6784714460372925}, {""rank"": 4, ""document"": ""d24106916.pdf"", ""page"": 13, ""distance"": 0.6882823705673218}, {""rank"": 5, ""document"": ""d24106916.pdf"", ""page"": 9, ""distance"": 0.699711263179779}]",1.0,0.0,True,False,0.01142769999569282
EQ053,How should federal leaders close gaps in a national cybersecurity strategy?,"Add outcome measures and resource/cost estimates, then strengthen oversight of supply-chain, workforce, and emerging-technology risks.",GAO-24-106916; GAO-24-107231,PDF pp. 2-3,6,"[{""evaluation_document"": ""GAO-24-106916"", ""indexed_document"": ""d24106916.pdf"", ""expected_pages"": [2, 3]}, {""evaluation_document"": ""GAO-24-107231"", ""indexed_document"": ""gao-24-107231.pdf"", ""expected_pages"": [2, 3]}]","[{""rank"": 1, ""document"": ""d24106916.pdf"", ""page"": 14, ""distance"": 0.6133249998092651}, {""rank"": 2, ""document"": ""gao-24-107231.pdf"", ""page"": 18, ""distance"": 0.6441642642021179}, {""rank"": 3, ""document"": ""d24106916.pdf"", ""page"": 16, ""distance"": 0.6784714460372925}, {""rank"": 4, ""document"": ""d24106916.pdf"", ""page"": 13, ""distance"": 0.6882823705673218}, {""rank"": 5, ""document"": ""d24106916.pdf"", ""page"": 9, ""distance"": 0.699711263179779}, {""rank"": 6, ""document"": ""d24106916.pdf"", ""page"": 27, ""distance"": 0.7328092455863953}]",1.0,0.0,True,False,0.012400000006891787
EQ053,How should federal leaders close gaps in a national cybersecurity strategy?,"Add outcome measures and resource/cost estimates, then strengthen oversight of supply-chain, workforce, and emerging-technology risks.",GAO-24-106916; GAO-24-107231,PDF pp. 2-3,7,"[{""evaluation_document"": ""GAO-24-106916"", ""indexed_document"": ""d24106916.pdf"", ""expected_pages"": [2, 3]}, {""evaluation_document"": ""GAO-24-107231"", ""indexed_document"": ""gao-24-107231.pdf"", ""expected_pages"": [2, 3]}]","[{""rank"": 1, ""document"": ""d24106916.pdf"", ""page"": 14, ""distance"": 0.6133249998092651}, {""rank"": 2, ""document"": ""gao-24-107231.pdf"", ""page"": 18, ""distance"": 0.6441642642021179}, {""rank"": 3, ""document"": ""d24106916.pdf"", ""page"": 16, ""distance"": 0.6784714460372925}, {""rank"": 4, ""document"": ""d24106916.pdf"", ""page"": 13, ""distance"": 0.6882823705673218}, {""rank"": 5, ""document"": ""d24106916.pdf"", ""page"": 9, ""distance"": 0.699711263179779}, {""rank"": 6, ""document"": ""d24106916.pdf"", ""page"": 27, ""distance"": 0.7328092455863953}, {""rank"": 7, ""document"": ""d24106916.pdf"", ""page"": 11, ""distance"": 0.7351216077804565}]",1.0,0.0,True,False,0.00985269999364391
EQ053,How should federal leaders close gaps in a national cybersecurity strategy?,"Add outcome measures and resource/cost estimates, then strengthen oversight of supply-chain, workforce, and emerging-technology risks.",GAO-24-106916; GAO-24-107231,PDF pp. 2-3,8,"[{""evaluation_document"": ""GAO-24-106916"", ""indexed_document"": ""d24106916.pdf"", ""expected_pages"": [2, 3]}, {""evaluation_document"": ""GAO-24-107231"", ""indexed_document"": ""gao-24-107231.pdf"", ""expected_pages"": [2, 3]}]","[{""rank"": 1, ""document"": ""d24106916.pdf"", ""page"": 14, ""distance"": 0.6133249998092651}, {""rank"": 2, ""document"": ""gao-24-107231.pdf"", ""page"": 18, ""distance"": 0.6441642642021179}, {""rank"": 3, ""document"": ""d24106916.pdf"", ""page"": 16, ""distance"": 0.6784714460372925}, {""rank"": 4, ""document"": ""d24106916.pdf"", ""page"": 13, ""distance"": 0.6882823705673218}, {""rank"": 5, ""document"": ""d24106916.pdf"", ""page"": 9, ""distance"": 0.699711263179779}, {""rank"": 6, ""document"": ""d24106916.pdf"", ""page"": 27, ""distance"": 0.7328092455863953}, {""rank"": 7, ""document"": ""d24106916.pdf"", ""page"": 11, ""distance"": 0.7351216077804565}, {""rank"": 8, ""document"": ""gao-16-885t.pdf"", ""page"": 15, ""distance"": 0.7361064553260803}]",1.0,0.0,True,False,0.011739599984139204
EQ053,How should federal leaders close gaps in a national cybersecurity strategy?,"Add outcome measures and resource/cost estimates, then strengthen oversight of supply-chain, workforce, and emerging-technology risks.",GAO-24-106916; GAO-24-107231,PDF pp. 2-3,9,"[{""evaluation_document"": ""GAO-24-106916"", ""indexed_document"": ""d24106916.pdf"", ""expected_pages"": [2, 3]}, {""evaluation_document"": ""GAO-24-107231"", ""indexed_document"": ""gao-24-107231.pdf"", ""expected_pages"": [2, 3]}]","[{""rank"": 1, ""document"": ""d24106916.pdf"", ""page"": 14, ""distance"": 0.6133249998092651}, {""rank"": 2, ""document"": ""gao-24-107231.pdf"", ""page"": 18, ""distance"": 0.6441642642021179}, {""rank"": 3, ""document"": ""d24106916.pdf"", ""page"": 16, ""distance"": 0.6784714460372925}, {""rank"": 4, ""document"": ""d24106916.pdf"", ""page"": 13, ""distance"": 0.6882823705673218}, {""rank"": 5, ""document"": ""d24106916.pdf"", ""page"": 9, ""distance"": 0.699711263179779}, {""rank"": 6, ""document"": ""d24106916.pdf"", ""page"": 27, ""distance"": 0.7328092455863953}, {""rank"": 7, ""document"": ""d24106916.pdf"", ""page"": 11, ""distance"": 0.7351216077804565}, {""rank"": 8, ""document"": ""gao-16-885t.pdf"", ""page"": 15, ""distance"": 0.7361064553260803}, {""rank"": 9, ""document"": ""d24106916.pdf"", ""page"": 10, ""distance"": 0.7484130263328552}]",1.0,0.0,True,False,0.012173999974038452
EQ053,How should federal leaders close gaps in a national cybersecurity strategy?,"Add outcome measures and resource/cost estimates, then strengthen oversight of supply-chain, workforce, and emerging-technology risks.",GAO-24-106916; GAO-24-107231,PDF pp. 2-3,10,"[{""evaluation_document"": ""GAO-24-106916"", ""indexed_document"": ""d24106916.pdf"", ""expected_pages"": [2, 3]}, {""evaluation_document"": ""GAO-24-107231"", ""indexed_document"": ""gao-24-107231.pdf"", ""expected_pages"": [2, 3]}]","[{""rank"": 1, ""document"": ""d24106916.pdf"", ""page"": 14, ""distance"": 0.6133249998092651}, {""rank"": 2, ""document"": ""gao-24-107231.pdf"", ""page"": 18, ""distance"": 0.6441642642021179}, {""rank"": 3, ""document"": ""d24106916.pdf"", ""page"": 16, ""distance"": 0.6784714460372925}, {""rank"": 4, ""document"": ""d24106916.pdf"", ""page"": 13, ""distance"": 0.6882823705673218}, {""rank"": 5, ""document"": ""d24106916.pdf"", ""page"": 9, ""distance"": 0.699711263179779}, {""rank"": 6, ""document"": ""d24106916.pdf"", ""page"": 27, ""distance"": 0.7328092455863953}, {""rank"": 7, ""document"": ""d24106916.pdf"", ""page"": 11, ""distance"": 0.7351216077804565}, {""rank"": 8, ""document"": ""gao-16-885t.pdf"", ""page"": 15, ""distance"": 0.7361064553260803}, {""rank"": 9, ""document"": ""d24106916.pdf"", ""page"": 10, ""distance"": 0.7484130263328552}, {""rank"": 10, ""document"": ""d24106916.pdf"", ""page"": 15, ""distance"": 0.7564234137535095}]",1.0,0.0,True,False,0.011224199959542602
EQ054,How should a cybersecurity program address deficiencies across the five core security functions?,"Assess and remediate deficiencies in identifying risk, protecting systems, detecting events, responding to events, and recovering operations, using the report's recommendations as the remediation agenda.",GAO-22-104467,PDF p. 1,1,"[{""evaluation_document"": ""GAO-22-104467"", ""indexed_document"": ""gao-22-104467-highlights.pdf"", ""expected_pages"": [1]}]","[{""rank"": 1, ""document"": ""gao-24-107231.pdf"", ""page"": 14, ""distance"": 0.8415838479995728}]",0.0,0.0,False,False,0.00977549998788163
EQ054,How should a cybersecurity program address deficiencies across the five core security functions?,"Assess and remediate deficiencies in identifying risk, protecting systems, detecting events, responding to events, and recovering operations, using the report's recommendations as the remediation agenda.",GAO-22-104467,PDF p. 1,2,"[{""evaluation_document"": ""GAO-22-104467"", ""indexed_document"": ""gao-22-104467-highlights.pdf"", ""expected_pages"": [1]}]","[{""rank"": 1, ""document"": ""gao-24-107231.pdf"", ""page"": 14, ""distance"": 0.8415838479995728}, {""rank"": 2, ""document"": ""gao-24-107231.pdf"", ""page"": 36, ""distance"": 0.8580460548400879}]",0.0,0.0,False,False,0.012866899953223765
EQ054,How should a cybersecurity program address deficiencies across the five core security functions?,"Assess and remediate deficiencies in identifying risk, protecting systems, detecting events, responding to events, and recovering operations, using the report's recommendations as the remediation agenda.",GAO-22-104467,PDF p. 1,3,"[{""evaluation_document"": ""GAO-22-104467"", ""indexed_document"": ""gao-22-104467-highlights.pdf"", ""expected_pages"": [1]}]","[{""rank"": 1, ""document"": ""gao-24-107231.pdf"", ""page"": 14, ""distance"": 0.8415838479995728}, {""rank"": 2, ""document"": ""gao-24-107231.pdf"", ""page"": 36, ""distance"": 0.8580460548400879}, {""rank"": 3, ""document"": ""gao-16-885t.pdf"", ""page"": 11, ""distance"": 0.8715318441390991}]",0.0,0.0,False,False,0.013308800000231713
EQ054,How should a cybersecurity program address deficiencies across the five core security functions?,"Assess and remediate deficiencies in identifying risk, protecting systems, detecting events, responding to events, and recovering operations, using the report's recommendations as the remediation agenda.",GAO-22-104467,PDF p. 1,4,"[{""evaluation_document"": ""GAO-22-104467"", ""indexed_document"": ""gao-22-104467-highlights.pdf"", ""expected_pages"": [1]}]","[{""rank"": 1, ""document"": ""gao-24-107231.pdf"", ""page"": 14, ""distance"": 0.8415838479995728}, {""rank"": 2, ""document"": ""gao-24-107231.pdf"", ""page"": 36, ""distance"": 0.8580460548400879}, {""rank"": 3, ""document"": ""gao-16-885t.pdf"", ""page"": 11, ""distance"": 0.8715318441390991}, {""rank"": 4, ""document"": ""gao-24-107231.pdf"", ""page"": 13, ""distance"": 0.875893235206604}]",0.0,0.0,False,False,0.012001900002360344
EQ054,How should a cybersecurity program address deficiencies across the five core security functions?,"Assess and remediate deficiencies in identifying risk, protecting systems, detecting events, responding to events, and recovering operations, using the report's recommendations as the remediation agenda.",GAO-22-104467,PDF p. 1,5,"[{""evaluation_document"": ""GAO-22-104467"", ""indexed_document"": ""gao-22-104467-highlights.pdf"", ""expected_pages"": [1]}]","[{""rank"": 1, ""document"": ""gao-24-107231.pdf"", ""page"": 14, ""distance"": 0.8415838479995728}, {""rank"": 2, ""document"": ""gao-24-107231.pdf"", ""page"": 36, ""distance"": 0.8580460548400879}, {""rank"": 3, ""document"": ""gao-16-885t.pdf"", ""page"": 11, ""distance"": 0.8715318441390991}, {""rank"": 4, ""document"": ""gao-24-107231.pdf"", ""page"": 13, ""distance"": 0.875893235206604}, {""rank"": 5, ""document"": ""gao-22-104467-highlights.pdf"", ""page"": 1, ""distance"": 0.8790206909179688}]",1.0,1.0,True,True,0.012499700009357184
EQ054,How should a cybersecurity program address deficiencies across the five core security functions?,"Assess and remediate deficiencies in identifying risk, protecting systems, detecting events, responding to events, and recovering operations, using the report's recommendations as the remediation agenda.",GAO-22-104467,PDF p. 1,6,"[{""evaluation_document"": ""GAO-22-104467"", ""indexed_document"": ""gao-22-104467-highlights.pdf"", ""expected_pages"": [1]}]","[{""rank"": 1, ""document"": ""gao-24-107231.pdf"", ""page"": 14, ""distance"": 0.8415838479995728}, {""rank"": 2, ""document"": ""gao-24-107231.pdf"", ""page"": 36, ""distance"": 0.8580460548400879}, {""rank"": 3, ""document"": ""gao-16-885t.pdf"", ""page"": 11, ""distance"": 0.8715318441390991}, {""rank"": 4, ""document"": ""gao-24-107231.pdf"", ""page"": 13, ""distance"": 0.875893235206604}, {""rank"": 5, ""document"": ""gao-22-104467-highlights.pdf"", ""page"": 1, ""distance"": 0.8790206909179688}, {""rank"": 6, ""document"": ""d24106916.pdf"", ""page"": 14, ""distance"": 0.8850411772727966}]",1.0,1.0,True,True,0.012440300022717565
EQ054,How should a cybersecurity program address deficiencies across the five core security functions?,"Assess and remediate deficiencies in identifying risk, protecting systems, detecting events, responding to events, and recovering operations, using the report's recommendations as the remediation agenda.",GAO-22-104467,PDF p. 1,7,"[{""evaluation_document"": ""GAO-22-104467"", ""indexed_document"": ""gao-22-104467-highlights.pdf"", ""expected_pages"": [1]}]","[{""rank"": 1, ""document"": ""gao-24-107231.pdf"", ""page"": 14, ""distance"": 0.8415838479995728}, {""rank"": 2, ""document"": ""gao-24-107231.pdf"", ""page"": 36, ""distance"": 0.8580460548400879}, {""rank"": 3, ""document"": ""gao-16-885t.pdf"", ""page"": 11, ""distance"": 0.8715318441390991}, {""rank"": 4, ""document"": ""gao-24-107231.pdf"", ""page"": 13, ""distance"": 0.875893235206604}, {""rank"": 5, ""document"": ""gao-22-104467-highlights.pdf"", ""page"": 1, ""distance"": 0.8790206909179688}, {""rank"": 6, ""document"": ""d24106916.pdf"", ""page"": 14, ""distance"": 0.8850411772727966}, {""rank"": 7, ""document"": ""gao-24-107231-highlights.pdf"", ""page"": 1, ""distance"": 0.8923412561416626}]",1.0,1.0,True,True,0.011866400018334389
EQ054,How should a cybersecurity program address deficiencies across the five core security functions?,"Assess and remediate deficiencies in identifying risk, protecting systems, detecting events, responding to events, and recovering operations, using the report's recommendations as the remediation agenda.",GAO-22-104467,PDF p. 1,8,"[{""evaluation_document"": ""GAO-22-104467"", ""indexed_document"": ""gao-22-104467-highlights.pdf"", ""expected_pages"": [1]}]","[{""rank"": 1, ""document"": ""gao-24-107231.pdf"", ""page"": 14, ""distance"": 0.8415838479995728}, {""rank"": 2, ""document"": ""gao-24-107231.pdf"", ""page"": 36, ""distance"": 0.8580460548400879}, {""rank"": 3, ""document"": ""gao-16-885t.pdf"", ""page"": 11, ""distance"": 0.8715318441390991}, {""rank"": 4, ""document"": ""gao-24-107231.pdf"", ""page"": 13, ""distance"": 0.875893235206604}, {""rank"": 5, ""document"": ""gao-22-104467-highlights.pdf"", ""page"": 1, ""distance"": 0.8790206909179688}, {""rank"": 6, ""document"": ""d24106916.pdf"", ""page"": 14, ""distance"": 0.8850411772727966}, {""rank"": 7, ""document"": ""gao-24-107231-highlights.pdf"", ""page"": 1, ""distance"": 0.8923412561416626}, {""rank"": 8, ""document"": ""gao-24-107231.pdf"", ""page"": 2, ""distance"": 0.8923412561416626}]",1.0,1.0,True,True,0.009656900016125292
EQ054,How should a cybersecurity program address deficiencies across the five core security functions?,"Assess and remediate deficiencies in identifying risk, protecting systems, detecting events, responding to events, and recovering operations, using the report's recommendations as the remediation agenda.",GAO-22-104467,PDF p. 1,9,"[{""evaluation_document"": ""GAO-22-104467"", ""indexed_document"": ""gao-22-104467-highlights.pdf"", ""expected_pages"": [1]}]","[{""rank"": 1, ""document"": ""gao-24-107231.pdf"", ""page"": 14, ""distance"": 0.8415838479995728}, {""rank"": 2, ""document"": ""gao-24-107231.pdf"", ""page"": 36, ""distance"": 0.8580460548400879}, {""rank"": 3, ""document"": ""gao-16-885t.pdf"", ""page"": 11, ""distance"": 0.8715318441390991}, {""rank"": 4, ""document"": ""gao-24-107231.pdf"", ""page"": 13, ""distance"": 0.875893235206604}, {""rank"": 5, ""document"": ""gao-22-104467-highlights.pdf"", ""page"": 1, ""distance"": 0.8790206909179688}, {""rank"": 6, ""document"": ""d24106916.pdf"", ""page"": 14, ""distance"": 0.8850411772727966}, {""rank"": 7, ""document"": ""gao-24-107231-highlights.pdf"", ""page"": 1, ""distance"": 0.8923412561416626}, {""rank"": 8, ""document"": ""gao-24-107231.pdf"", ""page"": 2, ""distance"": 0.8923412561416626}, {""rank"": 9, ""document"": ""gao-24-107231.pdf"", ""page"": 25, ""distance"": 0.9061169028282166}]",1.0,1.0,True,True,0.011590000009164214
EQ054,How should a cybersecurity program address deficiencies across the five core security functions?,"Assess and remediate deficiencies in identifying risk, protecting systems, detecting events, responding to events, and recovering operations, using the report's recommendations as the remediation agenda.",GAO-22-104467,PDF p. 1,10,"[{""evaluation_document"": ""GAO-22-104467"", ""indexed_document"": ""gao-22-104467-highlights.pdf"", ""expected_pages"": [1]}]","[{""rank"": 1, ""document"": ""gao-24-107231.pdf"", ""page"": 14, ""distance"": 0.8415838479995728}, {""rank"": 2, ""document"": ""gao-24-107231.pdf"", ""page"": 36, ""distance"": 0.8580460548400879}, {""rank"": 3, ""document"": ""gao-16-885t.pdf"", ""page"": 11, ""distance"": 0.8715318441390991}, {""rank"": 4, ""document"": ""gao-24-107231.pdf"", ""page"": 13, ""distance"": 0.875893235206604}, {""rank"": 5, ""document"": ""gao-22-104467-highlights.pdf"", ""page"": 1, ""distance"": 0.8790206909179688}, {""rank"": 6, ""document"": ""d24106916.pdf"", ""page"": 14, ""distance"": 0.8850411772727966}, {""rank"": 7, ""document"": ""gao-24-107231-highlights.pdf"", ""page"": 1, ""distance"": 0.8923412561416626}, {""rank"": 8, ""document"": ""gao-24-107231.pdf"", ""page"": 2, ""distance"": 0.8923412561416626}, {""rank"": 9, ""document"": ""gao-24-107231.pdf"", ""page"": 25, ""distance"": 0.9061169028282166}, {""rank"": 10, ""document"": ""gao-24-107231.pdf"", ""page"": 87, ""distance"": 0.910224974155426}]",1.0,1.0,True,True,0.013150400016456842
EQ055,How should a critical-infrastructure operator use CISA OT services while managing their limitations?,"Use relevant CISA products and services, document negative experiences or disclosure delays, and coordinate with partners to improve information-sharing processes.",GAO-24-106576,PDF pp. 2-3,1,"[{""evaluation_document"": ""GAO-24-106576"", ""indexed_document"": ""d24106576.pdf"", ""expected_pages"": [2, 3]}]","[{""rank"": 1, ""document"": ""d24106576.pdf"", ""page"": 43, ""distance"": 0.5793259143829346}]",1.0,0.0,True,False,0.010542100004386157
EQ055,How should a critical-infrastructure operator use CISA OT services while managing their limitations?,"Use relevant CISA products and services, document negative experiences or disclosure delays, and coordinate with partners to improve information-sharing processes.",GAO-24-106576,PDF pp. 2-3,2,"[{""evaluation_document"": ""GAO-24-106576"", ""indexed_document"": ""d24106576.pdf"", ""expected_pages"": [2, 3]}]","[{""rank"": 1, ""document"": ""d24106576.pdf"", ""page"": 43, ""distance"": 0.5793259143829346}, {""rank"": 2, ""document"": ""d24106576.pdf"", ""page"": 30, ""distance"": 0.6156466603279114}]",1.0,0.0,True,False,0.008575200045015663
EQ055,How should a critical-infrastructure operator use CISA OT services while managing their limitations?,"Use relevant CISA products and services, document negative experiences or disclosure delays, and coordinate with partners to improve information-sharing processes.",GAO-24-106576,PDF pp. 2-3,3,"[{""evaluation_document"": ""GAO-24-106576"", ""indexed_document"": ""d24106576.pdf"", ""expected_pages"": [2, 3]}]","[{""rank"": 1, ""document"": ""d24106576.pdf"", ""page"": 43, ""distance"": 0.5793259143829346}, {""rank"": 2, ""document"": ""d24106576.pdf"", ""page"": 30, ""distance"": 0.6156466603279114}, {""rank"": 3, ""document"": ""d24106576.pdf"", ""page"": 65, ""distance"": 0.6197145581245422}]",1.0,0.0,True,False,0.012087999959476292
EQ055,How should a critical-infrastructure operator use CISA OT services while managing their limitations?,"Use relevant CISA products and services, document negative experiences or disclosure delays, and coordinate with partners to improve information-sharing processes.",GAO-24-106576,PDF pp. 2-3,4,"[{""evaluation_document"": ""GAO-24-106576"", ""indexed_document"": ""d24106576.pdf"", ""expected_pages"": [2, 3]}]","[{""rank"": 1, ""document"": ""d24106576.pdf"", ""page"": 43, ""distance"": 0.5793259143829346}, {""rank"": 2, ""document"": ""d24106576.pdf"", ""page"": 30, ""distance"": 0.6156466603279114}, {""rank"": 3, ""document"": ""d24106576.pdf"", ""page"": 65, ""distance"": 0.6197145581245422}, {""rank"": 4, ""document"": ""d24106576.pdf"", ""page"": 60, ""distance"": 0.6464351415634155}]",1.0,0.0,True,False,0.011583600018639117
EQ055,How should a critical-infrastructure operator use CISA OT services while managing their limitations?,"Use relevant CISA products and services, document negative experiences or disclosure delays, and coordinate with partners to improve information-sharing processes.",GAO-24-106576,PDF pp. 2-3,5,"[{""evaluation_document"": ""GAO-24-106576"", ""indexed_document"": ""d24106576.pdf"", ""expected_pages"": [2, 3]}]","[{""rank"": 1, ""document"": ""d24106576.pdf"", ""page"": 43, ""distance"": 0.5793259143829346}, {""rank"": 2, ""document"": ""d24106576.pdf"", ""page"": 30, ""distance"": 0.6156466603279114}, {""rank"": 3, ""document"": ""d24106576.pdf"", ""page"": 65, ""distance"": 0.6197145581245422}, {""rank"": 4, ""document"": ""d24106576.pdf"", ""page"": 60, ""distance"": 0.6464351415634155}, {""rank"": 5, ""document"": ""d24106576.pdf"", ""page"": 62, ""distance"": 0.6615474820137024}]",1.0,0.0,True,False,0.01268529996741563
EQ055,How should a critical-infrastructure operator use CISA OT services while managing their limitations?,"Use relevant CISA products and services, document negative experiences or disclosure delays, and coordinate with partners to improve information-sharing processes.",GAO-24-106576,PDF pp. 2-3,6,"[{""evaluation_document"": ""GAO-24-106576"", ""indexed_document"": ""d24106576.pdf"", ""expected_pages"": [2, 3]}]","[{""rank"": 1, ""document"": ""d24106576.pdf"", ""page"": 43, ""distance"": 0.5793259143829346}, {""rank"": 2, ""document"": ""d24106576.pdf"", ""page"": 30, ""distance"": 0.6156466603279114}, {""rank"": 3, ""document"": ""d24106576.pdf"", ""page"": 65, ""distance"": 0.6197145581245422}, {""rank"": 4, ""document"": ""d24106576.pdf"", ""page"": 60, ""distance"": 0.6464351415634155}, {""rank"": 5, ""document"": ""d24106576.pdf"", ""page"": 62, ""distance"": 0.6615474820137024}, {""rank"": 6, ""document"": ""d24106576.pdf"", ""page"": 3, ""distance"": 0.7006385326385498}]",1.0,1.0,True,True,0.011444600007962435
EQ055,How should a critical-infrastructure operator use CISA OT services while managing their limitations?,"Use relevant CISA products and services, document negative experiences or disclosure delays, and coordinate with partners to improve information-sharing processes.",GAO-24-106576,PDF pp. 2-3,7,"[{""evaluation_document"": ""GAO-24-106576"", ""indexed_document"": ""d24106576.pdf"", ""expected_pages"": [2, 3]}]","[{""rank"": 1, ""document"": ""d24106576.pdf"", ""page"": 43, ""distance"": 0.5793259143829346}, {""rank"": 2, ""document"": ""d24106576.pdf"", ""page"": 30, ""distance"": 0.6156466603279114}, {""rank"": 3, ""document"": ""d24106576.pdf"", ""page"": 65, ""distance"": 0.6197145581245422}, {""rank"": 4, ""document"": ""d24106576.pdf"", ""page"": 60, ""distance"": 0.6464351415634155}, {""rank"": 5, ""document"": ""d24106576.pdf"", ""page"": 62, ""distance"": 0.6615474820137024}, {""rank"": 6, ""document"": ""d24106576.pdf"", ""page"": 3, ""distance"": 0.7006385326385498}, {""rank"": 7, ""document"": ""d24106576.pdf"", ""page"": 67, ""distance"": 0.7093782424926758}]",1.0,1.0,True,True,0.012224200007040054
EQ055,How should a critical-infrastructure operator use CISA OT services while managing their limitations?,"Use relevant CISA products and services, document negative experiences or disclosure delays, and coordinate with partners to improve information-sharing processes.",GAO-24-106576,PDF pp. 2-3,8,"[{""evaluation_document"": ""GAO-24-106576"", ""indexed_document"": ""d24106576.pdf"", ""expected_pages"": [2, 3]}]","[{""rank"": 1, ""document"": ""d24106576.pdf"", ""page"": 43, ""distance"": 0.5793259143829346}, {""rank"": 2, ""document"": ""d24106576.pdf"", ""page"": 30, ""distance"": 0.6156466603279114}, {""rank"": 3, ""document"": ""d24106576.pdf"", ""page"": 65, ""distance"": 0.6197145581245422}, {""rank"": 4, ""document"": ""d24106576.pdf"", ""page"": 60, ""distance"": 0.6464351415634155}, {""rank"": 5, ""document"": ""d24106576.pdf"", ""page"": 62, ""distance"": 0.6615474820137024}, {""rank"": 6, ""document"": ""d24106576.pdf"", ""page"": 3, ""distance"": 0.7006385326385498}, {""rank"": 7, ""document"": ""d24106576.pdf"", ""page"": 67, ""distance"": 0.7093782424926758}, {""rank"": 8, ""document"": ""d24106576.pdf"", ""page"": 25, ""distance"": 0.7101587653160095}]",1.0,1.0,True,True,0.009260800026822835
EQ055,How should a critical-infrastructure operator use CISA OT services while managing their limitations?,"Use relevant CISA products and services, document negative experiences or disclosure delays, and coordinate with partners to improve information-sharing processes.",GAO-24-106576,PDF pp. 2-3,9,"[{""evaluation_document"": ""GAO-24-106576"", ""indexed_document"": ""d24106576.pdf"", ""expected_pages"": [2, 3]}]","[{""rank"": 1, ""document"": ""d24106576.pdf"", ""page"": 43, ""distance"": 0.5793259143829346}, {""rank"": 2, ""document"": ""d24106576.pdf"", ""page"": 30, ""distance"": 0.6156466603279114}, {""rank"": 3, ""document"": ""d24106576.pdf"", ""page"": 65, ""distance"": 0.6197145581245422}, {""rank"": 4, ""document"": ""d24106576.pdf"", ""page"": 60, ""distance"": 0.6464351415634155}, {""rank"": 5, ""document"": ""d24106576.pdf"", ""page"": 62, ""distance"": 0.6615474820137024}, {""rank"": 6, ""document"": ""d24106576.pdf"", ""page"": 3, ""distance"": 0.7006385326385498}, {""rank"": 7, ""document"": ""d24106576.pdf"", ""page"": 67, ""distance"": 0.7093782424926758}, {""rank"": 8, ""document"": ""d24106576.pdf"", ""page"": 25, ""distance"": 0.7101587653160095}, {""rank"": 9, ""document"": ""d24106576.pdf"", ""page"": 2, ""distance"": 0.7260302305221558}]",1.0,1.0,True,True,0.011600300029385835
EQ055,How should a critical-infrastructure operator use CISA OT services while managing their limitations?,"Use relevant CISA products and services, document negative experiences or disclosure delays, and coordinate with partners to improve information-sharing processes.",GAO-24-106576,PDF pp. 2-3,10,"[{""evaluation_document"": ""GAO-24-106576"", ""indexed_document"": ""d24106576.pdf"", ""expected_pages"": [2, 3]}]","[{""rank"": 1, ""document"": ""d24106576.pdf"", ""page"": 43, ""distance"": 0.5793259143829346}, {""rank"": 2, ""document"": ""d24106576.pdf"", ""page"": 30, ""distance"": 0.6156466603279114}, {""rank"": 3, ""document"": ""d24106576.pdf"", ""page"": 65, ""distance"": 0.6197145581245422}, {""rank"": 4, ""document"": ""d24106576.pdf"", ""page"": 60, ""distance"": 0.6464351415634155}, {""rank"": 5, ""document"": ""d24106576.pdf"", ""page"": 62, ""distance"": 0.6615474820137024}, {""rank"": 6, ""document"": ""d24106576.pdf"", ""page"": 3, ""distance"": 0.7006385326385498}, {""rank"": 7, ""document"": ""d24106576.pdf"", ""page"": 67, ""distance"": 0.7093782424926758}, {""rank"": 8, ""document"": ""d24106576.pdf"", ""page"": 25, ""distance"": 0.7101587653160095}, {""rank"": 9, ""document"": ""d24106576.pdf"", ""page"": 2, ""distance"": 0.7260302305221558}, {""rank"": 10, ""document"": ""d24106576.pdf"", ""page"": 46, ""distance"": 0.7337249517440796}]",1.0,1.0,True,True,0.012289800040889531
EQ056,How does operational technology differ from ordinary information technology in the supplied cybersecurity material?,OT interacts with the physical environment and controls processes; the reports describe IT systems more broadly as supporting information processing and operations.,GAO-24-106576; GAO-24-107231,"PDF pp. 2, 4",1,"[{""evaluation_document"": ""GAO-24-106576"", ""indexed_document"": ""d24106576.pdf"", ""expected_pages"": [2, 4]}, {""evaluation_document"": ""GAO-24-107231"", ""indexed_document"": ""gao-24-107231.pdf"", ""expected_pages"": [2, 4]}]","[{""rank"": 1, ""document"": ""d24106576.pdf"", ""page"": 9, ""distance"": 0.7815748453140259}]",0.5,0.0,False,False,0.011835400015115738
EQ056,How does operational technology differ from ordinary information technology in the supplied cybersecurity material?,OT interacts with the physical environment and controls processes; the reports describe IT systems more broadly as supporting information processing and operations.,GAO-24-106576; GAO-24-107231,"PDF pp. 2, 4",2,"[{""evaluation_document"": ""GAO-24-106576"", ""indexed_document"": ""d24106576.pdf"", ""expected_pages"": [2, 4]}, {""evaluation_document"": ""GAO-24-107231"", ""indexed_document"": ""gao-24-107231.pdf"", ""expected_pages"": [2, 4]}]","[{""rank"": 1, ""document"": ""d24106576.pdf"", ""page"": 9, ""distance"": 0.7815748453140259}, {""rank"": 2, ""document"": ""d24106576.pdf"", ""page"": 45, ""distance"": 0.794577956199646}]",0.5,0.0,False,False,0.009569099987857044
EQ056,How does operational technology differ from ordinary information technology in the supplied cybersecurity material?,OT interacts with the physical environment and controls processes; the reports describe IT systems more broadly as supporting information processing and operations.,GAO-24-106576; GAO-24-107231,"PDF pp. 2, 4",3,"[{""evaluation_document"": ""GAO-24-106576"", ""indexed_document"": ""d24106576.pdf"", ""expected_pages"": [2, 4]}, {""evaluation_document"": ""GAO-24-107231"", ""indexed_document"": ""gao-24-107231.pdf"", ""expected_pages"": [2, 4]}]","[{""rank"": 1, ""document"": ""d24106576.pdf"", ""page"": 9, ""distance"": 0.7815748453140259}, {""rank"": 2, ""document"": ""d24106576.pdf"", ""page"": 45, ""distance"": 0.794577956199646}, {""rank"": 3, ""document"": ""d24106576.pdf"", ""page"": 2, ""distance"": 0.9297685623168945}]",0.5,0.5,False,False,0.011212399986106902
EQ056,How does operational technology differ from ordinary information technology in the supplied cybersecurity material?,OT interacts with the physical environment and controls processes; the reports describe IT systems more broadly as supporting information processing and operations.,GAO-24-106576; GAO-24-107231,"PDF pp. 2, 4",4,"[{""evaluation_document"": ""GAO-24-106576"", ""indexed_document"": ""d24106576.pdf"", ""expected_pages"": [2, 4]}, {""evaluation_document"": ""GAO-24-107231"", ""indexed_document"": ""gao-24-107231.pdf"", ""expected_pages"": [2, 4]}]","[{""rank"": 1, ""document"": ""d24106576.pdf"", ""page"": 9, ""distance"": 0.7815748453140259}, {""rank"": 2, ""document"": ""d24106576.pdf"", ""page"": 45, ""distance"": 0.794577956199646}, {""rank"": 3, ""document"": ""d24106576.pdf"", ""page"": 2, ""distance"": 0.9297685623168945}, {""rank"": 4, ""document"": ""d24106576.pdf"", ""page"": 4, ""distance"": 0.9352877736091614}]",0.5,0.5,False,False,0.009923500008881092
EQ056,How does operational technology differ from ordinary information technology in the supplied cybersecurity material?,OT interacts with the physical environment and controls processes; the reports describe IT systems more broadly as supporting information processing and operations.,GAO-24-106576; GAO-24-107231,"PDF pp. 2, 4",5,"[{""evaluation_document"": ""GAO-24-106576"", ""indexed_document"": ""d24106576.pdf"", ""expected_pages"": [2, 4]}, {""evaluation_document"": ""GAO-24-107231"", ""indexed_document"": ""gao-24-107231.pdf"", ""expected_pages"": [2, 4]}]","[{""rank"": 1, ""document"": ""d24106576.pdf"", ""page"": 9, ""distance"": 0.7815748453140259}, {""rank"": 2, ""document"": ""d24106576.pdf"", ""page"": 45, ""distance"": 0.794577956199646}, {""rank"": 3, ""document"": ""d24106576.pdf"", ""page"": 2, ""distance"": 0.9297685623168945}, {""rank"": 4, ""document"": ""d24106576.pdf"", ""page"": 4, ""distance"": 0.9352877736091614}, {""rank"": 5, ""document"": ""d24106916.pdf"", ""page"": 7, ""distance"": 0.939033031463623}]",0.5,0.5,False,False,0.010288000048603863
EQ056,How does operational technology differ from ordinary information technology in the supplied cybersecurity material?,OT interacts with the physical environment and controls processes; the reports describe IT systems more broadly as supporting information processing and operations.,GAO-24-106576; GAO-24-107231,"PDF pp. 2, 4",6,"[{""evaluation_document"": ""GAO-24-106576"", ""indexed_document"": ""d24106576.pdf"", ""expected_pages"": [2, 4]}, {""evaluation_document"": ""GAO-24-107231"", ""indexed_document"": ""gao-24-107231.pdf"", ""expected_pages"": [2, 4]}]","[{""rank"": 1, ""document"": ""d24106576.pdf"", ""page"": 9, ""distance"": 0.7815748453140259}, {""rank"": 2, ""document"": ""d24106576.pdf"", ""page"": 45, ""distance"": 0.794577956199646}, {""rank"": 3, ""document"": ""d24106576.pdf"", ""page"": 2, ""distance"": 0.9297685623168945}, {""rank"": 4, ""document"": ""d24106576.pdf"", ""page"": 4, ""distance"": 0.9352877736091614}, {""rank"": 5, ""document"": ""d24106916.pdf"", ""page"": 7, ""distance"": 0.939033031463623}, {""rank"": 6, ""document"": ""d24106576.pdf"", ""page"": 5, ""distance"": 0.9600235223770142}]",0.5,0.5,False,False,0.012309800018556416
EQ056,How does operational technology differ from ordinary information technology in the supplied cybersecurity material?,OT interacts with the physical environment and controls processes; the reports describe IT systems more broadly as supporting information processing and operations.,GAO-24-106576; GAO-24-107231,"PDF pp. 2, 4",7,"[{""evaluation_document"": ""GAO-24-106576"", ""indexed_document"": ""d24106576.pdf"", ""expected_pages"": [2, 4]}, {""evaluation_document"": ""GAO-24-107231"", ""indexed_document"": ""gao-24-107231.pdf"", ""expected_pages"": [2, 4]}]","[{""rank"": 1, ""document"": ""d24106576.pdf"", ""page"": 9, ""distance"": 0.7815748453140259}, {""rank"": 2, ""document"": ""d24106576.pdf"", ""page"": 45, ""distance"": 0.794577956199646}, {""rank"": 3, ""document"": ""d24106576.pdf"", ""page"": 2, ""distance"": 0.9297685623168945}, {""rank"": 4, ""document"": ""d24106576.pdf"", ""page"": 4, ""distance"": 0.9352877736091614}, {""rank"": 5, ""document"": ""d24106916.pdf"", ""page"": 7, ""distance"": 0.939033031463623}, {""rank"": 6, ""document"": ""d24106576.pdf"", ""page"": 5, ""distance"": 0.9600235223770142}, {""rank"": 7, ""document"": ""d24106576.pdf"", ""page"": 13, ""distance"": 0.9668264389038086}]",0.5,0.5,False,False,0.00984819995937869
EQ056,How does operational technology differ from ordinary information technology in the supplied cybersecurity material?,OT interacts with the physical environment and controls processes; the reports describe IT systems more broadly as supporting information processing and operations.,GAO-24-106576; GAO-24-107231,"PDF pp. 2, 4",8,"[{""evaluation_document"": ""GAO-24-106576"", ""indexed_document"": ""d24106576.pdf"", ""expected_pages"": [2, 4]}, {""evaluation_document"": ""GAO-24-107231"", ""indexed_document"": ""gao-24-107231.pdf"", ""expected_pages"": [2, 4]}]","[{""rank"": 1, ""document"": ""d24106576.pdf"", ""page"": 9, ""distance"": 0.7815748453140259}, {""rank"": 2, ""document"": ""d24106576.pdf"", ""page"": 45, ""distance"": 0.794577956199646}, {""rank"": 3, ""document"": ""d24106576.pdf"", ""page"": 2, ""distance"": 0.9297685623168945}, {""rank"": 4, ""document"": ""d24106576.pdf"", ""page"": 4, ""distance"": 0.9352877736091614}, {""rank"": 5, ""document"": ""d24106916.pdf"", ""page"": 7, ""distance"": 0.939033031463623}, {""rank"": 6, ""document"": ""d24106576.pdf"", ""page"": 5, ""distance"": 0.9600235223770142}, {""rank"": 7, ""document"": ""d24106576.pdf"", ""page"": 13, ""distance"": 0.9668264389038086}, {""rank"": 8, ""document"": ""d24106576.pdf"", ""page"": 14, ""distance"": 0.971274733543396}]",0.5,0.5,False,False,0.012957900005858392
EQ056,How does operational technology differ from ordinary information technology in the supplied cybersecurity material?,OT interacts with the physical environment and controls processes; the reports describe IT systems more broadly as supporting information processing and operations.,GAO-24-106576; GAO-24-107231,"PDF pp. 2, 4",9,"[{""evaluation_document"": ""GAO-24-106576"", ""indexed_document"": ""d24106576.pdf"", ""expected_pages"": [2, 4]}, {""evaluation_document"": ""GAO-24-107231"", ""indexed_document"": ""gao-24-107231.pdf"", ""expected_pages"": [2, 4]}]","[{""rank"": 1, ""document"": ""d24106576.pdf"", ""page"": 9, ""distance"": 0.7815748453140259}, {""rank"": 2, ""document"": ""d24106576.pdf"", ""page"": 45, ""distance"": 0.794577956199646}, {""rank"": 3, ""document"": ""d24106576.pdf"", ""page"": 2, ""distance"": 0.9297685623168945}, {""rank"": 4, ""document"": ""d24106576.pdf"", ""page"": 4, ""distance"": 0.9352877736091614}, {""rank"": 5, ""document"": ""d24106916.pdf"", ""page"": 7, ""distance"": 0.939033031463623}, {""rank"": 6, ""document"": ""d24106576.pdf"", ""page"": 5, ""distance"": 0.9600235223770142}, {""rank"": 7, ""document"": ""d24106576.pdf"", ""page"": 13, ""distance"": 0.9668264389038086}, {""rank"": 8, ""document"": ""d24106576.pdf"", ""page"": 14, ""distance"": 0.971274733543396}, {""rank"": 9, ""document"": ""d24106576.pdf"", ""page"": 56, ""distance"": 0.9905085563659668}]",0.5,0.5,False,False,0.012431299954187125
EQ056,How does operational technology differ from ordinary information technology in the supplied cybersecurity material?,OT interacts with the physical environment and controls processes; the reports describe IT systems more broadly as supporting information processing and operations.,GAO-24-106576; GAO-24-107231,"PDF pp. 2, 4",10,"[{""evaluation_document"": ""GAO-24-106576"", ""indexed_document"": ""d24106576.pdf"", ""expected_pages"": [2, 4]}, {""evaluation_document"": ""GAO-24-107231"", ""indexed_document"": ""gao-24-107231.pdf"", ""expected_pages"": [2, 4]}]","[{""rank"": 1, ""document"": ""d24106576.pdf"", ""page"": 9, ""distance"": 0.7815748453140259}, {""rank"": 2, ""document"": ""d24106576.pdf"", ""page"": 45, ""distance"": 0.794577956199646}, {""rank"": 3, ""document"": ""d24106576.pdf"", ""page"": 2, ""distance"": 0.9297685623168945}, {""rank"": 4, ""document"": ""d24106576.pdf"", ""page"": 4, ""distance"": 0.9352877736091614}, {""rank"": 5, ""document"": ""d24106916.pdf"", ""page"": 7, ""distance"": 0.939033031463623}, {""rank"": 6, ""document"": ""d24106576.pdf"", ""page"": 5, ""distance"": 0.9600235223770142}, {""rank"": 7, ""document"": ""d24106576.pdf"", ""page"": 13, ""distance"": 0.9668264389038086}, {""rank"": 8, ""document"": ""d24106576.pdf"", ""page"": 14, ""distance"": 0.971274733543396}, {""rank"": 9, ""document"": ""d24106576.pdf"", ""page"": 56, ""distance"": 0.9905085563659668}, {""rank"": 10, ""document"": ""d24106576.pdf"", ""page"": 58, ""distance"": 0.9951859712600708}]",0.5,0.5,False,False,0.012644300004467368
EQ057,How does the CrowdStrike outage differ from the SolarWinds attack?,"CrowdStrike involved a faulty security update and human error, while SolarWinds involved malicious actors targeting widely used support software.",GAO-24-107733,PDF p. 1,1,"[{""evaluation_document"": ""GAO-24-107733"", ""indexed_document"": ""gao-24-107733.pdf"", ""expected_pages"": [1]}]","[{""rank"": 1, ""document"": ""gao-24-107733.pdf"", ""page"": 1, ""distance"": 0.974291205406189}]",1.0,1.0,True,True,0.011220299988053739
EQ057,How does the CrowdStrike outage differ from the SolarWinds attack?,"CrowdStrike involved a faulty security update and human error, while SolarWinds involved malicious actors targeting widely used support software.",GAO-24-107733,PDF p. 1,2,"[{""evaluation_document"": ""GAO-24-107733"", ""indexed_document"": ""gao-24-107733.pdf"", ""expected_pages"": [1]}]","[{""rank"": 1, ""document"": ""gao-24-107733.pdf"", ""page"": 1, ""distance"": 0.974291205406189}, {""rank"": 2, ""document"": ""d24106576.pdf"", ""page"": 65, ""distance"": 1.404116153717041}]",1.0,1.0,True,True,0.010784799989778548
EQ057,How does the CrowdStrike outage differ from the SolarWinds attack?,"CrowdStrike involved a faulty security update and human error, while SolarWinds involved malicious actors targeting widely used support software.",GAO-24-107733,PDF p. 1,3,"[{""evaluation_document"": ""GAO-24-107733"", ""indexed_document"": ""gao-24-107733.pdf"", ""expected_pages"": [1]}]","[{""rank"": 1, ""document"": ""gao-24-107733.pdf"", ""page"": 1, ""distance"": 0.974291205406189}, {""rank"": 2, ""document"": ""d24106576.pdf"", ""page"": 65, ""distance"": 1.404116153717041}, {""rank"": 3, ""document"": ""gao-24-107231.pdf"", ""page"": 58, ""distance"": 1.4082624912261963}]",1.0,1.0,True,True,0.013135000015608966
EQ057,How does the CrowdStrike outage differ from the SolarWinds attack?,"CrowdStrike involved a faulty security update and human error, while SolarWinds involved malicious actors targeting widely used support software.",GAO-24-107733,PDF p. 1,4,"[{""evaluation_document"": ""GAO-24-107733"", ""indexed_document"": ""gao-24-107733.pdf"", ""expected_pages"": [1]}]","[{""rank"": 1, ""document"": ""gao-24-107733.pdf"", ""page"": 1, ""distance"": 0.974291205406189}, {""rank"": 2, ""document"": ""d24106576.pdf"", ""page"": 65, ""distance"": 1.404116153717041}, {""rank"": 3, ""document"": ""gao-24-107231.pdf"", ""page"": 58, ""distance"": 1.4082624912261963}, {""rank"": 4, ""document"": ""d24105658.pdf"", ""page"": 54, ""distance"": 1.4344075918197632}]",1.0,1.0,True,True,0.011644600017461926
EQ057,How does the CrowdStrike outage differ from the SolarWinds attack?,"CrowdStrike involved a faulty security update and human error, while SolarWinds involved malicious actors targeting widely used support software.",GAO-24-107733,PDF p. 1,5,"[{""evaluation_document"": ""GAO-24-107733"", ""indexed_document"": ""gao-24-107733.pdf"", ""expected_pages"": [1]}]","[{""rank"": 1, ""document"": ""gao-24-107733.pdf"", ""page"": 1, ""distance"": 0.974291205406189}, {""rank"": 2, ""document"": ""d24106576.pdf"", ""page"": 65, ""distance"": 1.404116153717041}, {""rank"": 3, ""document"": ""gao-24-107231.pdf"", ""page"": 58, ""distance"": 1.4082624912261963}, {""rank"": 4, ""document"": ""d24105658.pdf"", ""page"": 54, ""distance"": 1.4344075918197632}, {""rank"": 5, ""document"": ""gao-24-107231.pdf"", ""page"": 59, ""distance"": 1.4733246564865112}]",1.0,1.0,True,True,0.011237300001084805
EQ057,How does the CrowdStrike outage differ from the SolarWinds attack?,"CrowdStrike involved a faulty security update and human error, while SolarWinds involved malicious actors targeting widely used support software.",GAO-24-107733,PDF p. 1,6,"[{""evaluation_document"": ""GAO-24-107733"", ""indexed_document"": ""gao-24-107733.pdf"", ""expected_pages"": [1]}]","[{""rank"": 1, ""document"": ""gao-24-107733.pdf"", ""page"": 1, ""distance"": 0.974291205406189}, {""rank"": 2, ""document"": ""d24106576.pdf"", ""page"": 65, ""distance"": 1.404116153717041}, {""rank"": 3, ""document"": ""gao-24-107231.pdf"", ""page"": 58, ""distance"": 1.4082624912261963}, {""rank"": 4, ""document"": ""d24105658.pdf"", ""page"": 54, ""distance"": 1.4344075918197632}, {""rank"": 5, ""document"": ""gao-24-107231.pdf"", ""page"": 59, ""distance"": 1.4733246564865112}, {""rank"": 6, ""document"": ""d24106576.pdf"", ""page"": 20, ""distance"": 1.483237862586975}]",1.0,1.0,True,True,0.012505699996836483
EQ057,How does the CrowdStrike outage differ from the SolarWinds attack?,"CrowdStrike involved a faulty security update and human error, while SolarWinds involved malicious actors targeting widely used support software.",GAO-24-107733,PDF p. 1,7,"[{""evaluation_document"": ""GAO-24-107733"", ""indexed_document"": ""gao-24-107733.pdf"", ""expected_pages"": [1]}]","[{""rank"": 1, ""document"": ""gao-24-107733.pdf"", ""page"": 1, ""distance"": 0.974291205406189}, {""rank"": 2, ""document"": ""d24106576.pdf"", ""page"": 65, ""distance"": 1.404116153717041}, {""rank"": 3, ""document"": ""gao-24-107231.pdf"", ""page"": 58, ""distance"": 1.4082624912261963}, {""rank"": 4, ""document"": ""d24105658.pdf"", ""page"": 54, ""distance"": 1.4344075918197632}, {""rank"": 5, ""document"": ""gao-24-107231.pdf"", ""page"": 59, ""distance"": 1.4733246564865112}, {""rank"": 6, ""document"": ""d24106576.pdf"", ""page"": 20, ""distance"": 1.483237862586975}, {""rank"": 7, ""document"": ""d24105658.pdf"", ""page"": 56, ""distance"": 1.4837511777877808}]",1.0,1.0,True,True,0.011695099994540215
EQ057,How does the CrowdStrike outage differ from the SolarWinds attack?,"CrowdStrike involved a faulty security update and human error, while SolarWinds involved malicious actors targeting widely used support software.",GAO-24-107733,PDF p. 1,8,"[{""evaluation_document"": ""GAO-24-107733"", ""indexed_document"": ""gao-24-107733.pdf"", ""expected_pages"": [1]}]","[{""rank"": 1, ""document"": ""gao-24-107733.pdf"", ""page"": 1, ""distance"": 0.974291205406189}, {""rank"": 2, ""document"": ""d24106576.pdf"", ""page"": 65, ""distance"": 1.404116153717041}, {""rank"": 3, ""document"": ""gao-24-107231.pdf"", ""page"": 58, ""distance"": 1.4082624912261963}, {""rank"": 4, ""document"": ""d24105658.pdf"", ""page"": 54, ""distance"": 1.4344075918197632}, {""rank"": 5, ""document"": ""gao-24-107231.pdf"", ""page"": 59, ""distance"": 1.4733246564865112}, {""rank"": 6, ""document"": ""d24106576.pdf"", ""page"": 20, ""distance"": 1.483237862586975}, {""rank"": 7, ""document"": ""d24105658.pdf"", ""page"": 56, ""distance"": 1.4837511777877808}, {""rank"": 8, ""document"": ""d24105658.pdf"", ""page"": 3, ""distance"": 1.484551191329956}]",1.0,1.0,True,True,0.012063600006513298
EQ057,How does the CrowdStrike outage differ from the SolarWinds attack?,"CrowdStrike involved a faulty security update and human error, while SolarWinds involved malicious actors targeting widely used support software.",GAO-24-107733,PDF p. 1,9,"[{""evaluation_document"": ""GAO-24-107733"", ""indexed_document"": ""gao-24-107733.pdf"", ""expected_pages"": [1]}]","[{""rank"": 1, ""document"": ""gao-24-107733.pdf"", ""page"": 1, ""distance"": 0.974291205406189}, {""rank"": 2, ""document"": ""d24106576.pdf"", ""page"": 65, ""distance"": 1.404116153717041}, {""rank"": 3, ""document"": ""gao-24-107231.pdf"", ""page"": 58, ""distance"": 1.4082624912261963}, {""rank"": 4, ""document"": ""d24105658.pdf"", ""page"": 54, ""distance"": 1.4344075918197632}, {""rank"": 5, ""document"": ""gao-24-107231.pdf"", ""page"": 59, ""distance"": 1.4733246564865112}, {""rank"": 6, ""document"": ""d24106576.pdf"", ""page"": 20, ""distance"": 1.483237862586975}, {""rank"": 7, ""document"": ""d24105658.pdf"", ""page"": 56, ""distance"": 1.4837511777877808}, {""rank"": 8, ""document"": ""d24105658.pdf"", ""page"": 3, ""distance"": 1.484551191329956}, {""rank"": 9, ""document"": ""d24105658.pdf"", ""page"": 55, ""distance"": 1.4860111474990845}]",1.0,1.0,True,True,0.010366399947088212
EQ057,How does the CrowdStrike outage differ from the SolarWinds attack?,"CrowdStrike involved a faulty security update and human error, while SolarWinds involved malicious actors targeting widely used support software.",GAO-24-107733,PDF p. 1,10,"[{""evaluation_document"": ""GAO-24-107733"", ""indexed_document"": ""gao-24-107733.pdf"", ""expected_pages"": [1]}]","[{""rank"": 1, ""document"": ""gao-24-107733.pdf"", ""page"": 1, ""distance"": 0.974291205406189}, {""rank"": 2, ""document"": ""d24106576.pdf"", ""page"": 65, ""distance"": 1.404116153717041}, {""rank"": 3, ""document"": ""gao-24-107231.pdf"", ""page"": 58, ""distance"": 1.4082624912261963}, {""rank"": 4, ""document"": ""d24105658.pdf"", ""page"": 54, ""distance"": 1.4344075918197632}, {""rank"": 5, ""document"": ""gao-24-107231.pdf"", ""page"": 59, ""distance"": 1.4733246564865112}, {""rank"": 6, ""document"": ""d24106576.pdf"", ""page"": 20, ""distance"": 1.483237862586975}, {""rank"": 7, ""document"": ""d24105658.pdf"", ""page"": 56, ""distance"": 1.4837511777877808}, {""rank"": 8, ""document"": ""d24105658.pdf"", ""page"": 3, ""distance"": 1.484551191329956}, {""rank"": 9, ""document"": ""d24105658.pdf"", ""page"": 55, ""distance"": 1.4860111474990845}, {""rank"": 10, ""document"": ""d24105658.pdf"", ""page"": 69, ""distance"": 1.4903016090393066}]",1.0,1.0,True,True,0.013553400000091642
EQ058,"Compare the incident-response support roles of tools, services, and resources.",Tools include EDR; services include threat hunting and intelligence; resources include skilled staff and funding.,GAO-24-105658,PDF p. 2,1,"[{""evaluation_document"": ""GAO-24-105658"", ""indexed_document"": ""d24105658.pdf"", ""expected_pages"": [2]}]","[{""rank"": 1, ""document"": ""d24105658.pdf"", ""page"": 22, ""distance"": 0.7223271131515503}]",1.0,0.0,True,False,0.012821300013456494
EQ058,"Compare the incident-response support roles of tools, services, and resources.",Tools include EDR; services include threat hunting and intelligence; resources include skilled staff and funding.,GAO-24-105658,PDF p. 2,2,"[{""evaluation_document"": ""GAO-24-105658"", ""indexed_document"": ""d24105658.pdf"", ""expected_pages"": [2]}]","[{""rank"": 1, ""document"": ""d24105658.pdf"", ""page"": 22, ""distance"": 0.7223271131515503}, {""rank"": 2, ""document"": ""d24105658.pdf"", ""page"": 24, ""distance"": 0.8374836444854736}]",1.0,0.0,True,False,0.011797500017564744
EQ058,"Compare the incident-response support roles of tools, services, and resources.",Tools include EDR; services include threat hunting and intelligence; resources include skilled staff and funding.,GAO-24-105658,PDF p. 2,3,"[{""evaluation_document"": ""GAO-24-105658"", ""indexed_document"": ""d24105658.pdf"", ""expected_pages"": [2]}]","[{""rank"": 1, ""document"": ""d24105658.pdf"", ""page"": 22, ""distance"": 0.7223271131515503}, {""rank"": 2, ""document"": ""d24105658.pdf"", ""page"": 24, ""distance"": 0.8374836444854736}, {""rank"": 3, ""document"": ""d24105658.pdf"", ""page"": 15, ""distance"": 0.838982343673706}]",1.0,0.0,True,False,0.011504299996886402
EQ058,"Compare the incident-response support roles of tools, services, and resources.",Tools include EDR; services include threat hunting and intelligence; resources include skilled staff and funding.,GAO-24-105658,PDF p. 2,4,"[{""evaluation_document"": ""GAO-24-105658"", ""indexed_document"": ""d24105658.pdf"", ""expected_pages"": [2]}]","[{""rank"": 1, ""document"": ""d24105658.pdf"", ""page"": 22, ""distance"": 0.7223271131515503}, {""rank"": 2, ""document"": ""d24105658.pdf"", ""page"": 24, ""distance"": 0.8374836444854736}, {""rank"": 3, ""document"": ""d24105658.pdf"", ""page"": 15, ""distance"": 0.838982343673706}, {""rank"": 4, ""document"": ""d24105658.pdf"", ""page"": 3, ""distance"": 0.8391389846801758}]",1.0,0.0,True,False,0.011454100022092462
EQ058,"Compare the incident-response support roles of tools, services, and resources.",Tools include EDR; services include threat hunting and intelligence; resources include skilled staff and funding.,GAO-24-105658,PDF p. 2,5,"[{""evaluation_document"": ""GAO-24-105658"", ""indexed_document"": ""d24105658.pdf"", ""expected_pages"": [2]}]","[{""rank"": 1, ""document"": ""d24105658.pdf"", ""page"": 22, ""distance"": 0.7223271131515503}, {""rank"": 2, ""document"": ""d24105658.pdf"", ""page"": 24, ""distance"": 0.8374836444854736}, {""rank"": 3, ""document"": ""d24105658.pdf"", ""page"": 15, ""distance"": 0.838982343673706}, {""rank"": 4, ""document"": ""d24105658.pdf"", ""page"": 3, ""distance"": 0.8391389846801758}, {""rank"": 5, ""document"": ""d24105658.pdf"", ""page"": 18, ""distance"": 0.8395382165908813}]",1.0,0.0,True,False,0.011901199992280453
EQ058,"Compare the incident-response support roles of tools, services, and resources.",Tools include EDR; services include threat hunting and intelligence; resources include skilled staff and funding.,GAO-24-105658,PDF p. 2,6,"[{""evaluation_document"": ""GAO-24-105658"", ""indexed_document"": ""d24105658.pdf"", ""expected_pages"": [2]}]","[{""rank"": 1, ""document"": ""d24105658.pdf"", ""page"": 22, ""distance"": 0.7223271131515503}, {""rank"": 2, ""document"": ""d24105658.pdf"", ""page"": 24, ""distance"": 0.8374836444854736}, {""rank"": 3, ""document"": ""d24105658.pdf"", ""page"": 15, ""distance"": 0.838982343673706}, {""rank"": 4, ""document"": ""d24105658.pdf"", ""page"": 3, ""distance"": 0.8391389846801758}, {""rank"": 5, ""document"": ""d24105658.pdf"", ""page"": 18, ""distance"": 0.8395382165908813}, {""rank"": 6, ""document"": ""d24105658.pdf"", ""page"": 38, ""distance"": 0.8406407833099365}]",1.0,0.0,True,False,0.011497800005599856
EQ058,"Compare the incident-response support roles of tools, services, and resources.",Tools include EDR; services include threat hunting and intelligence; resources include skilled staff and funding.,GAO-24-105658,PDF p. 2,7,"[{""evaluation_document"": ""GAO-24-105658"", ""indexed_document"": ""d24105658.pdf"", ""expected_pages"": [2]}]","[{""rank"": 1, ""document"": ""d24105658.pdf"", ""page"": 22, ""distance"": 0.7223271131515503}, {""rank"": 2, ""document"": ""d24105658.pdf"", ""page"": 24, ""distance"": 0.8374836444854736}, {""rank"": 3, ""document"": ""d24105658.pdf"", ""page"": 15, ""distance"": 0.838982343673706}, {""rank"": 4, ""document"": ""d24105658.pdf"", ""page"": 3, ""distance"": 0.8391389846801758}, {""rank"": 5, ""document"": ""d24105658.pdf"", ""page"": 18, ""distance"": 0.8395382165908813}, {""rank"": 6, ""document"": ""d24105658.pdf"", ""page"": 38, ""distance"": 0.8406407833099365}, {""rank"": 7, ""document"": ""d24105658.pdf"", ""page"": 20, ""distance"": 0.8434771299362183}]",1.0,0.0,True,False,0.012350200035143644
EQ058,"Compare the incident-response support roles of tools, services, and resources.",Tools include EDR; services include threat hunting and intelligence; resources include skilled staff and funding.,GAO-24-105658,PDF p. 2,8,"[{""evaluation_document"": ""GAO-24-105658"", ""indexed_document"": ""d24105658.pdf"", ""expected_pages"": [2]}]","[{""rank"": 1, ""document"": ""d24105658.pdf"", ""page"": 22, ""distance"": 0.7223271131515503}, {""rank"": 2, ""document"": ""d24105658.pdf"", ""page"": 24, ""distance"": 0.8374836444854736}, {""rank"": 3, ""document"": ""d24105658.pdf"", ""page"": 15, ""distance"": 0.838982343673706}, {""rank"": 4, ""document"": ""d24105658.pdf"", ""page"": 3, ""distance"": 0.8391389846801758}, {""rank"": 5, ""document"": ""d24105658.pdf"", ""page"": 18, ""distance"": 0.8395382165908813}, {""rank"": 6, ""document"": ""d24105658.pdf"", ""page"": 38, ""distance"": 0.8406407833099365}, {""rank"": 7, ""document"": ""d24105658.pdf"", ""page"": 20, ""distance"": 0.8434771299362183}, {""rank"": 8, ""document"": ""d24105658.pdf"", ""page"": 47, ""distance"": 0.848005473613739}]",1.0,0.0,True,False,0.012802699988242239
EQ058,"Compare the incident-response support roles of tools, services, and resources.",Tools include EDR; services include threat hunting and intelligence; resources include skilled staff and funding.,GAO-24-105658,PDF p. 2,9,"[{""evaluation_document"": ""GAO-24-105658"", ""indexed_document"": ""d24105658.pdf"", ""expected_pages"": [2]}]","[{""rank"": 1, ""document"": ""d24105658.pdf"", ""page"": 22, ""distance"": 0.7223271131515503}, {""rank"": 2, ""document"": ""d24105658.pdf"", ""page"": 24, ""distance"": 0.8374836444854736}, {""rank"": 3, ""document"": ""d24105658.pdf"", ""page"": 15, ""distance"": 0.838982343673706}, {""rank"": 4, ""document"": ""d24105658.pdf"", ""page"": 3, ""distance"": 0.8391389846801758}, {""rank"": 5, ""document"": ""d24105658.pdf"", ""page"": 18, ""distance"": 0.8395382165908813}, {""rank"": 6, ""document"": ""d24105658.pdf"", ""page"": 38, ""distance"": 0.8406407833099365}, {""rank"": 7, ""document"": ""d24105658.pdf"", ""page"": 20, ""distance"": 0.8434771299362183}, {""rank"": 8, ""document"": ""d24105658.pdf"", ""page"": 47, ""distance"": 0.848005473613739}, {""rank"": 9, ""document"": ""d24105658.pdf"", ""page"": 25, ""distance"": 0.8684561848640442}]",1.0,0.0,True,False,0.01164250000147149
EQ058,"Compare the incident-response support roles of tools, services, and resources.",Tools include EDR; services include threat hunting and intelligence; resources include skilled staff and funding.,GAO-24-105658,PDF p. 2,10,"[{""evaluation_document"": ""GAO-24-105658"", ""indexed_document"": ""d24105658.pdf"", ""expected_pages"": [2]}]","[{""rank"": 1, ""document"": ""d24105658.pdf"", ""page"": 22, ""distance"": 0.7223271131515503}, {""rank"": 2, ""document"": ""d24105658.pdf"", ""page"": 24, ""distance"": 0.8374836444854736}, {""rank"": 3, ""document"": ""d24105658.pdf"", ""page"": 15, ""distance"": 0.838982343673706}, {""rank"": 4, ""document"": ""d24105658.pdf"", ""page"": 3, ""distance"": 0.8391389846801758}, {""rank"": 5, ""document"": ""d24105658.pdf"", ""page"": 18, ""distance"": 0.8395382165908813}, {""rank"": 6, ""document"": ""d24105658.pdf"", ""page"": 38, ""distance"": 0.8406407833099365}, {""rank"": 7, ""document"": ""d24105658.pdf"", ""page"": 20, ""distance"": 0.8434771299362183}, {""rank"": 8, ""document"": ""d24105658.pdf"", ""page"": 47, ""distance"": 0.848005473613739}, {""rank"": 9, ""document"": ""d24105658.pdf"", ""page"": 25, ""distance"": 0.8684561848640442}, {""rank"": 10, ""document"": ""d24105658.pdf"", ""page"": 9, ""distance"": 0.8821146488189697}]",1.0,0.0,True,False,0.011134200030937791
EQ059,Compare the two incomplete national-strategy characteristics identified by GAO.,"Outcome-oriented measures show results, while resource and cost estimates show the means required; both were only partially addressed.",GAO-24-106916,PDF p. 2,1,"[{""evaluation_document"": ""GAO-24-106916"", ""indexed_document"": ""d24106916.pdf"", ""expected_pages"": [2]}]","[{""rank"": 1, ""document"": ""d24106916.pdf"", ""page"": 34, ""distance"": 0.9217190742492676}]",1.0,0.0,True,False,0.012011399958282709
EQ059,Compare the two incomplete national-strategy characteristics identified by GAO.,"Outcome-oriented measures show results, while resource and cost estimates show the means required; both were only partially addressed.",GAO-24-106916,PDF p. 2,2,"[{""evaluation_document"": ""GAO-24-106916"", ""indexed_document"": ""d24106916.pdf"", ""expected_pages"": [2]}]","[{""rank"": 1, ""document"": ""d24106916.pdf"", ""page"": 34, ""distance"": 0.9217190742492676}, {""rank"": 2, ""document"": ""gao-26-900644.pdf"", ""page"": 99, ""distance"": 0.947245717048645}]",1.0,0.0,True,False,0.011091499996837229
EQ059,Compare the two incomplete national-strategy characteristics identified by GAO.,"Outcome-oriented measures show results, while resource and cost estimates show the means required; both were only partially addressed.",GAO-24-106916,PDF p. 2,3,"[{""evaluation_document"": ""GAO-24-106916"", ""indexed_document"": ""d24106916.pdf"", ""expected_pages"": [2]}]","[{""rank"": 1, ""document"": ""d24106916.pdf"", ""page"": 34, ""distance"": 0.9217190742492676}, {""rank"": 2, ""document"": ""gao-26-900644.pdf"", ""page"": 99, ""distance"": 0.947245717048645}, {""rank"": 3, ""document"": ""gao-26-900644.pdf"", ""page"": 84, ""distance"": 0.9777321219444275}]",1.0,0.0,True,False,0.011569300026167184
EQ059,Compare the two incomplete national-strategy characteristics identified by GAO.,"Outcome-oriented measures show results, while resource and cost estimates show the means required; both were only partially addressed.",GAO-24-106916,PDF p. 2,4,"[{""evaluation_document"": ""GAO-24-106916"", ""indexed_document"": ""d24106916.pdf"", ""expected_pages"": [2]}]","[{""rank"": 1, ""document"": ""d24106916.pdf"", ""page"": 34, ""distance"": 0.9217190742492676}, {""rank"": 2, ""document"": ""gao-26-900644.pdf"", ""page"": 99, ""distance"": 0.947245717048645}, {""rank"": 3, ""document"": ""gao-26-900644.pdf"", ""page"": 84, ""distance"": 0.9777321219444275}, {""rank"": 4, ""document"": ""d24106916.pdf"", ""page"": 17, ""distance"": 1.0082085132598877}]",1.0,0.0,True,False,0.009486999944783747
EQ059,Compare the two incomplete national-strategy characteristics identified by GAO.,"Outcome-oriented measures show results, while resource and cost estimates show the means required; both were only partially addressed.",GAO-24-106916,PDF p. 2,5,"[{""evaluation_document"": ""GAO-24-106916"", ""indexed_document"": ""d24106916.pdf"", ""expected_pages"": [2]}]","[{""rank"": 1, ""document"": ""d24106916.pdf"", ""page"": 34, ""distance"": 0.9217190742492676}, {""rank"": 2, ""document"": ""gao-26-900644.pdf"", ""page"": 99, ""distance"": 0.947245717048645}, {""rank"": 3, ""document"": ""gao-26-900644.pdf"", ""page"": 84, ""distance"": 0.9777321219444275}, {""rank"": 4, ""document"": ""d24106916.pdf"", ""page"": 17, ""distance"": 1.0082085132598877}, {""rank"": 5, ""document"": ""gao-26-900644.pdf"", ""page"": 28, ""distance"": 1.009943962097168}]",1.0,0.0,True,False,0.011385200021322817
EQ059,Compare the two incomplete national-strategy characteristics identified by GAO.,"Outcome-oriented measures show results, while resource and cost estimates show the means required; both were only partially addressed.",GAO-24-106916,PDF p. 2,6,"[{""evaluation_document"": ""GAO-24-106916"", ""indexed_document"": ""d24106916.pdf"", ""expected_pages"": [2]}]","[{""rank"": 1, ""document"": ""d24106916.pdf"", ""page"": 34, ""distance"": 0.9217190742492676}, {""rank"": 2, ""document"": ""gao-26-900644.pdf"", ""page"": 99, ""distance"": 0.947245717048645}, {""rank"": 3, ""document"": ""gao-26-900644.pdf"", ""page"": 84, ""distance"": 0.9777321219444275}, {""rank"": 4, ""document"": ""d24106916.pdf"", ""page"": 17, ""distance"": 1.0082085132598877}, {""rank"": 5, ""document"": ""gao-26-900644.pdf"", ""page"": 28, ""distance"": 1.009943962097168}, {""rank"": 6, ""document"": ""d24106916.pdf"", ""page"": 3, ""distance"": 1.022848129272461}]",1.0,0.0,True,False,0.011253400007262826
EQ059,Compare the two incomplete national-strategy characteristics identified by GAO.,"Outcome-oriented measures show results, while resource and cost estimates show the means required; both were only partially addressed.",GAO-24-106916,PDF p. 2,7,"[{""evaluation_document"": ""GAO-24-106916"", ""indexed_document"": ""d24106916.pdf"", ""expected_pages"": [2]}]","[{""rank"": 1, ""document"": ""d24106916.pdf"", ""page"": 34, ""distance"": 0.9217190742492676}, {""rank"": 2, ""document"": ""gao-26-900644.pdf"", ""page"": 99, ""distance"": 0.947245717048645}, {""rank"": 3, ""document"": ""gao-26-900644.pdf"", ""page"": 84, ""distance"": 0.9777321219444275}, {""rank"": 4, ""document"": ""d24106916.pdf"", ""page"": 17, ""distance"": 1.0082085132598877}, {""rank"": 5, ""document"": ""gao-26-900644.pdf"", ""page"": 28, ""distance"": 1.009943962097168}, {""rank"": 6, ""document"": ""d24106916.pdf"", ""page"": 3, ""distance"": 1.022848129272461}, {""rank"": 7, ""document"": ""gao-26-900644.pdf"", ""page"": 106, ""distance"": 1.0239222049713135}]",1.0,0.0,True,False,0.012520499993115664
EQ059,Compare the two incomplete national-strategy characteristics identified by GAO.,"Outcome-oriented measures show results, while resource and cost estimates show the means required; both were only partially addressed.",GAO-24-106916,PDF p. 2,8,"[{""evaluation_document"": ""GAO-24-106916"", ""indexed_document"": ""d24106916.pdf"", ""expected_pages"": [2]}]","[{""rank"": 1, ""document"": ""d24106916.pdf"", ""page"": 34, ""distance"": 0.9217190742492676}, {""rank"": 2, ""document"": ""gao-26-900644.pdf"", ""page"": 99, ""distance"": 0.947245717048645}, {""rank"": 3, ""document"": ""gao-26-900644.pdf"", ""page"": 84, ""distance"": 0.9777321219444275}, {""rank"": 4, ""document"": ""d24106916.pdf"", ""page"": 17, ""distance"": 1.0082085132598877}, {""rank"": 5, ""document"": ""gao-26-900644.pdf"", ""page"": 28, ""distance"": 1.009943962097168}, {""rank"": 6, ""document"": ""d24106916.pdf"", ""page"": 3, ""distance"": 1.022848129272461}, {""rank"": 7, ""document"": ""gao-26-900644.pdf"", ""page"": 106, ""distance"": 1.0239222049713135}, {""rank"": 8, ""document"": ""d24106916.pdf"", ""page"": 33, ""distance"": 1.0260627269744873}]",1.0,0.0,True,False,0.013016799988690764
EQ059,Compare the two incomplete national-strategy characteristics identified by GAO.,"Outcome-oriented measures show results, while resource and cost estimates show the means required; both were only partially addressed.",GAO-24-106916,PDF p. 2,9,"[{""evaluation_document"": ""GAO-24-106916"", ""indexed_document"": ""d24106916.pdf"", ""expected_pages"": [2]}]","[{""rank"": 1, ""document"": ""d24106916.pdf"", ""page"": 34, ""distance"": 0.9217190742492676}, {""rank"": 2, ""document"": ""gao-26-900644.pdf"", ""page"": 99, ""distance"": 0.947245717048645}, {""rank"": 3, ""document"": ""gao-26-900644.pdf"", ""page"": 84, ""distance"": 0.9777321219444275}, {""rank"": 4, ""document"": ""d24106916.pdf"", ""page"": 17, ""distance"": 1.0082085132598877}, {""rank"": 5, ""document"": ""gao-26-900644.pdf"", ""page"": 28, ""distance"": 1.009943962097168}, {""rank"": 6, ""document"": ""d24106916.pdf"", ""page"": 3, ""distance"": 1.022848129272461}, {""rank"": 7, ""document"": ""gao-26-900644.pdf"", ""page"": 106, ""distance"": 1.0239222049713135}, {""rank"": 8, ""document"": ""d24106916.pdf"", ""page"": 33, ""distance"": 1.0260627269744873}, {""rank"": 9, ""document"": ""d24106916.pdf"", ""page"": 23, ""distance"": 1.029029130935669}]",1.0,0.0,True,False,0.012245799996890128
EQ059,Compare the two incomplete national-strategy characteristics identified by GAO.,"Outcome-oriented measures show results, while resource and cost estimates show the means required; both were only partially addressed.",GAO-24-106916,PDF p. 2,10,"[{""evaluation_document"": ""GAO-24-106916"", ""indexed_document"": ""d24106916.pdf"", ""expected_pages"": [2]}]","[{""rank"": 1, ""document"": ""d24106916.pdf"", ""page"": 34, ""distance"": 0.9217190742492676}, {""rank"": 2, ""document"": ""gao-26-900644.pdf"", ""page"": 99, ""distance"": 0.947245717048645}, {""rank"": 3, ""document"": ""gao-26-900644.pdf"", ""page"": 84, ""distance"": 0.9777321219444275}, {""rank"": 4, ""document"": ""d24106916.pdf"", ""page"": 17, ""distance"": 1.0082085132598877}, {""rank"": 5, ""document"": ""gao-26-900644.pdf"", ""page"": 28, ""distance"": 1.009943962097168}, {""rank"": 6, ""document"": ""d24106916.pdf"", ""page"": 3, ""distance"": 1.022848129272461}, {""rank"": 7, ""document"": ""gao-26-900644.pdf"", ""page"": 106, ""distance"": 1.0239222049713135}, {""rank"": 8, ""document"": ""d24106916.pdf"", ""page"": 33, ""distance"": 1.0260627269744873}, {""rank"": 9, ""document"": ""d24106916.pdf"", ""page"": 23, ""distance"": 1.029029130935669}, {""rank"": 10, ""document"": ""gao-26-900644.pdf"", ""page"": 24, ""distance"": 1.0501387119293213}]",1.0,0.0,True,False,0.012160100042819977
EQ060,Compare the two main OT coordination challenges identified by selected agencies.,The challenges were ineffective information sharing with owners/operators and no CISA-PHMSA process for sharing cyber threat information.,GAO-24-106576,PDF p. 3,1,"[{""evaluation_document"": ""GAO-24-106576"", ""indexed_document"": ""d24106576.pdf"", ""expected_pages"": [3]}]","[{""rank"": 1, ""document"": ""d24106576.pdf"", ""page"": 40, ""distance"": 0.8641584515571594}]",1.0,0.0,True,False,0.01148839999223128
EQ060,Compare the two main OT coordination challenges identified by selected agencies.,The challenges were ineffective information sharing with owners/operators and no CISA-PHMSA process for sharing cyber threat information.,GAO-24-106576,PDF p. 3,2,"[{""evaluation_document"": ""GAO-24-106576"", ""indexed_document"": ""d24106576.pdf"", ""expected_pages"": [3]}]","[{""rank"": 1, ""document"": ""d24106576.pdf"", ""page"": 40, ""distance"": 0.8641584515571594}, {""rank"": 2, ""document"": ""d24106576.pdf"", ""page"": 3, ""distance"": 0.8683322668075562}]",1.0,1.0,True,True,0.009890299988910556
EQ060,Compare the two main OT coordination challenges identified by selected agencies.,The challenges were ineffective information sharing with owners/operators and no CISA-PHMSA process for sharing cyber threat information.,GAO-24-106576,PDF p. 3,3,"[{""evaluation_document"": ""GAO-24-106576"", ""indexed_document"": ""d24106576.pdf"", ""expected_pages"": [3]}]","[{""rank"": 1, ""document"": ""d24106576.pdf"", ""page"": 40, ""distance"": 0.8641584515571594}, {""rank"": 2, ""document"": ""d24106576.pdf"", ""page"": 3, ""distance"": 0.8683322668075562}, {""rank"": 3, ""document"": ""d24106576.pdf"", ""page"": 2, ""distance"": 0.8824041485786438}]",1.0,1.0,True,True,0.013213199970778078
EQ060,Compare the two main OT coordination challenges identified by selected agencies.,The challenges were ineffective information sharing with owners/operators and no CISA-PHMSA process for sharing cyber threat information.,GAO-24-106576,PDF p. 3,4,"[{""evaluation_document"": ""GAO-24-106576"", ""indexed_document"": ""d24106576.pdf"", ""expected_pages"": [3]}]","[{""rank"": 1, ""document"": ""d24106576.pdf"", ""page"": 40, ""distance"": 0.8641584515571594}, {""rank"": 2, ""document"": ""d24106576.pdf"", ""page"": 3, ""distance"": 0.8683322668075562}, {""rank"": 3, ""document"": ""d24106576.pdf"", ""page"": 2, ""distance"": 0.8824041485786438}, {""rank"": 4, ""document"": ""d24106576.pdf"", ""page"": 48, ""distance"": 0.8897022008895874}]",1.0,1.0,True,True,0.011471100035123527
EQ060,Compare the two main OT coordination challenges identified by selected agencies.,The challenges were ineffective information sharing with owners/operators and no CISA-PHMSA process for sharing cyber threat information.,GAO-24-106576,PDF p. 3,5,"[{""evaluation_document"": ""GAO-24-106576"", ""indexed_document"": ""d24106576.pdf"", ""expected_pages"": [3]}]","[{""rank"": 1, ""document"": ""d24106576.pdf"", ""page"": 40, ""distance"": 0.8641584515571594}, {""rank"": 2, ""document"": ""d24106576.pdf"", ""page"": 3, ""distance"": 0.8683322668075562}, {""rank"": 3, ""document"": ""d24106576.pdf"", ""page"": 2, ""distance"": 0.8824041485786438}, {""rank"": 4, ""document"": ""d24106576.pdf"", ""page"": 48, ""distance"": 0.8897022008895874}, {""rank"": 5, ""document"": ""d24106576.pdf"", ""page"": 43, ""distance"": 0.8984898328781128}]",1.0,1.0,True,True,0.015649799956008792
EQ060,Compare the two main OT coordination challenges identified by selected agencies.,The challenges were ineffective information sharing with owners/operators and no CISA-PHMSA process for sharing cyber threat information.,GAO-24-106576,PDF p. 3,6,"[{""evaluation_document"": ""GAO-24-106576"", ""indexed_document"": ""d24106576.pdf"", ""expected_pages"": [3]}]","[{""rank"": 1, ""document"": ""d24106576.pdf"", ""page"": 40, ""distance"": 0.8641584515571594}, {""rank"": 2, ""document"": ""d24106576.pdf"", ""page"": 3, ""distance"": 0.8683322668075562}, {""rank"": 3, ""document"": ""d24106576.pdf"", ""page"": 2, ""distance"": 0.8824041485786438}, {""rank"": 4, ""document"": ""d24106576.pdf"", ""page"": 48, ""distance"": 0.8897022008895874}, {""rank"": 5, ""document"": ""d24106576.pdf"", ""page"": 43, ""distance"": 0.8984898328781128}, {""rank"": 6, ""document"": ""d24106576.pdf"", ""page"": 34, ""distance"": 0.9166173934936523}]",1.0,1.0,True,True,0.012542599986772984
EQ060,Compare the two main OT coordination challenges identified by selected agencies.,The challenges were ineffective information sharing with owners/operators and no CISA-PHMSA process for sharing cyber threat information.,GAO-24-106576,PDF p. 3,7,"[{""evaluation_document"": ""GAO-24-106576"", ""indexed_document"": ""d24106576.pdf"", ""expected_pages"": [3]}]","[{""rank"": 1, ""document"": ""d24106576.pdf"", ""page"": 40, ""distance"": 0.8641584515571594}, {""rank"": 2, ""document"": ""d24106576.pdf"", ""page"": 3, ""distance"": 0.8683322668075562}, {""rank"": 3, ""document"": ""d24106576.pdf"", ""page"": 2, ""distance"": 0.8824041485786438}, {""rank"": 4, ""document"": ""d24106576.pdf"", ""page"": 48, ""distance"": 0.8897022008895874}, {""rank"": 5, ""document"": ""d24106576.pdf"", ""page"": 43, ""distance"": 0.8984898328781128}, {""rank"": 6, ""document"": ""d24106576.pdf"", ""page"": 34, ""distance"": 0.9166173934936523}, {""rank"": 7, ""document"": ""d24106576.pdf"", ""page"": 11, ""distance"": 0.9172675013542175}]",1.0,1.0,True,True,0.011081799981184304
EQ060,Compare the two main OT coordination challenges identified by selected agencies.,The challenges were ineffective information sharing with owners/operators and no CISA-PHMSA process for sharing cyber threat information.,GAO-24-106576,PDF p. 3,8,"[{""evaluation_document"": ""GAO-24-106576"", ""indexed_document"": ""d24106576.pdf"", ""expected_pages"": [3]}]","[{""rank"": 1, ""document"": ""d24106576.pdf"", ""page"": 40, ""distance"": 0.8641584515571594}, {""rank"": 2, ""document"": ""d24106576.pdf"", ""page"": 3, ""distance"": 0.8683322668075562}, {""rank"": 3, ""document"": ""d24106576.pdf"", ""page"": 2, ""distance"": 0.8824041485786438}, {""rank"": 4, ""document"": ""d24106576.pdf"", ""page"": 48, ""distance"": 0.8897022008895874}, {""rank"": 5, ""document"": ""d24106576.pdf"", ""page"": 43, ""distance"": 0.8984898328781128}, {""rank"": 6, ""document"": ""d24106576.pdf"", ""page"": 34, ""distance"": 0.9166173934936523}, {""rank"": 7, ""document"": ""d24106576.pdf"", ""page"": 11, ""distance"": 0.9172675013542175}, {""rank"": 8, ""document"": ""d24106576.pdf"", ""page"": 49, ""distance"": 0.9175859689712524}]",1.0,1.0,True,True,0.0112574000377208
EQ060,Compare the two main OT coordination challenges identified by selected agencies.,The challenges were ineffective information sharing with owners/operators and no CISA-PHMSA process for sharing cyber threat information.,GAO-24-106576,PDF p. 3,9,"[{""evaluation_document"": ""GAO-24-106576"", ""indexed_document"": ""d24106576.pdf"", ""expected_pages"": [3]}]","[{""rank"": 1, ""document"": ""d24106576.pdf"", ""page"": 40, ""distance"": 0.8641584515571594}, {""rank"": 2, ""document"": ""d24106576.pdf"", ""page"": 3, ""distance"": 0.8683322668075562}, {""rank"": 3, ""document"": ""d24106576.pdf"", ""page"": 2, ""distance"": 0.8824041485786438}, {""rank"": 4, ""document"": ""d24106576.pdf"", ""page"": 48, ""distance"": 0.8897022008895874}, {""rank"": 5, ""document"": ""d24106576.pdf"", ""page"": 43, ""distance"": 0.8984898328781128}, {""rank"": 6, ""document"": ""d24106576.pdf"", ""page"": 34, ""distance"": 0.9166173934936523}, {""rank"": 7, ""document"": ""d24106576.pdf"", ""page"": 11, ""distance"": 0.9172675013542175}, {""rank"": 8, ""document"": ""d24106576.pdf"", ""page"": 49, ""distance"": 0.9175859689712524}, {""rank"": 9, ""document"": ""gao-24-107231.pdf"", ""page"": 57, ""distance"": 0.9341288805007935}]",1.0,1.0,True,True,0.011666200007312
EQ060,Compare the two main OT coordination challenges identified by selected agencies.,The challenges were ineffective information sharing with owners/operators and no CISA-PHMSA process for sharing cyber threat information.,GAO-24-106576,PDF p. 3,10,"[{""evaluation_document"": ""GAO-24-106576"", ""indexed_document"": ""d24106576.pdf"", ""expected_pages"": [3]}]","[{""rank"": 1, ""document"": ""d24106576.pdf"", ""page"": 40, ""distance"": 0.8641584515571594}, {""rank"": 2, ""document"": ""d24106576.pdf"", ""page"": 3, ""distance"": 0.8683322668075562}, {""rank"": 3, ""document"": ""d24106576.pdf"", ""page"": 2, ""distance"": 0.8824041485786438}, {""rank"": 4, ""document"": ""d24106576.pdf"", ""page"": 48, ""distance"": 0.8897022008895874}, {""rank"": 5, ""document"": ""d24106576.pdf"", ""page"": 43, ""distance"": 0.8984898328781128}, {""rank"": 6, ""document"": ""d24106576.pdf"", ""page"": 34, ""distance"": 0.9166173934936523}, {""rank"": 7, ""document"": ""d24106576.pdf"", ""page"": 11, ""distance"": 0.9172675013542175}, {""rank"": 8, ""document"": ""d24106576.pdf"", ""page"": 49, ""distance"": 0.9175859689712524}, {""rank"": 9, ""document"": ""gao-24-107231.pdf"", ""page"": 57, ""distance"": 0.9341288805007935}, {""rank"": 10, ""document"": ""d24106576.pdf"", ""page"": 58, ""distance"": 0.9594457745552063}]",1.0,1.0,True,True,0.011120499984826893
EQ061,Compare the operational impacts of a K-12 cyberattack on learning and recovery.,"Learning loss was reported as 3 days to 3 weeks, while recovery time was reported as 2 to 9 months.",GAO-23-105480,PDF p. 2,1,"[{""evaluation_document"": ""GAO-23-105480"", ""indexed_document"": ""gao-23-105480.pdf"", ""expected_pages"": [2]}]","[{""rank"": 1, ""document"": ""gao-23-105480.pdf"", ""page"": 2, ""distance"": 0.7377728223800659}]",1.0,1.0,True,True,0.010624000045936555
EQ061,Compare the operational impacts of a K-12 cyberattack on learning and recovery.,"Learning loss was reported as 3 days to 3 weeks, while recovery time was reported as 2 to 9 months.",GAO-23-105480,PDF p. 2,2,"[{""evaluation_document"": ""GAO-23-105480"", ""indexed_document"": ""gao-23-105480.pdf"", ""expected_pages"": [2]}]","[{""rank"": 1, ""document"": ""gao-23-105480.pdf"", ""page"": 2, ""distance"": 0.7377728223800659}, {""rank"": 2, ""document"": ""gao-23-105480.pdf"", ""page"": 2, ""distance"": 0.7821371555328369}]",1.0,1.0,True,True,0.011925700004212558
EQ061,Compare the operational impacts of a K-12 cyberattack on learning and recovery.,"Learning loss was reported as 3 days to 3 weeks, while recovery time was reported as 2 to 9 months.",GAO-23-105480,PDF p. 2,3,"[{""evaluation_document"": ""GAO-23-105480"", ""indexed_document"": ""gao-23-105480.pdf"", ""expected_pages"": [2]}]","[{""rank"": 1, ""document"": ""gao-23-105480.pdf"", ""page"": 2, ""distance"": 0.7377728223800659}, {""rank"": 2, ""document"": ""gao-23-105480.pdf"", ""page"": 2, ""distance"": 0.7821371555328369}, {""rank"": 3, ""document"": ""gao-23-105480.pdf"", ""page"": 6, ""distance"": 0.8285791277885437}]",1.0,1.0,True,True,0.01146480004535988
EQ061,Compare the operational impacts of a K-12 cyberattack on learning and recovery.,"Learning loss was reported as 3 days to 3 weeks, while recovery time was reported as 2 to 9 months.",GAO-23-105480,PDF p. 2,4,"[{""evaluation_document"": ""GAO-23-105480"", ""indexed_document"": ""gao-23-105480.pdf"", ""expected_pages"": [2]}]","[{""rank"": 1, ""document"": ""gao-23-105480.pdf"", ""page"": 2, ""distance"": 0.7377728223800659}, {""rank"": 2, ""document"": ""gao-23-105480.pdf"", ""page"": 2, ""distance"": 0.7821371555328369}, {""rank"": 3, ""document"": ""gao-23-105480.pdf"", ""page"": 6, ""distance"": 0.8285791277885437}, {""rank"": 4, ""document"": ""gao-23-105480.pdf"", ""page"": 16, ""distance"": 0.8414300680160522}]",1.0,1.0,True,True,0.013188700017053634
EQ061,Compare the operational impacts of a K-12 cyberattack on learning and recovery.,"Learning loss was reported as 3 days to 3 weeks, while recovery time was reported as 2 to 9 months.",GAO-23-105480,PDF p. 2,5,"[{""evaluation_document"": ""GAO-23-105480"", ""indexed_document"": ""gao-23-105480.pdf"", ""expected_pages"": [2]}]","[{""rank"": 1, ""document"": ""gao-23-105480.pdf"", ""page"": 2, ""distance"": 0.7377728223800659}, {""rank"": 2, ""document"": ""gao-23-105480.pdf"", ""page"": 2, ""distance"": 0.7821371555328369}, {""rank"": 3, ""document"": ""gao-23-105480.pdf"", ""page"": 6, ""distance"": 0.8285791277885437}, {""rank"": 4, ""document"": ""gao-23-105480.pdf"", ""page"": 16, ""distance"": 0.8414300680160522}, {""rank"": 5, ""document"": ""gao-23-105480.pdf"", ""page"": 7, ""distance"": 0.8581271171569824}]",1.0,1.0,True,True,0.012384100002236664
EQ061,Compare the operational impacts of a K-12 cyberattack on learning and recovery.,"Learning loss was reported as 3 days to 3 weeks, while recovery time was reported as 2 to 9 months.",GAO-23-105480,PDF p. 2,6,"[{""evaluation_document"": ""GAO-23-105480"", ""indexed_document"": ""gao-23-105480.pdf"", ""expected_pages"": [2]}]","[{""rank"": 1, ""document"": ""gao-23-105480.pdf"", ""page"": 2, ""distance"": 0.7377728223800659}, {""rank"": 2, ""document"": ""gao-23-105480.pdf"", ""page"": 2, ""distance"": 0.7821371555328369}, {""rank"": 3, ""document"": ""gao-23-105480.pdf"", ""page"": 6, ""distance"": 0.8285791277885437}, {""rank"": 4, ""document"": ""gao-23-105480.pdf"", ""page"": 16, ""distance"": 0.8414300680160522}, {""rank"": 5, ""document"": ""gao-23-105480.pdf"", ""page"": 7, ""distance"": 0.8581271171569824}, {""rank"": 6, ""document"": ""gao-23-105480.pdf"", ""page"": 4, ""distance"": 0.8695945143699646}]",1.0,1.0,True,True,0.011757300002500415
EQ061,Compare the operational impacts of a K-12 cyberattack on learning and recovery.,"Learning loss was reported as 3 days to 3 weeks, while recovery time was reported as 2 to 9 months.",GAO-23-105480,PDF p. 2,7,"[{""evaluation_document"": ""GAO-23-105480"", ""indexed_document"": ""gao-23-105480.pdf"", ""expected_pages"": [2]}]","[{""rank"": 1, ""document"": ""gao-23-105480.pdf"", ""page"": 2, ""distance"": 0.7377728223800659}, {""rank"": 2, ""document"": ""gao-23-105480.pdf"", ""page"": 2, ""distance"": 0.7821371555328369}, {""rank"": 3, ""document"": ""gao-23-105480.pdf"", ""page"": 6, ""distance"": 0.8285791277885437}, {""rank"": 4, ""document"": ""gao-23-105480.pdf"", ""page"": 16, ""distance"": 0.8414300680160522}, {""rank"": 5, ""document"": ""gao-23-105480.pdf"", ""page"": 7, ""distance"": 0.8581271171569824}, {""rank"": 6, ""document"": ""gao-23-105480.pdf"", ""page"": 4, ""distance"": 0.8695945143699646}, {""rank"": 7, ""document"": ""gao-23-105480.pdf"", ""page"": 10, ""distance"": 0.8746877908706665}]",1.0,1.0,True,True,0.012018400011584163
EQ061,Compare the operational impacts of a K-12 cyberattack on learning and recovery.,"Learning loss was reported as 3 days to 3 weeks, while recovery time was reported as 2 to 9 months.",GAO-23-105480,PDF p. 2,8,"[{""evaluation_document"": ""GAO-23-105480"", ""indexed_document"": ""gao-23-105480.pdf"", ""expected_pages"": [2]}]","[{""rank"": 1, ""document"": ""gao-23-105480.pdf"", ""page"": 2, ""distance"": 0.7377728223800659}, {""rank"": 2, ""document"": ""gao-23-105480.pdf"", ""page"": 2, ""distance"": 0.7821371555328369}, {""rank"": 3, ""document"": ""gao-23-105480.pdf"", ""page"": 6, ""distance"": 0.8285791277885437}, {""rank"": 4, ""document"": ""gao-23-105480.pdf"", ""page"": 16, ""distance"": 0.8414300680160522}, {""rank"": 5, ""document"": ""gao-23-105480.pdf"", ""page"": 7, ""distance"": 0.8581271171569824}, {""rank"": 6, ""document"": ""gao-23-105480.pdf"", ""page"": 4, ""distance"": 0.8695945143699646}, {""rank"": 7, ""document"": ""gao-23-105480.pdf"", ""page"": 10, ""distance"": 0.8746877908706665}, {""rank"": 8, ""document"": ""gao-23-105480.pdf"", ""page"": 13, ""distance"": 0.8878318071365356}]",1.0,1.0,True,True,0.01188389997696504
EQ061,Compare the operational impacts of a K-12 cyberattack on learning and recovery.,"Learning loss was reported as 3 days to 3 weeks, while recovery time was reported as 2 to 9 months.",GAO-23-105480,PDF p. 2,9,"[{""evaluation_document"": ""GAO-23-105480"", ""indexed_document"": ""gao-23-105480.pdf"", ""expected_pages"": [2]}]","[{""rank"": 1, ""document"": ""gao-23-105480.pdf"", ""page"": 2, ""distance"": 0.7377728223800659}, {""rank"": 2, ""document"": ""gao-23-105480.pdf"", ""page"": 2, ""distance"": 0.7821371555328369}, {""rank"": 3, ""document"": ""gao-23-105480.pdf"", ""page"": 6, ""distance"": 0.8285791277885437}, {""rank"": 4, ""document"": ""gao-23-105480.pdf"", ""page"": 16, ""distance"": 0.8414300680160522}, {""rank"": 5, ""document"": ""gao-23-105480.pdf"", ""page"": 7, ""distance"": 0.8581271171569824}, {""rank"": 6, ""document"": ""gao-23-105480.pdf"", ""page"": 4, ""distance"": 0.8695945143699646}, {""rank"": 7, ""document"": ""gao-23-105480.pdf"", ""page"": 10, ""distance"": 0.8746877908706665}, {""rank"": 8, ""document"": ""gao-23-105480.pdf"", ""page"": 13, ""distance"": 0.8878318071365356}, {""rank"": 9, ""document"": ""gao-23-105480.pdf"", ""page"": 31, ""distance"": 0.8883296251296997}]",1.0,1.0,True,True,0.012080700020305812
EQ061,Compare the operational impacts of a K-12 cyberattack on learning and recovery.,"Learning loss was reported as 3 days to 3 weeks, while recovery time was reported as 2 to 9 months.",GAO-23-105480,PDF p. 2,10,"[{""evaluation_document"": ""GAO-23-105480"", ""indexed_document"": ""gao-23-105480.pdf"", ""expected_pages"": [2]}]","[{""rank"": 1, ""document"": ""gao-23-105480.pdf"", ""page"": 2, ""distance"": 0.7377728223800659}, {""rank"": 2, ""document"": ""gao-23-105480.pdf"", ""page"": 2, ""distance"": 0.7821371555328369}, {""rank"": 3, ""document"": ""gao-23-105480.pdf"", ""page"": 6, ""distance"": 0.8285791277885437}, {""rank"": 4, ""document"": ""gao-23-105480.pdf"", ""page"": 16, ""distance"": 0.8414300680160522}, {""rank"": 5, ""document"": ""gao-23-105480.pdf"", ""page"": 7, ""distance"": 0.8581271171569824}, {""rank"": 6, ""document"": ""gao-23-105480.pdf"", ""page"": 4, ""distance"": 0.8695945143699646}, {""rank"": 7, ""document"": ""gao-23-105480.pdf"", ""page"": 10, ""distance"": 0.8746877908706665}, {""rank"": 8, ""document"": ""gao-23-105480.pdf"", ""page"": 13, ""distance"": 0.8878318071365356}, {""rank"": 9, ""document"": ""gao-23-105480.pdf"", ""page"": 31, ""distance"": 0.8883296251296997}, {""rank"": 10, ""document"": ""gao-23-105480.pdf"", ""page"": 37, ""distance"": 0.9007053375244141}]",1.0,1.0,True,True,0.012241699965670705
EQ062,How do the cybersecurity findings for NIH and federal agencies generally compare?,"Both identify gaps across core security activities; NIH had specific program and system-control deficiencies, while federal agencies broadly needed stronger risk-based programs, configuration, patching, and testing.",GAO-22-104467; GAO-16-885T,"PDF pp. 1, 2",1,"[{""evaluation_document"": ""GAO-22-104467"", ""indexed_document"": ""gao-22-104467-highlights.pdf"", ""expected_pages"": [1, 2]}, {""evaluation_document"": ""GAO-16-885T"", ""indexed_document"": ""gao-16-885t.pdf"", ""expected_pages"": [1, 2]}]","[{""rank"": 1, ""document"": ""gao-22-104467-highlights.pdf"", ""page"": 1, ""distance"": 0.7253390550613403}]",0.5,0.5,False,False,0.01274320000084117
EQ062,How do the cybersecurity findings for NIH and federal agencies generally compare?,"Both identify gaps across core security activities; NIH had specific program and system-control deficiencies, while federal agencies broadly needed stronger risk-based programs, configuration, patching, and testing.",GAO-22-104467; GAO-16-885T,"PDF pp. 1, 2",2,"[{""evaluation_document"": ""GAO-22-104467"", ""indexed_document"": ""gao-22-104467-highlights.pdf"", ""expected_pages"": [1, 2]}, {""evaluation_document"": ""GAO-16-885T"", ""indexed_document"": ""gao-16-885t.pdf"", ""expected_pages"": [1, 2]}]","[{""rank"": 1, ""document"": ""gao-22-104467-highlights.pdf"", ""page"": 1, ""distance"": 0.7253390550613403}, {""rank"": 2, ""document"": ""d24105658.pdf"", ""page"": 49, ""distance"": 0.7594631910324097}]",0.5,0.5,False,False,0.011712799954693764
EQ062,How do the cybersecurity findings for NIH and federal agencies generally compare?,"Both identify gaps across core security activities; NIH had specific program and system-control deficiencies, while federal agencies broadly needed stronger risk-based programs, configuration, patching, and testing.",GAO-22-104467; GAO-16-885T,"PDF pp. 1, 2",3,"[{""evaluation_document"": ""GAO-22-104467"", ""indexed_document"": ""gao-22-104467-highlights.pdf"", ""expected_pages"": [1, 2]}, {""evaluation_document"": ""GAO-16-885T"", ""indexed_document"": ""gao-16-885t.pdf"", ""expected_pages"": [1, 2]}]","[{""rank"": 1, ""document"": ""gao-22-104467-highlights.pdf"", ""page"": 1, ""distance"": 0.7253390550613403}, {""rank"": 2, ""document"": ""d24105658.pdf"", ""page"": 49, ""distance"": 0.7594631910324097}, {""rank"": 3, ""document"": ""gao-16-885t.pdf"", ""page"": 13, ""distance"": 0.7668013572692871}]",1.0,0.5,True,False,0.011182899994309992
EQ062,How do the cybersecurity findings for NIH and federal agencies generally compare?,"Both identify gaps across core security activities; NIH had specific program and system-control deficiencies, while federal agencies broadly needed stronger risk-based programs, configuration, patching, and testing.",GAO-22-104467; GAO-16-885T,"PDF pp. 1, 2",4,"[{""evaluation_document"": ""GAO-22-104467"", ""indexed_document"": ""gao-22-104467-highlights.pdf"", ""expected_pages"": [1, 2]}, {""evaluation_document"": ""GAO-16-885T"", ""indexed_document"": ""gao-16-885t.pdf"", ""expected_pages"": [1, 2]}]","[{""rank"": 1, ""document"": ""gao-22-104467-highlights.pdf"", ""page"": 1, ""distance"": 0.7253390550613403}, {""rank"": 2, ""document"": ""d24105658.pdf"", ""page"": 49, ""distance"": 0.7594631910324097}, {""rank"": 3, ""document"": ""gao-16-885t.pdf"", ""page"": 13, ""distance"": 0.7668013572692871}, {""rank"": 4, ""document"": ""d24105658.pdf"", ""page"": 27, ""distance"": 0.7734776139259338}]",1.0,0.5,True,False,0.011901399993803352
EQ062,How do the cybersecurity findings for NIH and federal agencies generally compare?,"Both identify gaps across core security activities; NIH had specific program and system-control deficiencies, while federal agencies broadly needed stronger risk-based programs, configuration, patching, and testing.",GAO-22-104467; GAO-16-885T,"PDF pp. 1, 2",5,"[{""evaluation_document"": ""GAO-22-104467"", ""indexed_document"": ""gao-22-104467-highlights.pdf"", ""expected_pages"": [1, 2]}, {""evaluation_document"": ""GAO-16-885T"", ""indexed_document"": ""gao-16-885t.pdf"", ""expected_pages"": [1, 2]}]","[{""rank"": 1, ""document"": ""gao-22-104467-highlights.pdf"", ""page"": 1, ""distance"": 0.7253390550613403}, {""rank"": 2, ""document"": ""d24105658.pdf"", ""page"": 49, ""distance"": 0.7594631910324097}, {""rank"": 3, ""document"": ""gao-16-885t.pdf"", ""page"": 13, ""distance"": 0.7668013572692871}, {""rank"": 4, ""document"": ""d24105658.pdf"", ""page"": 27, ""distance"": 0.7734776139259338}, {""rank"": 5, ""document"": ""d24105658.pdf"", ""page"": 8, ""distance"": 0.7915225028991699}]",1.0,0.5,True,False,0.013545299996621907
EQ062,How do the cybersecurity findings for NIH and federal agencies generally compare?,"Both identify gaps across core security activities; NIH had specific program and system-control deficiencies, while federal agencies broadly needed stronger risk-based programs, configuration, patching, and testing.",GAO-22-104467; GAO-16-885T,"PDF pp. 1, 2",6,"[{""evaluation_document"": ""GAO-22-104467"", ""indexed_document"": ""gao-22-104467-highlights.pdf"", ""expected_pages"": [1, 2]}, {""evaluation_document"": ""GAO-16-885T"", ""indexed_document"": ""gao-16-885t.pdf"", ""expected_pages"": [1, 2]}]","[{""rank"": 1, ""document"": ""gao-22-104467-highlights.pdf"", ""page"": 1, ""distance"": 0.7253390550613403}, {""rank"": 2, ""document"": ""d24105658.pdf"", ""page"": 49, ""distance"": 0.7594631910324097}, {""rank"": 3, ""document"": ""gao-16-885t.pdf"", ""page"": 13, ""distance"": 0.7668013572692871}, {""rank"": 4, ""document"": ""d24105658.pdf"", ""page"": 27, ""distance"": 0.7734776139259338}, {""rank"": 5, ""document"": ""d24105658.pdf"", ""page"": 8, ""distance"": 0.7915225028991699}, {""rank"": 6, ""document"": ""d24105658.pdf"", ""page"": 17, ""distance"": 0.7986973524093628}]",1.0,0.5,True,False,0.013408799946773797
EQ062,How do the cybersecurity findings for NIH and federal agencies generally compare?,"Both identify gaps across core security activities; NIH had specific program and system-control deficiencies, while federal agencies broadly needed stronger risk-based programs, configuration, patching, and testing.",GAO-22-104467; GAO-16-885T,"PDF pp. 1, 2",7,"[{""evaluation_document"": ""GAO-22-104467"", ""indexed_document"": ""gao-22-104467-highlights.pdf"", ""expected_pages"": [1, 2]}, {""evaluation_document"": ""GAO-16-885T"", ""indexed_document"": ""gao-16-885t.pdf"", ""expected_pages"": [1, 2]}]","[{""rank"": 1, ""document"": ""gao-22-104467-highlights.pdf"", ""page"": 1, ""distance"": 0.7253390550613403}, {""rank"": 2, ""document"": ""d24105658.pdf"", ""page"": 49, ""distance"": 0.7594631910324097}, {""rank"": 3, ""document"": ""gao-16-885t.pdf"", ""page"": 13, ""distance"": 0.7668013572692871}, {""rank"": 4, ""document"": ""d24105658.pdf"", ""page"": 27, ""distance"": 0.7734776139259338}, {""rank"": 5, ""document"": ""d24105658.pdf"", ""page"": 8, ""distance"": 0.7915225028991699}, {""rank"": 6, ""document"": ""d24105658.pdf"", ""page"": 17, ""distance"": 0.7986973524093628}, {""rank"": 7, ""document"": ""gao-24-107231.pdf"", ""page"": 34, ""distance"": 0.8036640882492065}]",1.0,0.5,True,False,0.012333699967712164
EQ062,How do the cybersecurity findings for NIH and federal agencies generally compare?,"Both identify gaps across core security activities; NIH had specific program and system-control deficiencies, while federal agencies broadly needed stronger risk-based programs, configuration, patching, and testing.",GAO-22-104467; GAO-16-885T,"PDF pp. 1, 2",8,"[{""evaluation_document"": ""GAO-22-104467"", ""indexed_document"": ""gao-22-104467-highlights.pdf"", ""expected_pages"": [1, 2]}, {""evaluation_document"": ""GAO-16-885T"", ""indexed_document"": ""gao-16-885t.pdf"", ""expected_pages"": [1, 2]}]","[{""rank"": 1, ""document"": ""gao-22-104467-highlights.pdf"", ""page"": 1, ""distance"": 0.7253390550613403}, {""rank"": 2, ""document"": ""d24105658.pdf"", ""page"": 49, ""distance"": 0.7594631910324097}, {""rank"": 3, ""document"": ""gao-16-885t.pdf"", ""page"": 13, ""distance"": 0.7668013572692871}, {""rank"": 4, ""document"": ""d24105658.pdf"", ""page"": 27, ""distance"": 0.7734776139259338}, {""rank"": 5, ""document"": ""d24105658.pdf"", ""page"": 8, ""distance"": 0.7915225028991699}, {""rank"": 6, ""document"": ""d24105658.pdf"", ""page"": 17, ""distance"": 0.7986973524093628}, {""rank"": 7, ""document"": ""gao-24-107231.pdf"", ""page"": 34, ""distance"": 0.8036640882492065}, {""rank"": 8, ""document"": ""d24105658.pdf"", ""page"": 45, ""distance"": 0.8087524175643921}]",1.0,0.5,True,False,0.011451600003056228
EQ062,How do the cybersecurity findings for NIH and federal agencies generally compare?,"Both identify gaps across core security activities; NIH had specific program and system-control deficiencies, while federal agencies broadly needed stronger risk-based programs, configuration, patching, and testing.",GAO-22-104467; GAO-16-885T,"PDF pp. 1, 2",9,"[{""evaluation_document"": ""GAO-22-104467"", ""indexed_document"": ""gao-22-104467-highlights.pdf"", ""expected_pages"": [1, 2]}, {""evaluation_document"": ""GAO-16-885T"", ""indexed_document"": ""gao-16-885t.pdf"", ""expected_pages"": [1, 2]}]","[{""rank"": 1, ""document"": ""gao-22-104467-highlights.pdf"", ""page"": 1, ""distance"": 0.7253390550613403}, {""rank"": 2, ""document"": ""d24105658.pdf"", ""page"": 49, ""distance"": 0.7594631910324097}, {""rank"": 3, ""document"": ""gao-16-885t.pdf"", ""page"": 13, ""distance"": 0.7668013572692871}, {""rank"": 4, ""document"": ""d24105658.pdf"", ""page"": 27, ""distance"": 0.7734776139259338}, {""rank"": 5, ""document"": ""d24105658.pdf"", ""page"": 8, ""distance"": 0.7915225028991699}, {""rank"": 6, ""document"": ""d24105658.pdf"", ""page"": 17, ""distance"": 0.7986973524093628}, {""rank"": 7, ""document"": ""gao-24-107231.pdf"", ""page"": 34, ""distance"": 0.8036640882492065}, {""rank"": 8, ""document"": ""d24105658.pdf"", ""page"": 45, ""distance"": 0.8087524175643921}, {""rank"": 9, ""document"": ""gao-24-107231.pdf"", ""page"": 53, ""distance"": 0.827353835105896}]",1.0,0.5,True,False,0.012299800000619143
EQ062,How do the cybersecurity findings for NIH and federal agencies generally compare?,"Both identify gaps across core security activities; NIH had specific program and system-control deficiencies, while federal agencies broadly needed stronger risk-based programs, configuration, patching, and testing.",GAO-22-104467; GAO-16-885T,"PDF pp. 1, 2",10,"[{""evaluation_document"": ""GAO-22-104467"", ""indexed_document"": ""gao-22-104467-highlights.pdf"", ""expected_pages"": [1, 2]}, {""evaluation_document"": ""GAO-16-885T"", ""indexed_document"": ""gao-16-885t.pdf"", ""expected_pages"": [1, 2]}]","[{""rank"": 1, ""document"": ""gao-22-104467-highlights.pdf"", ""page"": 1, ""distance"": 0.7253390550613403}, {""rank"": 2, ""document"": ""d24105658.pdf"", ""page"": 49, ""distance"": 0.7594631910324097}, {""rank"": 3, ""document"": ""gao-16-885t.pdf"", ""page"": 13, ""distance"": 0.7668013572692871}, {""rank"": 4, ""document"": ""d24105658.pdf"", ""page"": 27, ""distance"": 0.7734776139259338}, {""rank"": 5, ""document"": ""d24105658.pdf"", ""page"": 8, ""distance"": 0.7915225028991699}, {""rank"": 6, ""document"": ""d24105658.pdf"", ""page"": 17, ""distance"": 0.7986973524093628}, {""rank"": 7, ""document"": ""gao-24-107231.pdf"", ""page"": 34, ""distance"": 0.8036640882492065}, {""rank"": 8, ""document"": ""d24105658.pdf"", ""page"": 45, ""distance"": 0.8087524175643921}, {""rank"": 9, ""document"": ""gao-24-107231.pdf"", ""page"": 53, ""distance"": 0.827353835105896}, {""rank"": 10, ""document"": ""d24106576.pdf"", ""page"": 50, ""distance"": 0.8343892097473145}]",1.0,0.5,True,False,0.010270800034049898
EQ063,Compare the reported repayment outcome of the Main Street Program with the internal-control improvements described by GAO.,"Seventy percent of loans had been repaid, while Federal Reserve Banks had processes addressing all 20 identified internal-control opportunities.",GAO-26-108011,PDF p. 1,1,"[{""evaluation_document"": ""GAO-26-108011"", ""indexed_document"": ""gao-26-108011-highlights.pdf"", ""expected_pages"": [1]}]","[{""rank"": 1, ""document"": ""gao-26-900644.pdf"", ""page"": 138, ""distance"": 0.8735072612762451}]",0.0,0.0,False,False,0.011831799987703562
EQ063,Compare the reported repayment outcome of the Main Street Program with the internal-control improvements described by GAO.,"Seventy percent of loans had been repaid, while Federal Reserve Banks had processes addressing all 20 identified internal-control opportunities.",GAO-26-108011,PDF p. 1,2,"[{""evaluation_document"": ""GAO-26-108011"", ""indexed_document"": ""gao-26-108011-highlights.pdf"", ""expected_pages"": [1]}]","[{""rank"": 1, ""document"": ""gao-26-900644.pdf"", ""page"": 138, ""distance"": 0.8735072612762451}, {""rank"": 2, ""document"": ""gao-26-900644.pdf"", ""page"": 125, ""distance"": 0.8863576054573059}]",0.0,0.0,False,False,0.010719599958974868
EQ063,Compare the reported repayment outcome of the Main Street Program with the internal-control improvements described by GAO.,"Seventy percent of loans had been repaid, while Federal Reserve Banks had processes addressing all 20 identified internal-control opportunities.",GAO-26-108011,PDF p. 1,3,"[{""evaluation_document"": ""GAO-26-108011"", ""indexed_document"": ""gao-26-108011-highlights.pdf"", ""expected_pages"": [1]}]","[{""rank"": 1, ""document"": ""gao-26-900644.pdf"", ""page"": 138, ""distance"": 0.8735072612762451}, {""rank"": 2, ""document"": ""gao-26-900644.pdf"", ""page"": 125, ""distance"": 0.8863576054573059}, {""rank"": 3, ""document"": ""gao-26-108011-highlights.pdf"", ""page"": 1, ""distance"": 0.9071894884109497}]",1.0,1.0,True,True,0.011748599994461983
EQ063,Compare the reported repayment outcome of the Main Street Program with the internal-control improvements described by GAO.,"Seventy percent of loans had been repaid, while Federal Reserve Banks had processes addressing all 20 identified internal-control opportunities.",GAO-26-108011,PDF p. 1,4,"[{""evaluation_document"": ""GAO-26-108011"", ""indexed_document"": ""gao-26-108011-highlights.pdf"", ""expected_pages"": [1]}]","[{""rank"": 1, ""document"": ""gao-26-900644.pdf"", ""page"": 138, ""distance"": 0.8735072612762451}, {""rank"": 2, ""document"": ""gao-26-900644.pdf"", ""page"": 125, ""distance"": 0.8863576054573059}, {""rank"": 3, ""document"": ""gao-26-108011-highlights.pdf"", ""page"": 1, ""distance"": 0.9071894884109497}, {""rank"": 4, ""document"": ""gao-26-108011-highlights.pdf"", ""page"": 1, ""distance"": 0.9521037340164185}]",1.0,1.0,True,True,0.011701200040988624
EQ063,Compare the reported repayment outcome of the Main Street Program with the internal-control improvements described by GAO.,"Seventy percent of loans had been repaid, while Federal Reserve Banks had processes addressing all 20 identified internal-control opportunities.",GAO-26-108011,PDF p. 1,5,"[{""evaluation_document"": ""GAO-26-108011"", ""indexed_document"": ""gao-26-108011-highlights.pdf"", ""expected_pages"": [1]}]","[{""rank"": 1, ""document"": ""gao-26-900644.pdf"", ""page"": 138, ""distance"": 0.8735072612762451}, {""rank"": 2, ""document"": ""gao-26-900644.pdf"", ""page"": 125, ""distance"": 0.8863576054573059}, {""rank"": 3, ""document"": ""gao-26-108011-highlights.pdf"", ""page"": 1, ""distance"": 0.9071894884109497}, {""rank"": 4, ""document"": ""gao-26-108011-highlights.pdf"", ""page"": 1, ""distance"": 0.9521037340164185}, {""rank"": 5, ""document"": ""gao-26-900644.pdf"", ""page"": 124, ""distance"": 0.9733848571777344}]",1.0,1.0,True,True,0.010082599997986108
EQ063,Compare the reported repayment outcome of the Main Street Program with the internal-control improvements described by GAO.,"Seventy percent of loans had been repaid, while Federal Reserve Banks had processes addressing all 20 identified internal-control opportunities.",GAO-26-108011,PDF p. 1,6,"[{""evaluation_document"": ""GAO-26-108011"", ""indexed_document"": ""gao-26-108011-highlights.pdf"", ""expected_pages"": [1]}]","[{""rank"": 1, ""document"": ""gao-26-900644.pdf"", ""page"": 138, ""distance"": 0.8735072612762451}, {""rank"": 2, ""document"": ""gao-26-900644.pdf"", ""page"": 125, ""distance"": 0.8863576054573059}, {""rank"": 3, ""document"": ""gao-26-108011-highlights.pdf"", ""page"": 1, ""distance"": 0.9071894884109497}, {""rank"": 4, ""document"": ""gao-26-108011-highlights.pdf"", ""page"": 1, ""distance"": 0.9521037340164185}, {""rank"": 5, ""document"": ""gao-26-900644.pdf"", ""page"": 124, ""distance"": 0.9733848571777344}, {""rank"": 6, ""document"": ""gao-26-900644.pdf"", ""page"": 40, ""distance"": 0.9769511818885803}]",1.0,1.0,True,True,0.01103200000943616
EQ063,Compare the reported repayment outcome of the Main Street Program with the internal-control improvements described by GAO.,"Seventy percent of loans had been repaid, while Federal Reserve Banks had processes addressing all 20 identified internal-control opportunities.",GAO-26-108011,PDF p. 1,7,"[{""evaluation_document"": ""GAO-26-108011"", ""indexed_document"": ""gao-26-108011-highlights.pdf"", ""expected_pages"": [1]}]","[{""rank"": 1, ""document"": ""gao-26-900644.pdf"", ""page"": 138, ""distance"": 0.8735072612762451}, {""rank"": 2, ""document"": ""gao-26-900644.pdf"", ""page"": 125, ""distance"": 0.8863576054573059}, {""rank"": 3, ""document"": ""gao-26-108011-highlights.pdf"", ""page"": 1, ""distance"": 0.9071894884109497}, {""rank"": 4, ""document"": ""gao-26-108011-highlights.pdf"", ""page"": 1, ""distance"": 0.9521037340164185}, {""rank"": 5, ""document"": ""gao-26-900644.pdf"", ""page"": 124, ""distance"": 0.9733848571777344}, {""rank"": 6, ""document"": ""gao-26-900644.pdf"", ""page"": 40, ""distance"": 0.9769511818885803}, {""rank"": 7, ""document"": ""gao-26-900644.pdf"", ""page"": 136, ""distance"": 1.0028959512710571}]",1.0,1.0,True,True,0.012897899956442416
EQ063,Compare the reported repayment outcome of the Main Street Program with the internal-control improvements described by GAO.,"Seventy percent of loans had been repaid, while Federal Reserve Banks had processes addressing all 20 identified internal-control opportunities.",GAO-26-108011,PDF p. 1,8,"[{""evaluation_document"": ""GAO-26-108011"", ""indexed_document"": ""gao-26-108011-highlights.pdf"", ""expected_pages"": [1]}]","[{""rank"": 1, ""document"": ""gao-26-900644.pdf"", ""page"": 138, ""distance"": 0.8735072612762451}, {""rank"": 2, ""document"": ""gao-26-900644.pdf"", ""page"": 125, ""distance"": 0.8863576054573059}, {""rank"": 3, ""document"": ""gao-26-108011-highlights.pdf"", ""page"": 1, ""distance"": 0.9071894884109497}, {""rank"": 4, ""document"": ""gao-26-108011-highlights.pdf"", ""page"": 1, ""distance"": 0.9521037340164185}, {""rank"": 5, ""document"": ""gao-26-900644.pdf"", ""page"": 124, ""distance"": 0.9733848571777344}, {""rank"": 6, ""document"": ""gao-26-900644.pdf"", ""page"": 40, ""distance"": 0.9769511818885803}, {""rank"": 7, ""document"": ""gao-26-900644.pdf"", ""page"": 136, ""distance"": 1.0028959512710571}, {""rank"": 8, ""document"": ""gao-25-108440.pdf"", ""page"": 9, ""distance"": 1.0045547485351562}]",1.0,1.0,True,True,0.01245430001290515
EQ063,Compare the reported repayment outcome of the Main Street Program with the internal-control improvements described by GAO.,"Seventy percent of loans had been repaid, while Federal Reserve Banks had processes addressing all 20 identified internal-control opportunities.",GAO-26-108011,PDF p. 1,9,"[{""evaluation_document"": ""GAO-26-108011"", ""indexed_document"": ""gao-26-108011-highlights.pdf"", ""expected_pages"": [1]}]","[{""rank"": 1, ""document"": ""gao-26-900644.pdf"", ""page"": 138, ""distance"": 0.8735072612762451}, {""rank"": 2, ""document"": ""gao-26-900644.pdf"", ""page"": 125, ""distance"": 0.8863576054573059}, {""rank"": 3, ""document"": ""gao-26-108011-highlights.pdf"", ""page"": 1, ""distance"": 0.9071894884109497}, {""rank"": 4, ""document"": ""gao-26-108011-highlights.pdf"", ""page"": 1, ""distance"": 0.9521037340164185}, {""rank"": 5, ""document"": ""gao-26-900644.pdf"", ""page"": 124, ""distance"": 0.9733848571777344}, {""rank"": 6, ""document"": ""gao-26-900644.pdf"", ""page"": 40, ""distance"": 0.9769511818885803}, {""rank"": 7, ""document"": ""gao-26-900644.pdf"", ""page"": 136, ""distance"": 1.0028959512710571}, {""rank"": 8, ""document"": ""gao-25-108440.pdf"", ""page"": 9, ""distance"": 1.0045547485351562}, {""rank"": 9, ""document"": ""gao-26-900644.pdf"", ""page"": 87, ""distance"": 1.005603313446045}]",1.0,1.0,True,True,0.013003700005356222
EQ063,Compare the reported repayment outcome of the Main Street Program with the internal-control improvements described by GAO.,"Seventy percent of loans had been repaid, while Federal Reserve Banks had processes addressing all 20 identified internal-control opportunities.",GAO-26-108011,PDF p. 1,10,"[{""evaluation_document"": ""GAO-26-108011"", ""indexed_document"": ""gao-26-108011-highlights.pdf"", ""expected_pages"": [1]}]","[{""rank"": 1, ""document"": ""gao-26-900644.pdf"", ""page"": 138, ""distance"": 0.8735072612762451}, {""rank"": 2, ""document"": ""gao-26-900644.pdf"", ""page"": 125, ""distance"": 0.8863576054573059}, {""rank"": 3, ""document"": ""gao-26-108011-highlights.pdf"", ""page"": 1, ""distance"": 0.9071894884109497}, {""rank"": 4, ""document"": ""gao-26-108011-highlights.pdf"", ""page"": 1, ""distance"": 0.9521037340164185}, {""rank"": 5, ""document"": ""gao-26-900644.pdf"", ""page"": 124, ""distance"": 0.9733848571777344}, {""rank"": 6, ""document"": ""gao-26-900644.pdf"", ""page"": 40, ""distance"": 0.9769511818885803}, {""rank"": 7, ""document"": ""gao-26-900644.pdf"", ""page"": 136, ""distance"": 1.0028959512710571}, {""rank"": 8, ""document"": ""gao-25-108440.pdf"", ""page"": 9, ""distance"": 1.0045547485351562}, {""rank"": 9, ""document"": ""gao-26-900644.pdf"", ""page"": 87, ""distance"": 1.005603313446045}, {""rank"": 10, ""document"": ""gao-26-900644.pdf"", ""page"": 7, ""distance"": 1.008211612701416}]",1.0,1.0,True,True,0.01092390000121668
EQ064,Compare Treasury's borrowing approach with the fiscal risk noted in the debt-management report.,"Treasury uses larger, more frequent auctions and a regular predictable schedule to meet needs, but the deteriorating fiscal outlook poses risks those practices cannot resolve.",GAO-26-107529,PDF pp. 2-3,1,"[{""evaluation_document"": ""GAO-26-107529"", ""indexed_document"": ""gao-26-107529.pdf"", ""expected_pages"": [2, 3]}]","[{""rank"": 1, ""document"": ""gao-26-107529.pdf"", ""page"": 16, ""distance"": 0.5412672758102417}]",1.0,0.0,True,False,0.0124292999971658
EQ064,Compare Treasury's borrowing approach with the fiscal risk noted in the debt-management report.,"Treasury uses larger, more frequent auctions and a regular predictable schedule to meet needs, but the deteriorating fiscal outlook poses risks those practices cannot resolve.",GAO-26-107529,PDF pp. 2-3,2,"[{""evaluation_document"": ""GAO-26-107529"", ""indexed_document"": ""gao-26-107529.pdf"", ""expected_pages"": [2, 3]}]","[{""rank"": 1, ""document"": ""gao-26-107529.pdf"", ""page"": 16, ""distance"": 0.5412672758102417}, {""rank"": 2, ""document"": ""gao-26-107529.pdf"", ""page"": 52, ""distance"": 0.5734879970550537}]",1.0,0.0,True,False,0.01151370001025498
EQ064,Compare Treasury's borrowing approach with the fiscal risk noted in the debt-management report.,"Treasury uses larger, more frequent auctions and a regular predictable schedule to meet needs, but the deteriorating fiscal outlook poses risks those practices cannot resolve.",GAO-26-107529,PDF pp. 2-3,3,"[{""evaluation_document"": ""GAO-26-107529"", ""indexed_document"": ""gao-26-107529.pdf"", ""expected_pages"": [2, 3]}]","[{""rank"": 1, ""document"": ""gao-26-107529.pdf"", ""page"": 16, ""distance"": 0.5412672758102417}, {""rank"": 2, ""document"": ""gao-26-107529.pdf"", ""page"": 52, ""distance"": 0.5734879970550537}, {""rank"": 3, ""document"": ""gao-26-107529.pdf"", ""page"": 2, ""distance"": 0.5985320806503296}]",1.0,1.0,True,True,0.012214099988341331
EQ064,Compare Treasury's borrowing approach with the fiscal risk noted in the debt-management report.,"Treasury uses larger, more frequent auctions and a regular predictable schedule to meet needs, but the deteriorating fiscal outlook poses risks those practices cannot resolve.",GAO-26-107529,PDF pp. 2-3,4,"[{""evaluation_document"": ""GAO-26-107529"", ""indexed_document"": ""gao-26-107529.pdf"", ""expected_pages"": [2, 3]}]","[{""rank"": 1, ""document"": ""gao-26-107529.pdf"", ""page"": 16, ""distance"": 0.5412672758102417}, {""rank"": 2, ""document"": ""gao-26-107529.pdf"", ""page"": 52, ""distance"": 0.5734879970550537}, {""rank"": 3, ""document"": ""gao-26-107529.pdf"", ""page"": 2, ""distance"": 0.5985320806503296}, {""rank"": 4, ""document"": ""gao-26-107529.pdf"", ""page"": 1, ""distance"": 0.6042717695236206}]",1.0,1.0,True,True,0.010983800049871206
EQ064,Compare Treasury's borrowing approach with the fiscal risk noted in the debt-management report.,"Treasury uses larger, more frequent auctions and a regular predictable schedule to meet needs, but the deteriorating fiscal outlook poses risks those practices cannot resolve.",GAO-26-107529,PDF pp. 2-3,5,"[{""evaluation_document"": ""GAO-26-107529"", ""indexed_document"": ""gao-26-107529.pdf"", ""expected_pages"": [2, 3]}]","[{""rank"": 1, ""document"": ""gao-26-107529.pdf"", ""page"": 16, ""distance"": 0.5412672758102417}, {""rank"": 2, ""document"": ""gao-26-107529.pdf"", ""page"": 52, ""distance"": 0.5734879970550537}, {""rank"": 3, ""document"": ""gao-26-107529.pdf"", ""page"": 2, ""distance"": 0.5985320806503296}, {""rank"": 4, ""document"": ""gao-26-107529.pdf"", ""page"": 1, ""distance"": 0.6042717695236206}, {""rank"": 5, ""document"": ""gao-26-107529.pdf"", ""page"": 17, ""distance"": 0.6213803291320801}]",1.0,1.0,True,True,0.010167800006456673
EQ064,Compare Treasury's borrowing approach with the fiscal risk noted in the debt-management report.,"Treasury uses larger, more frequent auctions and a regular predictable schedule to meet needs, but the deteriorating fiscal outlook poses risks those practices cannot resolve.",GAO-26-107529,PDF pp. 2-3,6,"[{""evaluation_document"": ""GAO-26-107529"", ""indexed_document"": ""gao-26-107529.pdf"", ""expected_pages"": [2, 3]}]","[{""rank"": 1, ""document"": ""gao-26-107529.pdf"", ""page"": 16, ""distance"": 0.5412672758102417}, {""rank"": 2, ""document"": ""gao-26-107529.pdf"", ""page"": 52, ""distance"": 0.5734879970550537}, {""rank"": 3, ""document"": ""gao-26-107529.pdf"", ""page"": 2, ""distance"": 0.5985320806503296}, {""rank"": 4, ""document"": ""gao-26-107529.pdf"", ""page"": 1, ""distance"": 0.6042717695236206}, {""rank"": 5, ""document"": ""gao-26-107529.pdf"", ""page"": 17, ""distance"": 0.6213803291320801}, {""rank"": 6, ""document"": ""gao-26-107529.pdf"", ""page"": 25, ""distance"": 0.6246603727340698}]",1.0,1.0,True,True,0.012239700008649379
EQ064,Compare Treasury's borrowing approach with the fiscal risk noted in the debt-management report.,"Treasury uses larger, more frequent auctions and a regular predictable schedule to meet needs, but the deteriorating fiscal outlook poses risks those practices cannot resolve.",GAO-26-107529,PDF pp. 2-3,7,"[{""evaluation_document"": ""GAO-26-107529"", ""indexed_document"": ""gao-26-107529.pdf"", ""expected_pages"": [2, 3]}]","[{""rank"": 1, ""document"": ""gao-26-107529.pdf"", ""page"": 16, ""distance"": 0.5412672758102417}, {""rank"": 2, ""document"": ""gao-26-107529.pdf"", ""page"": 52, ""distance"": 0.5734879970550537}, {""rank"": 3, ""document"": ""gao-26-107529.pdf"", ""page"": 2, ""distance"": 0.5985320806503296}, {""rank"": 4, ""document"": ""gao-26-107529.pdf"", ""page"": 1, ""distance"": 0.6042717695236206}, {""rank"": 5, ""document"": ""gao-26-107529.pdf"", ""page"": 17, ""distance"": 0.6213803291320801}, {""rank"": 6, ""document"": ""gao-26-107529.pdf"", ""page"": 25, ""distance"": 0.6246603727340698}, {""rank"": 7, ""document"": ""gao-26-107529.pdf"", ""page"": 18, ""distance"": 0.6379445195198059}]",1.0,1.0,True,True,0.009966399986296892
EQ064,Compare Treasury's borrowing approach with the fiscal risk noted in the debt-management report.,"Treasury uses larger, more frequent auctions and a regular predictable schedule to meet needs, but the deteriorating fiscal outlook poses risks those practices cannot resolve.",GAO-26-107529,PDF pp. 2-3,8,"[{""evaluation_document"": ""GAO-26-107529"", ""indexed_document"": ""gao-26-107529.pdf"", ""expected_pages"": [2, 3]}]","[{""rank"": 1, ""document"": ""gao-26-107529.pdf"", ""page"": 16, ""distance"": 0.5412672758102417}, {""rank"": 2, ""document"": ""gao-26-107529.pdf"", ""page"": 52, ""distance"": 0.5734879970550537}, {""rank"": 3, ""document"": ""gao-26-107529.pdf"", ""page"": 2, ""distance"": 0.5985320806503296}, {""rank"": 4, ""document"": ""gao-26-107529.pdf"", ""page"": 1, ""distance"": 0.6042717695236206}, {""rank"": 5, ""document"": ""gao-26-107529.pdf"", ""page"": 17, ""distance"": 0.6213803291320801}, {""rank"": 6, ""document"": ""gao-26-107529.pdf"", ""page"": 25, ""distance"": 0.6246603727340698}, {""rank"": 7, ""document"": ""gao-26-107529.pdf"", ""page"": 18, ""distance"": 0.6379445195198059}, {""rank"": 8, ""document"": ""gao-26-107529.pdf"", ""page"": 24, ""distance"": 0.6417359113693237}]",1.0,1.0,True,True,0.012073800025973469
EQ064,Compare Treasury's borrowing approach with the fiscal risk noted in the debt-management report.,"Treasury uses larger, more frequent auctions and a regular predictable schedule to meet needs, but the deteriorating fiscal outlook poses risks those practices cannot resolve.",GAO-26-107529,PDF pp. 2-3,9,"[{""evaluation_document"": ""GAO-26-107529"", ""indexed_document"": ""gao-26-107529.pdf"", ""expected_pages"": [2, 3]}]","[{""rank"": 1, ""document"": ""gao-26-107529.pdf"", ""page"": 16, ""distance"": 0.5412672758102417}, {""rank"": 2, ""document"": ""gao-26-107529.pdf"", ""page"": 52, ""distance"": 0.5734879970550537}, {""rank"": 3, ""document"": ""gao-26-107529.pdf"", ""page"": 2, ""distance"": 0.5985320806503296}, {""rank"": 4, ""document"": ""gao-26-107529.pdf"", ""page"": 1, ""distance"": 0.6042717695236206}, {""rank"": 5, ""document"": ""gao-26-107529.pdf"", ""page"": 17, ""distance"": 0.6213803291320801}, {""rank"": 6, ""document"": ""gao-26-107529.pdf"", ""page"": 25, ""distance"": 0.6246603727340698}, {""rank"": 7, ""document"": ""gao-26-107529.pdf"", ""page"": 18, ""distance"": 0.6379445195198059}, {""rank"": 8, ""document"": ""gao-26-107529.pdf"", ""page"": 24, ""distance"": 0.6417359113693237}, {""rank"": 9, ""document"": ""gao-26-107529.pdf"", ""page"": 7, ""distance"": 0.6435803174972534}]",1.0,1.0,True,True,0.011618499993346632
EQ064,Compare Treasury's borrowing approach with the fiscal risk noted in the debt-management report.,"Treasury uses larger, more frequent auctions and a regular predictable schedule to meet needs, but the deteriorating fiscal outlook poses risks those practices cannot resolve.",GAO-26-107529,PDF pp. 2-3,10,"[{""evaluation_document"": ""GAO-26-107529"", ""indexed_document"": ""gao-26-107529.pdf"", ""expected_pages"": [2, 3]}]","[{""rank"": 1, ""document"": ""gao-26-107529.pdf"", ""page"": 16, ""distance"": 0.5412672758102417}, {""rank"": 2, ""document"": ""gao-26-107529.pdf"", ""page"": 52, ""distance"": 0.5734879970550537}, {""rank"": 3, ""document"": ""gao-26-107529.pdf"", ""page"": 2, ""distance"": 0.5985320806503296}, {""rank"": 4, ""document"": ""gao-26-107529.pdf"", ""page"": 1, ""distance"": 0.6042717695236206}, {""rank"": 5, ""document"": ""gao-26-107529.pdf"", ""page"": 17, ""distance"": 0.6213803291320801}, {""rank"": 6, ""document"": ""gao-26-107529.pdf"", ""page"": 25, ""distance"": 0.6246603727340698}, {""rank"": 7, ""document"": ""gao-26-107529.pdf"", ""page"": 18, ""distance"": 0.6379445195198059}, {""rank"": 8, ""document"": ""gao-26-107529.pdf"", ""page"": 24, ""distance"": 0.6417359113693237}, {""rank"": 9, ""document"": ""gao-26-107529.pdf"", ""page"": 7, ""distance"": 0.6435803174972534}, {""rank"": 10, ""document"": ""gao-26-107529.pdf"", ""page"": 29, ""distance"": 0.665935754776001}]",1.0,1.0,True,True,0.011864100000821054
EQ065,Compare the types of cybersecurity technologies available for critical-infrastructure protection with the implementation gap identified by GAO.,"Available technologies include access control, integrity, cryptography, auditing/monitoring, and configuration-management tools, but experts said they were not purchased or implemented to their full extent.",GAO-04-321,PDF p. 1,1,"[{""evaluation_document"": ""GAO-04-321"", ""indexed_document"": ""gao-04-321-highlights.pdf"", ""expected_pages"": [1]}]","[{""rank"": 1, ""document"": ""gao-04-321-highlights.pdf"", ""page"": 1, ""distance"": 0.5185506939888}]",1.0,1.0,True,True,0.014187499997206032
EQ065,Compare the types of cybersecurity technologies available for critical-infrastructure protection with the implementation gap identified by GAO.,"Available technologies include access control, integrity, cryptography, auditing/monitoring, and configuration-management tools, but experts said they were not purchased or implemented to their full extent.",GAO-04-321,PDF p. 1,2,"[{""evaluation_document"": ""GAO-04-321"", ""indexed_document"": ""gao-04-321-highlights.pdf"", ""expected_pages"": [1]}]","[{""rank"": 1, ""document"": ""gao-04-321-highlights.pdf"", ""page"": 1, ""distance"": 0.5185506939888}, {""rank"": 2, ""document"": ""gao-24-107231-highlights.pdf"", ""page"": 1, ""distance"": 0.6077638268470764}]",1.0,1.0,True,True,0.01178180001443252
EQ065,Compare the types of cybersecurity technologies available for critical-infrastructure protection with the implementation gap identified by GAO.,"Available technologies include access control, integrity, cryptography, auditing/monitoring, and configuration-management tools, but experts said they were not purchased or implemented to their full extent.",GAO-04-321,PDF p. 1,3,"[{""evaluation_document"": ""GAO-04-321"", ""indexed_document"": ""gao-04-321-highlights.pdf"", ""expected_pages"": [1]}]","[{""rank"": 1, ""document"": ""gao-04-321-highlights.pdf"", ""page"": 1, ""distance"": 0.5185506939888}, {""rank"": 2, ""document"": ""gao-24-107231-highlights.pdf"", ""page"": 1, ""distance"": 0.6077638268470764}, {""rank"": 3, ""document"": ""gao-24-107231.pdf"", ""page"": 2, ""distance"": 0.6077638268470764}]",1.0,1.0,True,True,0.012002300005406141
EQ065,Compare the types of cybersecurity technologies available for critical-infrastructure protection with the implementation gap identified by GAO.,"Available technologies include access control, integrity, cryptography, auditing/monitoring, and configuration-management tools, but experts said they were not purchased or implemented to their full extent.",GAO-04-321,PDF p. 1,4,"[{""evaluation_document"": ""GAO-04-321"", ""indexed_document"": ""gao-04-321-highlights.pdf"", ""expected_pages"": [1]}]","[{""rank"": 1, ""document"": ""gao-04-321-highlights.pdf"", ""page"": 1, ""distance"": 0.5185506939888}, {""rank"": 2, ""document"": ""gao-24-107231-highlights.pdf"", ""page"": 1, ""distance"": 0.6077638268470764}, {""rank"": 3, ""document"": ""gao-24-107231.pdf"", ""page"": 2, ""distance"": 0.6077638268470764}, {""rank"": 4, ""document"": ""gao-24-107231.pdf"", ""page"": 4, ""distance"": 0.6095677614212036}]",1.0,1.0,True,True,0.01119789999211207
EQ065,Compare the types of cybersecurity technologies available for critical-infrastructure protection with the implementation gap identified by GAO.,"Available technologies include access control, integrity, cryptography, auditing/monitoring, and configuration-management tools, but experts said they were not purchased or implemented to their full extent.",GAO-04-321,PDF p. 1,5,"[{""evaluation_document"": ""GAO-04-321"", ""indexed_document"": ""gao-04-321-highlights.pdf"", ""expected_pages"": [1]}]","[{""rank"": 1, ""document"": ""gao-04-321-highlights.pdf"", ""page"": 1, ""distance"": 0.5185506939888}, {""rank"": 2, ""document"": ""gao-24-107231-highlights.pdf"", ""page"": 1, ""distance"": 0.6077638268470764}, {""rank"": 3, ""document"": ""gao-24-107231.pdf"", ""page"": 2, ""distance"": 0.6077638268470764}, {""rank"": 4, ""document"": ""gao-24-107231-highlights.pdf"", ""page"": 3, ""distance"": 0.6095677614212036}, {""rank"": 5, ""document"": ""gao-24-107231.pdf"", ""page"": 4, ""distance"": 0.6095677614212036}]",1.0,1.0,True,True,0.013523000001441687
EQ065,Compare the types of cybersecurity technologies available for critical-infrastructure protection with the implementation gap identified by GAO.,"Available technologies include access control, integrity, cryptography, auditing/monitoring, and configuration-management tools, but experts said they were not purchased or implemented to their full extent.",GAO-04-321,PDF p. 1,6,"[{""evaluation_document"": ""GAO-04-321"", ""indexed_document"": ""gao-04-321-highlights.pdf"", ""expected_pages"": [1]}]","[{""rank"": 1, ""document"": ""gao-04-321-highlights.pdf"", ""page"": 1, ""distance"": 0.5185506939888}, {""rank"": 2, ""document"": ""gao-24-107231-highlights.pdf"", ""page"": 1, ""distance"": 0.6077638268470764}, {""rank"": 3, ""document"": ""gao-24-107231.pdf"", ""page"": 2, ""distance"": 0.6077638268470764}, {""rank"": 4, ""document"": ""gao-24-107231-highlights.pdf"", ""page"": 3, ""distance"": 0.6095677614212036}, {""rank"": 5, ""document"": ""gao-24-107231.pdf"", ""page"": 4, ""distance"": 0.6095677614212036}, {""rank"": 6, ""document"": ""gao-24-107231.pdf"", ""page"": 6, ""distance"": 0.6286948323249817}]",1.0,1.0,True,True,0.013410699961241335
EQ065,Compare the types of cybersecurity technologies available for critical-infrastructure protection with the implementation gap identified by GAO.,"Available technologies include access control, integrity, cryptography, auditing/monitoring, and configuration-management tools, but experts said they were not purchased or implemented to their full extent.",GAO-04-321,PDF p. 1,7,"[{""evaluation_document"": ""GAO-04-321"", ""indexed_document"": ""gao-04-321-highlights.pdf"", ""expected_pages"": [1]}]","[{""rank"": 1, ""document"": ""gao-04-321-highlights.pdf"", ""page"": 1, ""distance"": 0.5185506939888}, {""rank"": 2, ""document"": ""gao-24-107231-highlights.pdf"", ""page"": 1, ""distance"": 0.6077638268470764}, {""rank"": 3, ""document"": ""gao-24-107231.pdf"", ""page"": 2, ""distance"": 0.6077638268470764}, {""rank"": 4, ""document"": ""gao-24-107231-highlights.pdf"", ""page"": 3, ""distance"": 0.6095677614212036}, {""rank"": 5, ""document"": ""gao-24-107231.pdf"", ""page"": 4, ""distance"": 0.6095677614212036}, {""rank"": 6, ""document"": ""gao-24-107231.pdf"", ""page"": 6, ""distance"": 0.6286948323249817}, {""rank"": 7, ""document"": ""gao-04-321-highlights.pdf"", ""page"": 1, ""distance"": 0.6680948734283447}]",1.0,1.0,True,True,0.012095400015823543
EQ065,Compare the types of cybersecurity technologies available for critical-infrastructure protection with the implementation gap identified by GAO.,"Available technologies include access control, integrity, cryptography, auditing/monitoring, and configuration-management tools, but experts said they were not purchased or implemented to their full extent.",GAO-04-321,PDF p. 1,8,"[{""evaluation_document"": ""GAO-04-321"", ""indexed_document"": ""gao-04-321-highlights.pdf"", ""expected_pages"": [1]}]","[{""rank"": 1, ""document"": ""gao-04-321-highlights.pdf"", ""page"": 1, ""distance"": 0.5185506939888}, {""rank"": 2, ""document"": ""gao-24-107231-highlights.pdf"", ""page"": 1, ""distance"": 0.6077638268470764}, {""rank"": 3, ""document"": ""gao-24-107231.pdf"", ""page"": 2, ""distance"": 0.6077638268470764}, {""rank"": 4, ""document"": ""gao-24-107231-highlights.pdf"", ""page"": 3, ""distance"": 0.6095677614212036}, {""rank"": 5, ""document"": ""gao-24-107231.pdf"", ""page"": 4, ""distance"": 0.6095677614212036}, {""rank"": 6, ""document"": ""gao-24-107231.pdf"", ""page"": 6, ""distance"": 0.6286948323249817}, {""rank"": 7, ""document"": ""gao-04-321-highlights.pdf"", ""page"": 1, ""distance"": 0.6680948734283447}, {""rank"": 8, ""document"": ""gao-24-107231.pdf"", ""page"": 86, ""distance"": 0.6779820919036865}]",1.0,1.0,True,True,0.012893900042399764
EQ065,Compare the types of cybersecurity technologies available for critical-infrastructure protection with the implementation gap identified by GAO.,"Available technologies include access control, integrity, cryptography, auditing/monitoring, and configuration-management tools, but experts said they were not purchased or implemented to their full extent.",GAO-04-321,PDF p. 1,9,"[{""evaluation_document"": ""GAO-04-321"", ""indexed_document"": ""gao-04-321-highlights.pdf"", ""expected_pages"": [1]}]","[{""rank"": 1, ""document"": ""gao-04-321-highlights.pdf"", ""page"": 1, ""distance"": 0.5185506939888}, {""rank"": 2, ""document"": ""gao-24-107231-highlights.pdf"", ""page"": 1, ""distance"": 0.6077638268470764}, {""rank"": 3, ""document"": ""gao-24-107231.pdf"", ""page"": 2, ""distance"": 0.6077638268470764}, {""rank"": 4, ""document"": ""gao-24-107231-highlights.pdf"", ""page"": 3, ""distance"": 0.6095677614212036}, {""rank"": 5, ""document"": ""gao-24-107231.pdf"", ""page"": 4, ""distance"": 0.6095677614212036}, {""rank"": 6, ""document"": ""gao-24-107231.pdf"", ""page"": 6, ""distance"": 0.6286948323249817}, {""rank"": 7, ""document"": ""gao-04-321-highlights.pdf"", ""page"": 1, ""distance"": 0.6680948734283447}, {""rank"": 8, ""document"": ""gao-24-107231.pdf"", ""page"": 86, ""distance"": 0.6779820919036865}, {""rank"": 9, ""document"": ""gao-26-900644.pdf"", ""page"": 143, ""distance"": 0.6829594969749451}]",1.0,1.0,True,True,0.012152499984949827
EQ065,Compare the types of cybersecurity technologies available for critical-infrastructure protection with the implementation gap identified by GAO.,"Available technologies include access control, integrity, cryptography, auditing/monitoring, and configuration-management tools, but experts said they were not purchased or implemented to their full extent.",GAO-04-321,PDF p. 1,10,"[{""evaluation_document"": ""GAO-04-321"", ""indexed_document"": ""gao-04-321-highlights.pdf"", ""expected_pages"": [1]}]","[{""rank"": 1, ""document"": ""gao-04-321-highlights.pdf"", ""page"": 1, ""distance"": 0.5185506939888}, {""rank"": 2, ""document"": ""gao-24-107231-highlights.pdf"", ""page"": 1, ""distance"": 0.6077638268470764}, {""rank"": 3, ""document"": ""gao-24-107231.pdf"", ""page"": 2, ""distance"": 0.6077638268470764}, {""rank"": 4, ""document"": ""gao-24-107231-highlights.pdf"", ""page"": 3, ""distance"": 0.6095677614212036}, {""rank"": 5, ""document"": ""gao-24-107231.pdf"", ""page"": 4, ""distance"": 0.6095677614212036}, {""rank"": 6, ""document"": ""gao-24-107231.pdf"", ""page"": 6, ""distance"": 0.6286948323249817}, {""rank"": 7, ""document"": ""gao-04-321-highlights.pdf"", ""page"": 1, ""distance"": 0.6680948734283447}, {""rank"": 8, ""document"": ""gao-24-107231.pdf"", ""page"": 86, ""distance"": 0.6779820919036865}, {""rank"": 9, ""document"": ""gao-26-900644.pdf"", ""page"": 143, ""distance"": 0.6829594969749451}, {""rank"": 10, ""document"": ""gao-24-107231.pdf"", ""page"": 5, ""distance"": 0.7015385627746582}]",1.0,1.0,True,True,0.012468300003092736
EQ066,Compare CISA's positive OT service experiences with the limitations reported by users.,"Most selected entities reported positive experiences, but some reported negative experiences and vulnerability disclosures that could take more than a year; agencies also cited coordination barriers.",GAO-24-106576,PDF pp. 2-3,1,"[{""evaluation_document"": ""GAO-24-106576"", ""indexed_document"": ""d24106576.pdf"", ""expected_pages"": [2, 3]}]","[{""rank"": 1, ""document"": ""d24106576.pdf"", ""page"": 30, ""distance"": 0.49079155921936035}]",1.0,0.0,True,False,0.039349200029391795
EQ066,Compare CISA's positive OT service experiences with the limitations reported by users.,"Most selected entities reported positive experiences, but some reported negative experiences and vulnerability disclosures that could take more than a year; agencies also cited coordination barriers.",GAO-24-106576,PDF pp. 2-3,2,"[{""evaluation_document"": ""GAO-24-106576"", ""indexed_document"": ""d24106576.pdf"", ""expected_pages"": [2, 3]}]","[{""rank"": 1, ""document"": ""d24106576.pdf"", ""page"": 30, ""distance"": 0.49079155921936035}, {""rank"": 2, ""document"": ""d24106576.pdf"", ""page"": 2, ""distance"": 0.7336140871047974}]",1.0,1.0,True,True,0.0201054000062868
EQ066,Compare CISA's positive OT service experiences with the limitations reported by users.,"Most selected entities reported positive experiences, but some reported negative experiences and vulnerability disclosures that could take more than a year; agencies also cited coordination barriers.",GAO-24-106576,PDF pp. 2-3,3,"[{""evaluation_document"": ""GAO-24-106576"", ""indexed_document"": ""d24106576.pdf"", ""expected_pages"": [2, 3]}]","[{""rank"": 1, ""document"": ""d24106576.pdf"", ""page"": 30, ""distance"": 0.49079155921936035}, {""rank"": 2, ""document"": ""d24106576.pdf"", ""page"": 2, ""distance"": 0.7336140871047974}, {""rank"": 3, ""document"": ""d24106576.pdf"", ""page"": 27, ""distance"": 0.7905918955802917}]",1.0,1.0,True,True,0.011717100045643747
EQ066,Compare CISA's positive OT service experiences with the limitations reported by users.,"Most selected entities reported positive experiences, but some reported negative experiences and vulnerability disclosures that could take more than a year; agencies also cited coordination barriers.",GAO-24-106576,PDF pp. 2-3,4,"[{""evaluation_document"": ""GAO-24-106576"", ""indexed_document"": ""d24106576.pdf"", ""expected_pages"": [2, 3]}]","[{""rank"": 1, ""document"": ""d24106576.pdf"", ""page"": 30, ""distance"": 0.49079155921936035}, {""rank"": 2, ""document"": ""d24106576.pdf"", ""page"": 2, ""distance"": 0.7336140871047974}, {""rank"": 3, ""document"": ""d24106576.pdf"", ""page"": 27, ""distance"": 0.7905918955802917}, {""rank"": 4, ""document"": ""d24106576.pdf"", ""page"": 62, ""distance"": 0.8200737237930298}]",1.0,1.0,True,True,0.012652400007937104
EQ066,Compare CISA's positive OT service experiences with the limitations reported by users.,"Most selected entities reported positive experiences, but some reported negative experiences and vulnerability disclosures that could take more than a year; agencies also cited coordination barriers.",GAO-24-106576,PDF pp. 2-3,5,"[{""evaluation_document"": ""GAO-24-106576"", ""indexed_document"": ""d24106576.pdf"", ""expected_pages"": [2, 3]}]","[{""rank"": 1, ""document"": ""d24106576.pdf"", ""page"": 30, ""distance"": 0.49079155921936035}, {""rank"": 2, ""document"": ""d24106576.pdf"", ""page"": 2, ""distance"": 0.7336140871047974}, {""rank"": 3, ""document"": ""d24106576.pdf"", ""page"": 27, ""distance"": 0.7905918955802917}, {""rank"": 4, ""document"": ""d24106576.pdf"", ""page"": 62, ""distance"": 0.8200737237930298}, {""rank"": 5, ""document"": ""d24106576.pdf"", ""page"": 29, ""distance"": 0.8407597541809082}]",1.0,1.0,True,True,0.011230900010559708
EQ066,Compare CISA's positive OT service experiences with the limitations reported by users.,"Most selected entities reported positive experiences, but some reported negative experiences and vulnerability disclosures that could take more than a year; agencies also cited coordination barriers.",GAO-24-106576,PDF pp. 2-3,6,"[{""evaluation_document"": ""GAO-24-106576"", ""indexed_document"": ""d24106576.pdf"", ""expected_pages"": [2, 3]}]","[{""rank"": 1, ""document"": ""d24106576.pdf"", ""page"": 30, ""distance"": 0.49079155921936035}, {""rank"": 2, ""document"": ""d24106576.pdf"", ""page"": 2, ""distance"": 0.7336140871047974}, {""rank"": 3, ""document"": ""d24106576.pdf"", ""page"": 27, ""distance"": 0.7905918955802917}, {""rank"": 4, ""document"": ""d24106576.pdf"", ""page"": 62, ""distance"": 0.8200737237930298}, {""rank"": 5, ""document"": ""d24106576.pdf"", ""page"": 29, ""distance"": 0.8407597541809082}, {""rank"": 6, ""document"": ""d24106576.pdf"", ""page"": 25, ""distance"": 0.8654781579971313}]",1.0,1.0,True,True,0.011686700046993792
EQ066,Compare CISA's positive OT service experiences with the limitations reported by users.,"Most selected entities reported positive experiences, but some reported negative experiences and vulnerability disclosures that could take more than a year; agencies also cited coordination barriers.",GAO-24-106576,PDF pp. 2-3,7,"[{""evaluation_document"": ""GAO-24-106576"", ""indexed_document"": ""d24106576.pdf"", ""expected_pages"": [2, 3]}]","[{""rank"": 1, ""document"": ""d24106576.pdf"", ""page"": 30, ""distance"": 0.49079155921936035}, {""rank"": 2, ""document"": ""d24106576.pdf"", ""page"": 2, ""distance"": 0.7336140871047974}, {""rank"": 3, ""document"": ""d24106576.pdf"", ""page"": 27, ""distance"": 0.7905918955802917}, {""rank"": 4, ""document"": ""d24106576.pdf"", ""page"": 62, ""distance"": 0.8200737237930298}, {""rank"": 5, ""document"": ""d24106576.pdf"", ""page"": 29, ""distance"": 0.8407597541809082}, {""rank"": 6, ""document"": ""d24106576.pdf"", ""page"": 25, ""distance"": 0.8654781579971313}, {""rank"": 7, ""document"": ""d24106576.pdf"", ""page"": 66, ""distance"": 0.8782612681388855}]",1.0,1.0,True,True,0.012684200017247349
EQ066,Compare CISA's positive OT service experiences with the limitations reported by users.,"Most selected entities reported positive experiences, but some reported negative experiences and vulnerability disclosures that could take more than a year; agencies also cited coordination barriers.",GAO-24-106576,PDF pp. 2-3,8,"[{""evaluation_document"": ""GAO-24-106576"", ""indexed_document"": ""d24106576.pdf"", ""expected_pages"": [2, 3]}]","[{""rank"": 1, ""document"": ""d24106576.pdf"", ""page"": 30, ""distance"": 0.49079155921936035}, {""rank"": 2, ""document"": ""d24106576.pdf"", ""page"": 2, ""distance"": 0.7336140871047974}, {""rank"": 3, ""document"": ""d24106576.pdf"", ""page"": 27, ""distance"": 0.7905918955802917}, {""rank"": 4, ""document"": ""d24106576.pdf"", ""page"": 62, ""distance"": 0.8200737237930298}, {""rank"": 5, ""document"": ""d24106576.pdf"", ""page"": 29, ""distance"": 0.8407597541809082}, {""rank"": 6, ""document"": ""d24106576.pdf"", ""page"": 25, ""distance"": 0.8654781579971313}, {""rank"": 7, ""document"": ""d24106576.pdf"", ""page"": 66, ""distance"": 0.8782612681388855}, {""rank"": 8, ""document"": ""d24106576.pdf"", ""page"": 43, ""distance"": 0.8808992505073547}]",1.0,1.0,True,True,0.01269150001462549
EQ066,Compare CISA's positive OT service experiences with the limitations reported by users.,"Most selected entities reported positive experiences, but some reported negative experiences and vulnerability disclosures that could take more than a year; agencies also cited coordination barriers.",GAO-24-106576,PDF pp. 2-3,9,"[{""evaluation_document"": ""GAO-24-106576"", ""indexed_document"": ""d24106576.pdf"", ""expected_pages"": [2, 3]}]","[{""rank"": 1, ""document"": ""d24106576.pdf"", ""page"": 30, ""distance"": 0.49079155921936035}, {""rank"": 2, ""document"": ""d24106576.pdf"", ""page"": 2, ""distance"": 0.7336140871047974}, {""rank"": 3, ""document"": ""d24106576.pdf"", ""page"": 27, ""distance"": 0.7905918955802917}, {""rank"": 4, ""document"": ""d24106576.pdf"", ""page"": 62, ""distance"": 0.8200737237930298}, {""rank"": 5, ""document"": ""d24106576.pdf"", ""page"": 29, ""distance"": 0.8407597541809082}, {""rank"": 6, ""document"": ""d24106576.pdf"", ""page"": 25, ""distance"": 0.8654781579971313}, {""rank"": 7, ""document"": ""d24106576.pdf"", ""page"": 66, ""distance"": 0.8782612681388855}, {""rank"": 8, ""document"": ""d24106576.pdf"", ""page"": 43, ""distance"": 0.8808992505073547}, {""rank"": 9, ""document"": ""d24106576.pdf"", ""page"": 65, ""distance"": 0.8811627626419067}]",1.0,1.0,True,True,0.010589700017590076
EQ066,Compare CISA's positive OT service experiences with the limitations reported by users.,"Most selected entities reported positive experiences, but some reported negative experiences and vulnerability disclosures that could take more than a year; agencies also cited coordination barriers.",GAO-24-106576,PDF pp. 2-3,10,"[{""evaluation_document"": ""GAO-24-106576"", ""indexed_document"": ""d24106576.pdf"", ""expected_pages"": [2, 3]}]","[{""rank"": 1, ""document"": ""d24106576.pdf"", ""page"": 30, ""distance"": 0.49079155921936035}, {""rank"": 2, ""document"": ""d24106576.pdf"", ""page"": 2, ""distance"": 0.7336140871047974}, {""rank"": 3, ""document"": ""d24106576.pdf"", ""page"": 27, ""distance"": 0.7905918955802917}, {""rank"": 4, ""document"": ""d24106576.pdf"", ""page"": 62, ""distance"": 0.8200737237930298}, {""rank"": 5, ""document"": ""d24106576.pdf"", ""page"": 29, ""distance"": 0.8407597541809082}, {""rank"": 6, ""document"": ""d24106576.pdf"", ""page"": 25, ""distance"": 0.8654781579971313}, {""rank"": 7, ""document"": ""d24106576.pdf"", ""page"": 66, ""distance"": 0.8782612681388855}, {""rank"": 8, ""document"": ""d24106576.pdf"", ""page"": 43, ""distance"": 0.8808992505073547}, {""rank"": 9, ""document"": ""d24106576.pdf"", ""page"": 65, ""distance"": 0.8811627626419067}, {""rank"": 10, ""document"": ""d24106576.pdf"", ""page"": 46, ""distance"": 0.9092627763748169}]",1.0,1.0,True,True,0.012621200003195554
EQ067,Compare the cybersecurity governance gaps in the National Cybersecurity Strategy with the gaps revealed by the CrowdStrike outage.,"The strategy lacked fully developed outcome measures and resource/cost estimates, while the outage highlighted operational gaps in supply-chain risk management, testing, contingency planning, and information sharing.",GAO-24-106916; GAO-24-107733,"PDF pp. 2, 1-2",1,"[{""evaluation_document"": ""GAO-24-106916"", ""indexed_document"": ""d24106916.pdf"", ""expected_pages"": [1, 2]}, {""evaluation_document"": ""GAO-24-107733"", ""indexed_document"": ""gao-24-107733.pdf"", ""expected_pages"": [1, 2]}]","[{""rank"": 1, ""document"": ""d24106916.pdf"", ""page"": 13, ""distance"": 0.7818964719772339}]",0.5,0.0,False,False,0.012328100041486323
EQ067,Compare the cybersecurity governance gaps in the National Cybersecurity Strategy with the gaps revealed by the CrowdStrike outage.,"The strategy lacked fully developed outcome measures and resource/cost estimates, while the outage highlighted operational gaps in supply-chain risk management, testing, contingency planning, and information sharing.",GAO-24-106916; GAO-24-107733,"PDF pp. 2, 1-2",2,"[{""evaluation_document"": ""GAO-24-106916"", ""indexed_document"": ""d24106916.pdf"", ""expected_pages"": [1, 2]}, {""evaluation_document"": ""GAO-24-107733"", ""indexed_document"": ""gao-24-107733.pdf"", ""expected_pages"": [1, 2]}]","[{""rank"": 1, ""document"": ""d24106916.pdf"", ""page"": 13, ""distance"": 0.7818964719772339}, {""rank"": 2, ""document"": ""gao-24-107231.pdf"", ""page"": 18, ""distance"": 0.8464384078979492}]",0.5,0.0,False,False,0.012156000011600554
EQ067,Compare the cybersecurity governance gaps in the National Cybersecurity Strategy with the gaps revealed by the CrowdStrike outage.,"The strategy lacked fully developed outcome measures and resource/cost estimates, while the outage highlighted operational gaps in supply-chain risk management, testing, contingency planning, and information sharing.",GAO-24-106916; GAO-24-107733,"PDF pp. 2, 1-2",3,"[{""evaluation_document"": ""GAO-24-106916"", ""indexed_document"": ""d24106916.pdf"", ""expected_pages"": [1, 2]}, {""evaluation_document"": ""GAO-24-107733"", ""indexed_document"": ""gao-24-107733.pdf"", ""expected_pages"": [1, 2]}]","[{""rank"": 1, ""document"": ""d24106916.pdf"", ""page"": 13, ""distance"": 0.7818964719772339}, {""rank"": 2, ""document"": ""gao-24-107231.pdf"", ""page"": 18, ""distance"": 0.8464384078979492}, {""rank"": 3, ""document"": ""d24106916.pdf"", ""page"": 14, ""distance"": 0.8692067861557007}]",0.5,0.0,False,False,0.011620400007814169
EQ067,Compare the cybersecurity governance gaps in the National Cybersecurity Strategy with the gaps revealed by the CrowdStrike outage.,"The strategy lacked fully developed outcome measures and resource/cost estimates, while the outage highlighted operational gaps in supply-chain risk management, testing, contingency planning, and information sharing.",GAO-24-106916; GAO-24-107733,"PDF pp. 2, 1-2",4,"[{""evaluation_document"": ""GAO-24-106916"", ""indexed_document"": ""d24106916.pdf"", ""expected_pages"": [1, 2]}, {""evaluation_document"": ""GAO-24-107733"", ""indexed_document"": ""gao-24-107733.pdf"", ""expected_pages"": [1, 2]}]","[{""rank"": 1, ""document"": ""d24106916.pdf"", ""page"": 13, ""distance"": 0.7818964719772339}, {""rank"": 2, ""document"": ""gao-24-107231.pdf"", ""page"": 18, ""distance"": 0.8464384078979492}, {""rank"": 3, ""document"": ""d24106916.pdf"", ""page"": 14, ""distance"": 0.8692067861557007}, {""rank"": 4, ""document"": ""gao-24-107733.pdf"", ""page"": 1, ""distance"": 0.8816329836845398}]",1.0,0.5,True,False,0.012863999989349395
EQ067,Compare the cybersecurity governance gaps in the National Cybersecurity Strategy with the gaps revealed by the CrowdStrike outage.,"The strategy lacked fully developed outcome measures and resource/cost estimates, while the outage highlighted operational gaps in supply-chain risk management, testing, contingency planning, and information sharing.",GAO-24-106916; GAO-24-107733,"PDF pp. 2, 1-2",5,"[{""evaluation_document"": ""GAO-24-106916"", ""indexed_document"": ""d24106916.pdf"", ""expected_pages"": [1, 2]}, {""evaluation_document"": ""GAO-24-107733"", ""indexed_document"": ""gao-24-107733.pdf"", ""expected_pages"": [1, 2]}]","[{""rank"": 1, ""document"": ""d24106916.pdf"", ""page"": 13, ""distance"": 0.7818964719772339}, {""rank"": 2, ""document"": ""gao-24-107231.pdf"", ""page"": 18, ""distance"": 0.8464384078979492}, {""rank"": 3, ""document"": ""d24106916.pdf"", ""page"": 14, ""distance"": 0.8692067861557007}, {""rank"": 4, ""document"": ""gao-24-107733.pdf"", ""page"": 1, ""distance"": 0.8816329836845398}, {""rank"": 5, ""document"": ""gao-16-885t.pdf"", ""page"": 15, ""distance"": 0.9059134721755981}]",1.0,0.5,True,False,0.013552399992477149
EQ067,Compare the cybersecurity governance gaps in the National Cybersecurity Strategy with the gaps revealed by the CrowdStrike outage.,"The strategy lacked fully developed outcome measures and resource/cost estimates, while the outage highlighted operational gaps in supply-chain risk management, testing, contingency planning, and information sharing.",GAO-24-106916; GAO-24-107733,"PDF pp. 2, 1-2",6,"[{""evaluation_document"": ""GAO-24-106916"", ""indexed_document"": ""d24106916.pdf"", ""expected_pages"": [1, 2]}, {""evaluation_document"": ""GAO-24-107733"", ""indexed_document"": ""gao-24-107733.pdf"", ""expected_pages"": [1, 2]}]","[{""rank"": 1, ""document"": ""d24106916.pdf"", ""page"": 13, ""distance"": 0.7818964719772339}, {""rank"": 2, ""document"": ""gao-24-107231.pdf"", ""page"": 18, ""distance"": 0.8464384078979492}, {""rank"": 3, ""document"": ""d24106916.pdf"", ""page"": 14, ""distance"": 0.8692067861557007}, {""rank"": 4, ""document"": ""gao-24-107733.pdf"", ""page"": 1, ""distance"": 0.8816329836845398}, {""rank"": 5, ""document"": ""gao-16-885t.pdf"", ""page"": 15, ""distance"": 0.9059134721755981}, {""rank"": 6, ""document"": ""d24106916.pdf"", ""page"": 33, ""distance"": 0.911248505115509}]",1.0,0.5,True,False,0.011460500012617558
EQ067,Compare the cybersecurity governance gaps in the National Cybersecurity Strategy with the gaps revealed by the CrowdStrike outage.,"The strategy lacked fully developed outcome measures and resource/cost estimates, while the outage highlighted operational gaps in supply-chain risk management, testing, contingency planning, and information sharing.",GAO-24-106916; GAO-24-107733,"PDF pp. 2, 1-2",7,"[{""evaluation_document"": ""GAO-24-106916"", ""indexed_document"": ""d24106916.pdf"", ""expected_pages"": [1, 2]}, {""evaluation_document"": ""GAO-24-107733"", ""indexed_document"": ""gao-24-107733.pdf"", ""expected_pages"": [1, 2]}]","[{""rank"": 1, ""document"": ""d24106916.pdf"", ""page"": 13, ""distance"": 0.7818964719772339}, {""rank"": 2, ""document"": ""gao-24-107231.pdf"", ""page"": 18, ""distance"": 0.8464384078979492}, {""rank"": 3, ""document"": ""d24106916.pdf"", ""page"": 14, ""distance"": 0.8692067861557007}, {""rank"": 4, ""document"": ""gao-24-107733.pdf"", ""page"": 1, ""distance"": 0.8816329836845398}, {""rank"": 5, ""document"": ""gao-16-885t.pdf"", ""page"": 15, ""distance"": 0.9059134721755981}, {""rank"": 6, ""document"": ""d24106916.pdf"", ""page"": 33, ""distance"": 0.911248505115509}, {""rank"": 7, ""document"": ""d24106916.pdf"", ""page"": 15, ""distance"": 0.9173426628112793}]",1.0,0.5,True,False,0.012421999999787658
EQ067,Compare the cybersecurity governance gaps in the National Cybersecurity Strategy with the gaps revealed by the CrowdStrike outage.,"The strategy lacked fully developed outcome measures and resource/cost estimates, while the outage highlighted operational gaps in supply-chain risk management, testing, contingency planning, and information sharing.",GAO-24-106916; GAO-24-107733,"PDF pp. 2, 1-2",8,"[{""evaluation_document"": ""GAO-24-106916"", ""indexed_document"": ""d24106916.pdf"", ""expected_pages"": [1, 2]}, {""evaluation_document"": ""GAO-24-107733"", ""indexed_document"": ""gao-24-107733.pdf"", ""expected_pages"": [1, 2]}]","[{""rank"": 1, ""document"": ""d24106916.pdf"", ""page"": 13, ""distance"": 0.7818964719772339}, {""rank"": 2, ""document"": ""gao-24-107231.pdf"", ""page"": 18, ""distance"": 0.8464384078979492}, {""rank"": 3, ""document"": ""d24106916.pdf"", ""page"": 14, ""distance"": 0.8692067861557007}, {""rank"": 4, ""document"": ""gao-24-107733.pdf"", ""page"": 1, ""distance"": 0.8816329836845398}, {""rank"": 5, ""document"": ""gao-16-885t.pdf"", ""page"": 15, ""distance"": 0.9059134721755981}, {""rank"": 6, ""document"": ""d24106916.pdf"", ""page"": 33, ""distance"": 0.911248505115509}, {""rank"": 7, ""document"": ""d24106916.pdf"", ""page"": 15, ""distance"": 0.9173426628112793}, {""rank"": 8, ""document"": ""gao-24-107231.pdf"", ""page"": 24, ""distance"": 0.9238497018814087}]",1.0,0.5,True,False,0.011734600004274398
EQ067,Compare the cybersecurity governance gaps in the National Cybersecurity Strategy with the gaps revealed by the CrowdStrike outage.,"The strategy lacked fully developed outcome measures and resource/cost estimates, while the outage highlighted operational gaps in supply-chain risk management, testing, contingency planning, and information sharing.",GAO-24-106916; GAO-24-107733,"PDF pp. 2, 1-2",9,"[{""evaluation_document"": ""GAO-24-106916"", ""indexed_document"": ""d24106916.pdf"", ""expected_pages"": [1, 2]}, {""evaluation_document"": ""GAO-24-107733"", ""indexed_document"": ""gao-24-107733.pdf"", ""expected_pages"": [1, 2]}]","[{""rank"": 1, ""document"": ""d24106916.pdf"", ""page"": 13, ""distance"": 0.7818964719772339}, {""rank"": 2, ""document"": ""gao-24-107231.pdf"", ""page"": 18, ""distance"": 0.8464384078979492}, {""rank"": 3, ""document"": ""d24106916.pdf"", ""page"": 14, ""distance"": 0.8692067861557007}, {""rank"": 4, ""document"": ""gao-24-107733.pdf"", ""page"": 1, ""distance"": 0.8816329836845398}, {""rank"": 5, ""document"": ""gao-16-885t.pdf"", ""page"": 15, ""distance"": 0.9059134721755981}, {""rank"": 6, ""document"": ""d24106916.pdf"", ""page"": 33, ""distance"": 0.911248505115509}, {""rank"": 7, ""document"": ""d24106916.pdf"", ""page"": 15, ""distance"": 0.9173426628112793}, {""rank"": 8, ""document"": ""gao-24-107231.pdf"", ""page"": 24, ""distance"": 0.9238497018814087}, {""rank"": 9, ""document"": ""gao-16-885t.pdf"", ""page"": 14, ""distance"": 0.9265993237495422}]",1.0,0.5,True,False,0.012213999987579882
EQ067,Compare the cybersecurity governance gaps in the National Cybersecurity Strategy with the gaps revealed by the CrowdStrike outage.,"The strategy lacked fully developed outcome measures and resource/cost estimates, while the outage highlighted operational gaps in supply-chain risk management, testing, contingency planning, and information sharing.",GAO-24-106916; GAO-24-107733,"PDF pp. 2, 1-2",10,"[{""evaluation_document"": ""GAO-24-106916"", ""indexed_document"": ""d24106916.pdf"", ""expected_pages"": [1, 2]}, {""evaluation_document"": ""GAO-24-107733"", ""indexed_document"": ""gao-24-107733.pdf"", ""expected_pages"": [1, 2]}]","[{""rank"": 1, ""document"": ""d24106916.pdf"", ""page"": 13, ""distance"": 0.7818964719772339}, {""rank"": 2, ""document"": ""gao-24-107231.pdf"", ""page"": 18, ""distance"": 0.8464384078979492}, {""rank"": 3, ""document"": ""d24106916.pdf"", ""page"": 14, ""distance"": 0.8692067861557007}, {""rank"": 4, ""document"": ""gao-24-107733.pdf"", ""page"": 1, ""distance"": 0.8816329836845398}, {""rank"": 5, ""document"": ""gao-16-885t.pdf"", ""page"": 15, ""distance"": 0.9059134721755981}, {""rank"": 6, ""document"": ""d24106916.pdf"", ""page"": 33, ""distance"": 0.911248505115509}, {""rank"": 7, ""document"": ""d24106916.pdf"", ""page"": 15, ""distance"": 0.9173426628112793}, {""rank"": 8, ""document"": ""gao-24-107231.pdf"", ""page"": 24, ""distance"": 0.9238497018814087}, {""rank"": 9, ""document"": ""gao-16-885t.pdf"", ""page"": 14, ""distance"": 0.9265993237495422}, {""rank"": 10, ""document"": ""d24106916.pdf"", ""page"": 17, ""distance"": 0.9282286167144775}]",1.0,0.5,True,False,0.012641799985431135
EQ068,Compare federal-system security challenges with critical-infrastructure cybersecurity challenges in GAO's high-risk framework.,"Federal-system challenges concern securing systems and information; critical-infrastructure challenges concern protecting sector systems, including OT, where failures can harm safety, national security, the environment, and the economy.",GAO-24-107231,PDF pp. 2-4,1,"[{""evaluation_document"": ""GAO-24-107231"", ""indexed_document"": ""gao-24-107231.pdf"", ""expected_pages"": [2, 3, 4]}]","[{""rank"": 1, ""document"": ""gao-24-107231.pdf"", ""page"": 5, ""distance"": 0.4566796123981476}]",1.0,0.0,True,False,0.013746900018304586
EQ068,Compare federal-system security challenges with critical-infrastructure cybersecurity challenges in GAO's high-risk framework.,"Federal-system challenges concern securing systems and information; critical-infrastructure challenges concern protecting sector systems, including OT, where failures can harm safety, national security, the environment, and the economy.",GAO-24-107231,PDF pp. 2-4,2,"[{""evaluation_document"": ""GAO-24-107231"", ""indexed_document"": ""gao-24-107231.pdf"", ""expected_pages"": [2, 3, 4]}]","[{""rank"": 1, ""document"": ""gao-24-107231-highlights.pdf"", ""page"": 4, ""distance"": 0.4566796123981476}, {""rank"": 2, ""document"": ""gao-24-107231.pdf"", ""page"": 5, ""distance"": 0.4566796123981476}]",1.0,0.0,True,False,0.013485100003890693
EQ068,Compare federal-system security challenges with critical-infrastructure cybersecurity challenges in GAO's high-risk framework.,"Federal-system challenges concern securing systems and information; critical-infrastructure challenges concern protecting sector systems, including OT, where failures can harm safety, national security, the environment, and the economy.",GAO-24-107231,PDF pp. 2-4,3,"[{""evaluation_document"": ""GAO-24-107231"", ""indexed_document"": ""gao-24-107231.pdf"", ""expected_pages"": [2, 3, 4]}]","[{""rank"": 1, ""document"": ""gao-24-107231-highlights.pdf"", ""page"": 4, ""distance"": 0.4566796123981476}, {""rank"": 2, ""document"": ""gao-24-107231.pdf"", ""page"": 5, ""distance"": 0.4566796123981476}, {""rank"": 3, ""document"": ""gao-24-107231.pdf"", ""page"": 2, ""distance"": 0.4768063426017761}]",1.0,1.0,True,True,0.012467399996239692
EQ068,Compare federal-system security challenges with critical-infrastructure cybersecurity challenges in GAO's high-risk framework.,"Federal-system challenges concern securing systems and information; critical-infrastructure challenges concern protecting sector systems, including OT, where failures can harm safety, national security, the environment, and the economy.",GAO-24-107231,PDF pp. 2-4,4,"[{""evaluation_document"": ""GAO-24-107231"", ""indexed_document"": ""gao-24-107231.pdf"", ""expected_pages"": [2, 3, 4]}]","[{""rank"": 1, ""document"": ""gao-24-107231-highlights.pdf"", ""page"": 4, ""distance"": 0.4566796123981476}, {""rank"": 2, ""document"": ""gao-24-107231.pdf"", ""page"": 5, ""distance"": 0.4566796123981476}, {""rank"": 3, ""document"": ""gao-24-107231-highlights.pdf"", ""page"": 1, ""distance"": 0.4768063426017761}, {""rank"": 4, ""document"": ""gao-24-107231.pdf"", ""page"": 2, ""distance"": 0.4768063426017761}]",1.0,1.0,True,True,0.01211359997978434
EQ068,Compare federal-system security challenges with critical-infrastructure cybersecurity challenges in GAO's high-risk framework.,"Federal-system challenges concern securing systems and information; critical-infrastructure challenges concern protecting sector systems, including OT, where failures can harm safety, national security, the environment, and the economy.",GAO-24-107231,PDF pp. 2-4,5,"[{""evaluation_document"": ""GAO-24-107231"", ""indexed_document"": ""gao-24-107231.pdf"", ""expected_pages"": [2, 3, 4]}]","[{""rank"": 1, ""document"": ""gao-24-107231-highlights.pdf"", ""page"": 4, ""distance"": 0.4566796123981476}, {""rank"": 2, ""document"": ""gao-24-107231.pdf"", ""page"": 5, ""distance"": 0.4566796123981476}, {""rank"": 3, ""document"": ""gao-24-107231-highlights.pdf"", ""page"": 1, ""distance"": 0.4768063426017761}, {""rank"": 4, ""document"": ""gao-24-107231.pdf"", ""page"": 2, ""distance"": 0.4768063426017761}, {""rank"": 5, ""document"": ""gao-24-107231-highlights.pdf"", ""page"": 1, ""distance"": 0.48842400312423706}]",1.0,1.0,True,True,0.012904000002890825
EQ068,Compare federal-system security challenges with critical-infrastructure cybersecurity challenges in GAO's high-risk framework.,"Federal-system challenges concern securing systems and information; critical-infrastructure challenges concern protecting sector systems, including OT, where failures can harm safety, national security, the environment, and the economy.",GAO-24-107231,PDF pp. 2-4,6,"[{""evaluation_document"": ""GAO-24-107231"", ""indexed_document"": ""gao-24-107231.pdf"", ""expected_pages"": [2, 3, 4]}]","[{""rank"": 1, ""document"": ""gao-24-107231-highlights.pdf"", ""page"": 4, ""distance"": 0.4566796123981476}, {""rank"": 2, ""document"": ""gao-24-107231.pdf"", ""page"": 5, ""distance"": 0.4566796123981476}, {""rank"": 3, ""document"": ""gao-24-107231-highlights.pdf"", ""page"": 1, ""distance"": 0.4768063426017761}, {""rank"": 4, ""document"": ""gao-24-107231.pdf"", ""page"": 2, ""distance"": 0.4768063426017761}, {""rank"": 5, ""document"": ""gao-24-107231-highlights.pdf"", ""page"": 1, ""distance"": 0.48842400312423706}, {""rank"": 6, ""document"": ""gao-24-107231.pdf"", ""page"": 2, ""distance"": 0.48842400312423706}]",1.0,1.0,True,True,0.011922100035008043
EQ068,Compare federal-system security challenges with critical-infrastructure cybersecurity challenges in GAO's high-risk framework.,"Federal-system challenges concern securing systems and information; critical-infrastructure challenges concern protecting sector systems, including OT, where failures can harm safety, national security, the environment, and the economy.",GAO-24-107231,PDF pp. 2-4,7,"[{""evaluation_document"": ""GAO-24-107231"", ""indexed_document"": ""gao-24-107231.pdf"", ""expected_pages"": [2, 3, 4]}]","[{""rank"": 1, ""document"": ""gao-24-107231-highlights.pdf"", ""page"": 4, ""distance"": 0.4566796123981476}, {""rank"": 2, ""document"": ""gao-24-107231.pdf"", ""page"": 5, ""distance"": 0.4566796123981476}, {""rank"": 3, ""document"": ""gao-24-107231-highlights.pdf"", ""page"": 1, ""distance"": 0.4768063426017761}, {""rank"": 4, ""document"": ""gao-24-107231.pdf"", ""page"": 2, ""distance"": 0.4768063426017761}, {""rank"": 5, ""document"": ""gao-24-107231-highlights.pdf"", ""page"": 1, ""distance"": 0.48842400312423706}, {""rank"": 6, ""document"": ""gao-24-107231.pdf"", ""page"": 2, ""distance"": 0.48842400312423706}, {""rank"": 7, ""document"": ""gao-24-107231.pdf"", ""page"": 6, ""distance"": 0.5099619030952454}]",1.0,1.0,True,True,0.010604500013869256
EQ068,Compare federal-system security challenges with critical-infrastructure cybersecurity challenges in GAO's high-risk framework.,"Federal-system challenges concern securing systems and information; critical-infrastructure challenges concern protecting sector systems, including OT, where failures can harm safety, national security, the environment, and the economy.",GAO-24-107231,PDF pp. 2-4,8,"[{""evaluation_document"": ""GAO-24-107231"", ""indexed_document"": ""gao-24-107231.pdf"", ""expected_pages"": [2, 3, 4]}]","[{""rank"": 1, ""document"": ""gao-24-107231-highlights.pdf"", ""page"": 4, ""distance"": 0.4566796123981476}, {""rank"": 2, ""document"": ""gao-24-107231.pdf"", ""page"": 5, ""distance"": 0.4566796123981476}, {""rank"": 3, ""document"": ""gao-24-107231-highlights.pdf"", ""page"": 1, ""distance"": 0.4768063426017761}, {""rank"": 4, ""document"": ""gao-24-107231.pdf"", ""page"": 2, ""distance"": 0.4768063426017761}, {""rank"": 5, ""document"": ""gao-24-107231-highlights.pdf"", ""page"": 1, ""distance"": 0.48842400312423706}, {""rank"": 6, ""document"": ""gao-24-107231.pdf"", ""page"": 2, ""distance"": 0.48842400312423706}, {""rank"": 7, ""document"": ""gao-24-107231.pdf"", ""page"": 6, ""distance"": 0.5099619030952454}, {""rank"": 8, ""document"": ""gao-24-107231.pdf"", ""page"": 86, ""distance"": 0.5157281756401062}]",1.0,1.0,True,True,0.01339959999313578
EQ068,Compare federal-system security challenges with critical-infrastructure cybersecurity challenges in GAO's high-risk framework.,"Federal-system challenges concern securing systems and information; critical-infrastructure challenges concern protecting sector systems, including OT, where failures can harm safety, national security, the environment, and the economy.",GAO-24-107231,PDF pp. 2-4,9,"[{""evaluation_document"": ""GAO-24-107231"", ""indexed_document"": ""gao-24-107231.pdf"", ""expected_pages"": [2, 3, 4]}]","[{""rank"": 1, ""document"": ""gao-24-107231-highlights.pdf"", ""page"": 4, ""distance"": 0.4566796123981476}, {""rank"": 2, ""document"": ""gao-24-107231.pdf"", ""page"": 5, ""distance"": 0.4566796123981476}, {""rank"": 3, ""document"": ""gao-24-107231-highlights.pdf"", ""page"": 1, ""distance"": 0.4768063426017761}, {""rank"": 4, ""document"": ""gao-24-107231.pdf"", ""page"": 2, ""distance"": 0.4768063426017761}, {""rank"": 5, ""document"": ""gao-24-107231-highlights.pdf"", ""page"": 1, ""distance"": 0.48842400312423706}, {""rank"": 6, ""document"": ""gao-24-107231.pdf"", ""page"": 2, ""distance"": 0.48842400312423706}, {""rank"": 7, ""document"": ""gao-24-107231.pdf"", ""page"": 6, ""distance"": 0.5099619030952454}, {""rank"": 8, ""document"": ""gao-24-107231.pdf"", ""page"": 86, ""distance"": 0.5157281756401062}, {""rank"": 9, ""document"": ""gao-24-107231.pdf"", ""page"": 88, ""distance"": 0.557113766670227}]",1.0,1.0,True,True,0.013379500014707446
EQ068,Compare federal-system security challenges with critical-infrastructure cybersecurity challenges in GAO's high-risk framework.,"Federal-system challenges concern securing systems and information; critical-infrastructure challenges concern protecting sector systems, including OT, where failures can harm safety, national security, the environment, and the economy.",GAO-24-107231,PDF pp. 2-4,10,"[{""evaluation_document"": ""GAO-24-107231"", ""indexed_document"": ""gao-24-107231.pdf"", ""expected_pages"": [2, 3, 4]}]","[{""rank"": 1, ""document"": ""gao-24-107231-highlights.pdf"", ""page"": 4, ""distance"": 0.4566796123981476}, {""rank"": 2, ""document"": ""gao-24-107231.pdf"", ""page"": 5, ""distance"": 0.4566796123981476}, {""rank"": 3, ""document"": ""gao-24-107231-highlights.pdf"", ""page"": 1, ""distance"": 0.4768063426017761}, {""rank"": 4, ""document"": ""gao-24-107231.pdf"", ""page"": 2, ""distance"": 0.4768063426017761}, {""rank"": 5, ""document"": ""gao-24-107231-highlights.pdf"", ""page"": 1, ""distance"": 0.48842400312423706}, {""rank"": 6, ""document"": ""gao-24-107231.pdf"", ""page"": 2, ""distance"": 0.48842400312423706}, {""rank"": 7, ""document"": ""gao-24-107231.pdf"", ""page"": 6, ""distance"": 0.5099619030952454}, {""rank"": 8, ""document"": ""gao-24-107231.pdf"", ""page"": 86, ""distance"": 0.5157281756401062}, {""rank"": 9, ""document"": ""gao-24-107231.pdf"", ""page"": 88, ""distance"": 0.557113766670227}, {""rank"": 10, ""document"": ""gao-24-107231-highlights.pdf"", ""page"": 3, ""distance"": 0.5780924558639526}]",1.0,1.0,True,True,0.011950000014621764
EQ069,"Compare the transparency problems in DOGE's contract, grant, and lease savings estimates.","For contracts, DOGE often did not use its stated method; for grants, 96 percent of reported savings lacked enough information for verification; for leases, the calculation explanation was absent and savings were overstated by more than $80 million.",GAO-26-108615,PDF pp. 2-3,1,"[{""evaluation_document"": ""GAO-26-108615"", ""indexed_document"": ""gao-26-108615.pdf"", ""expected_pages"": [2, 3]}]","[{""rank"": 1, ""document"": ""gao-26-108615.pdf"", ""page"": 19, ""distance"": 0.5652586221694946}]",1.0,0.0,True,False,0.010393200034741312
EQ069,"Compare the transparency problems in DOGE's contract, grant, and lease savings estimates.","For contracts, DOGE often did not use its stated method; for grants, 96 percent of reported savings lacked enough information for verification; for leases, the calculation explanation was absent and savings were overstated by more than $80 million.",GAO-26-108615,PDF pp. 2-3,2,"[{""evaluation_document"": ""GAO-26-108615"", ""indexed_document"": ""gao-26-108615.pdf"", ""expected_pages"": [2, 3]}]","[{""rank"": 1, ""document"": ""gao-26-108615.pdf"", ""page"": 19, ""distance"": 0.5652586221694946}, {""rank"": 2, ""document"": ""gao-26-108615.pdf"", ""page"": 2, ""distance"": 0.5798359513282776}]",1.0,1.0,True,True,0.010612100013531744
EQ069,"Compare the transparency problems in DOGE's contract, grant, and lease savings estimates.","For contracts, DOGE often did not use its stated method; for grants, 96 percent of reported savings lacked enough information for verification; for leases, the calculation explanation was absent and savings were overstated by more than $80 million.",GAO-26-108615,PDF pp. 2-3,3,"[{""evaluation_document"": ""GAO-26-108615"", ""indexed_document"": ""gao-26-108615.pdf"", ""expected_pages"": [2, 3]}]","[{""rank"": 1, ""document"": ""gao-26-108615.pdf"", ""page"": 19, ""distance"": 0.5652586221694946}, {""rank"": 2, ""document"": ""gao-26-108615.pdf"", ""page"": 2, ""distance"": 0.5798359513282776}, {""rank"": 3, ""document"": ""gao-26-108615.pdf"", ""page"": 41, ""distance"": 0.5912975668907166}]",1.0,1.0,True,True,0.010426699998788536
EQ069,"Compare the transparency problems in DOGE's contract, grant, and lease savings estimates.","For contracts, DOGE often did not use its stated method; for grants, 96 percent of reported savings lacked enough information for verification; for leases, the calculation explanation was absent and savings were overstated by more than $80 million.",GAO-26-108615,PDF pp. 2-3,4,"[{""evaluation_document"": ""GAO-26-108615"", ""indexed_document"": ""gao-26-108615.pdf"", ""expected_pages"": [2, 3]}]","[{""rank"": 1, ""document"": ""gao-26-108615.pdf"", ""page"": 19, ""distance"": 0.5652586221694946}, {""rank"": 2, ""document"": ""gao-26-108615.pdf"", ""page"": 2, ""distance"": 0.5798359513282776}, {""rank"": 3, ""document"": ""gao-26-108615.pdf"", ""page"": 41, ""distance"": 0.5912975668907166}, {""rank"": 4, ""document"": ""gao-26-108615.pdf"", ""page"": 42, ""distance"": 0.606983482837677}]",1.0,1.0,True,True,0.012330900004599243
EQ069,"Compare the transparency problems in DOGE's contract, grant, and lease savings estimates.","For contracts, DOGE often did not use its stated method; for grants, 96 percent of reported savings lacked enough information for verification; for leases, the calculation explanation was absent and savings were overstated by more than $80 million.",GAO-26-108615,PDF pp. 2-3,5,"[{""evaluation_document"": ""GAO-26-108615"", ""indexed_document"": ""gao-26-108615.pdf"", ""expected_pages"": [2, 3]}]","[{""rank"": 1, ""document"": ""gao-26-108615.pdf"", ""page"": 19, ""distance"": 0.5652586221694946}, {""rank"": 2, ""document"": ""gao-26-108615.pdf"", ""page"": 2, ""distance"": 0.5798359513282776}, {""rank"": 3, ""document"": ""gao-26-108615.pdf"", ""page"": 41, ""distance"": 0.5912975668907166}, {""rank"": 4, ""document"": ""gao-26-108615.pdf"", ""page"": 42, ""distance"": 0.606983482837677}, {""rank"": 5, ""document"": ""gao-26-108615.pdf"", ""page"": 6, ""distance"": 0.6087215542793274}]",1.0,1.0,True,True,0.011390200001187623
EQ069,"Compare the transparency problems in DOGE's contract, grant, and lease savings estimates.","For contracts, DOGE often did not use its stated method; for grants, 96 percent of reported savings lacked enough information for verification; for leases, the calculation explanation was absent and savings were overstated by more than $80 million.",GAO-26-108615,PDF pp. 2-3,6,"[{""evaluation_document"": ""GAO-26-108615"", ""indexed_document"": ""gao-26-108615.pdf"", ""expected_pages"": [2, 3]}]","[{""rank"": 1, ""document"": ""gao-26-108615.pdf"", ""page"": 19, ""distance"": 0.5652586221694946}, {""rank"": 2, ""document"": ""gao-26-108615.pdf"", ""page"": 2, ""distance"": 0.5798359513282776}, {""rank"": 3, ""document"": ""gao-26-108615.pdf"", ""page"": 41, ""distance"": 0.5912975668907166}, {""rank"": 4, ""document"": ""gao-26-108615.pdf"", ""page"": 42, ""distance"": 0.606983482837677}, {""rank"": 5, ""document"": ""gao-26-108615.pdf"", ""page"": 6, ""distance"": 0.6087215542793274}, {""rank"": 6, ""document"": ""gao-26-108615.pdf"", ""page"": 9, ""distance"": 0.6488815546035767}]",1.0,1.0,True,True,0.012508000014349818
EQ069,"Compare the transparency problems in DOGE's contract, grant, and lease savings estimates.","For contracts, DOGE often did not use its stated method; for grants, 96 percent of reported savings lacked enough information for verification; for leases, the calculation explanation was absent and savings were overstated by more than $80 million.",GAO-26-108615,PDF pp. 2-3,7,"[{""evaluation_document"": ""GAO-26-108615"", ""indexed_document"": ""gao-26-108615.pdf"", ""expected_pages"": [2, 3]}]","[{""rank"": 1, ""document"": ""gao-26-108615.pdf"", ""page"": 19, ""distance"": 0.5652586221694946}, {""rank"": 2, ""document"": ""gao-26-108615.pdf"", ""page"": 2, ""distance"": 0.5798359513282776}, {""rank"": 3, ""document"": ""gao-26-108615.pdf"", ""page"": 41, ""distance"": 0.5912975668907166}, {""rank"": 4, ""document"": ""gao-26-108615.pdf"", ""page"": 42, ""distance"": 0.606983482837677}, {""rank"": 5, ""document"": ""gao-26-108615.pdf"", ""page"": 6, ""distance"": 0.6087215542793274}, {""rank"": 6, ""document"": ""gao-26-108615.pdf"", ""page"": 9, ""distance"": 0.6488815546035767}, {""rank"": 7, ""document"": ""gao-26-108615.pdf"", ""page"": 7, ""distance"": 0.6494819521903992}]",1.0,1.0,True,True,0.011310699977912009
EQ069,"Compare the transparency problems in DOGE's contract, grant, and lease savings estimates.","For contracts, DOGE often did not use its stated method; for grants, 96 percent of reported savings lacked enough information for verification; for leases, the calculation explanation was absent and savings were overstated by more than $80 million.",GAO-26-108615,PDF pp. 2-3,8,"[{""evaluation_document"": ""GAO-26-108615"", ""indexed_document"": ""gao-26-108615.pdf"", ""expected_pages"": [2, 3]}]","[{""rank"": 1, ""document"": ""gao-26-108615.pdf"", ""page"": 19, ""distance"": 0.5652586221694946}, {""rank"": 2, ""document"": ""gao-26-108615.pdf"", ""page"": 2, ""distance"": 0.5798359513282776}, {""rank"": 3, ""document"": ""gao-26-108615.pdf"", ""page"": 41, ""distance"": 0.5912975668907166}, {""rank"": 4, ""document"": ""gao-26-108615.pdf"", ""page"": 42, ""distance"": 0.606983482837677}, {""rank"": 5, ""document"": ""gao-26-108615.pdf"", ""page"": 6, ""distance"": 0.6087215542793274}, {""rank"": 6, ""document"": ""gao-26-108615.pdf"", ""page"": 9, ""distance"": 0.6488815546035767}, {""rank"": 7, ""document"": ""gao-26-108615.pdf"", ""page"": 7, ""distance"": 0.6494819521903992}, {""rank"": 8, ""document"": ""gao-26-108615.pdf"", ""page"": 12, ""distance"": 0.6511062383651733}]",1.0,1.0,True,True,0.010882799979299307
EQ069,"Compare the transparency problems in DOGE's contract, grant, and lease savings estimates.","For contracts, DOGE often did not use its stated method; for grants, 96 percent of reported savings lacked enough information for verification; for leases, the calculation explanation was absent and savings were overstated by more than $80 million.",GAO-26-108615,PDF pp. 2-3,9,"[{""evaluation_document"": ""GAO-26-108615"", ""indexed_document"": ""gao-26-108615.pdf"", ""expected_pages"": [2, 3]}]","[{""rank"": 1, ""document"": ""gao-26-108615.pdf"", ""page"": 19, ""distance"": 0.5652586221694946}, {""rank"": 2, ""document"": ""gao-26-108615.pdf"", ""page"": 2, ""distance"": 0.5798359513282776}, {""rank"": 3, ""document"": ""gao-26-108615.pdf"", ""page"": 41, ""distance"": 0.5912975668907166}, {""rank"": 4, ""document"": ""gao-26-108615.pdf"", ""page"": 42, ""distance"": 0.606983482837677}, {""rank"": 5, ""document"": ""gao-26-108615.pdf"", ""page"": 6, ""distance"": 0.6087215542793274}, {""rank"": 6, ""document"": ""gao-26-108615.pdf"", ""page"": 9, ""distance"": 0.6488815546035767}, {""rank"": 7, ""document"": ""gao-26-108615.pdf"", ""page"": 7, ""distance"": 0.6494819521903992}, {""rank"": 8, ""document"": ""gao-26-108615.pdf"", ""page"": 12, ""distance"": 0.6511062383651733}, {""rank"": 9, ""document"": ""gao-26-108615.pdf"", ""page"": 23, ""distance"": 0.6563616991043091}]",1.0,1.0,True,True,0.013031000038608909
EQ069,"Compare the transparency problems in DOGE's contract, grant, and lease savings estimates.","For contracts, DOGE often did not use its stated method; for grants, 96 percent of reported savings lacked enough information for verification; for leases, the calculation explanation was absent and savings were overstated by more than $80 million.",GAO-26-108615,PDF pp. 2-3,10,"[{""evaluation_document"": ""GAO-26-108615"", ""indexed_document"": ""gao-26-108615.pdf"", ""expected_pages"": [2, 3]}]","[{""rank"": 1, ""document"": ""gao-26-108615.pdf"", ""page"": 19, ""distance"": 0.5652586221694946}, {""rank"": 2, ""document"": ""gao-26-108615.pdf"", ""page"": 2, ""distance"": 0.5798359513282776}, {""rank"": 3, ""document"": ""gao-26-108615.pdf"", ""page"": 41, ""distance"": 0.5912975668907166}, {""rank"": 4, ""document"": ""gao-26-108615.pdf"", ""page"": 42, ""distance"": 0.606983482837677}, {""rank"": 5, ""document"": ""gao-26-108615.pdf"", ""page"": 6, ""distance"": 0.6087215542793274}, {""rank"": 6, ""document"": ""gao-26-108615.pdf"", ""page"": 9, ""distance"": 0.6488815546035767}, {""rank"": 7, ""document"": ""gao-26-108615.pdf"", ""page"": 7, ""distance"": 0.6494819521903992}, {""rank"": 8, ""document"": ""gao-26-108615.pdf"", ""page"": 12, ""distance"": 0.6511062383651733}, {""rank"": 9, ""document"": ""gao-26-108615.pdf"", ""page"": 23, ""distance"": 0.6563616991043091}, {""rank"": 10, ""document"": ""gao-26-108615.pdf"", ""page"": 1, ""distance"": 0.6752874255180359}]",1.0,1.0,True,True,0.012575000000651926
EQ070,Compare the Navy's DDG 1000 modernization schedule challenge with its missile-production challenge.,"Modernization was 24 months behind, while CPS production faced quality and production issues and was below the goal of 12 rounds per year; both also affected testing plans.",GAO-26-107974,PDF p. 2,1,"[{""evaluation_document"": ""GAO-26-107974"", ""indexed_document"": ""gao-26-107974.pdf"", ""expected_pages"": [2]}]","[{""rank"": 1, ""document"": ""gao-26-107974.pdf"", ""page"": 14, ""distance"": 0.4980916380882263}]",1.0,0.0,True,False,0.012132899952121079
EQ070,Compare the Navy's DDG 1000 modernization schedule challenge with its missile-production challenge.,"Modernization was 24 months behind, while CPS production faced quality and production issues and was below the goal of 12 rounds per year; both also affected testing plans.",GAO-26-107974,PDF p. 2,2,"[{""evaluation_document"": ""GAO-26-107974"", ""indexed_document"": ""gao-26-107974.pdf"", ""expected_pages"": [2]}]","[{""rank"": 1, ""document"": ""gao-26-107974.pdf"", ""page"": 14, ""distance"": 0.4980916380882263}, {""rank"": 2, ""document"": ""gao-26-107974.pdf"", ""page"": 2, ""distance"": 0.5652343034744263}]",1.0,1.0,True,True,0.012076900049578398
EQ070,Compare the Navy's DDG 1000 modernization schedule challenge with its missile-production challenge.,"Modernization was 24 months behind, while CPS production faced quality and production issues and was below the goal of 12 rounds per year; both also affected testing plans.",GAO-26-107974,PDF p. 2,3,"[{""evaluation_document"": ""GAO-26-107974"", ""indexed_document"": ""gao-26-107974.pdf"", ""expected_pages"": [2]}]","[{""rank"": 1, ""document"": ""gao-26-107974.pdf"", ""page"": 14, ""distance"": 0.4980916380882263}, {""rank"": 2, ""document"": ""gao-26-107974.pdf"", ""page"": 2, ""distance"": 0.5652343034744263}, {""rank"": 3, ""document"": ""gao-26-107974.pdf"", ""page"": 3, ""distance"": 0.5925945043563843}]",1.0,1.0,True,True,0.010137700010091066
EQ070,Compare the Navy's DDG 1000 modernization schedule challenge with its missile-production challenge.,"Modernization was 24 months behind, while CPS production faced quality and production issues and was below the goal of 12 rounds per year; both also affected testing plans.",GAO-26-107974,PDF p. 2,4,"[{""evaluation_document"": ""GAO-26-107974"", ""indexed_document"": ""gao-26-107974.pdf"", ""expected_pages"": [2]}]","[{""rank"": 1, ""document"": ""gao-26-107974.pdf"", ""page"": 14, ""distance"": 0.4980916380882263}, {""rank"": 2, ""document"": ""gao-26-107974.pdf"", ""page"": 2, ""distance"": 0.5652343034744263}, {""rank"": 3, ""document"": ""gao-26-107974.pdf"", ""page"": 3, ""distance"": 0.5925945043563843}, {""rank"": 4, ""document"": ""gao-26-107974.pdf"", ""page"": 6, ""distance"": 0.6104023456573486}]",1.0,1.0,True,True,0.010592499980702996
EQ070,Compare the Navy's DDG 1000 modernization schedule challenge with its missile-production challenge.,"Modernization was 24 months behind, while CPS production faced quality and production issues and was below the goal of 12 rounds per year; both also affected testing plans.",GAO-26-107974,PDF p. 2,5,"[{""evaluation_document"": ""GAO-26-107974"", ""indexed_document"": ""gao-26-107974.pdf"", ""expected_pages"": [2]}]","[{""rank"": 1, ""document"": ""gao-26-107974.pdf"", ""page"": 14, ""distance"": 0.4980916380882263}, {""rank"": 2, ""document"": ""gao-26-107974.pdf"", ""page"": 2, ""distance"": 0.5652343034744263}, {""rank"": 3, ""document"": ""gao-26-107974.pdf"", ""page"": 3, ""distance"": 0.5925945043563843}, {""rank"": 4, ""document"": ""gao-26-107974.pdf"", ""page"": 6, ""distance"": 0.6104023456573486}, {""rank"": 5, ""document"": ""gao-26-107974.pdf"", ""page"": 19, ""distance"": 0.6176225543022156}]",1.0,1.0,True,True,0.01124399999389425
EQ070,Compare the Navy's DDG 1000 modernization schedule challenge with its missile-production challenge.,"Modernization was 24 months behind, while CPS production faced quality and production issues and was below the goal of 12 rounds per year; both also affected testing plans.",GAO-26-107974,PDF p. 2,6,"[{""evaluation_document"": ""GAO-26-107974"", ""indexed_document"": ""gao-26-107974.pdf"", ""expected_pages"": [2]}]","[{""rank"": 1, ""document"": ""gao-26-107974.pdf"", ""page"": 14, ""distance"": 0.4980916380882263}, {""rank"": 2, ""document"": ""gao-26-107974.pdf"", ""page"": 2, ""distance"": 0.5652343034744263}, {""rank"": 3, ""document"": ""gao-26-107974.pdf"", ""page"": 3, ""distance"": 0.5925945043563843}, {""rank"": 4, ""document"": ""gao-26-107974.pdf"", ""page"": 6, ""distance"": 0.6104023456573486}, {""rank"": 5, ""document"": ""gao-26-107974.pdf"", ""page"": 19, ""distance"": 0.6176225543022156}, {""rank"": 6, ""document"": ""gao-26-107974.pdf"", ""page"": 15, ""distance"": 0.6844523549079895}]",1.0,1.0,True,True,0.011515899968799204
EQ070,Compare the Navy's DDG 1000 modernization schedule challenge with its missile-production challenge.,"Modernization was 24 months behind, while CPS production faced quality and production issues and was below the goal of 12 rounds per year; both also affected testing plans.",GAO-26-107974,PDF p. 2,7,"[{""evaluation_document"": ""GAO-26-107974"", ""indexed_document"": ""gao-26-107974.pdf"", ""expected_pages"": [2]}]","[{""rank"": 1, ""document"": ""gao-26-107974.pdf"", ""page"": 14, ""distance"": 0.4980916380882263}, {""rank"": 2, ""document"": ""gao-26-107974.pdf"", ""page"": 2, ""distance"": 0.5652343034744263}, {""rank"": 3, ""document"": ""gao-26-107974.pdf"", ""page"": 3, ""distance"": 0.5925945043563843}, {""rank"": 4, ""document"": ""gao-26-107974.pdf"", ""page"": 6, ""distance"": 0.6104023456573486}, {""rank"": 5, ""document"": ""gao-26-107974.pdf"", ""page"": 19, ""distance"": 0.6176225543022156}, {""rank"": 6, ""document"": ""gao-26-107974.pdf"", ""page"": 15, ""distance"": 0.6844523549079895}, {""rank"": 7, ""document"": ""gao-26-107974.pdf"", ""page"": 8, ""distance"": 0.6858634948730469}]",1.0,1.0,True,True,0.013087200000882149
EQ070,Compare the Navy's DDG 1000 modernization schedule challenge with its missile-production challenge.,"Modernization was 24 months behind, while CPS production faced quality and production issues and was below the goal of 12 rounds per year; both also affected testing plans.",GAO-26-107974,PDF p. 2,8,"[{""evaluation_document"": ""GAO-26-107974"", ""indexed_document"": ""gao-26-107974.pdf"", ""expected_pages"": [2]}]","[{""rank"": 1, ""document"": ""gao-26-107974.pdf"", ""page"": 14, ""distance"": 0.4980916380882263}, {""rank"": 2, ""document"": ""gao-26-107974.pdf"", ""page"": 2, ""distance"": 0.5652343034744263}, {""rank"": 3, ""document"": ""gao-26-107974.pdf"", ""page"": 3, ""distance"": 0.5925945043563843}, {""rank"": 4, ""document"": ""gao-26-107974.pdf"", ""page"": 6, ""distance"": 0.6104023456573486}, {""rank"": 5, ""document"": ""gao-26-107974.pdf"", ""page"": 19, ""distance"": 0.6176225543022156}, {""rank"": 6, ""document"": ""gao-26-107974.pdf"", ""page"": 15, ""distance"": 0.6844523549079895}, {""rank"": 7, ""document"": ""gao-26-107974.pdf"", ""page"": 8, ""distance"": 0.6858634948730469}, {""rank"": 8, ""document"": ""gao-26-107974.pdf"", ""page"": 17, ""distance"": 0.7065985202789307}]",1.0,1.0,True,True,0.011040300014428794
EQ070,Compare the Navy's DDG 1000 modernization schedule challenge with its missile-production challenge.,"Modernization was 24 months behind, while CPS production faced quality and production issues and was below the goal of 12 rounds per year; both also affected testing plans.",GAO-26-107974,PDF p. 2,9,"[{""evaluation_document"": ""GAO-26-107974"", ""indexed_document"": ""gao-26-107974.pdf"", ""expected_pages"": [2]}]","[{""rank"": 1, ""document"": ""gao-26-107974.pdf"", ""page"": 14, ""distance"": 0.4980916380882263}, {""rank"": 2, ""document"": ""gao-26-107974.pdf"", ""page"": 2, ""distance"": 0.5652343034744263}, {""rank"": 3, ""document"": ""gao-26-107974.pdf"", ""page"": 3, ""distance"": 0.5925945043563843}, {""rank"": 4, ""document"": ""gao-26-107974.pdf"", ""page"": 6, ""distance"": 0.6104023456573486}, {""rank"": 5, ""document"": ""gao-26-107974.pdf"", ""page"": 19, ""distance"": 0.6176225543022156}, {""rank"": 6, ""document"": ""gao-26-107974.pdf"", ""page"": 15, ""distance"": 0.6844523549079895}, {""rank"": 7, ""document"": ""gao-26-107974.pdf"", ""page"": 8, ""distance"": 0.6858634948730469}, {""rank"": 8, ""document"": ""gao-26-107974.pdf"", ""page"": 17, ""distance"": 0.7065985202789307}, {""rank"": 9, ""document"": ""gao-26-107974.pdf"", ""page"": 24, ""distance"": 0.7269576787948608}]",1.0,1.0,True,True,0.01297440001508221
EQ070,Compare the Navy's DDG 1000 modernization schedule challenge with its missile-production challenge.,"Modernization was 24 months behind, while CPS production faced quality and production issues and was below the goal of 12 rounds per year; both also affected testing plans.",GAO-26-107974,PDF p. 2,10,"[{""evaluation_document"": ""GAO-26-107974"", ""indexed_document"": ""gao-26-107974.pdf"", ""expected_pages"": [2]}]","[{""rank"": 1, ""document"": ""gao-26-107974.pdf"", ""page"": 14, ""distance"": 0.4980916380882263}, {""rank"": 2, ""document"": ""gao-26-107974.pdf"", ""page"": 2, ""distance"": 0.5652343034744263}, {""rank"": 3, ""document"": ""gao-26-107974.pdf"", ""page"": 3, ""distance"": 0.5925945043563843}, {""rank"": 4, ""document"": ""gao-26-107974.pdf"", ""page"": 6, ""distance"": 0.6104023456573486}, {""rank"": 5, ""document"": ""gao-26-107974.pdf"", ""page"": 19, ""distance"": 0.6176225543022156}, {""rank"": 6, ""document"": ""gao-26-107974.pdf"", ""page"": 15, ""distance"": 0.6844523549079895}, {""rank"": 7, ""document"": ""gao-26-107974.pdf"", ""page"": 8, ""distance"": 0.6858634948730469}, {""rank"": 8, ""document"": ""gao-26-107974.pdf"", ""page"": 17, ""distance"": 0.7065985202789307}, {""rank"": 9, ""document"": ""gao-26-107974.pdf"", ""page"": 24, ""distance"": 0.7269576787948608}, {""rank"": 10, ""document"": ""gao-26-107974.pdf"", ""page"": 2, ""distance"": 0.7389376163482666}]",1.0,1.0,True,True,0.01316400000359863
EQ071,Summarize the main incident-response preparedness finding for federal agencies.,"Agencies made progress by standardizing plans and improving detection, analysis, and handling, but still needed to fully implement requirements, including event logging.",GAO-24-105658,PDF p. 2,1,"[{""evaluation_document"": ""GAO-24-105658"", ""indexed_document"": ""d24105658.pdf"", ""expected_pages"": [2]}]","[{""rank"": 1, ""document"": ""d24105658.pdf"", ""page"": 9, ""distance"": 0.7406904697418213}]",1.0,0.0,True,False,0.01090170000679791
EQ071,Summarize the main incident-response preparedness finding for federal agencies.,"Agencies made progress by standardizing plans and improving detection, analysis, and handling, but still needed to fully implement requirements, including event logging.",GAO-24-105658,PDF p. 2,2,"[{""evaluation_document"": ""GAO-24-105658"", ""indexed_document"": ""d24105658.pdf"", ""expected_pages"": [2]}]","[{""rank"": 1, ""document"": ""d24105658.pdf"", ""page"": 9, ""distance"": 0.7406904697418213}, {""rank"": 2, ""document"": ""d24105658.pdf"", ""page"": 24, ""distance"": 0.7556505799293518}]",1.0,0.0,True,False,0.011221399996429682
EQ071,Summarize the main incident-response preparedness finding for federal agencies.,"Agencies made progress by standardizing plans and improving detection, analysis, and handling, but still needed to fully implement requirements, including event logging.",GAO-24-105658,PDF p. 2,3,"[{""evaluation_document"": ""GAO-24-105658"", ""indexed_document"": ""d24105658.pdf"", ""expected_pages"": [2]}]","[{""rank"": 1, ""document"": ""d24105658.pdf"", ""page"": 9, ""distance"": 0.7406904697418213}, {""rank"": 2, ""document"": ""d24105658.pdf"", ""page"": 24, ""distance"": 0.7556505799293518}, {""rank"": 3, ""document"": ""d24105658.pdf"", ""page"": 5, ""distance"": 0.75604248046875}]",1.0,0.0,True,False,0.010653000033926219
EQ071,Summarize the main incident-response preparedness finding for federal agencies.,"Agencies made progress by standardizing plans and improving detection, analysis, and handling, but still needed to fully implement requirements, including event logging.",GAO-24-105658,PDF p. 2,4,"[{""evaluation_document"": ""GAO-24-105658"", ""indexed_document"": ""d24105658.pdf"", ""expected_pages"": [2]}]","[{""rank"": 1, ""document"": ""d24105658.pdf"", ""page"": 9, ""distance"": 0.7406904697418213}, {""rank"": 2, ""document"": ""d24105658.pdf"", ""page"": 24, ""distance"": 0.7556505799293518}, {""rank"": 3, ""document"": ""d24105658.pdf"", ""page"": 5, ""distance"": 0.75604248046875}, {""rank"": 4, ""document"": ""d24105658.pdf"", ""page"": 3, ""distance"": 0.7608151435852051}]",1.0,0.0,True,False,0.012152399984188378
EQ071,Summarize the main incident-response preparedness finding for federal agencies.,"Agencies made progress by standardizing plans and improving detection, analysis, and handling, but still needed to fully implement requirements, including event logging.",GAO-24-105658,PDF p. 2,5,"[{""evaluation_document"": ""GAO-24-105658"", ""indexed_document"": ""d24105658.pdf"", ""expected_pages"": [2]}]","[{""rank"": 1, ""document"": ""d24105658.pdf"", ""page"": 9, ""distance"": 0.7406904697418213}, {""rank"": 2, ""document"": ""d24105658.pdf"", ""page"": 24, ""distance"": 0.7556505799293518}, {""rank"": 3, ""document"": ""d24105658.pdf"", ""page"": 5, ""distance"": 0.75604248046875}, {""rank"": 4, ""document"": ""d24105658.pdf"", ""page"": 3, ""distance"": 0.7608151435852051}, {""rank"": 5, ""document"": ""d24105658.pdf"", ""page"": 2, ""distance"": 0.7661606073379517}]",1.0,1.0,True,True,0.010205500002484769
EQ071,Summarize the main incident-response preparedness finding for federal agencies.,"Agencies made progress by standardizing plans and improving detection, analysis, and handling, but still needed to fully implement requirements, including event logging.",GAO-24-105658,PDF p. 2,6,"[{""evaluation_document"": ""GAO-24-105658"", ""indexed_document"": ""d24105658.pdf"", ""expected_pages"": [2]}]","[{""rank"": 1, ""document"": ""d24105658.pdf"", ""page"": 9, ""distance"": 0.7406904697418213}, {""rank"": 2, ""document"": ""d24105658.pdf"", ""page"": 24, ""distance"": 0.7556505799293518}, {""rank"": 3, ""document"": ""d24105658.pdf"", ""page"": 5, ""distance"": 0.75604248046875}, {""rank"": 4, ""document"": ""d24105658.pdf"", ""page"": 3, ""distance"": 0.7608151435852051}, {""rank"": 5, ""document"": ""d24105658.pdf"", ""page"": 2, ""distance"": 0.7661606073379517}, {""rank"": 6, ""document"": ""d24105658.pdf"", ""page"": 15, ""distance"": 0.7746542692184448}]",1.0,1.0,True,True,0.010513300017919391
EQ071,Summarize the main incident-response preparedness finding for federal agencies.,"Agencies made progress by standardizing plans and improving detection, analysis, and handling, but still needed to fully implement requirements, including event logging.",GAO-24-105658,PDF p. 2,7,"[{""evaluation_document"": ""GAO-24-105658"", ""indexed_document"": ""d24105658.pdf"", ""expected_pages"": [2]}]","[{""rank"": 1, ""document"": ""d24105658.pdf"", ""page"": 9, ""distance"": 0.7406904697418213}, {""rank"": 2, ""document"": ""d24105658.pdf"", ""page"": 24, ""distance"": 0.7556505799293518}, {""rank"": 3, ""document"": ""d24105658.pdf"", ""page"": 5, ""distance"": 0.75604248046875}, {""rank"": 4, ""document"": ""d24105658.pdf"", ""page"": 3, ""distance"": 0.7608151435852051}, {""rank"": 5, ""document"": ""d24105658.pdf"", ""page"": 2, ""distance"": 0.7661606073379517}, {""rank"": 6, ""document"": ""d24105658.pdf"", ""page"": 15, ""distance"": 0.7746542692184448}, {""rank"": 7, ""document"": ""d24105658.pdf"", ""page"": 50, ""distance"": 0.7955521941184998}]",1.0,1.0,True,True,0.011648100044112653
EQ071,Summarize the main incident-response preparedness finding for federal agencies.,"Agencies made progress by standardizing plans and improving detection, analysis, and handling, but still needed to fully implement requirements, including event logging.",GAO-24-105658,PDF p. 2,8,"[{""evaluation_document"": ""GAO-24-105658"", ""indexed_document"": ""d24105658.pdf"", ""expected_pages"": [2]}]","[{""rank"": 1, ""document"": ""d24105658.pdf"", ""page"": 9, ""distance"": 0.7406904697418213}, {""rank"": 2, ""document"": ""d24105658.pdf"", ""page"": 24, ""distance"": 0.7556505799293518}, {""rank"": 3, ""document"": ""d24105658.pdf"", ""page"": 5, ""distance"": 0.75604248046875}, {""rank"": 4, ""document"": ""d24105658.pdf"", ""page"": 3, ""distance"": 0.7608151435852051}, {""rank"": 5, ""document"": ""d24105658.pdf"", ""page"": 2, ""distance"": 0.7661606073379517}, {""rank"": 6, ""document"": ""d24105658.pdf"", ""page"": 15, ""distance"": 0.7746542692184448}, {""rank"": 7, ""document"": ""d24105658.pdf"", ""page"": 50, ""distance"": 0.7955521941184998}, {""rank"": 8, ""document"": ""d24105658.pdf"", ""page"": 8, ""distance"": 0.7988991737365723}]",1.0,1.0,True,True,0.011955199996009469
EQ071,Summarize the main incident-response preparedness finding for federal agencies.,"Agencies made progress by standardizing plans and improving detection, analysis, and handling, but still needed to fully implement requirements, including event logging.",GAO-24-105658,PDF p. 2,9,"[{""evaluation_document"": ""GAO-24-105658"", ""indexed_document"": ""d24105658.pdf"", ""expected_pages"": [2]}]","[{""rank"": 1, ""document"": ""d24105658.pdf"", ""page"": 9, ""distance"": 0.7406904697418213}, {""rank"": 2, ""document"": ""d24105658.pdf"", ""page"": 24, ""distance"": 0.7556505799293518}, {""rank"": 3, ""document"": ""d24105658.pdf"", ""page"": 5, ""distance"": 0.75604248046875}, {""rank"": 4, ""document"": ""d24105658.pdf"", ""page"": 3, ""distance"": 0.7608151435852051}, {""rank"": 5, ""document"": ""d24105658.pdf"", ""page"": 2, ""distance"": 0.7661606073379517}, {""rank"": 6, ""document"": ""d24105658.pdf"", ""page"": 15, ""distance"": 0.7746542692184448}, {""rank"": 7, ""document"": ""d24105658.pdf"", ""page"": 50, ""distance"": 0.7955521941184998}, {""rank"": 8, ""document"": ""d24105658.pdf"", ""page"": 8, ""distance"": 0.7988991737365723}, {""rank"": 9, ""document"": ""d24105658.pdf"", ""page"": 25, ""distance"": 0.8064837455749512}]",1.0,1.0,True,True,0.009287499997299165
EQ071,Summarize the main incident-response preparedness finding for federal agencies.,"Agencies made progress by standardizing plans and improving detection, analysis, and handling, but still needed to fully implement requirements, including event logging.",GAO-24-105658,PDF p. 2,10,"[{""evaluation_document"": ""GAO-24-105658"", ""indexed_document"": ""d24105658.pdf"", ""expected_pages"": [2]}]","[{""rank"": 1, ""document"": ""d24105658.pdf"", ""page"": 9, ""distance"": 0.7406904697418213}, {""rank"": 2, ""document"": ""d24105658.pdf"", ""page"": 24, ""distance"": 0.7556505799293518}, {""rank"": 3, ""document"": ""d24105658.pdf"", ""page"": 5, ""distance"": 0.75604248046875}, {""rank"": 4, ""document"": ""d24105658.pdf"", ""page"": 3, ""distance"": 0.7608151435852051}, {""rank"": 5, ""document"": ""d24105658.pdf"", ""page"": 2, ""distance"": 0.7661606073379517}, {""rank"": 6, ""document"": ""d24105658.pdf"", ""page"": 15, ""distance"": 0.7746542692184448}, {""rank"": 7, ""document"": ""d24105658.pdf"", ""page"": 50, ""distance"": 0.7955521941184998}, {""rank"": 8, ""document"": ""d24105658.pdf"", ""page"": 8, ""distance"": 0.7988991737365723}, {""rank"": 9, ""document"": ""d24105658.pdf"", ""page"": 25, ""distance"": 0.8064837455749512}, {""rank"": 10, ""document"": ""d24105658.pdf"", ""page"": 14, ""distance"": 0.8485251665115356}]",1.0,1.0,True,True,0.012106799986213446
EQ072,Summarize the main cybersecurity finding for K-12 schools.,"Cyber incidents, including ransomware, can significantly disrupt learning and impose recovery costs; national scale is uncertain and coordination/support gaps increase the challenge.",GAO-23-105480,PDF pp. 2-3,1,"[{""evaluation_document"": ""GAO-23-105480"", ""indexed_document"": ""gao-23-105480.pdf"", ""expected_pages"": [2, 3]}]","[{""rank"": 1, ""document"": ""gao-23-105480.pdf"", ""page"": 7, ""distance"": 0.45039287209510803}]",1.0,0.0,True,False,0.010548799997195601
EQ072,Summarize the main cybersecurity finding for K-12 schools.,"Cyber incidents, including ransomware, can significantly disrupt learning and impose recovery costs; national scale is uncertain and coordination/support gaps increase the challenge.",GAO-23-105480,PDF pp. 2-3,2,"[{""evaluation_document"": ""GAO-23-105480"", ""indexed_document"": ""gao-23-105480.pdf"", ""expected_pages"": [2, 3]}]","[{""rank"": 1, ""document"": ""gao-23-105480.pdf"", ""page"": 7, ""distance"": 0.45039287209510803}, {""rank"": 2, ""document"": ""gao-23-105480.pdf"", ""page"": 2, ""distance"": 0.472610741853714}]",1.0,1.0,True,True,0.008975400007329881
EQ072,Summarize the main cybersecurity finding for K-12 schools.,"Cyber incidents, including ransomware, can significantly disrupt learning and impose recovery costs; national scale is uncertain and coordination/support gaps increase the challenge.",GAO-23-105480,PDF pp. 2-3,3,"[{""evaluation_document"": ""GAO-23-105480"", ""indexed_document"": ""gao-23-105480.pdf"", ""expected_pages"": [2, 3]}]","[{""rank"": 1, ""document"": ""gao-23-105480.pdf"", ""page"": 7, ""distance"": 0.45039287209510803}, {""rank"": 2, ""document"": ""gao-23-105480.pdf"", ""page"": 2, ""distance"": 0.472610741853714}, {""rank"": 3, ""document"": ""gao-23-105480.pdf"", ""page"": 42, ""distance"": 0.48921456933021545}]",1.0,1.0,True,True,0.012668300012592226
EQ072,Summarize the main cybersecurity finding for K-12 schools.,"Cyber incidents, including ransomware, can significantly disrupt learning and impose recovery costs; national scale is uncertain and coordination/support gaps increase the challenge.",GAO-23-105480,PDF pp. 2-3,4,"[{""evaluation_document"": ""GAO-23-105480"", ""indexed_document"": ""gao-23-105480.pdf"", ""expected_pages"": [2, 3]}]","[{""rank"": 1, ""document"": ""gao-23-105480.pdf"", ""page"": 7, ""distance"": 0.45039287209510803}, {""rank"": 2, ""document"": ""gao-23-105480.pdf"", ""page"": 2, ""distance"": 0.472610741853714}, {""rank"": 3, ""document"": ""gao-23-105480.pdf"", ""page"": 42, ""distance"": 0.48921456933021545}, {""rank"": 4, ""document"": ""gao-23-105480.pdf"", ""page"": 41, ""distance"": 0.49186238646507263}]",1.0,1.0,True,True,0.011389000050257891
EQ072,Summarize the main cybersecurity finding for K-12 schools.,"Cyber incidents, including ransomware, can significantly disrupt learning and impose recovery costs; national scale is uncertain and coordination/support gaps increase the challenge.",GAO-23-105480,PDF pp. 2-3,5,"[{""evaluation_document"": ""GAO-23-105480"", ""indexed_document"": ""gao-23-105480.pdf"", ""expected_pages"": [2, 3]}]","[{""rank"": 1, ""document"": ""gao-23-105480.pdf"", ""page"": 7, ""distance"": 0.45039287209510803}, {""rank"": 2, ""document"": ""gao-23-105480.pdf"", ""page"": 2, ""distance"": 0.472610741853714}, {""rank"": 3, ""document"": ""gao-23-105480.pdf"", ""page"": 42, ""distance"": 0.48921456933021545}, {""rank"": 4, ""document"": ""gao-23-105480.pdf"", ""page"": 41, ""distance"": 0.49186238646507263}, {""rank"": 5, ""document"": ""gao-23-105480.pdf"", ""page"": 30, ""distance"": 0.5019658207893372}]",1.0,1.0,True,True,0.01278479996835813
EQ072,Summarize the main cybersecurity finding for K-12 schools.,"Cyber incidents, including ransomware, can significantly disrupt learning and impose recovery costs; national scale is uncertain and coordination/support gaps increase the challenge.",GAO-23-105480,PDF pp. 2-3,6,"[{""evaluation_document"": ""GAO-23-105480"", ""indexed_document"": ""gao-23-105480.pdf"", ""expected_pages"": [2, 3]}]","[{""rank"": 1, ""document"": ""gao-23-105480.pdf"", ""page"": 7, ""distance"": 0.45039287209510803}, {""rank"": 2, ""document"": ""gao-23-105480.pdf"", ""page"": 2, ""distance"": 0.472610741853714}, {""rank"": 3, ""document"": ""gao-23-105480.pdf"", ""page"": 42, ""distance"": 0.48921456933021545}, {""rank"": 4, ""document"": ""gao-23-105480.pdf"", ""page"": 41, ""distance"": 0.49186238646507263}, {""rank"": 5, ""document"": ""gao-23-105480.pdf"", ""page"": 30, ""distance"": 0.5019658207893372}, {""rank"": 6, ""document"": ""gao-23-105480.pdf"", ""page"": 13, ""distance"": 0.5339269042015076}]",1.0,1.0,True,True,0.011748800054192543
EQ072,Summarize the main cybersecurity finding for K-12 schools.,"Cyber incidents, including ransomware, can significantly disrupt learning and impose recovery costs; national scale is uncertain and coordination/support gaps increase the challenge.",GAO-23-105480,PDF pp. 2-3,7,"[{""evaluation_document"": ""GAO-23-105480"", ""indexed_document"": ""gao-23-105480.pdf"", ""expected_pages"": [2, 3]}]","[{""rank"": 1, ""document"": ""gao-23-105480.pdf"", ""page"": 7, ""distance"": 0.45039287209510803}, {""rank"": 2, ""document"": ""gao-23-105480.pdf"", ""page"": 2, ""distance"": 0.472610741853714}, {""rank"": 3, ""document"": ""gao-23-105480.pdf"", ""page"": 42, ""distance"": 0.48921456933021545}, {""rank"": 4, ""document"": ""gao-23-105480.pdf"", ""page"": 41, ""distance"": 0.49186238646507263}, {""rank"": 5, ""document"": ""gao-23-105480.pdf"", ""page"": 30, ""distance"": 0.5019658207893372}, {""rank"": 6, ""document"": ""gao-23-105480.pdf"", ""page"": 13, ""distance"": 0.5339269042015076}, {""rank"": 7, ""document"": ""gao-23-105480.pdf"", ""page"": 3, ""distance"": 0.5340964794158936}]",1.0,1.0,True,True,0.013150600017979741
EQ072,Summarize the main cybersecurity finding for K-12 schools.,"Cyber incidents, including ransomware, can significantly disrupt learning and impose recovery costs; national scale is uncertain and coordination/support gaps increase the challenge.",GAO-23-105480,PDF pp. 2-3,8,"[{""evaluation_document"": ""GAO-23-105480"", ""indexed_document"": ""gao-23-105480.pdf"", ""expected_pages"": [2, 3]}]","[{""rank"": 1, ""document"": ""gao-23-105480.pdf"", ""page"": 7, ""distance"": 0.45039287209510803}, {""rank"": 2, ""document"": ""gao-23-105480.pdf"", ""page"": 2, ""distance"": 0.472610741853714}, {""rank"": 3, ""document"": ""gao-23-105480.pdf"", ""page"": 42, ""distance"": 0.48921456933021545}, {""rank"": 4, ""document"": ""gao-23-105480.pdf"", ""page"": 41, ""distance"": 0.49186238646507263}, {""rank"": 5, ""document"": ""gao-23-105480.pdf"", ""page"": 30, ""distance"": 0.5019658207893372}, {""rank"": 6, ""document"": ""gao-23-105480.pdf"", ""page"": 13, ""distance"": 0.5339269042015076}, {""rank"": 7, ""document"": ""gao-23-105480.pdf"", ""page"": 3, ""distance"": 0.5340964794158936}, {""rank"": 8, ""document"": ""gao-23-105480.pdf"", ""page"": 37, ""distance"": 0.5395495295524597}]",1.0,1.0,True,True,0.010990899987518787
EQ072,Summarize the main cybersecurity finding for K-12 schools.,"Cyber incidents, including ransomware, can significantly disrupt learning and impose recovery costs; national scale is uncertain and coordination/support gaps increase the challenge.",GAO-23-105480,PDF pp. 2-3,9,"[{""evaluation_document"": ""GAO-23-105480"", ""indexed_document"": ""gao-23-105480.pdf"", ""expected_pages"": [2, 3]}]","[{""rank"": 1, ""document"": ""gao-23-105480.pdf"", ""page"": 7, ""distance"": 0.45039287209510803}, {""rank"": 2, ""document"": ""gao-23-105480.pdf"", ""page"": 2, ""distance"": 0.472610741853714}, {""rank"": 3, ""document"": ""gao-23-105480.pdf"", ""page"": 42, ""distance"": 0.48921456933021545}, {""rank"": 4, ""document"": ""gao-23-105480.pdf"", ""page"": 41, ""distance"": 0.49186238646507263}, {""rank"": 5, ""document"": ""gao-23-105480.pdf"", ""page"": 30, ""distance"": 0.5019658207893372}, {""rank"": 6, ""document"": ""gao-23-105480.pdf"", ""page"": 13, ""distance"": 0.5339269042015076}, {""rank"": 7, ""document"": ""gao-23-105480.pdf"", ""page"": 3, ""distance"": 0.5340964794158936}, {""rank"": 8, ""document"": ""gao-23-105480.pdf"", ""page"": 37, ""distance"": 0.5395495295524597}, {""rank"": 9, ""document"": ""gao-23-105480.pdf"", ""page"": 31, ""distance"": 0.5547690987586975}]",1.0,1.0,True,True,0.011599700024817139
EQ072,Summarize the main cybersecurity finding for K-12 schools.,"Cyber incidents, including ransomware, can significantly disrupt learning and impose recovery costs; national scale is uncertain and coordination/support gaps increase the challenge.",GAO-23-105480,PDF pp. 2-3,10,"[{""evaluation_document"": ""GAO-23-105480"", ""indexed_document"": ""gao-23-105480.pdf"", ""expected_pages"": [2, 3]}]","[{""rank"": 1, ""document"": ""gao-23-105480.pdf"", ""page"": 7, ""distance"": 0.45039287209510803}, {""rank"": 2, ""document"": ""gao-23-105480.pdf"", ""page"": 2, ""distance"": 0.472610741853714}, {""rank"": 3, ""document"": ""gao-23-105480.pdf"", ""page"": 42, ""distance"": 0.48921456933021545}, {""rank"": 4, ""document"": ""gao-23-105480.pdf"", ""page"": 41, ""distance"": 0.49186238646507263}, {""rank"": 5, ""document"": ""gao-23-105480.pdf"", ""page"": 30, ""distance"": 0.5019658207893372}, {""rank"": 6, ""document"": ""gao-23-105480.pdf"", ""page"": 13, ""distance"": 0.5339269042015076}, {""rank"": 7, ""document"": ""gao-23-105480.pdf"", ""page"": 3, ""distance"": 0.5340964794158936}, {""rank"": 8, ""document"": ""gao-23-105480.pdf"", ""page"": 37, ""distance"": 0.5395495295524597}, {""rank"": 9, ""document"": ""gao-23-105480.pdf"", ""page"": 31, ""distance"": 0.5547690987586975}, {""rank"": 10, ""document"": ""gao-23-105480.pdf"", ""page"": 8, ""distance"": 0.55735182762146}]",1.0,1.0,True,True,0.01094449998345226
EQ073,Summarize GAO's assessment of the National Cybersecurity Strategy and its implementation plan.,The documents fully addressed four of six desirable characteristics but only partially addressed outcome measures and estimated resources and costs.,GAO-24-106916,PDF p. 2,1,"[{""evaluation_document"": ""GAO-24-106916"", ""indexed_document"": ""d24106916.pdf"", ""expected_pages"": [2]}]","[{""rank"": 1, ""document"": ""d24106916.pdf"", ""page"": 17, ""distance"": 0.26211532950401306}]",1.0,0.0,True,False,0.01210019999416545
EQ073,Summarize GAO's assessment of the National Cybersecurity Strategy and its implementation plan.,The documents fully addressed four of six desirable characteristics but only partially addressed outcome measures and estimated resources and costs.,GAO-24-106916,PDF p. 2,2,"[{""evaluation_document"": ""GAO-24-106916"", ""indexed_document"": ""d24106916.pdf"", ""expected_pages"": [2]}]","[{""rank"": 1, ""document"": ""d24106916.pdf"", ""page"": 17, ""distance"": 0.26211532950401306}, {""rank"": 2, ""document"": ""d24106916.pdf"", ""page"": 3, ""distance"": 0.27903831005096436}]",1.0,0.0,True,False,0.012056200008373708
EQ073,Summarize GAO's assessment of the National Cybersecurity Strategy and its implementation plan.,The documents fully addressed four of six desirable characteristics but only partially addressed outcome measures and estimated resources and costs.,GAO-24-106916,PDF p. 2,3,"[{""evaluation_document"": ""GAO-24-106916"", ""indexed_document"": ""d24106916.pdf"", ""expected_pages"": [2]}]","[{""rank"": 1, ""document"": ""d24106916.pdf"", ""page"": 17, ""distance"": 0.26211532950401306}, {""rank"": 2, ""document"": ""d24106916.pdf"", ""page"": 3, ""distance"": 0.27903831005096436}, {""rank"": 3, ""document"": ""d24106916.pdf"", ""page"": 6, ""distance"": 0.3243432641029358}]",1.0,0.0,True,False,0.01161419996060431
EQ073,Summarize GAO's assessment of the National Cybersecurity Strategy and its implementation plan.,The documents fully addressed four of six desirable characteristics but only partially addressed outcome measures and estimated resources and costs.,GAO-24-106916,PDF p. 2,4,"[{""evaluation_document"": ""GAO-24-106916"", ""indexed_document"": ""d24106916.pdf"", ""expected_pages"": [2]}]","[{""rank"": 1, ""document"": ""d24106916.pdf"", ""page"": 17, ""distance"": 0.26211532950401306}, {""rank"": 2, ""document"": ""d24106916.pdf"", ""page"": 3, ""distance"": 0.27903831005096436}, {""rank"": 3, ""document"": ""d24106916.pdf"", ""page"": 6, ""distance"": 0.3243432641029358}, {""rank"": 4, ""document"": ""d24106916.pdf"", ""page"": 33, ""distance"": 0.331246018409729}]",1.0,0.0,True,False,0.013297499972395599
EQ073,Summarize GAO's assessment of the National Cybersecurity Strategy and its implementation plan.,The documents fully addressed four of six desirable characteristics but only partially addressed outcome measures and estimated resources and costs.,GAO-24-106916,PDF p. 2,5,"[{""evaluation_document"": ""GAO-24-106916"", ""indexed_document"": ""d24106916.pdf"", ""expected_pages"": [2]}]","[{""rank"": 1, ""document"": ""d24106916.pdf"", ""page"": 17, ""distance"": 0.26211532950401306}, {""rank"": 2, ""document"": ""d24106916.pdf"", ""page"": 3, ""distance"": 0.27903831005096436}, {""rank"": 3, ""document"": ""d24106916.pdf"", ""page"": 6, ""distance"": 0.3243432641029358}, {""rank"": 4, ""document"": ""d24106916.pdf"", ""page"": 33, ""distance"": 0.331246018409729}, {""rank"": 5, ""document"": ""d24106916.pdf"", ""page"": 23, ""distance"": 0.3610306978225708}]",1.0,0.0,True,False,0.01358619995880872
EQ073,Summarize GAO's assessment of the National Cybersecurity Strategy and its implementation plan.,The documents fully addressed four of six desirable characteristics but only partially addressed outcome measures and estimated resources and costs.,GAO-24-106916,PDF p. 2,6,"[{""evaluation_document"": ""GAO-24-106916"", ""indexed_document"": ""d24106916.pdf"", ""expected_pages"": [2]}]","[{""rank"": 1, ""document"": ""d24106916.pdf"", ""page"": 17, ""distance"": 0.26211532950401306}, {""rank"": 2, ""document"": ""d24106916.pdf"", ""page"": 3, ""distance"": 0.27903831005096436}, {""rank"": 3, ""document"": ""d24106916.pdf"", ""page"": 6, ""distance"": 0.3243432641029358}, {""rank"": 4, ""document"": ""d24106916.pdf"", ""page"": 33, ""distance"": 0.331246018409729}, {""rank"": 5, ""document"": ""d24106916.pdf"", ""page"": 23, ""distance"": 0.3610306978225708}, {""rank"": 6, ""document"": ""d24106916.pdf"", ""page"": 18, ""distance"": 0.44058743119239807}]",1.0,0.0,True,False,0.010357499995734543
EQ073,Summarize GAO's assessment of the National Cybersecurity Strategy and its implementation plan.,The documents fully addressed four of six desirable characteristics but only partially addressed outcome measures and estimated resources and costs.,GAO-24-106916,PDF p. 2,7,"[{""evaluation_document"": ""GAO-24-106916"", ""indexed_document"": ""d24106916.pdf"", ""expected_pages"": [2]}]","[{""rank"": 1, ""document"": ""d24106916.pdf"", ""page"": 17, ""distance"": 0.26211532950401306}, {""rank"": 2, ""document"": ""d24106916.pdf"", ""page"": 3, ""distance"": 0.27903831005096436}, {""rank"": 3, ""document"": ""d24106916.pdf"", ""page"": 6, ""distance"": 0.3243432641029358}, {""rank"": 4, ""document"": ""d24106916.pdf"", ""page"": 33, ""distance"": 0.331246018409729}, {""rank"": 5, ""document"": ""d24106916.pdf"", ""page"": 23, ""distance"": 0.3610306978225708}, {""rank"": 6, ""document"": ""d24106916.pdf"", ""page"": 18, ""distance"": 0.44058743119239807}, {""rank"": 7, ""document"": ""d24106916.pdf"", ""page"": 12, ""distance"": 0.4477522671222687}]",1.0,0.0,True,False,0.011734700005035847
EQ073,Summarize GAO's assessment of the National Cybersecurity Strategy and its implementation plan.,The documents fully addressed four of six desirable characteristics but only partially addressed outcome measures and estimated resources and costs.,GAO-24-106916,PDF p. 2,8,"[{""evaluation_document"": ""GAO-24-106916"", ""indexed_document"": ""d24106916.pdf"", ""expected_pages"": [2]}]","[{""rank"": 1, ""document"": ""d24106916.pdf"", ""page"": 17, ""distance"": 0.26211532950401306}, {""rank"": 2, ""document"": ""d24106916.pdf"", ""page"": 3, ""distance"": 0.27903831005096436}, {""rank"": 3, ""document"": ""d24106916.pdf"", ""page"": 6, ""distance"": 0.3243432641029358}, {""rank"": 4, ""document"": ""d24106916.pdf"", ""page"": 33, ""distance"": 0.331246018409729}, {""rank"": 5, ""document"": ""d24106916.pdf"", ""page"": 23, ""distance"": 0.3610306978225708}, {""rank"": 6, ""document"": ""d24106916.pdf"", ""page"": 18, ""distance"": 0.44058743119239807}, {""rank"": 7, ""document"": ""d24106916.pdf"", ""page"": 12, ""distance"": 0.4477522671222687}, {""rank"": 8, ""document"": ""d24106916.pdf"", ""page"": 20, ""distance"": 0.4653027057647705}]",1.0,0.0,True,False,0.013530399999581277
EQ073,Summarize GAO's assessment of the National Cybersecurity Strategy and its implementation plan.,The documents fully addressed four of six desirable characteristics but only partially addressed outcome measures and estimated resources and costs.,GAO-24-106916,PDF p. 2,9,"[{""evaluation_document"": ""GAO-24-106916"", ""indexed_document"": ""d24106916.pdf"", ""expected_pages"": [2]}]","[{""rank"": 1, ""document"": ""d24106916.pdf"", ""page"": 17, ""distance"": 0.26211532950401306}, {""rank"": 2, ""document"": ""d24106916.pdf"", ""page"": 3, ""distance"": 0.27903831005096436}, {""rank"": 3, ""document"": ""d24106916.pdf"", ""page"": 6, ""distance"": 0.3243432641029358}, {""rank"": 4, ""document"": ""d24106916.pdf"", ""page"": 33, ""distance"": 0.331246018409729}, {""rank"": 5, ""document"": ""d24106916.pdf"", ""page"": 23, ""distance"": 0.3610306978225708}, {""rank"": 6, ""document"": ""d24106916.pdf"", ""page"": 18, ""distance"": 0.44058743119239807}, {""rank"": 7, ""document"": ""d24106916.pdf"", ""page"": 12, ""distance"": 0.4477522671222687}, {""rank"": 8, ""document"": ""d24106916.pdf"", ""page"": 20, ""distance"": 0.4653027057647705}, {""rank"": 9, ""document"": ""d24106916.pdf"", ""page"": 16, ""distance"": 0.47174686193466187}]",1.0,0.0,True,False,0.012798199953977019
EQ073,Summarize GAO's assessment of the National Cybersecurity Strategy and its implementation plan.,The documents fully addressed four of six desirable characteristics but only partially addressed outcome measures and estimated resources and costs.,GAO-24-106916,PDF p. 2,10,"[{""evaluation_document"": ""GAO-24-106916"", ""indexed_document"": ""d24106916.pdf"", ""expected_pages"": [2]}]","[{""rank"": 1, ""document"": ""d24106916.pdf"", ""page"": 17, ""distance"": 0.26211532950401306}, {""rank"": 2, ""document"": ""d24106916.pdf"", ""page"": 3, ""distance"": 0.27903831005096436}, {""rank"": 3, ""document"": ""d24106916.pdf"", ""page"": 6, ""distance"": 0.3243432641029358}, {""rank"": 4, ""document"": ""d24106916.pdf"", ""page"": 33, ""distance"": 0.331246018409729}, {""rank"": 5, ""document"": ""d24106916.pdf"", ""page"": 23, ""distance"": 0.3610306978225708}, {""rank"": 6, ""document"": ""d24106916.pdf"", ""page"": 18, ""distance"": 0.44058743119239807}, {""rank"": 7, ""document"": ""d24106916.pdf"", ""page"": 12, ""distance"": 0.4477522671222687}, {""rank"": 8, ""document"": ""d24106916.pdf"", ""page"": 20, ""distance"": 0.4653027057647705}, {""rank"": 9, ""document"": ""d24106916.pdf"", ""page"": 16, ""distance"": 0.47174686193466187}, {""rank"": 10, ""document"": ""gao-24-107231.pdf"", ""page"": 18, ""distance"": 0.4747698903083801}]",1.0,0.0,True,False,0.010695100005250424
EQ074,Summarize the cybersecurity lessons of the CrowdStrike outage.,"A faulty update caused widespread outages and highlighted the importance of supply-chain risk management, testing, contingency planning, and cyber information sharing.",GAO-24-107733,PDF pp. 1-2,1,"[{""evaluation_document"": ""GAO-24-107733"", ""indexed_document"": ""gao-24-107733.pdf"", ""expected_pages"": [1, 2]}]","[{""rank"": 1, ""document"": ""gao-24-107733.pdf"", ""page"": 1, ""distance"": 0.7301681637763977}]",1.0,1.0,True,True,0.010995199962053448
EQ074,Summarize the cybersecurity lessons of the CrowdStrike outage.,"A faulty update caused widespread outages and highlighted the importance of supply-chain risk management, testing, contingency planning, and cyber information sharing.",GAO-24-107733,PDF pp. 1-2,2,"[{""evaluation_document"": ""GAO-24-107733"", ""indexed_document"": ""gao-24-107733.pdf"", ""expected_pages"": [1, 2]}]","[{""rank"": 1, ""document"": ""gao-24-107733.pdf"", ""page"": 1, ""distance"": 0.7301681637763977}, {""rank"": 2, ""document"": ""d24106576.pdf"", ""page"": 20, ""distance"": 1.0281531810760498}]",1.0,1.0,True,True,0.012654899968765676
EQ074,Summarize the cybersecurity lessons of the CrowdStrike outage.,"A faulty update caused widespread outages and highlighted the importance of supply-chain risk management, testing, contingency planning, and cyber information sharing.",GAO-24-107733,PDF pp. 1-2,3,"[{""evaluation_document"": ""GAO-24-107733"", ""indexed_document"": ""gao-24-107733.pdf"", ""expected_pages"": [1, 2]}]","[{""rank"": 1, ""document"": ""gao-24-107733.pdf"", ""page"": 1, ""distance"": 0.7301681637763977}, {""rank"": 2, ""document"": ""d24106576.pdf"", ""page"": 20, ""distance"": 1.0281531810760498}, {""rank"": 3, ""document"": ""gao-23-105480.pdf"", ""page"": 26, ""distance"": 1.0568791627883911}]",1.0,1.0,True,True,0.01100689999293536
EQ074,Summarize the cybersecurity lessons of the CrowdStrike outage.,"A faulty update caused widespread outages and highlighted the importance of supply-chain risk management, testing, contingency planning, and cyber information sharing.",GAO-24-107733,PDF pp. 1-2,4,"[{""evaluation_document"": ""GAO-24-107733"", ""indexed_document"": ""gao-24-107733.pdf"", ""expected_pages"": [1, 2]}]","[{""rank"": 1, ""document"": ""gao-24-107733.pdf"", ""page"": 1, ""distance"": 0.7301681637763977}, {""rank"": 2, ""document"": ""d24106576.pdf"", ""page"": 20, ""distance"": 1.0281531810760498}, {""rank"": 3, ""document"": ""gao-23-105480.pdf"", ""page"": 26, ""distance"": 1.0568791627883911}, {""rank"": 4, ""document"": ""gao-24-107231.pdf"", ""page"": 33, ""distance"": 1.0681843757629395}]",1.0,1.0,True,True,0.012084700050763786
EQ074,Summarize the cybersecurity lessons of the CrowdStrike outage.,"A faulty update caused widespread outages and highlighted the importance of supply-chain risk management, testing, contingency planning, and cyber information sharing.",GAO-24-107733,PDF pp. 1-2,5,"[{""evaluation_document"": ""GAO-24-107733"", ""indexed_document"": ""gao-24-107733.pdf"", ""expected_pages"": [1, 2]}]","[{""rank"": 1, ""document"": ""gao-24-107733.pdf"", ""page"": 1, ""distance"": 0.7301681637763977}, {""rank"": 2, ""document"": ""d24106576.pdf"", ""page"": 20, ""distance"": 1.0281531810760498}, {""rank"": 3, ""document"": ""gao-23-105480.pdf"", ""page"": 26, ""distance"": 1.0568791627883911}, {""rank"": 4, ""document"": ""gao-24-107231.pdf"", ""page"": 33, ""distance"": 1.0681843757629395}, {""rank"": 5, ""document"": ""gao-23-105480.pdf"", ""page"": 51, ""distance"": 1.0947165489196777}]",1.0,1.0,True,True,0.012336599989794195
EQ074,Summarize the cybersecurity lessons of the CrowdStrike outage.,"A faulty update caused widespread outages and highlighted the importance of supply-chain risk management, testing, contingency planning, and cyber information sharing.",GAO-24-107733,PDF pp. 1-2,6,"[{""evaluation_document"": ""GAO-24-107733"", ""indexed_document"": ""gao-24-107733.pdf"", ""expected_pages"": [1, 2]}]","[{""rank"": 1, ""document"": ""gao-24-107733.pdf"", ""page"": 1, ""distance"": 0.7301681637763977}, {""rank"": 2, ""document"": ""d24106576.pdf"", ""page"": 20, ""distance"": 1.0281531810760498}, {""rank"": 3, ""document"": ""gao-23-105480.pdf"", ""page"": 26, ""distance"": 1.0568791627883911}, {""rank"": 4, ""document"": ""gao-24-107231.pdf"", ""page"": 33, ""distance"": 1.0681843757629395}, {""rank"": 5, ""document"": ""gao-23-105480.pdf"", ""page"": 51, ""distance"": 1.0947165489196777}, {""rank"": 6, ""document"": ""d24105658.pdf"", ""page"": 74, ""distance"": 1.0948458909988403}]",1.0,1.0,True,True,0.01095049997093156
EQ074,Summarize the cybersecurity lessons of the CrowdStrike outage.,"A faulty update caused widespread outages and highlighted the importance of supply-chain risk management, testing, contingency planning, and cyber information sharing.",GAO-24-107733,PDF pp. 1-2,7,"[{""evaluation_document"": ""GAO-24-107733"", ""indexed_document"": ""gao-24-107733.pdf"", ""expected_pages"": [1, 2]}]","[{""rank"": 1, ""document"": ""gao-24-107733.pdf"", ""page"": 1, ""distance"": 0.7301681637763977}, {""rank"": 2, ""document"": ""d24106576.pdf"", ""page"": 20, ""distance"": 1.0281531810760498}, {""rank"": 3, ""document"": ""gao-23-105480.pdf"", ""page"": 26, ""distance"": 1.0568791627883911}, {""rank"": 4, ""document"": ""gao-24-107231.pdf"", ""page"": 33, ""distance"": 1.0681843757629395}, {""rank"": 5, ""document"": ""gao-23-105480.pdf"", ""page"": 51, ""distance"": 1.0947165489196777}, {""rank"": 6, ""document"": ""d24105658.pdf"", ""page"": 74, ""distance"": 1.0948458909988403}, {""rank"": 7, ""document"": ""gao-23-105480.pdf"", ""page"": 42, ""distance"": 1.0956228971481323}]",1.0,1.0,True,True,0.01204990001861006
EQ074,Summarize the cybersecurity lessons of the CrowdStrike outage.,"A faulty update caused widespread outages and highlighted the importance of supply-chain risk management, testing, contingency planning, and cyber information sharing.",GAO-24-107733,PDF pp. 1-2,8,"[{""evaluation_document"": ""GAO-24-107733"", ""indexed_document"": ""gao-24-107733.pdf"", ""expected_pages"": [1, 2]}]","[{""rank"": 1, ""document"": ""gao-24-107733.pdf"", ""page"": 1, ""distance"": 0.7301681637763977}, {""rank"": 2, ""document"": ""d24106576.pdf"", ""page"": 20, ""distance"": 1.0281531810760498}, {""rank"": 3, ""document"": ""gao-23-105480.pdf"", ""page"": 26, ""distance"": 1.0568791627883911}, {""rank"": 4, ""document"": ""gao-24-107231.pdf"", ""page"": 33, ""distance"": 1.0681843757629395}, {""rank"": 5, ""document"": ""gao-23-105480.pdf"", ""page"": 51, ""distance"": 1.0947165489196777}, {""rank"": 6, ""document"": ""d24105658.pdf"", ""page"": 74, ""distance"": 1.0948458909988403}, {""rank"": 7, ""document"": ""gao-23-105480.pdf"", ""page"": 42, ""distance"": 1.0956228971481323}, {""rank"": 8, ""document"": ""gao-24-107231.pdf"", ""page"": 24, ""distance"": 1.0958104133605957}]",1.0,1.0,True,True,0.009820700041018426
EQ074,Summarize the cybersecurity lessons of the CrowdStrike outage.,"A faulty update caused widespread outages and highlighted the importance of supply-chain risk management, testing, contingency planning, and cyber information sharing.",GAO-24-107733,PDF pp. 1-2,9,"[{""evaluation_document"": ""GAO-24-107733"", ""indexed_document"": ""gao-24-107733.pdf"", ""expected_pages"": [1, 2]}]","[{""rank"": 1, ""document"": ""gao-24-107733.pdf"", ""page"": 1, ""distance"": 0.7301681637763977}, {""rank"": 2, ""document"": ""d24106576.pdf"", ""page"": 20, ""distance"": 1.0281531810760498}, {""rank"": 3, ""document"": ""gao-23-105480.pdf"", ""page"": 26, ""distance"": 1.0568791627883911}, {""rank"": 4, ""document"": ""gao-24-107231.pdf"", ""page"": 33, ""distance"": 1.0681843757629395}, {""rank"": 5, ""document"": ""gao-23-105480.pdf"", ""page"": 51, ""distance"": 1.0947165489196777}, {""rank"": 6, ""document"": ""d24105658.pdf"", ""page"": 74, ""distance"": 1.0948458909988403}, {""rank"": 7, ""document"": ""gao-23-105480.pdf"", ""page"": 42, ""distance"": 1.0956228971481323}, {""rank"": 8, ""document"": ""gao-24-107231.pdf"", ""page"": 24, ""distance"": 1.0958104133605957}, {""rank"": 9, ""document"": ""gao-23-105480.pdf"", ""page"": 14, ""distance"": 1.095959186553955}]",1.0,1.0,True,True,0.012749699992127717
EQ074,Summarize the cybersecurity lessons of the CrowdStrike outage.,"A faulty update caused widespread outages and highlighted the importance of supply-chain risk management, testing, contingency planning, and cyber information sharing.",GAO-24-107733,PDF pp. 1-2,10,"[{""evaluation_document"": ""GAO-24-107733"", ""indexed_document"": ""gao-24-107733.pdf"", ""expected_pages"": [1, 2]}]","[{""rank"": 1, ""document"": ""gao-24-107733.pdf"", ""page"": 1, ""distance"": 0.7301681637763977}, {""rank"": 2, ""document"": ""d24106576.pdf"", ""page"": 20, ""distance"": 1.0281531810760498}, {""rank"": 3, ""document"": ""gao-23-105480.pdf"", ""page"": 26, ""distance"": 1.0568791627883911}, {""rank"": 4, ""document"": ""gao-24-107231.pdf"", ""page"": 33, ""distance"": 1.0681843757629395}, {""rank"": 5, ""document"": ""gao-23-105480.pdf"", ""page"": 51, ""distance"": 1.0947165489196777}, {""rank"": 6, ""document"": ""d24105658.pdf"", ""page"": 74, ""distance"": 1.0948458909988403}, {""rank"": 7, ""document"": ""gao-23-105480.pdf"", ""page"": 42, ""distance"": 1.0956228971481323}, {""rank"": 8, ""document"": ""gao-24-107231.pdf"", ""page"": 24, ""distance"": 1.0958104133605957}, {""rank"": 9, ""document"": ""gao-23-105480.pdf"", ""page"": 14, ""distance"": 1.095959186553955}, {""rank"": 10, ""document"": ""d24105658.pdf"", ""page"": 57, ""distance"": 1.098334550857544}]",1.0,1.0,True,True,0.013636299991048872
EQ075,Summarize GAO's high-risk cybersecurity framework and current concern.,"GAO identifies four major challenges and 10 essential actions spanning strategy/oversight, federal systems, critical infrastructure, and privacy; progress has occurred but substantial work remains.",GAO-24-107231,PDF pp. 1-5,1,"[{""evaluation_document"": ""GAO-24-107231"", ""indexed_document"": ""gao-24-107231.pdf"", ""expected_pages"": [1, 2, 3, 4, 5]}]","[{""rank"": 1, ""document"": ""gao-24-107231.pdf"", ""page"": 15, ""distance"": 0.46076500415802}]",1.0,0.0,True,False,0.013034200004767627
EQ075,Summarize GAO's high-risk cybersecurity framework and current concern.,"GAO identifies four major challenges and 10 essential actions spanning strategy/oversight, federal systems, critical infrastructure, and privacy; progress has occurred but substantial work remains.",GAO-24-107231,PDF pp. 1-5,2,"[{""evaluation_document"": ""GAO-24-107231"", ""indexed_document"": ""gao-24-107231.pdf"", ""expected_pages"": [1, 2, 3, 4, 5]}]","[{""rank"": 1, ""document"": ""gao-24-107231.pdf"", ""page"": 15, ""distance"": 0.46076500415802}, {""rank"": 2, ""document"": ""d24106916.pdf"", ""page"": 6, ""distance"": 0.5166501998901367}]",1.0,0.0,True,False,0.011663699988275766
EQ075,Summarize GAO's high-risk cybersecurity framework and current concern.,"GAO identifies four major challenges and 10 essential actions spanning strategy/oversight, federal systems, critical infrastructure, and privacy; progress has occurred but substantial work remains.",GAO-24-107231,PDF pp. 1-5,3,"[{""evaluation_document"": ""GAO-24-107231"", ""indexed_document"": ""gao-24-107231.pdf"", ""expected_pages"": [1, 2, 3, 4, 5]}]","[{""rank"": 1, ""document"": ""gao-24-107231.pdf"", ""page"": 15, ""distance"": 0.46076500415802}, {""rank"": 2, ""document"": ""d24106916.pdf"", ""page"": 6, ""distance"": 0.5166501998901367}, {""rank"": 3, ""document"": ""gao-24-107231-highlights.pdf"", ""page"": 1, ""distance"": 0.527092695236206}]",1.0,0.0,True,False,0.009426200005691499
EQ075,Summarize GAO's high-risk cybersecurity framework and current concern.,"GAO identifies four major challenges and 10 essential actions spanning strategy/oversight, federal systems, critical infrastructure, and privacy; progress has occurred but substantial work remains.",GAO-24-107231,PDF pp. 1-5,4,"[{""evaluation_document"": ""GAO-24-107231"", ""indexed_document"": ""gao-24-107231.pdf"", ""expected_pages"": [1, 2, 3, 4, 5]}]","[{""rank"": 1, ""document"": ""gao-24-107231.pdf"", ""page"": 15, ""distance"": 0.46076500415802}, {""rank"": 2, ""document"": ""d24106916.pdf"", ""page"": 6, ""distance"": 0.5166501998901367}, {""rank"": 3, ""document"": ""gao-24-107231-highlights.pdf"", ""page"": 1, ""distance"": 0.527092695236206}, {""rank"": 4, ""document"": ""gao-24-107231.pdf"", ""page"": 2, ""distance"": 0.527092695236206}]",1.0,1.0,True,True,0.012800399970728904
EQ075,Summarize GAO's high-risk cybersecurity framework and current concern.,"GAO identifies four major challenges and 10 essential actions spanning strategy/oversight, federal systems, critical infrastructure, and privacy; progress has occurred but substantial work remains.",GAO-24-107231,PDF pp. 1-5,5,"[{""evaluation_document"": ""GAO-24-107231"", ""indexed_document"": ""gao-24-107231.pdf"", ""expected_pages"": [1, 2, 3, 4, 5]}]","[{""rank"": 1, ""document"": ""gao-24-107231.pdf"", ""page"": 15, ""distance"": 0.46076500415802}, {""rank"": 2, ""document"": ""d24106916.pdf"", ""page"": 6, ""distance"": 0.5166501998901367}, {""rank"": 3, ""document"": ""gao-24-107231-highlights.pdf"", ""page"": 1, ""distance"": 0.527092695236206}, {""rank"": 4, ""document"": ""gao-24-107231.pdf"", ""page"": 2, ""distance"": 0.527092695236206}, {""rank"": 5, ""document"": ""gao-24-107231.pdf"", ""page"": 86, ""distance"": 0.5276761651039124}]",1.0,1.0,True,True,0.0118452999740839
EQ075,Summarize GAO's high-risk cybersecurity framework and current concern.,"GAO identifies four major challenges and 10 essential actions spanning strategy/oversight, federal systems, critical infrastructure, and privacy; progress has occurred but substantial work remains.",GAO-24-107231,PDF pp. 1-5,6,"[{""evaluation_document"": ""GAO-24-107231"", ""indexed_document"": ""gao-24-107231.pdf"", ""expected_pages"": [1, 2, 3, 4, 5]}]","[{""rank"": 1, ""document"": ""gao-24-107231.pdf"", ""page"": 15, ""distance"": 0.46076500415802}, {""rank"": 2, ""document"": ""d24106916.pdf"", ""page"": 6, ""distance"": 0.5166501998901367}, {""rank"": 3, ""document"": ""gao-24-107231-highlights.pdf"", ""page"": 1, ""distance"": 0.527092695236206}, {""rank"": 4, ""document"": ""gao-24-107231.pdf"", ""page"": 2, ""distance"": 0.527092695236206}, {""rank"": 5, ""document"": ""gao-24-107231.pdf"", ""page"": 86, ""distance"": 0.5276761651039124}, {""rank"": 6, ""document"": ""d24106916.pdf"", ""page"": 17, ""distance"": 0.531487762928009}]",1.0,1.0,True,True,0.01171520003117621
EQ075,Summarize GAO's high-risk cybersecurity framework and current concern.,"GAO identifies four major challenges and 10 essential actions spanning strategy/oversight, federal systems, critical infrastructure, and privacy; progress has occurred but substantial work remains.",GAO-24-107231,PDF pp. 1-5,7,"[{""evaluation_document"": ""GAO-24-107231"", ""indexed_document"": ""gao-24-107231.pdf"", ""expected_pages"": [1, 2, 3, 4, 5]}]","[{""rank"": 1, ""document"": ""gao-24-107231.pdf"", ""page"": 15, ""distance"": 0.46076500415802}, {""rank"": 2, ""document"": ""d24106916.pdf"", ""page"": 6, ""distance"": 0.5166501998901367}, {""rank"": 3, ""document"": ""gao-24-107231-highlights.pdf"", ""page"": 1, ""distance"": 0.527092695236206}, {""rank"": 4, ""document"": ""gao-24-107231.pdf"", ""page"": 2, ""distance"": 0.527092695236206}, {""rank"": 5, ""document"": ""gao-24-107231.pdf"", ""page"": 86, ""distance"": 0.5276761651039124}, {""rank"": 6, ""document"": ""d24106916.pdf"", ""page"": 17, ""distance"": 0.531487762928009}, {""rank"": 7, ""document"": ""gao-24-107231.pdf"", ""page"": 2, ""distance"": 0.5383223295211792}]",1.0,1.0,True,True,0.012967099959496409
EQ075,Summarize GAO's high-risk cybersecurity framework and current concern.,"GAO identifies four major challenges and 10 essential actions spanning strategy/oversight, federal systems, critical infrastructure, and privacy; progress has occurred but substantial work remains.",GAO-24-107231,PDF pp. 1-5,8,"[{""evaluation_document"": ""GAO-24-107231"", ""indexed_document"": ""gao-24-107231.pdf"", ""expected_pages"": [1, 2, 3, 4, 5]}]","[{""rank"": 1, ""document"": ""gao-24-107231.pdf"", ""page"": 15, ""distance"": 0.46076500415802}, {""rank"": 2, ""document"": ""d24106916.pdf"", ""page"": 6, ""distance"": 0.5166501998901367}, {""rank"": 3, ""document"": ""gao-24-107231-highlights.pdf"", ""page"": 1, ""distance"": 0.527092695236206}, {""rank"": 4, ""document"": ""gao-24-107231.pdf"", ""page"": 2, ""distance"": 0.527092695236206}, {""rank"": 5, ""document"": ""gao-24-107231.pdf"", ""page"": 86, ""distance"": 0.5276761651039124}, {""rank"": 6, ""document"": ""d24106916.pdf"", ""page"": 17, ""distance"": 0.531487762928009}, {""rank"": 7, ""document"": ""gao-24-107231-highlights.pdf"", ""page"": 1, ""distance"": 0.5383223295211792}, {""rank"": 8, ""document"": ""gao-24-107231.pdf"", ""page"": 2, ""distance"": 0.5383223295211792}]",1.0,1.0,True,True,0.012237899994943291
EQ075,Summarize GAO's high-risk cybersecurity framework and current concern.,"GAO identifies four major challenges and 10 essential actions spanning strategy/oversight, federal systems, critical infrastructure, and privacy; progress has occurred but substantial work remains.",GAO-24-107231,PDF pp. 1-5,9,"[{""evaluation_document"": ""GAO-24-107231"", ""indexed_document"": ""gao-24-107231.pdf"", ""expected_pages"": [1, 2, 3, 4, 5]}]","[{""rank"": 1, ""document"": ""gao-24-107231.pdf"", ""page"": 15, ""distance"": 0.46076500415802}, {""rank"": 2, ""document"": ""d24106916.pdf"", ""page"": 6, ""distance"": 0.5166501998901367}, {""rank"": 3, ""document"": ""gao-24-107231-highlights.pdf"", ""page"": 1, ""distance"": 0.527092695236206}, {""rank"": 4, ""document"": ""gao-24-107231.pdf"", ""page"": 2, ""distance"": 0.527092695236206}, {""rank"": 5, ""document"": ""gao-24-107231.pdf"", ""page"": 86, ""distance"": 0.5276761651039124}, {""rank"": 6, ""document"": ""d24106916.pdf"", ""page"": 17, ""distance"": 0.531487762928009}, {""rank"": 7, ""document"": ""gao-24-107231-highlights.pdf"", ""page"": 1, ""distance"": 0.5383223295211792}, {""rank"": 8, ""document"": ""gao-24-107231.pdf"", ""page"": 2, ""distance"": 0.5383223295211792}, {""rank"": 9, ""document"": ""gao-24-107231.pdf"", ""page"": 31, ""distance"": 0.5383419990539551}]",1.0,1.0,True,True,0.011975700035691261
EQ075,Summarize GAO's high-risk cybersecurity framework and current concern.,"GAO identifies four major challenges and 10 essential actions spanning strategy/oversight, federal systems, critical infrastructure, and privacy; progress has occurred but substantial work remains.",GAO-24-107231,PDF pp. 1-5,10,"[{""evaluation_document"": ""GAO-24-107231"", ""indexed_document"": ""gao-24-107231.pdf"", ""expected_pages"": [1, 2, 3, 4, 5]}]","[{""rank"": 1, ""document"": ""gao-24-107231.pdf"", ""page"": 15, ""distance"": 0.46076500415802}, {""rank"": 2, ""document"": ""d24106916.pdf"", ""page"": 6, ""distance"": 0.5166501998901367}, {""rank"": 3, ""document"": ""gao-24-107231-highlights.pdf"", ""page"": 1, ""distance"": 0.527092695236206}, {""rank"": 4, ""document"": ""gao-24-107231.pdf"", ""page"": 2, ""distance"": 0.527092695236206}, {""rank"": 5, ""document"": ""gao-24-107231.pdf"", ""page"": 86, ""distance"": 0.5276761651039124}, {""rank"": 6, ""document"": ""d24106916.pdf"", ""page"": 17, ""distance"": 0.531487762928009}, {""rank"": 7, ""document"": ""gao-24-107231-highlights.pdf"", ""page"": 1, ""distance"": 0.5383223295211792}, {""rank"": 8, ""document"": ""gao-24-107231.pdf"", ""page"": 2, ""distance"": 0.5383223295211792}, {""rank"": 9, ""document"": ""gao-24-107231.pdf"", ""page"": 31, ""distance"": 0.5383419990539551}, {""rank"": 10, ""document"": ""d24106916.pdf"", ""page"": 3, ""distance"": 0.5474156737327576}]",1.0,1.0,True,True,0.013217700005043298
EQ076,"Summarize the main findings on CISA's OT cybersecurity products, services, and coordination.","Users often reported positive experiences, but GAO found negative experiences, staffing and disclosure concerns, information-sharing gaps, and incomplete use of leading collaboration practices.",GAO-24-106576,PDF pp. 2-3,1,"[{""evaluation_document"": ""GAO-24-106576"", ""indexed_document"": ""d24106576.pdf"", ""expected_pages"": [2, 3]}]","[{""rank"": 1, ""document"": ""d24106576.pdf"", ""page"": 25, ""distance"": 0.37354859709739685}]",1.0,0.0,True,False,0.011486099974717945
EQ076,"Summarize the main findings on CISA's OT cybersecurity products, services, and coordination.","Users often reported positive experiences, but GAO found negative experiences, staffing and disclosure concerns, information-sharing gaps, and incomplete use of leading collaboration practices.",GAO-24-106576,PDF pp. 2-3,2,"[{""evaluation_document"": ""GAO-24-106576"", ""indexed_document"": ""d24106576.pdf"", ""expected_pages"": [2, 3]}]","[{""rank"": 1, ""document"": ""d24106576.pdf"", ""page"": 25, ""distance"": 0.37354859709739685}, {""rank"": 2, ""document"": ""d24106576.pdf"", ""page"": 4, ""distance"": 0.3844321370124817}]",1.0,0.0,True,False,0.012422600004356354
EQ076,"Summarize the main findings on CISA's OT cybersecurity products, services, and coordination.","Users often reported positive experiences, but GAO found negative experiences, staffing and disclosure concerns, information-sharing gaps, and incomplete use of leading collaboration practices.",GAO-24-106576,PDF pp. 2-3,3,"[{""evaluation_document"": ""GAO-24-106576"", ""indexed_document"": ""d24106576.pdf"", ""expected_pages"": [2, 3]}]","[{""rank"": 1, ""document"": ""d24106576.pdf"", ""page"": 25, ""distance"": 0.37354859709739685}, {""rank"": 2, ""document"": ""d24106576.pdf"", ""page"": 4, ""distance"": 0.3844321370124817}, {""rank"": 3, ""document"": ""d24106576.pdf"", ""page"": 62, ""distance"": 0.38520827889442444}]",1.0,0.0,True,False,0.013055699993856251
EQ076,"Summarize the main findings on CISA's OT cybersecurity products, services, and coordination.","Users often reported positive experiences, but GAO found negative experiences, staffing and disclosure concerns, information-sharing gaps, and incomplete use of leading collaboration practices.",GAO-24-106576,PDF pp. 2-3,4,"[{""evaluation_document"": ""GAO-24-106576"", ""indexed_document"": ""d24106576.pdf"", ""expected_pages"": [2, 3]}]","[{""rank"": 1, ""document"": ""d24106576.pdf"", ""page"": 25, ""distance"": 0.37354859709739685}, {""rank"": 2, ""document"": ""d24106576.pdf"", ""page"": 4, ""distance"": 0.3844321370124817}, {""rank"": 3, ""document"": ""d24106576.pdf"", ""page"": 62, ""distance"": 0.38520827889442444}, {""rank"": 4, ""document"": ""d24106576.pdf"", ""page"": 46, ""distance"": 0.38765233755111694}]",1.0,0.0,True,False,0.011748699995223433
EQ076,"Summarize the main findings on CISA's OT cybersecurity products, services, and coordination.","Users often reported positive experiences, but GAO found negative experiences, staffing and disclosure concerns, information-sharing gaps, and incomplete use of leading collaboration practices.",GAO-24-106576,PDF pp. 2-3,5,"[{""evaluation_document"": ""GAO-24-106576"", ""indexed_document"": ""d24106576.pdf"", ""expected_pages"": [2, 3]}]","[{""rank"": 1, ""document"": ""d24106576.pdf"", ""page"": 25, ""distance"": 0.37354859709739685}, {""rank"": 2, ""document"": ""d24106576.pdf"", ""page"": 4, ""distance"": 0.3844321370124817}, {""rank"": 3, ""document"": ""d24106576.pdf"", ""page"": 62, ""distance"": 0.38520827889442444}, {""rank"": 4, ""document"": ""d24106576.pdf"", ""page"": 46, ""distance"": 0.38765233755111694}, {""rank"": 5, ""document"": ""d24106576.pdf"", ""page"": 2, ""distance"": 0.391099750995636}]",1.0,1.0,True,True,0.012616999971214682
EQ076,"Summarize the main findings on CISA's OT cybersecurity products, services, and coordination.","Users often reported positive experiences, but GAO found negative experiences, staffing and disclosure concerns, information-sharing gaps, and incomplete use of leading collaboration practices.",GAO-24-106576,PDF pp. 2-3,6,"[{""evaluation_document"": ""GAO-24-106576"", ""indexed_document"": ""d24106576.pdf"", ""expected_pages"": [2, 3]}]","[{""rank"": 1, ""document"": ""d24106576.pdf"", ""page"": 25, ""distance"": 0.37354859709739685}, {""rank"": 2, ""document"": ""d24106576.pdf"", ""page"": 4, ""distance"": 0.3844321370124817}, {""rank"": 3, ""document"": ""d24106576.pdf"", ""page"": 62, ""distance"": 0.38520827889442444}, {""rank"": 4, ""document"": ""d24106576.pdf"", ""page"": 46, ""distance"": 0.38765233755111694}, {""rank"": 5, ""document"": ""d24106576.pdf"", ""page"": 2, ""distance"": 0.391099750995636}, {""rank"": 6, ""document"": ""d24106576.pdf"", ""page"": 60, ""distance"": 0.3941318392753601}]",1.0,1.0,True,True,0.011292000010143965
EQ076,"Summarize the main findings on CISA's OT cybersecurity products, services, and coordination.","Users often reported positive experiences, but GAO found negative experiences, staffing and disclosure concerns, information-sharing gaps, and incomplete use of leading collaboration practices.",GAO-24-106576,PDF pp. 2-3,7,"[{""evaluation_document"": ""GAO-24-106576"", ""indexed_document"": ""d24106576.pdf"", ""expected_pages"": [2, 3]}]","[{""rank"": 1, ""document"": ""d24106576.pdf"", ""page"": 25, ""distance"": 0.37354859709739685}, {""rank"": 2, ""document"": ""d24106576.pdf"", ""page"": 4, ""distance"": 0.3844321370124817}, {""rank"": 3, ""document"": ""d24106576.pdf"", ""page"": 62, ""distance"": 0.38520827889442444}, {""rank"": 4, ""document"": ""d24106576.pdf"", ""page"": 46, ""distance"": 0.38765233755111694}, {""rank"": 5, ""document"": ""d24106576.pdf"", ""page"": 2, ""distance"": 0.391099750995636}, {""rank"": 6, ""document"": ""d24106576.pdf"", ""page"": 60, ""distance"": 0.3941318392753601}, {""rank"": 7, ""document"": ""d24106576.pdf"", ""page"": 43, ""distance"": 0.40136054158210754}]",1.0,1.0,True,True,0.012809300038497895
EQ076,"Summarize the main findings on CISA's OT cybersecurity products, services, and coordination.","Users often reported positive experiences, but GAO found negative experiences, staffing and disclosure concerns, information-sharing gaps, and incomplete use of leading collaboration practices.",GAO-24-106576,PDF pp. 2-3,8,"[{""evaluation_document"": ""GAO-24-106576"", ""indexed_document"": ""d24106576.pdf"", ""expected_pages"": [2, 3]}]","[{""rank"": 1, ""document"": ""d24106576.pdf"", ""page"": 25, ""distance"": 0.37354859709739685}, {""rank"": 2, ""document"": ""d24106576.pdf"", ""page"": 4, ""distance"": 0.3844321370124817}, {""rank"": 3, ""document"": ""d24106576.pdf"", ""page"": 62, ""distance"": 0.38520827889442444}, {""rank"": 4, ""document"": ""d24106576.pdf"", ""page"": 46, ""distance"": 0.38765233755111694}, {""rank"": 5, ""document"": ""d24106576.pdf"", ""page"": 2, ""distance"": 0.391099750995636}, {""rank"": 6, ""document"": ""d24106576.pdf"", ""page"": 60, ""distance"": 0.3941318392753601}, {""rank"": 7, ""document"": ""d24106576.pdf"", ""page"": 43, ""distance"": 0.40136054158210754}, {""rank"": 8, ""document"": ""d24106576.pdf"", ""page"": 56, ""distance"": 0.4310898780822754}]",1.0,1.0,True,True,0.012335399980656803
EQ076,"Summarize the main findings on CISA's OT cybersecurity products, services, and coordination.","Users often reported positive experiences, but GAO found negative experiences, staffing and disclosure concerns, information-sharing gaps, and incomplete use of leading collaboration practices.",GAO-24-106576,PDF pp. 2-3,9,"[{""evaluation_document"": ""GAO-24-106576"", ""indexed_document"": ""d24106576.pdf"", ""expected_pages"": [2, 3]}]","[{""rank"": 1, ""document"": ""d24106576.pdf"", ""page"": 25, ""distance"": 0.37354859709739685}, {""rank"": 2, ""document"": ""d24106576.pdf"", ""page"": 4, ""distance"": 0.3844321370124817}, {""rank"": 3, ""document"": ""d24106576.pdf"", ""page"": 62, ""distance"": 0.38520827889442444}, {""rank"": 4, ""document"": ""d24106576.pdf"", ""page"": 46, ""distance"": 0.38765233755111694}, {""rank"": 5, ""document"": ""d24106576.pdf"", ""page"": 2, ""distance"": 0.391099750995636}, {""rank"": 6, ""document"": ""d24106576.pdf"", ""page"": 60, ""distance"": 0.3941318392753601}, {""rank"": 7, ""document"": ""d24106576.pdf"", ""page"": 43, ""distance"": 0.40136054158210754}, {""rank"": 8, ""document"": ""d24106576.pdf"", ""page"": 56, ""distance"": 0.4310898780822754}, {""rank"": 9, ""document"": ""d24106576.pdf"", ""page"": 26, ""distance"": 0.4400487542152405}]",1.0,1.0,True,True,0.011639200034551322
EQ076,"Summarize the main findings on CISA's OT cybersecurity products, services, and coordination.","Users often reported positive experiences, but GAO found negative experiences, staffing and disclosure concerns, information-sharing gaps, and incomplete use of leading collaboration practices.",GAO-24-106576,PDF pp. 2-3,10,"[{""evaluation_document"": ""GAO-24-106576"", ""indexed_document"": ""d24106576.pdf"", ""expected_pages"": [2, 3]}]","[{""rank"": 1, ""document"": ""d24106576.pdf"", ""page"": 25, ""distance"": 0.37354859709739685}, {""rank"": 2, ""document"": ""d24106576.pdf"", ""page"": 4, ""distance"": 0.3844321370124817}, {""rank"": 3, ""document"": ""d24106576.pdf"", ""page"": 62, ""distance"": 0.38520827889442444}, {""rank"": 4, ""document"": ""d24106576.pdf"", ""page"": 46, ""distance"": 0.38765233755111694}, {""rank"": 5, ""document"": ""d24106576.pdf"", ""page"": 2, ""distance"": 0.391099750995636}, {""rank"": 6, ""document"": ""d24106576.pdf"", ""page"": 60, ""distance"": 0.3941318392753601}, {""rank"": 7, ""document"": ""d24106576.pdf"", ""page"": 43, ""distance"": 0.40136054158210754}, {""rank"": 8, ""document"": ""d24106576.pdf"", ""page"": 56, ""distance"": 0.4310898780822754}, {""rank"": 9, ""document"": ""d24106576.pdf"", ""page"": 26, ""distance"": 0.4400487542152405}, {""rank"": 10, ""document"": ""d24106576.pdf"", ""page"": 67, ""distance"": 0.44890785217285156}]",1.0,1.0,True,True,0.013644699996802956
EQ077,Summarize the information-security challenges described in GAO's 2016 testimony.,"Cyber incidents had risen sharply, and agencies needed more effective risk-based programs, secure configuration, patching, replacement of unsupported software, and comprehensive testing and evaluation.",GAO-16-885T,PDF p. 2,1,"[{""evaluation_document"": ""GAO-16-885T"", ""indexed_document"": ""gao-16-885t.pdf"", ""expected_pages"": [2]}]","[{""rank"": 1, ""document"": ""gao-24-107231.pdf"", ""page"": 2, ""distance"": 0.7095239162445068}]",0.0,0.0,False,False,0.01075489999493584
EQ077,Summarize the information-security challenges described in GAO's 2016 testimony.,"Cyber incidents had risen sharply, and agencies needed more effective risk-based programs, secure configuration, patching, replacement of unsupported software, and comprehensive testing and evaluation.",GAO-16-885T,PDF p. 2,2,"[{""evaluation_document"": ""GAO-16-885T"", ""indexed_document"": ""gao-16-885t.pdf"", ""expected_pages"": [2]}]","[{""rank"": 1, ""document"": ""gao-24-107231-highlights.pdf"", ""page"": 1, ""distance"": 0.7095239162445068}, {""rank"": 2, ""document"": ""gao-24-107231.pdf"", ""page"": 2, ""distance"": 0.7095239162445068}]",0.0,0.0,False,False,0.01142900000559166
EQ077,Summarize the information-security challenges described in GAO's 2016 testimony.,"Cyber incidents had risen sharply, and agencies needed more effective risk-based programs, secure configuration, patching, replacement of unsupported software, and comprehensive testing and evaluation.",GAO-16-885T,PDF p. 2,3,"[{""evaluation_document"": ""GAO-16-885T"", ""indexed_document"": ""gao-16-885t.pdf"", ""expected_pages"": [2]}]","[{""rank"": 1, ""document"": ""gao-24-107231-highlights.pdf"", ""page"": 1, ""distance"": 0.7095239162445068}, {""rank"": 2, ""document"": ""gao-24-107231.pdf"", ""page"": 2, ""distance"": 0.7095239162445068}, {""rank"": 3, ""document"": ""gao-16-885t.pdf"", ""page"": 1, ""distance"": 0.7096513509750366}]",1.0,0.0,True,False,0.012736700009554625
EQ077,Summarize the information-security challenges described in GAO's 2016 testimony.,"Cyber incidents had risen sharply, and agencies needed more effective risk-based programs, secure configuration, patching, replacement of unsupported software, and comprehensive testing and evaluation.",GAO-16-885T,PDF p. 2,4,"[{""evaluation_document"": ""GAO-16-885T"", ""indexed_document"": ""gao-16-885t.pdf"", ""expected_pages"": [2]}]","[{""rank"": 1, ""document"": ""gao-24-107231-highlights.pdf"", ""page"": 1, ""distance"": 0.7095239162445068}, {""rank"": 2, ""document"": ""gao-24-107231.pdf"", ""page"": 2, ""distance"": 0.7095239162445068}, {""rank"": 3, ""document"": ""gao-16-885t.pdf"", ""page"": 1, ""distance"": 0.7096513509750366}, {""rank"": 4, ""document"": ""gao-24-107231.pdf"", ""page"": 83, ""distance"": 0.7175955772399902}]",1.0,0.0,True,False,0.011640499986242503
EQ077,Summarize the information-security challenges described in GAO's 2016 testimony.,"Cyber incidents had risen sharply, and agencies needed more effective risk-based programs, secure configuration, patching, replacement of unsupported software, and comprehensive testing and evaluation.",GAO-16-885T,PDF p. 2,5,"[{""evaluation_document"": ""GAO-16-885T"", ""indexed_document"": ""gao-16-885t.pdf"", ""expected_pages"": [2]}]","[{""rank"": 1, ""document"": ""gao-24-107231-highlights.pdf"", ""page"": 1, ""distance"": 0.7095239162445068}, {""rank"": 2, ""document"": ""gao-24-107231.pdf"", ""page"": 2, ""distance"": 0.7095239162445068}, {""rank"": 3, ""document"": ""gao-16-885t.pdf"", ""page"": 1, ""distance"": 0.7096513509750366}, {""rank"": 4, ""document"": ""gao-24-107231.pdf"", ""page"": 83, ""distance"": 0.7175955772399902}, {""rank"": 5, ""document"": ""gao-24-107231-highlights.pdf"", ""page"": 1, ""distance"": 0.7780020236968994}]",1.0,0.0,True,False,0.012396300036925822
EQ077,Summarize the information-security challenges described in GAO's 2016 testimony.,"Cyber incidents had risen sharply, and agencies needed more effective risk-based programs, secure configuration, patching, replacement of unsupported software, and comprehensive testing and evaluation.",GAO-16-885T,PDF p. 2,6,"[{""evaluation_document"": ""GAO-16-885T"", ""indexed_document"": ""gao-16-885t.pdf"", ""expected_pages"": [2]}]","[{""rank"": 1, ""document"": ""gao-24-107231-highlights.pdf"", ""page"": 1, ""distance"": 0.7095239162445068}, {""rank"": 2, ""document"": ""gao-24-107231.pdf"", ""page"": 2, ""distance"": 0.7095239162445068}, {""rank"": 3, ""document"": ""gao-16-885t.pdf"", ""page"": 1, ""distance"": 0.7096513509750366}, {""rank"": 4, ""document"": ""gao-24-107231.pdf"", ""page"": 83, ""distance"": 0.7175955772399902}, {""rank"": 5, ""document"": ""gao-24-107231-highlights.pdf"", ""page"": 1, ""distance"": 0.7780020236968994}, {""rank"": 6, ""document"": ""gao-24-107231.pdf"", ""page"": 2, ""distance"": 0.7780020236968994}]",1.0,0.0,True,False,0.011094699962995946
EQ077,Summarize the information-security challenges described in GAO's 2016 testimony.,"Cyber incidents had risen sharply, and agencies needed more effective risk-based programs, secure configuration, patching, replacement of unsupported software, and comprehensive testing and evaluation.",GAO-16-885T,PDF p. 2,7,"[{""evaluation_document"": ""GAO-16-885T"", ""indexed_document"": ""gao-16-885t.pdf"", ""expected_pages"": [2]}]","[{""rank"": 1, ""document"": ""gao-24-107231-highlights.pdf"", ""page"": 1, ""distance"": 0.7095239162445068}, {""rank"": 2, ""document"": ""gao-24-107231.pdf"", ""page"": 2, ""distance"": 0.7095239162445068}, {""rank"": 3, ""document"": ""gao-16-885t.pdf"", ""page"": 1, ""distance"": 0.7096513509750366}, {""rank"": 4, ""document"": ""gao-24-107231.pdf"", ""page"": 83, ""distance"": 0.7175955772399902}, {""rank"": 5, ""document"": ""gao-24-107231-highlights.pdf"", ""page"": 1, ""distance"": 0.7780020236968994}, {""rank"": 6, ""document"": ""gao-24-107231.pdf"", ""page"": 2, ""distance"": 0.7780020236968994}, {""rank"": 7, ""document"": ""gao-26-900644.pdf"", ""page"": 71, ""distance"": 0.7932925224304199}]",1.0,0.0,True,False,0.0111210000468418
EQ077,Summarize the information-security challenges described in GAO's 2016 testimony.,"Cyber incidents had risen sharply, and agencies needed more effective risk-based programs, secure configuration, patching, replacement of unsupported software, and comprehensive testing and evaluation.",GAO-16-885T,PDF p. 2,8,"[{""evaluation_document"": ""GAO-16-885T"", ""indexed_document"": ""gao-16-885t.pdf"", ""expected_pages"": [2]}]","[{""rank"": 1, ""document"": ""gao-24-107231-highlights.pdf"", ""page"": 1, ""distance"": 0.7095239162445068}, {""rank"": 2, ""document"": ""gao-24-107231.pdf"", ""page"": 2, ""distance"": 0.7095239162445068}, {""rank"": 3, ""document"": ""gao-16-885t.pdf"", ""page"": 1, ""distance"": 0.7096513509750366}, {""rank"": 4, ""document"": ""gao-24-107231.pdf"", ""page"": 83, ""distance"": 0.7175955772399902}, {""rank"": 5, ""document"": ""gao-24-107231-highlights.pdf"", ""page"": 1, ""distance"": 0.7780020236968994}, {""rank"": 6, ""document"": ""gao-24-107231.pdf"", ""page"": 2, ""distance"": 0.7780020236968994}, {""rank"": 7, ""document"": ""gao-26-900644.pdf"", ""page"": 71, ""distance"": 0.7932925224304199}, {""rank"": 8, ""document"": ""gao-26-900644.pdf"", ""page"": 81, ""distance"": 0.8157694339752197}]",1.0,0.0,True,False,0.011238600010983646
EQ077,Summarize the information-security challenges described in GAO's 2016 testimony.,"Cyber incidents had risen sharply, and agencies needed more effective risk-based programs, secure configuration, patching, replacement of unsupported software, and comprehensive testing and evaluation.",GAO-16-885T,PDF p. 2,9,"[{""evaluation_document"": ""GAO-16-885T"", ""indexed_document"": ""gao-16-885t.pdf"", ""expected_pages"": [2]}]","[{""rank"": 1, ""document"": ""gao-24-107231-highlights.pdf"", ""page"": 1, ""distance"": 0.7095239162445068}, {""rank"": 2, ""document"": ""gao-24-107231.pdf"", ""page"": 2, ""distance"": 0.7095239162445068}, {""rank"": 3, ""document"": ""gao-16-885t.pdf"", ""page"": 1, ""distance"": 0.7096513509750366}, {""rank"": 4, ""document"": ""gao-24-107231.pdf"", ""page"": 83, ""distance"": 0.7175955772399902}, {""rank"": 5, ""document"": ""gao-24-107231-highlights.pdf"", ""page"": 1, ""distance"": 0.7780020236968994}, {""rank"": 6, ""document"": ""gao-24-107231.pdf"", ""page"": 2, ""distance"": 0.7780020236968994}, {""rank"": 7, ""document"": ""gao-26-900644.pdf"", ""page"": 71, ""distance"": 0.7932925224304199}, {""rank"": 8, ""document"": ""gao-26-900644.pdf"", ""page"": 81, ""distance"": 0.8157694339752197}, {""rank"": 9, ""document"": ""gao-24-107231.pdf"", ""page"": 6, ""distance"": 0.8230383396148682}]",1.0,0.0,True,False,0.012271500017959625
EQ077,Summarize the information-security challenges described in GAO's 2016 testimony.,"Cyber incidents had risen sharply, and agencies needed more effective risk-based programs, secure configuration, patching, replacement of unsupported software, and comprehensive testing and evaluation.",GAO-16-885T,PDF p. 2,10,"[{""evaluation_document"": ""GAO-16-885T"", ""indexed_document"": ""gao-16-885t.pdf"", ""expected_pages"": [2]}]","[{""rank"": 1, ""document"": ""gao-24-107231-highlights.pdf"", ""page"": 1, ""distance"": 0.7095239162445068}, {""rank"": 2, ""document"": ""gao-24-107231.pdf"", ""page"": 2, ""distance"": 0.7095239162445068}, {""rank"": 3, ""document"": ""gao-16-885t.pdf"", ""page"": 1, ""distance"": 0.7096513509750366}, {""rank"": 4, ""document"": ""gao-24-107231.pdf"", ""page"": 83, ""distance"": 0.7175955772399902}, {""rank"": 5, ""document"": ""gao-24-107231-highlights.pdf"", ""page"": 1, ""distance"": 0.7780020236968994}, {""rank"": 6, ""document"": ""gao-24-107231.pdf"", ""page"": 2, ""distance"": 0.7780020236968994}, {""rank"": 7, ""document"": ""gao-26-900644.pdf"", ""page"": 71, ""distance"": 0.7932925224304199}, {""rank"": 8, ""document"": ""gao-26-900644.pdf"", ""page"": 81, ""distance"": 0.8157694339752197}, {""rank"": 9, ""document"": ""gao-24-107231.pdf"", ""page"": 6, ""distance"": 0.8230383396148682}, {""rank"": 10, ""document"": ""gao-24-107231.pdf"", ""page"": 31, ""distance"": 0.838131844997406}]",1.0,0.0,True,False,0.010868399986065924
EQ078,Summarize the key findings on Treasury debt management and fiscal risk.,"Treasury has increased auction size and frequency and uses predictable issuance to meet borrowing needs, but the deteriorating fiscal outlook poses market risks beyond its debt-management practices.",GAO-26-107529,PDF pp. 2-3,1,"[{""evaluation_document"": ""GAO-26-107529"", ""indexed_document"": ""gao-26-107529.pdf"", ""expected_pages"": [2, 3]}]","[{""rank"": 1, ""document"": ""gao-26-107529.pdf"", ""page"": 52, ""distance"": 0.4410448670387268}]",1.0,0.0,True,False,0.012282799987588078
EQ078,Summarize the key findings on Treasury debt management and fiscal risk.,"Treasury has increased auction size and frequency and uses predictable issuance to meet borrowing needs, but the deteriorating fiscal outlook poses market risks beyond its debt-management practices.",GAO-26-107529,PDF pp. 2-3,2,"[{""evaluation_document"": ""GAO-26-107529"", ""indexed_document"": ""gao-26-107529.pdf"", ""expected_pages"": [2, 3]}]","[{""rank"": 1, ""document"": ""gao-26-107529.pdf"", ""page"": 52, ""distance"": 0.4410448670387268}, {""rank"": 2, ""document"": ""gao-26-107529.pdf"", ""page"": 16, ""distance"": 0.44354861974716187}]",1.0,0.0,True,False,0.010720399965066463
EQ078,Summarize the key findings on Treasury debt management and fiscal risk.,"Treasury has increased auction size and frequency and uses predictable issuance to meet borrowing needs, but the deteriorating fiscal outlook poses market risks beyond its debt-management practices.",GAO-26-107529,PDF pp. 2-3,3,"[{""evaluation_document"": ""GAO-26-107529"", ""indexed_document"": ""gao-26-107529.pdf"", ""expected_pages"": [2, 3]}]","[{""rank"": 1, ""document"": ""gao-26-107529.pdf"", ""page"": 52, ""distance"": 0.4410448670387268}, {""rank"": 2, ""document"": ""gao-26-107529.pdf"", ""page"": 16, ""distance"": 0.44354861974716187}, {""rank"": 3, ""document"": ""gao-26-107529.pdf"", ""page"": 2, ""distance"": 0.451896607875824}]",1.0,1.0,True,True,0.013433999964036047
EQ078,Summarize the key findings on Treasury debt management and fiscal risk.,"Treasury has increased auction size and frequency and uses predictable issuance to meet borrowing needs, but the deteriorating fiscal outlook poses market risks beyond its debt-management practices.",GAO-26-107529,PDF pp. 2-3,4,"[{""evaluation_document"": ""GAO-26-107529"", ""indexed_document"": ""gao-26-107529.pdf"", ""expected_pages"": [2, 3]}]","[{""rank"": 1, ""document"": ""gao-26-107529.pdf"", ""page"": 52, ""distance"": 0.4410448670387268}, {""rank"": 2, ""document"": ""gao-26-107529.pdf"", ""page"": 16, ""distance"": 0.44354861974716187}, {""rank"": 3, ""document"": ""gao-26-107529.pdf"", ""page"": 2, ""distance"": 0.451896607875824}, {""rank"": 4, ""document"": ""gao-26-107529.pdf"", ""page"": 17, ""distance"": 0.5042692422866821}]",1.0,1.0,True,True,0.010731499991379678
EQ078,Summarize the key findings on Treasury debt management and fiscal risk.,"Treasury has increased auction size and frequency and uses predictable issuance to meet borrowing needs, but the deteriorating fiscal outlook poses market risks beyond its debt-management practices.",GAO-26-107529,PDF pp. 2-3,5,"[{""evaluation_document"": ""GAO-26-107529"", ""indexed_document"": ""gao-26-107529.pdf"", ""expected_pages"": [2, 3]}]","[{""rank"": 1, ""document"": ""gao-26-107529.pdf"", ""page"": 52, ""distance"": 0.4410448670387268}, {""rank"": 2, ""document"": ""gao-26-107529.pdf"", ""page"": 16, ""distance"": 0.44354861974716187}, {""rank"": 3, ""document"": ""gao-26-107529.pdf"", ""page"": 2, ""distance"": 0.451896607875824}, {""rank"": 4, ""document"": ""gao-26-107529.pdf"", ""page"": 17, ""distance"": 0.5042692422866821}, {""rank"": 5, ""document"": ""gao-26-107529.pdf"", ""page"": 24, ""distance"": 0.5104149580001831}]",1.0,1.0,True,True,0.01154899998800829
EQ078,Summarize the key findings on Treasury debt management and fiscal risk.,"Treasury has increased auction size and frequency and uses predictable issuance to meet borrowing needs, but the deteriorating fiscal outlook poses market risks beyond its debt-management practices.",GAO-26-107529,PDF pp. 2-3,6,"[{""evaluation_document"": ""GAO-26-107529"", ""indexed_document"": ""gao-26-107529.pdf"", ""expected_pages"": [2, 3]}]","[{""rank"": 1, ""document"": ""gao-26-107529.pdf"", ""page"": 52, ""distance"": 0.4410448670387268}, {""rank"": 2, ""document"": ""gao-26-107529.pdf"", ""page"": 16, ""distance"": 0.44354861974716187}, {""rank"": 3, ""document"": ""gao-26-107529.pdf"", ""page"": 2, ""distance"": 0.451896607875824}, {""rank"": 4, ""document"": ""gao-26-107529.pdf"", ""page"": 17, ""distance"": 0.5042692422866821}, {""rank"": 5, ""document"": ""gao-26-107529.pdf"", ""page"": 24, ""distance"": 0.5104149580001831}, {""rank"": 6, ""document"": ""gao-26-107529.pdf"", ""page"": 7, ""distance"": 0.5346095561981201}]",1.0,1.0,True,True,0.010861199989449233
EQ078,Summarize the key findings on Treasury debt management and fiscal risk.,"Treasury has increased auction size and frequency and uses predictable issuance to meet borrowing needs, but the deteriorating fiscal outlook poses market risks beyond its debt-management practices.",GAO-26-107529,PDF pp. 2-3,7,"[{""evaluation_document"": ""GAO-26-107529"", ""indexed_document"": ""gao-26-107529.pdf"", ""expected_pages"": [2, 3]}]","[{""rank"": 1, ""document"": ""gao-26-107529.pdf"", ""page"": 52, ""distance"": 0.4410448670387268}, {""rank"": 2, ""document"": ""gao-26-107529.pdf"", ""page"": 16, ""distance"": 0.44354861974716187}, {""rank"": 3, ""document"": ""gao-26-107529.pdf"", ""page"": 2, ""distance"": 0.451896607875824}, {""rank"": 4, ""document"": ""gao-26-107529.pdf"", ""page"": 17, ""distance"": 0.5042692422866821}, {""rank"": 5, ""document"": ""gao-26-107529.pdf"", ""page"": 24, ""distance"": 0.5104149580001831}, {""rank"": 6, ""document"": ""gao-26-107529.pdf"", ""page"": 7, ""distance"": 0.5346095561981201}, {""rank"": 7, ""document"": ""gao-26-107529.pdf"", ""page"": 9, ""distance"": 0.5413147211074829}]",1.0,1.0,True,True,0.012208600004669279
EQ078,Summarize the key findings on Treasury debt management and fiscal risk.,"Treasury has increased auction size and frequency and uses predictable issuance to meet borrowing needs, but the deteriorating fiscal outlook poses market risks beyond its debt-management practices.",GAO-26-107529,PDF pp. 2-3,8,"[{""evaluation_document"": ""GAO-26-107529"", ""indexed_document"": ""gao-26-107529.pdf"", ""expected_pages"": [2, 3]}]","[{""rank"": 1, ""document"": ""gao-26-107529.pdf"", ""page"": 52, ""distance"": 0.4410448670387268}, {""rank"": 2, ""document"": ""gao-26-107529.pdf"", ""page"": 16, ""distance"": 0.44354861974716187}, {""rank"": 3, ""document"": ""gao-26-107529.pdf"", ""page"": 2, ""distance"": 0.451896607875824}, {""rank"": 4, ""document"": ""gao-26-107529.pdf"", ""page"": 17, ""distance"": 0.5042692422866821}, {""rank"": 5, ""document"": ""gao-26-107529.pdf"", ""page"": 24, ""distance"": 0.5104149580001831}, {""rank"": 6, ""document"": ""gao-26-107529.pdf"", ""page"": 7, ""distance"": 0.5346095561981201}, {""rank"": 7, ""document"": ""gao-26-107529.pdf"", ""page"": 9, ""distance"": 0.5413147211074829}, {""rank"": 8, ""document"": ""gao-26-107529.pdf"", ""page"": 3, ""distance"": 0.5414275527000427}]",1.0,1.0,True,True,0.014556300011463463
EQ078,Summarize the key findings on Treasury debt management and fiscal risk.,"Treasury has increased auction size and frequency and uses predictable issuance to meet borrowing needs, but the deteriorating fiscal outlook poses market risks beyond its debt-management practices.",GAO-26-107529,PDF pp. 2-3,9,"[{""evaluation_document"": ""GAO-26-107529"", ""indexed_document"": ""gao-26-107529.pdf"", ""expected_pages"": [2, 3]}]","[{""rank"": 1, ""document"": ""gao-26-107529.pdf"", ""page"": 52, ""distance"": 0.4410448670387268}, {""rank"": 2, ""document"": ""gao-26-107529.pdf"", ""page"": 16, ""distance"": 0.44354861974716187}, {""rank"": 3, ""document"": ""gao-26-107529.pdf"", ""page"": 2, ""distance"": 0.451896607875824}, {""rank"": 4, ""document"": ""gao-26-107529.pdf"", ""page"": 17, ""distance"": 0.5042692422866821}, {""rank"": 5, ""document"": ""gao-26-107529.pdf"", ""page"": 24, ""distance"": 0.5104149580001831}, {""rank"": 6, ""document"": ""gao-26-107529.pdf"", ""page"": 7, ""distance"": 0.5346095561981201}, {""rank"": 7, ""document"": ""gao-26-107529.pdf"", ""page"": 9, ""distance"": 0.5413147211074829}, {""rank"": 8, ""document"": ""gao-26-107529.pdf"", ""page"": 3, ""distance"": 0.5414275527000427}, {""rank"": 9, ""document"": ""gao-26-107529.pdf"", ""page"": 1, ""distance"": 0.5588051676750183}]",1.0,1.0,True,True,0.01209729997208342
EQ078,Summarize the key findings on Treasury debt management and fiscal risk.,"Treasury has increased auction size and frequency and uses predictable issuance to meet borrowing needs, but the deteriorating fiscal outlook poses market risks beyond its debt-management practices.",GAO-26-107529,PDF pp. 2-3,10,"[{""evaluation_document"": ""GAO-26-107529"", ""indexed_document"": ""gao-26-107529.pdf"", ""expected_pages"": [2, 3]}]","[{""rank"": 1, ""document"": ""gao-26-107529.pdf"", ""page"": 52, ""distance"": 0.4410448670387268}, {""rank"": 2, ""document"": ""gao-26-107529.pdf"", ""page"": 16, ""distance"": 0.44354861974716187}, {""rank"": 3, ""document"": ""gao-26-107529.pdf"", ""page"": 2, ""distance"": 0.451896607875824}, {""rank"": 4, ""document"": ""gao-26-107529.pdf"", ""page"": 17, ""distance"": 0.5042692422866821}, {""rank"": 5, ""document"": ""gao-26-107529.pdf"", ""page"": 24, ""distance"": 0.5104149580001831}, {""rank"": 6, ""document"": ""gao-26-107529.pdf"", ""page"": 7, ""distance"": 0.5346095561981201}, {""rank"": 7, ""document"": ""gao-26-107529.pdf"", ""page"": 9, ""distance"": 0.5413147211074829}, {""rank"": 8, ""document"": ""gao-26-107529.pdf"", ""page"": 3, ""distance"": 0.5414275527000427}, {""rank"": 9, ""document"": ""gao-26-107529.pdf"", ""page"": 1, ""distance"": 0.5588051676750183}, {""rank"": 10, ""document"": ""gao-26-107529.pdf"", ""page"": 30, ""distance"": 0.5643388032913208}]",1.0,1.0,True,True,0.009896599978674203
EQ079,Summarize the Navy's hypersonic modernization findings.,"The Navy is behind on DDG 1000 modernization, faces unique sustainment, testing, funding, quality, and production challenges, and lacks a comprehensive Navy-Army investment strategy.",GAO-26-107974,PDF pp. 2-3,1,"[{""evaluation_document"": ""GAO-26-107974"", ""indexed_document"": ""gao-26-107974.pdf"", ""expected_pages"": [2, 3]}]","[{""rank"": 1, ""document"": ""gao-26-107974.pdf"", ""page"": 1, ""distance"": 0.6349037885665894}]",1.0,0.0,True,False,0.012614800012670457
EQ079,Summarize the Navy's hypersonic modernization findings.,"The Navy is behind on DDG 1000 modernization, faces unique sustainment, testing, funding, quality, and production challenges, and lacks a comprehensive Navy-Army investment strategy.",GAO-26-107974,PDF pp. 2-3,2,"[{""evaluation_document"": ""GAO-26-107974"", ""indexed_document"": ""gao-26-107974.pdf"", ""expected_pages"": [2, 3]}]","[{""rank"": 1, ""document"": ""gao-26-107974.pdf"", ""page"": 1, ""distance"": 0.6349037885665894}, {""rank"": 2, ""document"": ""gao-26-107974.pdf"", ""page"": 5, ""distance"": 0.8237578868865967}]",1.0,0.0,True,False,0.012591899954713881
EQ079,Summarize the Navy's hypersonic modernization findings.,"The Navy is behind on DDG 1000 modernization, faces unique sustainment, testing, funding, quality, and production challenges, and lacks a comprehensive Navy-Army investment strategy.",GAO-26-107974,PDF pp. 2-3,3,"[{""evaluation_document"": ""GAO-26-107974"", ""indexed_document"": ""gao-26-107974.pdf"", ""expected_pages"": [2, 3]}]","[{""rank"": 1, ""document"": ""gao-26-107974.pdf"", ""page"": 1, ""distance"": 0.6349037885665894}, {""rank"": 2, ""document"": ""gao-26-107974.pdf"", ""page"": 5, ""distance"": 0.8237578868865967}, {""rank"": 3, ""document"": ""gao-26-107974.pdf"", ""page"": 9, ""distance"": 0.8630921840667725}]",1.0,0.0,True,False,0.011976500041782856
EQ079,Summarize the Navy's hypersonic modernization findings.,"The Navy is behind on DDG 1000 modernization, faces unique sustainment, testing, funding, quality, and production challenges, and lacks a comprehensive Navy-Army investment strategy.",GAO-26-107974,PDF pp. 2-3,4,"[{""evaluation_document"": ""GAO-26-107974"", ""indexed_document"": ""gao-26-107974.pdf"", ""expected_pages"": [2, 3]}]","[{""rank"": 1, ""document"": ""gao-26-107974.pdf"", ""page"": 1, ""distance"": 0.6349037885665894}, {""rank"": 2, ""document"": ""gao-26-107974.pdf"", ""page"": 5, ""distance"": 0.8237578868865967}, {""rank"": 3, ""document"": ""gao-26-107974.pdf"", ""page"": 9, ""distance"": 0.8630921840667725}, {""rank"": 4, ""document"": ""gao-26-107974.pdf"", ""page"": 4, ""distance"": 0.8757157325744629}]",1.0,0.0,True,False,0.009311100002378225
EQ079,Summarize the Navy's hypersonic modernization findings.,"The Navy is behind on DDG 1000 modernization, faces unique sustainment, testing, funding, quality, and production challenges, and lacks a comprehensive Navy-Army investment strategy.",GAO-26-107974,PDF pp. 2-3,5,"[{""evaluation_document"": ""GAO-26-107974"", ""indexed_document"": ""gao-26-107974.pdf"", ""expected_pages"": [2, 3]}]","[{""rank"": 1, ""document"": ""gao-26-107974.pdf"", ""page"": 1, ""distance"": 0.6349037885665894}, {""rank"": 2, ""document"": ""gao-26-107974.pdf"", ""page"": 5, ""distance"": 0.8237578868865967}, {""rank"": 3, ""document"": ""gao-26-107974.pdf"", ""page"": 9, ""distance"": 0.8630921840667725}, {""rank"": 4, ""document"": ""gao-26-107974.pdf"", ""page"": 4, ""distance"": 0.8757157325744629}, {""rank"": 5, ""document"": ""gao-26-107974.pdf"", ""page"": 3, ""distance"": 0.9096105098724365}]",1.0,1.0,True,True,0.01229280000552535
EQ079,Summarize the Navy's hypersonic modernization findings.,"The Navy is behind on DDG 1000 modernization, faces unique sustainment, testing, funding, quality, and production challenges, and lacks a comprehensive Navy-Army investment strategy.",GAO-26-107974,PDF pp. 2-3,6,"[{""evaluation_document"": ""GAO-26-107974"", ""indexed_document"": ""gao-26-107974.pdf"", ""expected_pages"": [2, 3]}]","[{""rank"": 1, ""document"": ""gao-26-107974.pdf"", ""page"": 1, ""distance"": 0.6349037885665894}, {""rank"": 2, ""document"": ""gao-26-107974.pdf"", ""page"": 5, ""distance"": 0.8237578868865967}, {""rank"": 3, ""document"": ""gao-26-107974.pdf"", ""page"": 9, ""distance"": 0.8630921840667725}, {""rank"": 4, ""document"": ""gao-26-107974.pdf"", ""page"": 4, ""distance"": 0.8757157325744629}, {""rank"": 5, ""document"": ""gao-26-107974.pdf"", ""page"": 3, ""distance"": 0.9096105098724365}, {""rank"": 6, ""document"": ""gao-26-107974.pdf"", ""page"": 2, ""distance"": 0.9408440589904785}]",1.0,1.0,True,True,0.012099700048565865
EQ079,Summarize the Navy's hypersonic modernization findings.,"The Navy is behind on DDG 1000 modernization, faces unique sustainment, testing, funding, quality, and production challenges, and lacks a comprehensive Navy-Army investment strategy.",GAO-26-107974,PDF pp. 2-3,7,"[{""evaluation_document"": ""GAO-26-107974"", ""indexed_document"": ""gao-26-107974.pdf"", ""expected_pages"": [2, 3]}]","[{""rank"": 1, ""document"": ""gao-26-107974.pdf"", ""page"": 1, ""distance"": 0.6349037885665894}, {""rank"": 2, ""document"": ""gao-26-107974.pdf"", ""page"": 5, ""distance"": 0.8237578868865967}, {""rank"": 3, ""document"": ""gao-26-107974.pdf"", ""page"": 9, ""distance"": 0.8630921840667725}, {""rank"": 4, ""document"": ""gao-26-107974.pdf"", ""page"": 4, ""distance"": 0.8757157325744629}, {""rank"": 5, ""document"": ""gao-26-107974.pdf"", ""page"": 3, ""distance"": 0.9096105098724365}, {""rank"": 6, ""document"": ""gao-26-107974.pdf"", ""page"": 2, ""distance"": 0.9408440589904785}, {""rank"": 7, ""document"": ""gao-26-107974.pdf"", ""page"": 11, ""distance"": 0.95555579662323}]",1.0,1.0,True,True,0.012631799967493862
EQ079,Summarize the Navy's hypersonic modernization findings.,"The Navy is behind on DDG 1000 modernization, faces unique sustainment, testing, funding, quality, and production challenges, and lacks a comprehensive Navy-Army investment strategy.",GAO-26-107974,PDF pp. 2-3,8,"[{""evaluation_document"": ""GAO-26-107974"", ""indexed_document"": ""gao-26-107974.pdf"", ""expected_pages"": [2, 3]}]","[{""rank"": 1, ""document"": ""gao-26-107974.pdf"", ""page"": 1, ""distance"": 0.6349037885665894}, {""rank"": 2, ""document"": ""gao-26-107974.pdf"", ""page"": 5, ""distance"": 0.8237578868865967}, {""rank"": 3, ""document"": ""gao-26-107974.pdf"", ""page"": 9, ""distance"": 0.8630921840667725}, {""rank"": 4, ""document"": ""gao-26-107974.pdf"", ""page"": 4, ""distance"": 0.8757157325744629}, {""rank"": 5, ""document"": ""gao-26-107974.pdf"", ""page"": 3, ""distance"": 0.9096105098724365}, {""rank"": 6, ""document"": ""gao-26-107974.pdf"", ""page"": 2, ""distance"": 0.9408440589904785}, {""rank"": 7, ""document"": ""gao-26-107974.pdf"", ""page"": 11, ""distance"": 0.95555579662323}, {""rank"": 8, ""document"": ""gao-26-107974.pdf"", ""page"": 30, ""distance"": 0.9576267004013062}]",1.0,1.0,True,True,0.010997599980328232
EQ079,Summarize the Navy's hypersonic modernization findings.,"The Navy is behind on DDG 1000 modernization, faces unique sustainment, testing, funding, quality, and production challenges, and lacks a comprehensive Navy-Army investment strategy.",GAO-26-107974,PDF pp. 2-3,9,"[{""evaluation_document"": ""GAO-26-107974"", ""indexed_document"": ""gao-26-107974.pdf"", ""expected_pages"": [2, 3]}]","[{""rank"": 1, ""document"": ""gao-26-107974.pdf"", ""page"": 1, ""distance"": 0.6349037885665894}, {""rank"": 2, ""document"": ""gao-26-107974.pdf"", ""page"": 5, ""distance"": 0.8237578868865967}, {""rank"": 3, ""document"": ""gao-26-107974.pdf"", ""page"": 9, ""distance"": 0.8630921840667725}, {""rank"": 4, ""document"": ""gao-26-107974.pdf"", ""page"": 4, ""distance"": 0.8757157325744629}, {""rank"": 5, ""document"": ""gao-26-107974.pdf"", ""page"": 3, ""distance"": 0.9096105098724365}, {""rank"": 6, ""document"": ""gao-26-107974.pdf"", ""page"": 2, ""distance"": 0.9408440589904785}, {""rank"": 7, ""document"": ""gao-26-107974.pdf"", ""page"": 11, ""distance"": 0.95555579662323}, {""rank"": 8, ""document"": ""gao-26-107974.pdf"", ""page"": 30, ""distance"": 0.9576267004013062}, {""rank"": 9, ""document"": ""gao-26-107974.pdf"", ""page"": 8, ""distance"": 0.9914482235908508}]",1.0,1.0,True,True,0.011328900000080466
EQ079,Summarize the Navy's hypersonic modernization findings.,"The Navy is behind on DDG 1000 modernization, faces unique sustainment, testing, funding, quality, and production challenges, and lacks a comprehensive Navy-Army investment strategy.",GAO-26-107974,PDF pp. 2-3,10,"[{""evaluation_document"": ""GAO-26-107974"", ""indexed_document"": ""gao-26-107974.pdf"", ""expected_pages"": [2, 3]}]","[{""rank"": 1, ""document"": ""gao-26-107974.pdf"", ""page"": 1, ""distance"": 0.6349037885665894}, {""rank"": 2, ""document"": ""gao-26-107974.pdf"", ""page"": 5, ""distance"": 0.8237578868865967}, {""rank"": 3, ""document"": ""gao-26-107974.pdf"", ""page"": 9, ""distance"": 0.8630921840667725}, {""rank"": 4, ""document"": ""gao-26-107974.pdf"", ""page"": 4, ""distance"": 0.8757157325744629}, {""rank"": 5, ""document"": ""gao-26-107974.pdf"", ""page"": 3, ""distance"": 0.9096105098724365}, {""rank"": 6, ""document"": ""gao-26-107974.pdf"", ""page"": 2, ""distance"": 0.9408440589904785}, {""rank"": 7, ""document"": ""gao-26-107974.pdf"", ""page"": 11, ""distance"": 0.95555579662323}, {""rank"": 8, ""document"": ""gao-26-107974.pdf"", ""page"": 30, ""distance"": 0.9576267004013062}, {""rank"": 9, ""document"": ""gao-26-107974.pdf"", ""page"": 8, ""distance"": 0.9914482235908508}, {""rank"": 10, ""document"": ""gao-26-107974.pdf"", ""page"": 2, ""distance"": 1.0194437503814697}]",1.0,1.0,True,True,0.01147199998376891
EQ080,Summarize GAO's concerns about DOGE's Wall of Receipts savings figures.,"Reported savings lacked transparent methods and evidence; contract methodology was often not followed, most grant savings were unverifiable, and lease savings were overstated by more than $80 million.",GAO-26-108615,PDF pp. 2-3,1,"[{""evaluation_document"": ""GAO-26-108615"", ""indexed_document"": ""gao-26-108615.pdf"", ""expected_pages"": [2, 3]}]","[{""rank"": 1, ""document"": ""gao-26-108615.pdf"", ""page"": 6, ""distance"": 0.4357832670211792}]",1.0,0.0,True,False,0.012439400015864521
EQ080,Summarize GAO's concerns about DOGE's Wall of Receipts savings figures.,"Reported savings lacked transparent methods and evidence; contract methodology was often not followed, most grant savings were unverifiable, and lease savings were overstated by more than $80 million.",GAO-26-108615,PDF pp. 2-3,2,"[{""evaluation_document"": ""GAO-26-108615"", ""indexed_document"": ""gao-26-108615.pdf"", ""expected_pages"": [2, 3]}]","[{""rank"": 1, ""document"": ""gao-26-108615.pdf"", ""page"": 6, ""distance"": 0.4357832670211792}, {""rank"": 2, ""document"": ""gao-26-108615.pdf"", ""page"": 1, ""distance"": 0.47743356227874756}]",1.0,0.0,True,False,0.012348600022960454
EQ080,Summarize GAO's concerns about DOGE's Wall of Receipts savings figures.,"Reported savings lacked transparent methods and evidence; contract methodology was often not followed, most grant savings were unverifiable, and lease savings were overstated by more than $80 million.",GAO-26-108615,PDF pp. 2-3,3,"[{""evaluation_document"": ""GAO-26-108615"", ""indexed_document"": ""gao-26-108615.pdf"", ""expected_pages"": [2, 3]}]","[{""rank"": 1, ""document"": ""gao-26-108615.pdf"", ""page"": 6, ""distance"": 0.4357832670211792}, {""rank"": 2, ""document"": ""gao-26-108615.pdf"", ""page"": 1, ""distance"": 0.47743356227874756}, {""rank"": 3, ""document"": ""gao-26-108615.pdf"", ""page"": 12, ""distance"": 0.526147723197937}]",1.0,0.0,True,False,0.011478200030978769
EQ080,Summarize GAO's concerns about DOGE's Wall of Receipts savings figures.,"Reported savings lacked transparent methods and evidence; contract methodology was often not followed, most grant savings were unverifiable, and lease savings were overstated by more than $80 million.",GAO-26-108615,PDF pp. 2-3,4,"[{""evaluation_document"": ""GAO-26-108615"", ""indexed_document"": ""gao-26-108615.pdf"", ""expected_pages"": [2, 3]}]","[{""rank"": 1, ""document"": ""gao-26-108615.pdf"", ""page"": 6, ""distance"": 0.4357832670211792}, {""rank"": 2, ""document"": ""gao-26-108615.pdf"", ""page"": 1, ""distance"": 0.47743356227874756}, {""rank"": 3, ""document"": ""gao-26-108615.pdf"", ""page"": 12, ""distance"": 0.526147723197937}, {""rank"": 4, ""document"": ""gao-26-108615.pdf"", ""page"": 36, ""distance"": 0.5392106771469116}]",1.0,0.0,True,False,0.01199649996124208
EQ080,Summarize GAO's concerns about DOGE's Wall of Receipts savings figures.,"Reported savings lacked transparent methods and evidence; contract methodology was often not followed, most grant savings were unverifiable, and lease savings were overstated by more than $80 million.",GAO-26-108615,PDF pp. 2-3,5,"[{""evaluation_document"": ""GAO-26-108615"", ""indexed_document"": ""gao-26-108615.pdf"", ""expected_pages"": [2, 3]}]","[{""rank"": 1, ""document"": ""gao-26-108615.pdf"", ""page"": 6, ""distance"": 0.4357832670211792}, {""rank"": 2, ""document"": ""gao-26-108615.pdf"", ""page"": 1, ""distance"": 0.47743356227874756}, {""rank"": 3, ""document"": ""gao-26-108615.pdf"", ""page"": 12, ""distance"": 0.526147723197937}, {""rank"": 4, ""document"": ""gao-26-108615.pdf"", ""page"": 36, ""distance"": 0.5392106771469116}, {""rank"": 5, ""document"": ""gao-26-108615.pdf"", ""page"": 40, ""distance"": 0.5437420010566711}]",1.0,0.0,True,False,0.010962900007143617
EQ080,Summarize GAO's concerns about DOGE's Wall of Receipts savings figures.,"Reported savings lacked transparent methods and evidence; contract methodology was often not followed, most grant savings were unverifiable, and lease savings were overstated by more than $80 million.",GAO-26-108615,PDF pp. 2-3,6,"[{""evaluation_document"": ""GAO-26-108615"", ""indexed_document"": ""gao-26-108615.pdf"", ""expected_pages"": [2, 3]}]","[{""rank"": 1, ""document"": ""gao-26-108615.pdf"", ""page"": 6, ""distance"": 0.4357832670211792}, {""rank"": 2, ""document"": ""gao-26-108615.pdf"", ""page"": 1, ""distance"": 0.47743356227874756}, {""rank"": 3, ""document"": ""gao-26-108615.pdf"", ""page"": 12, ""distance"": 0.526147723197937}, {""rank"": 4, ""document"": ""gao-26-108615.pdf"", ""page"": 36, ""distance"": 0.5392106771469116}, {""rank"": 5, ""document"": ""gao-26-108615.pdf"", ""page"": 40, ""distance"": 0.5437420010566711}, {""rank"": 6, ""document"": ""gao-26-108615.pdf"", ""page"": 2, ""distance"": 0.5462350845336914}]",1.0,1.0,True,True,0.012420799990650266
EQ080,Summarize GAO's concerns about DOGE's Wall of Receipts savings figures.,"Reported savings lacked transparent methods and evidence; contract methodology was often not followed, most grant savings were unverifiable, and lease savings were overstated by more than $80 million.",GAO-26-108615,PDF pp. 2-3,7,"[{""evaluation_document"": ""GAO-26-108615"", ""indexed_document"": ""gao-26-108615.pdf"", ""expected_pages"": [2, 3]}]","[{""rank"": 1, ""document"": ""gao-26-108615.pdf"", ""page"": 6, ""distance"": 0.4357832670211792}, {""rank"": 2, ""document"": ""gao-26-108615.pdf"", ""page"": 1, ""distance"": 0.47743356227874756}, {""rank"": 3, ""document"": ""gao-26-108615.pdf"", ""page"": 12, ""distance"": 0.526147723197937}, {""rank"": 4, ""document"": ""gao-26-108615.pdf"", ""page"": 36, ""distance"": 0.5392106771469116}, {""rank"": 5, ""document"": ""gao-26-108615.pdf"", ""page"": 40, ""distance"": 0.5437420010566711}, {""rank"": 6, ""document"": ""gao-26-108615.pdf"", ""page"": 2, ""distance"": 0.5462350845336914}, {""rank"": 7, ""document"": ""gao-26-108615.pdf"", ""page"": 2, ""distance"": 0.5630416870117188}]",1.0,1.0,True,True,0.01125270000193268
EQ080,Summarize GAO's concerns about DOGE's Wall of Receipts savings figures.,"Reported savings lacked transparent methods and evidence; contract methodology was often not followed, most grant savings were unverifiable, and lease savings were overstated by more than $80 million.",GAO-26-108615,PDF pp. 2-3,8,"[{""evaluation_document"": ""GAO-26-108615"", ""indexed_document"": ""gao-26-108615.pdf"", ""expected_pages"": [2, 3]}]","[{""rank"": 1, ""document"": ""gao-26-108615.pdf"", ""page"": 6, ""distance"": 0.4357832670211792}, {""rank"": 2, ""document"": ""gao-26-108615.pdf"", ""page"": 1, ""distance"": 0.47743356227874756}, {""rank"": 3, ""document"": ""gao-26-108615.pdf"", ""page"": 12, ""distance"": 0.526147723197937}, {""rank"": 4, ""document"": ""gao-26-108615.pdf"", ""page"": 36, ""distance"": 0.5392106771469116}, {""rank"": 5, ""document"": ""gao-26-108615.pdf"", ""page"": 40, ""distance"": 0.5437420010566711}, {""rank"": 6, ""document"": ""gao-26-108615.pdf"", ""page"": 2, ""distance"": 0.5462350845336914}, {""rank"": 7, ""document"": ""gao-26-108615.pdf"", ""page"": 2, ""distance"": 0.5630416870117188}, {""rank"": 8, ""document"": ""gao-26-108615.pdf"", ""page"": 23, ""distance"": 0.5691670179367065}]",1.0,1.0,True,True,0.013152399973478168
EQ080,Summarize GAO's concerns about DOGE's Wall of Receipts savings figures.,"Reported savings lacked transparent methods and evidence; contract methodology was often not followed, most grant savings were unverifiable, and lease savings were overstated by more than $80 million.",GAO-26-108615,PDF pp. 2-3,9,"[{""evaluation_document"": ""GAO-26-108615"", ""indexed_document"": ""gao-26-108615.pdf"", ""expected_pages"": [2, 3]}]","[{""rank"": 1, ""document"": ""gao-26-108615.pdf"", ""page"": 6, ""distance"": 0.4357832670211792}, {""rank"": 2, ""document"": ""gao-26-108615.pdf"", ""page"": 1, ""distance"": 0.47743356227874756}, {""rank"": 3, ""document"": ""gao-26-108615.pdf"", ""page"": 12, ""distance"": 0.526147723197937}, {""rank"": 4, ""document"": ""gao-26-108615.pdf"", ""page"": 36, ""distance"": 0.5392106771469116}, {""rank"": 5, ""document"": ""gao-26-108615.pdf"", ""page"": 40, ""distance"": 0.5437420010566711}, {""rank"": 6, ""document"": ""gao-26-108615.pdf"", ""page"": 2, ""distance"": 0.5462350845336914}, {""rank"": 7, ""document"": ""gao-26-108615.pdf"", ""page"": 2, ""distance"": 0.5630416870117188}, {""rank"": 8, ""document"": ""gao-26-108615.pdf"", ""page"": 23, ""distance"": 0.5691670179367065}, {""rank"": 9, ""document"": ""gao-26-108615.pdf"", ""page"": 29, ""distance"": 0.5791182518005371}]",1.0,1.0,True,True,0.013413399981800467
EQ080,Summarize GAO's concerns about DOGE's Wall of Receipts savings figures.,"Reported savings lacked transparent methods and evidence; contract methodology was often not followed, most grant savings were unverifiable, and lease savings were overstated by more than $80 million.",GAO-26-108615,PDF pp. 2-3,10,"[{""evaluation_document"": ""GAO-26-108615"", ""indexed_document"": ""gao-26-108615.pdf"", ""expected_pages"": [2, 3]}]","[{""rank"": 1, ""document"": ""gao-26-108615.pdf"", ""page"": 6, ""distance"": 0.4357832670211792}, {""rank"": 2, ""document"": ""gao-26-108615.pdf"", ""page"": 1, ""distance"": 0.47743356227874756}, {""rank"": 3, ""document"": ""gao-26-108615.pdf"", ""page"": 12, ""distance"": 0.526147723197937}, {""rank"": 4, ""document"": ""gao-26-108615.pdf"", ""page"": 36, ""distance"": 0.5392106771469116}, {""rank"": 5, ""document"": ""gao-26-108615.pdf"", ""page"": 40, ""distance"": 0.5437420010566711}, {""rank"": 6, ""document"": ""gao-26-108615.pdf"", ""page"": 2, ""distance"": 0.5462350845336914}, {""rank"": 7, ""document"": ""gao-26-108615.pdf"", ""page"": 2, ""distance"": 0.5630416870117188}, {""rank"": 8, ""document"": ""gao-26-108615.pdf"", ""page"": 23, ""distance"": 0.5691670179367065}, {""rank"": 9, ""document"": ""gao-26-108615.pdf"", ""page"": 29, ""distance"": 0.5791182518005371}, {""rank"": 10, ""document"": ""gao-26-108615.pdf"", ""page"": 3, ""distance"": 0.5855898857116699}]",1.0,1.0,True,True,0.016301700030453503
EQ081,How do CISA's incident-response playbook and the CrowdStrike findings work together to guide disruption preparedness?,"Use CISA's playbook for planning and response, and strengthen supply-chain risk management, testing, contingency planning, and information sharing to improve resilience.",GAO-24-105658; GAO-24-107733,PDF pp. 2; 1-2,1,"[{""evaluation_document"": ""GAO-24-105658"", ""indexed_document"": ""d24105658.pdf"", ""expected_pages"": [2]}, {""evaluation_document"": ""GAO-24-107733"", ""indexed_document"": ""gao-24-107733.pdf"", ""expected_pages"": [1, 2]}]","[{""rank"": 1, ""document"": ""d24105658.pdf"", ""page"": 38, ""distance"": 0.8382788896560669}]",0.5,0.0,False,False,0.015534099948126823
EQ081,How do CISA's incident-response playbook and the CrowdStrike findings work together to guide disruption preparedness?,"Use CISA's playbook for planning and response, and strengthen supply-chain risk management, testing, contingency planning, and information sharing to improve resilience.",GAO-24-105658; GAO-24-107733,PDF pp. 2; 1-2,2,"[{""evaluation_document"": ""GAO-24-105658"", ""indexed_document"": ""d24105658.pdf"", ""expected_pages"": [2]}, {""evaluation_document"": ""GAO-24-107733"", ""indexed_document"": ""gao-24-107733.pdf"", ""expected_pages"": [1, 2]}]","[{""rank"": 1, ""document"": ""d24105658.pdf"", ""page"": 38, ""distance"": 0.8382788896560669}, {""rank"": 2, ""document"": ""d24105658.pdf"", ""page"": 24, ""distance"": 0.8699272871017456}]",0.5,0.0,False,False,0.011378499970305711
EQ081,How do CISA's incident-response playbook and the CrowdStrike findings work together to guide disruption preparedness?,"Use CISA's playbook for planning and response, and strengthen supply-chain risk management, testing, contingency planning, and information sharing to improve resilience.",GAO-24-105658; GAO-24-107733,PDF pp. 2; 1-2,3,"[{""evaluation_document"": ""GAO-24-105658"", ""indexed_document"": ""d24105658.pdf"", ""expected_pages"": [2]}, {""evaluation_document"": ""GAO-24-107733"", ""indexed_document"": ""gao-24-107733.pdf"", ""expected_pages"": [1, 2]}]","[{""rank"": 1, ""document"": ""d24105658.pdf"", ""page"": 38, ""distance"": 0.8382788896560669}, {""rank"": 2, ""document"": ""d24105658.pdf"", ""page"": 24, ""distance"": 0.8699272871017456}, {""rank"": 3, ""document"": ""d24105658.pdf"", ""page"": 25, ""distance"": 0.8739210963249207}]",0.5,0.0,False,False,0.01332860003458336
EQ081,How do CISA's incident-response playbook and the CrowdStrike findings work together to guide disruption preparedness?,"Use CISA's playbook for planning and response, and strengthen supply-chain risk management, testing, contingency planning, and information sharing to improve resilience.",GAO-24-105658; GAO-24-107733,PDF pp. 2; 1-2,4,"[{""evaluation_document"": ""GAO-24-105658"", ""indexed_document"": ""d24105658.pdf"", ""expected_pages"": [2]}, {""evaluation_document"": ""GAO-24-107733"", ""indexed_document"": ""gao-24-107733.pdf"", ""expected_pages"": [1, 2]}]","[{""rank"": 1, ""document"": ""d24105658.pdf"", ""page"": 38, ""distance"": 0.8382788896560669}, {""rank"": 2, ""document"": ""d24105658.pdf"", ""page"": 24, ""distance"": 0.8699272871017456}, {""rank"": 3, ""document"": ""d24105658.pdf"", ""page"": 25, ""distance"": 0.8739210963249207}, {""rank"": 4, ""document"": ""d24106576.pdf"", ""page"": 65, ""distance"": 0.9409076571464539}]",0.5,0.0,False,False,0.015432099986355752
EQ081,How do CISA's incident-response playbook and the CrowdStrike findings work together to guide disruption preparedness?,"Use CISA's playbook for planning and response, and strengthen supply-chain risk management, testing, contingency planning, and information sharing to improve resilience.",GAO-24-105658; GAO-24-107733,PDF pp. 2; 1-2,5,"[{""evaluation_document"": ""GAO-24-105658"", ""indexed_document"": ""d24105658.pdf"", ""expected_pages"": [2]}, {""evaluation_document"": ""GAO-24-107733"", ""indexed_document"": ""gao-24-107733.pdf"", ""expected_pages"": [1, 2]}]","[{""rank"": 1, ""document"": ""d24105658.pdf"", ""page"": 38, ""distance"": 0.8382788896560669}, {""rank"": 2, ""document"": ""d24105658.pdf"", ""page"": 24, ""distance"": 0.8699272871017456}, {""rank"": 3, ""document"": ""d24105658.pdf"", ""page"": 25, ""distance"": 0.8739210963249207}, {""rank"": 4, ""document"": ""d24106576.pdf"", ""page"": 65, ""distance"": 0.9409076571464539}, {""rank"": 5, ""document"": ""d24105658.pdf"", ""page"": 20, ""distance"": 0.9585950970649719}]",0.5,0.0,False,False,0.015756100008729845
EQ081,How do CISA's incident-response playbook and the CrowdStrike findings work together to guide disruption preparedness?,"Use CISA's playbook for planning and response, and strengthen supply-chain risk management, testing, contingency planning, and information sharing to improve resilience.",GAO-24-105658; GAO-24-107733,PDF pp. 2; 1-2,6,"[{""evaluation_document"": ""GAO-24-105658"", ""indexed_document"": ""d24105658.pdf"", ""expected_pages"": [2]}, {""evaluation_document"": ""GAO-24-107733"", ""indexed_document"": ""gao-24-107733.pdf"", ""expected_pages"": [1, 2]}]","[{""rank"": 1, ""document"": ""d24105658.pdf"", ""page"": 38, ""distance"": 0.8382788896560669}, {""rank"": 2, ""document"": ""d24105658.pdf"", ""page"": 24, ""distance"": 0.8699272871017456}, {""rank"": 3, ""document"": ""d24105658.pdf"", ""page"": 25, ""distance"": 0.8739210963249207}, {""rank"": 4, ""document"": ""d24106576.pdf"", ""page"": 65, ""distance"": 0.9409076571464539}, {""rank"": 5, ""document"": ""d24105658.pdf"", ""page"": 20, ""distance"": 0.9585950970649719}, {""rank"": 6, ""document"": ""d24105658.pdf"", ""page"": 50, ""distance"": 0.9697887897491455}]",0.5,0.0,False,False,0.015441600000485778
EQ081,How do CISA's incident-response playbook and the CrowdStrike findings work together to guide disruption preparedness?,"Use CISA's playbook for planning and response, and strengthen supply-chain risk management, testing, contingency planning, and information sharing to improve resilience.",GAO-24-105658; GAO-24-107733,PDF pp. 2; 1-2,7,"[{""evaluation_document"": ""GAO-24-105658"", ""indexed_document"": ""d24105658.pdf"", ""expected_pages"": [2]}, {""evaluation_document"": ""GAO-24-107733"", ""indexed_document"": ""gao-24-107733.pdf"", ""expected_pages"": [1, 2]}]","[{""rank"": 1, ""document"": ""d24105658.pdf"", ""page"": 38, ""distance"": 0.8382788896560669}, {""rank"": 2, ""document"": ""d24105658.pdf"", ""page"": 24, ""distance"": 0.8699272871017456}, {""rank"": 3, ""document"": ""d24105658.pdf"", ""page"": 25, ""distance"": 0.8739210963249207}, {""rank"": 4, ""document"": ""d24106576.pdf"", ""page"": 65, ""distance"": 0.9409076571464539}, {""rank"": 5, ""document"": ""d24105658.pdf"", ""page"": 20, ""distance"": 0.9585950970649719}, {""rank"": 6, ""document"": ""d24105658.pdf"", ""page"": 50, ""distance"": 0.9697887897491455}, {""rank"": 7, ""document"": ""d24106576.pdf"", ""page"": 11, ""distance"": 0.9824241995811462}]",0.5,0.0,False,False,0.016049499972723424
EQ081,How do CISA's incident-response playbook and the CrowdStrike findings work together to guide disruption preparedness?,"Use CISA's playbook for planning and response, and strengthen supply-chain risk management, testing, contingency planning, and information sharing to improve resilience.",GAO-24-105658; GAO-24-107733,PDF pp. 2; 1-2,8,"[{""evaluation_document"": ""GAO-24-105658"", ""indexed_document"": ""d24105658.pdf"", ""expected_pages"": [2]}, {""evaluation_document"": ""GAO-24-107733"", ""indexed_document"": ""gao-24-107733.pdf"", ""expected_pages"": [1, 2]}]","[{""rank"": 1, ""document"": ""d24105658.pdf"", ""page"": 38, ""distance"": 0.8382788896560669}, {""rank"": 2, ""document"": ""d24105658.pdf"", ""page"": 24, ""distance"": 0.8699272871017456}, {""rank"": 3, ""document"": ""d24105658.pdf"", ""page"": 25, ""distance"": 0.8739210963249207}, {""rank"": 4, ""document"": ""d24106576.pdf"", ""page"": 65, ""distance"": 0.9409076571464539}, {""rank"": 5, ""document"": ""d24105658.pdf"", ""page"": 20, ""distance"": 0.9585950970649719}, {""rank"": 6, ""document"": ""d24105658.pdf"", ""page"": 50, ""distance"": 0.9697887897491455}, {""rank"": 7, ""document"": ""d24106576.pdf"", ""page"": 11, ""distance"": 0.9824241995811462}, {""rank"": 8, ""document"": ""d24106576.pdf"", ""page"": 41, ""distance"": 0.9899950623512268}]",0.5,0.0,False,False,0.014549799961969256
EQ081,How do CISA's incident-response playbook and the CrowdStrike findings work together to guide disruption preparedness?,"Use CISA's playbook for planning and response, and strengthen supply-chain risk management, testing, contingency planning, and information sharing to improve resilience.",GAO-24-105658; GAO-24-107733,PDF pp. 2; 1-2,9,"[{""evaluation_document"": ""GAO-24-105658"", ""indexed_document"": ""d24105658.pdf"", ""expected_pages"": [2]}, {""evaluation_document"": ""GAO-24-107733"", ""indexed_document"": ""gao-24-107733.pdf"", ""expected_pages"": [1, 2]}]","[{""rank"": 1, ""document"": ""d24105658.pdf"", ""page"": 38, ""distance"": 0.8382788896560669}, {""rank"": 2, ""document"": ""d24105658.pdf"", ""page"": 24, ""distance"": 0.8699272871017456}, {""rank"": 3, ""document"": ""d24105658.pdf"", ""page"": 25, ""distance"": 0.8739210963249207}, {""rank"": 4, ""document"": ""d24106576.pdf"", ""page"": 65, ""distance"": 0.9409076571464539}, {""rank"": 5, ""document"": ""d24105658.pdf"", ""page"": 20, ""distance"": 0.9585950970649719}, {""rank"": 6, ""document"": ""d24105658.pdf"", ""page"": 50, ""distance"": 0.9697887897491455}, {""rank"": 7, ""document"": ""d24106576.pdf"", ""page"": 11, ""distance"": 0.9824241995811462}, {""rank"": 8, ""document"": ""d24106576.pdf"", ""page"": 41, ""distance"": 0.9899950623512268}, {""rank"": 9, ""document"": ""d24105658.pdf"", ""page"": 9, ""distance"": 0.9946272373199463}]",0.5,0.0,False,False,0.01815850002458319
EQ081,How do CISA's incident-response playbook and the CrowdStrike findings work together to guide disruption preparedness?,"Use CISA's playbook for planning and response, and strengthen supply-chain risk management, testing, contingency planning, and information sharing to improve resilience.",GAO-24-105658; GAO-24-107733,PDF pp. 2; 1-2,10,"[{""evaluation_document"": ""GAO-24-105658"", ""indexed_document"": ""d24105658.pdf"", ""expected_pages"": [2]}, {""evaluation_document"": ""GAO-24-107733"", ""indexed_document"": ""gao-24-107733.pdf"", ""expected_pages"": [1, 2]}]","[{""rank"": 1, ""document"": ""d24105658.pdf"", ""page"": 38, ""distance"": 0.8382788896560669}, {""rank"": 2, ""document"": ""d24105658.pdf"", ""page"": 24, ""distance"": 0.8699272871017456}, {""rank"": 3, ""document"": ""d24105658.pdf"", ""page"": 25, ""distance"": 0.8739210963249207}, {""rank"": 4, ""document"": ""d24106576.pdf"", ""page"": 65, ""distance"": 0.9409076571464539}, {""rank"": 5, ""document"": ""d24105658.pdf"", ""page"": 20, ""distance"": 0.9585950970649719}, {""rank"": 6, ""document"": ""d24105658.pdf"", ""page"": 50, ""distance"": 0.9697887897491455}, {""rank"": 7, ""document"": ""d24106576.pdf"", ""page"": 11, ""distance"": 0.9824241995811462}, {""rank"": 8, ""document"": ""d24106576.pdf"", ""page"": 41, ""distance"": 0.9899950623512268}, {""rank"": 9, ""document"": ""d24105658.pdf"", ""page"": 9, ""distance"": 0.9946272373199463}, {""rank"": 10, ""document"": ""d24106576.pdf"", ""page"": 2, ""distance"": 1.0037435293197632}]",0.5,0.0,False,False,0.014308199984952807
EQ082,How do federal incident-response requirements relate to the broader high-risk cybersecurity challenges?,Incident-response readiness supports the high-risk goals of securing federal systems and information and protecting critical infrastructure; agencies still need full implementation of requirements.,GAO-24-105658; GAO-24-107231,PDF pp. 2; 1-5,1,"[{""evaluation_document"": ""GAO-24-105658"", ""indexed_document"": ""d24105658.pdf"", ""expected_pages"": [2]}, {""evaluation_document"": ""GAO-24-107231"", ""indexed_document"": ""gao-24-107231.pdf"", ""expected_pages"": [1, 2, 3, 4, 5]}]","[{""rank"": 1, ""document"": ""gao-24-107231.pdf"", ""page"": 45, ""distance"": 0.4810175597667694}]",0.5,0.0,False,False,0.014797400042880327
EQ082,How do federal incident-response requirements relate to the broader high-risk cybersecurity challenges?,Incident-response readiness supports the high-risk goals of securing federal systems and information and protecting critical infrastructure; agencies still need full implementation of requirements.,GAO-24-105658; GAO-24-107231,PDF pp. 2; 1-5,2,"[{""evaluation_document"": ""GAO-24-105658"", ""indexed_document"": ""d24105658.pdf"", ""expected_pages"": [2]}, {""evaluation_document"": ""GAO-24-107231"", ""indexed_document"": ""gao-24-107231.pdf"", ""expected_pages"": [1, 2, 3, 4, 5]}]","[{""rank"": 1, ""document"": ""gao-24-107231.pdf"", ""page"": 45, ""distance"": 0.4810175597667694}, {""rank"": 2, ""document"": ""d24105658.pdf"", ""page"": 8, ""distance"": 0.4873395264148712}]",1.0,0.0,True,False,0.015148300037253648
EQ082,How do federal incident-response requirements relate to the broader high-risk cybersecurity challenges?,Incident-response readiness supports the high-risk goals of securing federal systems and information and protecting critical infrastructure; agencies still need full implementation of requirements.,GAO-24-105658; GAO-24-107231,PDF pp. 2; 1-5,3,"[{""evaluation_document"": ""GAO-24-105658"", ""indexed_document"": ""d24105658.pdf"", ""expected_pages"": [2]}, {""evaluation_document"": ""GAO-24-107231"", ""indexed_document"": ""gao-24-107231.pdf"", ""expected_pages"": [1, 2, 3, 4, 5]}]","[{""rank"": 1, ""document"": ""gao-24-107231.pdf"", ""page"": 45, ""distance"": 0.4810175597667694}, {""rank"": 2, ""document"": ""d24105658.pdf"", ""page"": 8, ""distance"": 0.4873395264148712}, {""rank"": 3, ""document"": ""d24105658.pdf"", ""page"": 14, ""distance"": 0.5536988973617554}]",1.0,0.0,True,False,0.015414299967233092
EQ082,How do federal incident-response requirements relate to the broader high-risk cybersecurity challenges?,Incident-response readiness supports the high-risk goals of securing federal systems and information and protecting critical infrastructure; agencies still need full implementation of requirements.,GAO-24-105658; GAO-24-107231,PDF pp. 2; 1-5,4,"[{""evaluation_document"": ""GAO-24-105658"", ""indexed_document"": ""d24105658.pdf"", ""expected_pages"": [2]}, {""evaluation_document"": ""GAO-24-107231"", ""indexed_document"": ""gao-24-107231.pdf"", ""expected_pages"": [1, 2, 3, 4, 5]}]","[{""rank"": 1, ""document"": ""gao-24-107231.pdf"", ""page"": 45, ""distance"": 0.4810175597667694}, {""rank"": 2, ""document"": ""d24105658.pdf"", ""page"": 8, ""distance"": 0.4873395264148712}, {""rank"": 3, ""document"": ""d24105658.pdf"", ""page"": 14, ""distance"": 0.5536988973617554}, {""rank"": 4, ""document"": ""d24105658.pdf"", ""page"": 9, ""distance"": 0.5571197867393494}]",1.0,0.0,True,False,0.013585800013970584
EQ082,How do federal incident-response requirements relate to the broader high-risk cybersecurity challenges?,Incident-response readiness supports the high-risk goals of securing federal systems and information and protecting critical infrastructure; agencies still need full implementation of requirements.,GAO-24-105658; GAO-24-107231,PDF pp. 2; 1-5,5,"[{""evaluation_document"": ""GAO-24-105658"", ""indexed_document"": ""d24105658.pdf"", ""expected_pages"": [2]}, {""evaluation_document"": ""GAO-24-107231"", ""indexed_document"": ""gao-24-107231.pdf"", ""expected_pages"": [1, 2, 3, 4, 5]}]","[{""rank"": 1, ""document"": ""gao-24-107231.pdf"", ""page"": 45, ""distance"": 0.4810175597667694}, {""rank"": 2, ""document"": ""d24105658.pdf"", ""page"": 8, ""distance"": 0.4873395264148712}, {""rank"": 3, ""document"": ""d24105658.pdf"", ""page"": 14, ""distance"": 0.5536988973617554}, {""rank"": 4, ""document"": ""d24105658.pdf"", ""page"": 9, ""distance"": 0.5571197867393494}, {""rank"": 5, ""document"": ""d24105658.pdf"", ""page"": 50, ""distance"": 0.5612001419067383}]",1.0,0.0,True,False,0.014921699999831617
EQ082,How do federal incident-response requirements relate to the broader high-risk cybersecurity challenges?,Incident-response readiness supports the high-risk goals of securing federal systems and information and protecting critical infrastructure; agencies still need full implementation of requirements.,GAO-24-105658; GAO-24-107231,PDF pp. 2; 1-5,6,"[{""evaluation_document"": ""GAO-24-105658"", ""indexed_document"": ""d24105658.pdf"", ""expected_pages"": [2]}, {""evaluation_document"": ""GAO-24-107231"", ""indexed_document"": ""gao-24-107231.pdf"", ""expected_pages"": [1, 2, 3, 4, 5]}]","[{""rank"": 1, ""document"": ""gao-24-107231.pdf"", ""page"": 45, ""distance"": 0.4810175597667694}, {""rank"": 2, ""document"": ""d24105658.pdf"", ""page"": 8, ""distance"": 0.4873395264148712}, {""rank"": 3, ""document"": ""d24105658.pdf"", ""page"": 14, ""distance"": 0.5536988973617554}, {""rank"": 4, ""document"": ""d24105658.pdf"", ""page"": 9, ""distance"": 0.5571197867393494}, {""rank"": 5, ""document"": ""d24105658.pdf"", ""page"": 50, ""distance"": 0.5612001419067383}, {""rank"": 6, ""document"": ""d24105658.pdf"", ""page"": 17, ""distance"": 0.5615622997283936}]",1.0,0.0,True,False,0.014875900000333786
EQ082,How do federal incident-response requirements relate to the broader high-risk cybersecurity challenges?,Incident-response readiness supports the high-risk goals of securing federal systems and information and protecting critical infrastructure; agencies still need full implementation of requirements.,GAO-24-105658; GAO-24-107231,PDF pp. 2; 1-5,7,"[{""evaluation_document"": ""GAO-24-105658"", ""indexed_document"": ""d24105658.pdf"", ""expected_pages"": [2]}, {""evaluation_document"": ""GAO-24-107231"", ""indexed_document"": ""gao-24-107231.pdf"", ""expected_pages"": [1, 2, 3, 4, 5]}]","[{""rank"": 1, ""document"": ""gao-24-107231.pdf"", ""page"": 45, ""distance"": 0.4810175597667694}, {""rank"": 2, ""document"": ""d24105658.pdf"", ""page"": 8, ""distance"": 0.4873395264148712}, {""rank"": 3, ""document"": ""d24105658.pdf"", ""page"": 14, ""distance"": 0.5536988973617554}, {""rank"": 4, ""document"": ""d24105658.pdf"", ""page"": 9, ""distance"": 0.5571197867393494}, {""rank"": 5, ""document"": ""d24105658.pdf"", ""page"": 50, ""distance"": 0.5612001419067383}, {""rank"": 6, ""document"": ""d24105658.pdf"", ""page"": 17, ""distance"": 0.5615622997283936}, {""rank"": 7, ""document"": ""d24105658.pdf"", ""page"": 2, ""distance"": 0.6026737689971924}]",1.0,0.5,True,False,0.015129599953070283
EQ082,How do federal incident-response requirements relate to the broader high-risk cybersecurity challenges?,Incident-response readiness supports the high-risk goals of securing federal systems and information and protecting critical infrastructure; agencies still need full implementation of requirements.,GAO-24-105658; GAO-24-107231,PDF pp. 2; 1-5,8,"[{""evaluation_document"": ""GAO-24-105658"", ""indexed_document"": ""d24105658.pdf"", ""expected_pages"": [2]}, {""evaluation_document"": ""GAO-24-107231"", ""indexed_document"": ""gao-24-107231.pdf"", ""expected_pages"": [1, 2, 3, 4, 5]}]","[{""rank"": 1, ""document"": ""gao-24-107231.pdf"", ""page"": 45, ""distance"": 0.4810175597667694}, {""rank"": 2, ""document"": ""d24105658.pdf"", ""page"": 8, ""distance"": 0.4873395264148712}, {""rank"": 3, ""document"": ""d24105658.pdf"", ""page"": 14, ""distance"": 0.5536988973617554}, {""rank"": 4, ""document"": ""d24105658.pdf"", ""page"": 9, ""distance"": 0.5571197867393494}, {""rank"": 5, ""document"": ""d24105658.pdf"", ""page"": 50, ""distance"": 0.5612001419067383}, {""rank"": 6, ""document"": ""d24105658.pdf"", ""page"": 17, ""distance"": 0.5615622997283936}, {""rank"": 7, ""document"": ""d24105658.pdf"", ""page"": 2, ""distance"": 0.6026737689971924}, {""rank"": 8, ""document"": ""d24105658.pdf"", ""page"": 3, ""distance"": 0.6416851878166199}]",1.0,0.5,True,False,0.014425400004256517
EQ082,How do federal incident-response requirements relate to the broader high-risk cybersecurity challenges?,Incident-response readiness supports the high-risk goals of securing federal systems and information and protecting critical infrastructure; agencies still need full implementation of requirements.,GAO-24-105658; GAO-24-107231,PDF pp. 2; 1-5,9,"[{""evaluation_document"": ""GAO-24-105658"", ""indexed_document"": ""d24105658.pdf"", ""expected_pages"": [2]}, {""evaluation_document"": ""GAO-24-107231"", ""indexed_document"": ""gao-24-107231.pdf"", ""expected_pages"": [1, 2, 3, 4, 5]}]","[{""rank"": 1, ""document"": ""gao-24-107231.pdf"", ""page"": 45, ""distance"": 0.4810175597667694}, {""rank"": 2, ""document"": ""d24105658.pdf"", ""page"": 8, ""distance"": 0.4873395264148712}, {""rank"": 3, ""document"": ""d24105658.pdf"", ""page"": 14, ""distance"": 0.5536988973617554}, {""rank"": 4, ""document"": ""d24105658.pdf"", ""page"": 9, ""distance"": 0.5571197867393494}, {""rank"": 5, ""document"": ""d24105658.pdf"", ""page"": 50, ""distance"": 0.5612001419067383}, {""rank"": 6, ""document"": ""d24105658.pdf"", ""page"": 17, ""distance"": 0.5615622997283936}, {""rank"": 7, ""document"": ""d24105658.pdf"", ""page"": 2, ""distance"": 0.6026737689971924}, {""rank"": 8, ""document"": ""d24105658.pdf"", ""page"": 3, ""distance"": 0.6416851878166199}, {""rank"": 9, ""document"": ""d24105658.pdf"", ""page"": 45, ""distance"": 0.6464159488677979}]",1.0,0.5,True,False,0.014528899977449328
EQ082,How do federal incident-response requirements relate to the broader high-risk cybersecurity challenges?,Incident-response readiness supports the high-risk goals of securing federal systems and information and protecting critical infrastructure; agencies still need full implementation of requirements.,GAO-24-105658; GAO-24-107231,PDF pp. 2; 1-5,10,"[{""evaluation_document"": ""GAO-24-105658"", ""indexed_document"": ""d24105658.pdf"", ""expected_pages"": [2]}, {""evaluation_document"": ""GAO-24-107231"", ""indexed_document"": ""gao-24-107231.pdf"", ""expected_pages"": [1, 2, 3, 4, 5]}]","[{""rank"": 1, ""document"": ""gao-24-107231.pdf"", ""page"": 45, ""distance"": 0.4810175597667694}, {""rank"": 2, ""document"": ""d24105658.pdf"", ""page"": 8, ""distance"": 0.4873395264148712}, {""rank"": 3, ""document"": ""d24105658.pdf"", ""page"": 14, ""distance"": 0.5536988973617554}, {""rank"": 4, ""document"": ""d24105658.pdf"", ""page"": 9, ""distance"": 0.5571197867393494}, {""rank"": 5, ""document"": ""d24105658.pdf"", ""page"": 50, ""distance"": 0.5612001419067383}, {""rank"": 6, ""document"": ""d24105658.pdf"", ""page"": 17, ""distance"": 0.5615622997283936}, {""rank"": 7, ""document"": ""d24105658.pdf"", ""page"": 2, ""distance"": 0.6026737689971924}, {""rank"": 8, ""document"": ""d24105658.pdf"", ""page"": 3, ""distance"": 0.6416851878166199}, {""rank"": 9, ""document"": ""d24105658.pdf"", ""page"": 45, ""distance"": 0.6464159488677979}, {""rank"": 10, ""document"": ""d24105658.pdf"", ""page"": 38, ""distance"": 0.6487380266189575}]",1.0,0.5,True,False,0.014159400016069412
EQ083,How should national leaders connect strategy measurement with cybersecurity oversight?,"They should use outcome-oriented measures and resource/cost estimates in the strategy, then oversee supply-chain, workforce, and emerging-technology risks.",GAO-24-106916; GAO-24-107231,PDF pp. 2; 2-3,1,"[{""evaluation_document"": ""GAO-24-106916"", ""indexed_document"": ""d24106916.pdf"", ""expected_pages"": [2]}, {""evaluation_document"": ""GAO-24-107231"", ""indexed_document"": ""gao-24-107231.pdf"", ""expected_pages"": [2, 3]}]","[{""rank"": 1, ""document"": ""gao-24-107231.pdf"", ""page"": 18, ""distance"": 0.5351923108100891}]",0.5,0.0,False,False,0.016163600026629865
EQ083,How should national leaders connect strategy measurement with cybersecurity oversight?,"They should use outcome-oriented measures and resource/cost estimates in the strategy, then oversee supply-chain, workforce, and emerging-technology risks.",GAO-24-106916; GAO-24-107231,PDF pp. 2; 2-3,2,"[{""evaluation_document"": ""GAO-24-106916"", ""indexed_document"": ""d24106916.pdf"", ""expected_pages"": [2]}, {""evaluation_document"": ""GAO-24-107231"", ""indexed_document"": ""gao-24-107231.pdf"", ""expected_pages"": [2, 3]}]","[{""rank"": 1, ""document"": ""gao-24-107231.pdf"", ""page"": 18, ""distance"": 0.5351923108100891}, {""rank"": 2, ""document"": ""d24106916.pdf"", ""page"": 14, ""distance"": 0.5531917214393616}]",1.0,0.0,True,False,0.01673650002339855
EQ083,How should national leaders connect strategy measurement with cybersecurity oversight?,"They should use outcome-oriented measures and resource/cost estimates in the strategy, then oversee supply-chain, workforce, and emerging-technology risks.",GAO-24-106916; GAO-24-107231,PDF pp. 2; 2-3,3,"[{""evaluation_document"": ""GAO-24-106916"", ""indexed_document"": ""d24106916.pdf"", ""expected_pages"": [2]}, {""evaluation_document"": ""GAO-24-107231"", ""indexed_document"": ""gao-24-107231.pdf"", ""expected_pages"": [2, 3]}]","[{""rank"": 1, ""document"": ""gao-24-107231.pdf"", ""page"": 18, ""distance"": 0.5351923108100891}, {""rank"": 2, ""document"": ""d24106916.pdf"", ""page"": 14, ""distance"": 0.5531917214393616}, {""rank"": 3, ""document"": ""d24106916.pdf"", ""page"": 13, ""distance"": 0.5705490708351135}]",1.0,0.0,True,False,0.01373300002887845
EQ083,How should national leaders connect strategy measurement with cybersecurity oversight?,"They should use outcome-oriented measures and resource/cost estimates in the strategy, then oversee supply-chain, workforce, and emerging-technology risks.",GAO-24-106916; GAO-24-107231,PDF pp. 2; 2-3,4,"[{""evaluation_document"": ""GAO-24-106916"", ""indexed_document"": ""d24106916.pdf"", ""expected_pages"": [2]}, {""evaluation_document"": ""GAO-24-107231"", ""indexed_document"": ""gao-24-107231.pdf"", ""expected_pages"": [2, 3]}]","[{""rank"": 1, ""document"": ""gao-24-107231.pdf"", ""page"": 18, ""distance"": 0.5351923108100891}, {""rank"": 2, ""document"": ""d24106916.pdf"", ""page"": 14, ""distance"": 0.5531917214393616}, {""rank"": 3, ""document"": ""d24106916.pdf"", ""page"": 13, ""distance"": 0.5705490708351135}, {""rank"": 4, ""document"": ""d24106916.pdf"", ""page"": 33, ""distance"": 0.5780153870582581}]",1.0,0.0,True,False,0.012864599993918091
EQ083,How should national leaders connect strategy measurement with cybersecurity oversight?,"They should use outcome-oriented measures and resource/cost estimates in the strategy, then oversee supply-chain, workforce, and emerging-technology risks.",GAO-24-106916; GAO-24-107231,PDF pp. 2; 2-3,5,"[{""evaluation_document"": ""GAO-24-106916"", ""indexed_document"": ""d24106916.pdf"", ""expected_pages"": [2]}, {""evaluation_document"": ""GAO-24-107231"", ""indexed_document"": ""gao-24-107231.pdf"", ""expected_pages"": [2, 3]}]","[{""rank"": 1, ""document"": ""gao-24-107231.pdf"", ""page"": 18, ""distance"": 0.5351923108100891}, {""rank"": 2, ""document"": ""d24106916.pdf"", ""page"": 14, ""distance"": 0.5531917214393616}, {""rank"": 3, ""document"": ""d24106916.pdf"", ""page"": 13, ""distance"": 0.5705490708351135}, {""rank"": 4, ""document"": ""d24106916.pdf"", ""page"": 33, ""distance"": 0.5780153870582581}, {""rank"": 5, ""document"": ""d24106916.pdf"", ""page"": 16, ""distance"": 0.5828231573104858}]",1.0,0.0,True,False,0.01539069996215403
EQ083,How should national leaders connect strategy measurement with cybersecurity oversight?,"They should use outcome-oriented measures and resource/cost estimates in the strategy, then oversee supply-chain, workforce, and emerging-technology risks.",GAO-24-106916; GAO-24-107231,PDF pp. 2; 2-3,6,"[{""evaluation_document"": ""GAO-24-106916"", ""indexed_document"": ""d24106916.pdf"", ""expected_pages"": [2]}, {""evaluation_document"": ""GAO-24-107231"", ""indexed_document"": ""gao-24-107231.pdf"", ""expected_pages"": [2, 3]}]","[{""rank"": 1, ""document"": ""gao-24-107231.pdf"", ""page"": 18, ""distance"": 0.5351923108100891}, {""rank"": 2, ""document"": ""d24106916.pdf"", ""page"": 14, ""distance"": 0.5531917214393616}, {""rank"": 3, ""document"": ""d24106916.pdf"", ""page"": 13, ""distance"": 0.5705490708351135}, {""rank"": 4, ""document"": ""d24106916.pdf"", ""page"": 33, ""distance"": 0.5780153870582581}, {""rank"": 5, ""document"": ""d24106916.pdf"", ""page"": 16, ""distance"": 0.5828231573104858}, {""rank"": 6, ""document"": ""d24106916.pdf"", ""page"": 27, ""distance"": 0.6017082333564758}]",1.0,0.0,True,False,0.012928700016345829
EQ083,How should national leaders connect strategy measurement with cybersecurity oversight?,"They should use outcome-oriented measures and resource/cost estimates in the strategy, then oversee supply-chain, workforce, and emerging-technology risks.",GAO-24-106916; GAO-24-107231,PDF pp. 2; 2-3,7,"[{""evaluation_document"": ""GAO-24-106916"", ""indexed_document"": ""d24106916.pdf"", ""expected_pages"": [2]}, {""evaluation_document"": ""GAO-24-107231"", ""indexed_document"": ""gao-24-107231.pdf"", ""expected_pages"": [2, 3]}]","[{""rank"": 1, ""document"": ""gao-24-107231.pdf"", ""page"": 18, ""distance"": 0.5351923108100891}, {""rank"": 2, ""document"": ""d24106916.pdf"", ""page"": 14, ""distance"": 0.5531917214393616}, {""rank"": 3, ""document"": ""d24106916.pdf"", ""page"": 13, ""distance"": 0.5705490708351135}, {""rank"": 4, ""document"": ""d24106916.pdf"", ""page"": 33, ""distance"": 0.5780153870582581}, {""rank"": 5, ""document"": ""d24106916.pdf"", ""page"": 16, ""distance"": 0.5828231573104858}, {""rank"": 6, ""document"": ""d24106916.pdf"", ""page"": 27, ""distance"": 0.6017082333564758}, {""rank"": 7, ""document"": ""d24106916.pdf"", ""page"": 17, ""distance"": 0.6169195175170898}]",1.0,0.0,True,False,0.01412270002765581
EQ083,How should national leaders connect strategy measurement with cybersecurity oversight?,"They should use outcome-oriented measures and resource/cost estimates in the strategy, then oversee supply-chain, workforce, and emerging-technology risks.",GAO-24-106916; GAO-24-107231,PDF pp. 2; 2-3,8,"[{""evaluation_document"": ""GAO-24-106916"", ""indexed_document"": ""d24106916.pdf"", ""expected_pages"": [2]}, {""evaluation_document"": ""GAO-24-107231"", ""indexed_document"": ""gao-24-107231.pdf"", ""expected_pages"": [2, 3]}]","[{""rank"": 1, ""document"": ""gao-24-107231.pdf"", ""page"": 18, ""distance"": 0.5351923108100891}, {""rank"": 2, ""document"": ""d24106916.pdf"", ""page"": 14, ""distance"": 0.5531917214393616}, {""rank"": 3, ""document"": ""d24106916.pdf"", ""page"": 13, ""distance"": 0.5705490708351135}, {""rank"": 4, ""document"": ""d24106916.pdf"", ""page"": 33, ""distance"": 0.5780153870582581}, {""rank"": 5, ""document"": ""d24106916.pdf"", ""page"": 16, ""distance"": 0.5828231573104858}, {""rank"": 6, ""document"": ""d24106916.pdf"", ""page"": 27, ""distance"": 0.6017082333564758}, {""rank"": 7, ""document"": ""d24106916.pdf"", ""page"": 17, ""distance"": 0.6169195175170898}, {""rank"": 8, ""document"": ""d24106916.pdf"", ""page"": 9, ""distance"": 0.6244886517524719}]",1.0,0.0,True,False,0.01796879997709766
EQ083,How should national leaders connect strategy measurement with cybersecurity oversight?,"They should use outcome-oriented measures and resource/cost estimates in the strategy, then oversee supply-chain, workforce, and emerging-technology risks.",GAO-24-106916; GAO-24-107231,PDF pp. 2; 2-3,9,"[{""evaluation_document"": ""GAO-24-106916"", ""indexed_document"": ""d24106916.pdf"", ""expected_pages"": [2]}, {""evaluation_document"": ""GAO-24-107231"", ""indexed_document"": ""gao-24-107231.pdf"", ""expected_pages"": [2, 3]}]","[{""rank"": 1, ""document"": ""gao-24-107231.pdf"", ""page"": 18, ""distance"": 0.5351923108100891}, {""rank"": 2, ""document"": ""d24106916.pdf"", ""page"": 14, ""distance"": 0.5531917214393616}, {""rank"": 3, ""document"": ""d24106916.pdf"", ""page"": 13, ""distance"": 0.5705490708351135}, {""rank"": 4, ""document"": ""d24106916.pdf"", ""page"": 33, ""distance"": 0.5780153870582581}, {""rank"": 5, ""document"": ""d24106916.pdf"", ""page"": 16, ""distance"": 0.5828231573104858}, {""rank"": 6, ""document"": ""d24106916.pdf"", ""page"": 27, ""distance"": 0.6017082333564758}, {""rank"": 7, ""document"": ""d24106916.pdf"", ""page"": 17, ""distance"": 0.6169195175170898}, {""rank"": 8, ""document"": ""d24106916.pdf"", ""page"": 9, ""distance"": 0.6244886517524719}, {""rank"": 9, ""document"": ""d24106916.pdf"", ""page"": 3, ""distance"": 0.6399485468864441}]",1.0,0.0,True,False,0.015401099983137101
EQ083,How should national leaders connect strategy measurement with cybersecurity oversight?,"They should use outcome-oriented measures and resource/cost estimates in the strategy, then oversee supply-chain, workforce, and emerging-technology risks.",GAO-24-106916; GAO-24-107231,PDF pp. 2; 2-3,10,"[{""evaluation_document"": ""GAO-24-106916"", ""indexed_document"": ""d24106916.pdf"", ""expected_pages"": [2]}, {""evaluation_document"": ""GAO-24-107231"", ""indexed_document"": ""gao-24-107231.pdf"", ""expected_pages"": [2, 3]}]","[{""rank"": 1, ""document"": ""gao-24-107231.pdf"", ""page"": 18, ""distance"": 0.5351923108100891}, {""rank"": 2, ""document"": ""d24106916.pdf"", ""page"": 14, ""distance"": 0.5531917214393616}, {""rank"": 3, ""document"": ""d24106916.pdf"", ""page"": 13, ""distance"": 0.5705490708351135}, {""rank"": 4, ""document"": ""d24106916.pdf"", ""page"": 33, ""distance"": 0.5780153870582581}, {""rank"": 5, ""document"": ""d24106916.pdf"", ""page"": 16, ""distance"": 0.5828231573104858}, {""rank"": 6, ""document"": ""d24106916.pdf"", ""page"": 27, ""distance"": 0.6017082333564758}, {""rank"": 7, ""document"": ""d24106916.pdf"", ""page"": 17, ""distance"": 0.6169195175170898}, {""rank"": 8, ""document"": ""d24106916.pdf"", ""page"": 9, ""distance"": 0.6244886517524719}, {""rank"": 9, ""document"": ""d24106916.pdf"", ""page"": 3, ""distance"": 0.6399485468864441}, {""rank"": 10, ""document"": ""d24106916.pdf"", ""page"": 6, ""distance"": 0.6599965691566467}]",1.0,0.0,True,False,0.013892000017222017
EQ084,How do CISA's OT coordination findings relate to the need for timely cyber threat information sharing?,"Both reports show that ineffective sharing processes impede risk mitigation; partners need clear roles, accountability, and timely, actionable sharing with critical-infrastructure owners and operators.",GAO-24-106576; GAO-24-107733,PDF pp. 3; 2,1,"[{""evaluation_document"": ""GAO-24-106576"", ""indexed_document"": ""d24106576.pdf"", ""expected_pages"": [3]}, {""evaluation_document"": ""GAO-24-107733"", ""indexed_document"": ""gao-24-107733.pdf"", ""expected_pages"": [2]}]","[{""rank"": 1, ""document"": ""d24106576.pdf"", ""page"": 43, ""distance"": 0.5109538435935974}]",0.5,0.0,False,False,0.015025400032754987
EQ084,How do CISA's OT coordination findings relate to the need for timely cyber threat information sharing?,"Both reports show that ineffective sharing processes impede risk mitigation; partners need clear roles, accountability, and timely, actionable sharing with critical-infrastructure owners and operators.",GAO-24-106576; GAO-24-107733,PDF pp. 3; 2,2,"[{""evaluation_document"": ""GAO-24-106576"", ""indexed_document"": ""d24106576.pdf"", ""expected_pages"": [3]}, {""evaluation_document"": ""GAO-24-107733"", ""indexed_document"": ""gao-24-107733.pdf"", ""expected_pages"": [2]}]","[{""rank"": 1, ""document"": ""d24106576.pdf"", ""page"": 43, ""distance"": 0.5109538435935974}, {""rank"": 2, ""document"": ""gao-24-107231.pdf"", ""page"": 57, ""distance"": 0.5110030174255371}]",0.5,0.0,False,False,0.015289399947505444
EQ084,How do CISA's OT coordination findings relate to the need for timely cyber threat information sharing?,"Both reports show that ineffective sharing processes impede risk mitigation; partners need clear roles, accountability, and timely, actionable sharing with critical-infrastructure owners and operators.",GAO-24-106576; GAO-24-107733,PDF pp. 3; 2,3,"[{""evaluation_document"": ""GAO-24-106576"", ""indexed_document"": ""d24106576.pdf"", ""expected_pages"": [3]}, {""evaluation_document"": ""GAO-24-107733"", ""indexed_document"": ""gao-24-107733.pdf"", ""expected_pages"": [2]}]","[{""rank"": 1, ""document"": ""d24106576.pdf"", ""page"": 43, ""distance"": 0.5109538435935974}, {""rank"": 2, ""document"": ""gao-24-107231.pdf"", ""page"": 57, ""distance"": 0.5110030174255371}, {""rank"": 3, ""document"": ""d24106576.pdf"", ""page"": 60, ""distance"": 0.5112665891647339}]",0.5,0.0,False,False,0.014546699996571988
EQ084,How do CISA's OT coordination findings relate to the need for timely cyber threat information sharing?,"Both reports show that ineffective sharing processes impede risk mitigation; partners need clear roles, accountability, and timely, actionable sharing with critical-infrastructure owners and operators.",GAO-24-106576; GAO-24-107733,PDF pp. 3; 2,4,"[{""evaluation_document"": ""GAO-24-106576"", ""indexed_document"": ""d24106576.pdf"", ""expected_pages"": [3]}, {""evaluation_document"": ""GAO-24-107733"", ""indexed_document"": ""gao-24-107733.pdf"", ""expected_pages"": [2]}]","[{""rank"": 1, ""document"": ""d24106576.pdf"", ""page"": 43, ""distance"": 0.5109538435935974}, {""rank"": 2, ""document"": ""gao-24-107231.pdf"", ""page"": 57, ""distance"": 0.5110030174255371}, {""rank"": 3, ""document"": ""d24106576.pdf"", ""page"": 60, ""distance"": 0.5112665891647339}, {""rank"": 4, ""document"": ""d24105658.pdf"", ""page"": 48, ""distance"": 0.5120879411697388}]",0.5,0.0,False,False,0.01421600003959611
EQ084,How do CISA's OT coordination findings relate to the need for timely cyber threat information sharing?,"Both reports show that ineffective sharing processes impede risk mitigation; partners need clear roles, accountability, and timely, actionable sharing with critical-infrastructure owners and operators.",GAO-24-106576; GAO-24-107733,PDF pp. 3; 2,5,"[{""evaluation_document"": ""GAO-24-106576"", ""indexed_document"": ""d24106576.pdf"", ""expected_pages"": [3]}, {""evaluation_document"": ""GAO-24-107733"", ""indexed_document"": ""gao-24-107733.pdf"", ""expected_pages"": [2]}]","[{""rank"": 1, ""document"": ""d24106576.pdf"", ""page"": 43, ""distance"": 0.5109538435935974}, {""rank"": 2, ""document"": ""gao-24-107231.pdf"", ""page"": 57, ""distance"": 0.5110030174255371}, {""rank"": 3, ""document"": ""d24106576.pdf"", ""page"": 60, ""distance"": 0.5112665891647339}, {""rank"": 4, ""document"": ""d24105658.pdf"", ""page"": 48, ""distance"": 0.5120879411697388}, {""rank"": 5, ""document"": ""d24106576.pdf"", ""page"": 56, ""distance"": 0.5166868567466736}]",0.5,0.0,False,False,0.012745200016070157
EQ084,How do CISA's OT coordination findings relate to the need for timely cyber threat information sharing?,"Both reports show that ineffective sharing processes impede risk mitigation; partners need clear roles, accountability, and timely, actionable sharing with critical-infrastructure owners and operators.",GAO-24-106576; GAO-24-107733,PDF pp. 3; 2,6,"[{""evaluation_document"": ""GAO-24-106576"", ""indexed_document"": ""d24106576.pdf"", ""expected_pages"": [3]}, {""evaluation_document"": ""GAO-24-107733"", ""indexed_document"": ""gao-24-107733.pdf"", ""expected_pages"": [2]}]","[{""rank"": 1, ""document"": ""d24106576.pdf"", ""page"": 43, ""distance"": 0.5109538435935974}, {""rank"": 2, ""document"": ""gao-24-107231.pdf"", ""page"": 57, ""distance"": 0.5110030174255371}, {""rank"": 3, ""document"": ""d24106576.pdf"", ""page"": 60, ""distance"": 0.5112665891647339}, {""rank"": 4, ""document"": ""d24105658.pdf"", ""page"": 48, ""distance"": 0.5120879411697388}, {""rank"": 5, ""document"": ""d24106576.pdf"", ""page"": 56, ""distance"": 0.5166868567466736}, {""rank"": 6, ""document"": ""d24106576.pdf"", ""page"": 62, ""distance"": 0.5271918773651123}]",0.5,0.0,False,False,0.013460300047881901
EQ084,How do CISA's OT coordination findings relate to the need for timely cyber threat information sharing?,"Both reports show that ineffective sharing processes impede risk mitigation; partners need clear roles, accountability, and timely, actionable sharing with critical-infrastructure owners and operators.",GAO-24-106576; GAO-24-107733,PDF pp. 3; 2,7,"[{""evaluation_document"": ""GAO-24-106576"", ""indexed_document"": ""d24106576.pdf"", ""expected_pages"": [3]}, {""evaluation_document"": ""GAO-24-107733"", ""indexed_document"": ""gao-24-107733.pdf"", ""expected_pages"": [2]}]","[{""rank"": 1, ""document"": ""d24106576.pdf"", ""page"": 43, ""distance"": 0.5109538435935974}, {""rank"": 2, ""document"": ""gao-24-107231.pdf"", ""page"": 57, ""distance"": 0.5110030174255371}, {""rank"": 3, ""document"": ""d24106576.pdf"", ""page"": 60, ""distance"": 0.5112665891647339}, {""rank"": 4, ""document"": ""d24105658.pdf"", ""page"": 48, ""distance"": 0.5120879411697388}, {""rank"": 5, ""document"": ""d24106576.pdf"", ""page"": 56, ""distance"": 0.5166868567466736}, {""rank"": 6, ""document"": ""d24106576.pdf"", ""page"": 62, ""distance"": 0.5271918773651123}, {""rank"": 7, ""document"": ""d24106576.pdf"", ""page"": 11, ""distance"": 0.5291175842285156}]",0.5,0.0,False,False,0.015093000023625791
EQ084,How do CISA's OT coordination findings relate to the need for timely cyber threat information sharing?,"Both reports show that ineffective sharing processes impede risk mitigation; partners need clear roles, accountability, and timely, actionable sharing with critical-infrastructure owners and operators.",GAO-24-106576; GAO-24-107733,PDF pp. 3; 2,8,"[{""evaluation_document"": ""GAO-24-106576"", ""indexed_document"": ""d24106576.pdf"", ""expected_pages"": [3]}, {""evaluation_document"": ""GAO-24-107733"", ""indexed_document"": ""gao-24-107733.pdf"", ""expected_pages"": [2]}]","[{""rank"": 1, ""document"": ""d24106576.pdf"", ""page"": 43, ""distance"": 0.5109538435935974}, {""rank"": 2, ""document"": ""gao-24-107231.pdf"", ""page"": 57, ""distance"": 0.5110030174255371}, {""rank"": 3, ""document"": ""d24106576.pdf"", ""page"": 60, ""distance"": 0.5112665891647339}, {""rank"": 4, ""document"": ""d24105658.pdf"", ""page"": 48, ""distance"": 0.5120879411697388}, {""rank"": 5, ""document"": ""d24106576.pdf"", ""page"": 56, ""distance"": 0.5166868567466736}, {""rank"": 6, ""document"": ""d24106576.pdf"", ""page"": 62, ""distance"": 0.5271918773651123}, {""rank"": 7, ""document"": ""d24106576.pdf"", ""page"": 11, ""distance"": 0.5291175842285156}, {""rank"": 8, ""document"": ""d24106576.pdf"", ""page"": 2, ""distance"": 0.5302239060401917}]",0.5,0.0,False,False,0.01842510001733899
EQ084,How do CISA's OT coordination findings relate to the need for timely cyber threat information sharing?,"Both reports show that ineffective sharing processes impede risk mitigation; partners need clear roles, accountability, and timely, actionable sharing with critical-infrastructure owners and operators.",GAO-24-106576; GAO-24-107733,PDF pp. 3; 2,9,"[{""evaluation_document"": ""GAO-24-106576"", ""indexed_document"": ""d24106576.pdf"", ""expected_pages"": [3]}, {""evaluation_document"": ""GAO-24-107733"", ""indexed_document"": ""gao-24-107733.pdf"", ""expected_pages"": [2]}]","[{""rank"": 1, ""document"": ""d24106576.pdf"", ""page"": 43, ""distance"": 0.5109538435935974}, {""rank"": 2, ""document"": ""gao-24-107231.pdf"", ""page"": 57, ""distance"": 0.5110030174255371}, {""rank"": 3, ""document"": ""d24106576.pdf"", ""page"": 60, ""distance"": 0.5112665891647339}, {""rank"": 4, ""document"": ""d24105658.pdf"", ""page"": 48, ""distance"": 0.5120879411697388}, {""rank"": 5, ""document"": ""d24106576.pdf"", ""page"": 56, ""distance"": 0.5166868567466736}, {""rank"": 6, ""document"": ""d24106576.pdf"", ""page"": 62, ""distance"": 0.5271918773651123}, {""rank"": 7, ""document"": ""d24106576.pdf"", ""page"": 11, ""distance"": 0.5291175842285156}, {""rank"": 8, ""document"": ""d24106576.pdf"", ""page"": 2, ""distance"": 0.5302239060401917}, {""rank"": 9, ""document"": ""d24106576.pdf"", ""page"": 67, ""distance"": 0.534285843372345}]",0.5,0.0,False,False,0.02956709999125451
EQ084,How do CISA's OT coordination findings relate to the need for timely cyber threat information sharing?,"Both reports show that ineffective sharing processes impede risk mitigation; partners need clear roles, accountability, and timely, actionable sharing with critical-infrastructure owners and operators.",GAO-24-106576; GAO-24-107733,PDF pp. 3; 2,10,"[{""evaluation_document"": ""GAO-24-106576"", ""indexed_document"": ""d24106576.pdf"", ""expected_pages"": [3]}, {""evaluation_document"": ""GAO-24-107733"", ""indexed_document"": ""gao-24-107733.pdf"", ""expected_pages"": [2]}]","[{""rank"": 1, ""document"": ""d24106576.pdf"", ""page"": 43, ""distance"": 0.5109538435935974}, {""rank"": 2, ""document"": ""gao-24-107231.pdf"", ""page"": 57, ""distance"": 0.5110030174255371}, {""rank"": 3, ""document"": ""d24106576.pdf"", ""page"": 60, ""distance"": 0.5112665891647339}, {""rank"": 4, ""document"": ""d24105658.pdf"", ""page"": 48, ""distance"": 0.5120879411697388}, {""rank"": 5, ""document"": ""d24106576.pdf"", ""page"": 56, ""distance"": 0.5166868567466736}, {""rank"": 6, ""document"": ""d24106576.pdf"", ""page"": 62, ""distance"": 0.5271918773651123}, {""rank"": 7, ""document"": ""d24106576.pdf"", ""page"": 11, ""distance"": 0.5291175842285156}, {""rank"": 8, ""document"": ""d24106576.pdf"", ""page"": 2, ""distance"": 0.5302239060401917}, {""rank"": 9, ""document"": ""d24106576.pdf"", ""page"": 67, ""distance"": 0.534285843372345}, {""rank"": 10, ""document"": ""d24106576.pdf"", ""page"": 31, ""distance"": 0.5637209415435791}]",0.5,0.0,False,False,0.018152199976611882
EQ085,How do the CrowdStrike and SolarWinds examples reinforce supply-chain oversight concerns?,"CrowdStrike was an accidental faulty-update outage and SolarWinds was a malicious compromise, but both show how widely used support software can create systemic risk requiring supply-chain controls, testing, and contingency planning.",GAO-24-107733; GAO-24-107231,PDF pp. 1; 3,1,"[{""evaluation_document"": ""GAO-24-107733"", ""indexed_document"": ""gao-24-107733.pdf"", ""expected_pages"": [1]}, {""evaluation_document"": ""GAO-24-107231"", ""indexed_document"": ""gao-24-107231.pdf"", ""expected_pages"": [3]}]","[{""rank"": 1, ""document"": ""gao-24-107231.pdf"", ""page"": 22, ""distance"": 1.2639663219451904}]",0.5,0.0,False,False,0.012933699996210635
EQ085,How do the CrowdStrike and SolarWinds examples reinforce supply-chain oversight concerns?,"CrowdStrike was an accidental faulty-update outage and SolarWinds was a malicious compromise, but both show how widely used support software can create systemic risk requiring supply-chain controls, testing, and contingency planning.",GAO-24-107733; GAO-24-107231,PDF pp. 1; 3,2,"[{""evaluation_document"": ""GAO-24-107733"", ""indexed_document"": ""gao-24-107733.pdf"", ""expected_pages"": [1]}, {""evaluation_document"": ""GAO-24-107231"", ""indexed_document"": ""gao-24-107231.pdf"", ""expected_pages"": [3]}]","[{""rank"": 1, ""document"": ""gao-24-107231.pdf"", ""page"": 22, ""distance"": 1.2639663219451904}, {""rank"": 2, ""document"": ""gao-24-107733.pdf"", ""page"": 1, ""distance"": 1.2783284187316895}]",1.0,0.5,True,False,0.012425699969753623
EQ085,How do the CrowdStrike and SolarWinds examples reinforce supply-chain oversight concerns?,"CrowdStrike was an accidental faulty-update outage and SolarWinds was a malicious compromise, but both show how widely used support software can create systemic risk requiring supply-chain controls, testing, and contingency planning.",GAO-24-107733; GAO-24-107231,PDF pp. 1; 3,3,"[{""evaluation_document"": ""GAO-24-107733"", ""indexed_document"": ""gao-24-107733.pdf"", ""expected_pages"": [1]}, {""evaluation_document"": ""GAO-24-107231"", ""indexed_document"": ""gao-24-107231.pdf"", ""expected_pages"": [3]}]","[{""rank"": 1, ""document"": ""gao-24-107231.pdf"", ""page"": 22, ""distance"": 1.2639663219451904}, {""rank"": 2, ""document"": ""gao-24-107733.pdf"", ""page"": 1, ""distance"": 1.2783284187316895}, {""rank"": 3, ""document"": ""gao-24-107231.pdf"", ""page"": 16, ""distance"": 1.3230299949645996}]",1.0,0.5,True,False,0.011539799976162612
EQ085,How do the CrowdStrike and SolarWinds examples reinforce supply-chain oversight concerns?,"CrowdStrike was an accidental faulty-update outage and SolarWinds was a malicious compromise, but both show how widely used support software can create systemic risk requiring supply-chain controls, testing, and contingency planning.",GAO-24-107733; GAO-24-107231,PDF pp. 1; 3,4,"[{""evaluation_document"": ""GAO-24-107733"", ""indexed_document"": ""gao-24-107733.pdf"", ""expected_pages"": [1]}, {""evaluation_document"": ""GAO-24-107231"", ""indexed_document"": ""gao-24-107231.pdf"", ""expected_pages"": [3]}]","[{""rank"": 1, ""document"": ""gao-24-107231.pdf"", ""page"": 22, ""distance"": 1.2639663219451904}, {""rank"": 2, ""document"": ""gao-24-107733.pdf"", ""page"": 1, ""distance"": 1.2783284187316895}, {""rank"": 3, ""document"": ""gao-24-107231.pdf"", ""page"": 16, ""distance"": 1.3230299949645996}, {""rank"": 4, ""document"": ""gao-26-107974.pdf"", ""page"": 27, ""distance"": 1.3448816537857056}]",1.0,0.5,True,False,0.012711400049738586
EQ085,How do the CrowdStrike and SolarWinds examples reinforce supply-chain oversight concerns?,"CrowdStrike was an accidental faulty-update outage and SolarWinds was a malicious compromise, but both show how widely used support software can create systemic risk requiring supply-chain controls, testing, and contingency planning.",GAO-24-107733; GAO-24-107231,PDF pp. 1; 3,5,"[{""evaluation_document"": ""GAO-24-107733"", ""indexed_document"": ""gao-24-107733.pdf"", ""expected_pages"": [1]}, {""evaluation_document"": ""GAO-24-107231"", ""indexed_document"": ""gao-24-107231.pdf"", ""expected_pages"": [3]}]","[{""rank"": 1, ""document"": ""gao-24-107231.pdf"", ""page"": 22, ""distance"": 1.2639663219451904}, {""rank"": 2, ""document"": ""gao-24-107733.pdf"", ""page"": 1, ""distance"": 1.2783284187316895}, {""rank"": 3, ""document"": ""gao-24-107231.pdf"", ""page"": 16, ""distance"": 1.3230299949645996}, {""rank"": 4, ""document"": ""gao-26-107974.pdf"", ""page"": 27, ""distance"": 1.3448816537857056}, {""rank"": 5, ""document"": ""gao-24-107231.pdf"", ""page"": 23, ""distance"": 1.3449968099594116}]",1.0,0.5,True,False,0.011154300009366125
EQ085,How do the CrowdStrike and SolarWinds examples reinforce supply-chain oversight concerns?,"CrowdStrike was an accidental faulty-update outage and SolarWinds was a malicious compromise, but both show how widely used support software can create systemic risk requiring supply-chain controls, testing, and contingency planning.",GAO-24-107733; GAO-24-107231,PDF pp. 1; 3,6,"[{""evaluation_document"": ""GAO-24-107733"", ""indexed_document"": ""gao-24-107733.pdf"", ""expected_pages"": [1]}, {""evaluation_document"": ""GAO-24-107231"", ""indexed_document"": ""gao-24-107231.pdf"", ""expected_pages"": [3]}]","[{""rank"": 1, ""document"": ""gao-24-107231.pdf"", ""page"": 22, ""distance"": 1.2639663219451904}, {""rank"": 2, ""document"": ""gao-24-107733.pdf"", ""page"": 1, ""distance"": 1.2783284187316895}, {""rank"": 3, ""document"": ""gao-24-107231.pdf"", ""page"": 16, ""distance"": 1.3230299949645996}, {""rank"": 4, ""document"": ""gao-26-107974.pdf"", ""page"": 27, ""distance"": 1.3448816537857056}, {""rank"": 5, ""document"": ""gao-24-107231.pdf"", ""page"": 23, ""distance"": 1.3449968099594116}, {""rank"": 6, ""document"": ""d24106576.pdf"", ""page"": 59, ""distance"": 1.3715673685073853}]",1.0,0.5,True,False,0.012370699958410114
EQ085,How do the CrowdStrike and SolarWinds examples reinforce supply-chain oversight concerns?,"CrowdStrike was an accidental faulty-update outage and SolarWinds was a malicious compromise, but both show how widely used support software can create systemic risk requiring supply-chain controls, testing, and contingency planning.",GAO-24-107733; GAO-24-107231,PDF pp. 1; 3,7,"[{""evaluation_document"": ""GAO-24-107733"", ""indexed_document"": ""gao-24-107733.pdf"", ""expected_pages"": [1]}, {""evaluation_document"": ""GAO-24-107231"", ""indexed_document"": ""gao-24-107231.pdf"", ""expected_pages"": [3]}]","[{""rank"": 1, ""document"": ""gao-24-107231.pdf"", ""page"": 22, ""distance"": 1.2639663219451904}, {""rank"": 2, ""document"": ""gao-24-107733.pdf"", ""page"": 1, ""distance"": 1.2783284187316895}, {""rank"": 3, ""document"": ""gao-24-107231.pdf"", ""page"": 16, ""distance"": 1.3230299949645996}, {""rank"": 4, ""document"": ""gao-26-107974.pdf"", ""page"": 27, ""distance"": 1.3448816537857056}, {""rank"": 5, ""document"": ""gao-24-107231.pdf"", ""page"": 23, ""distance"": 1.3449968099594116}, {""rank"": 6, ""document"": ""d24106576.pdf"", ""page"": 59, ""distance"": 1.3715673685073853}, {""rank"": 7, ""document"": ""gao-26-107974.pdf"", ""page"": 22, ""distance"": 1.3788423538208008}]",1.0,0.5,True,False,0.012077299994416535
EQ085,How do the CrowdStrike and SolarWinds examples reinforce supply-chain oversight concerns?,"CrowdStrike was an accidental faulty-update outage and SolarWinds was a malicious compromise, but both show how widely used support software can create systemic risk requiring supply-chain controls, testing, and contingency planning.",GAO-24-107733; GAO-24-107231,PDF pp. 1; 3,8,"[{""evaluation_document"": ""GAO-24-107733"", ""indexed_document"": ""gao-24-107733.pdf"", ""expected_pages"": [1]}, {""evaluation_document"": ""GAO-24-107231"", ""indexed_document"": ""gao-24-107231.pdf"", ""expected_pages"": [3]}]","[{""rank"": 1, ""document"": ""gao-24-107231.pdf"", ""page"": 22, ""distance"": 1.2639663219451904}, {""rank"": 2, ""document"": ""gao-24-107733.pdf"", ""page"": 1, ""distance"": 1.2783284187316895}, {""rank"": 3, ""document"": ""gao-24-107231.pdf"", ""page"": 16, ""distance"": 1.3230299949645996}, {""rank"": 4, ""document"": ""gao-26-107974.pdf"", ""page"": 27, ""distance"": 1.3448816537857056}, {""rank"": 5, ""document"": ""gao-24-107231.pdf"", ""page"": 23, ""distance"": 1.3449968099594116}, {""rank"": 6, ""document"": ""d24106576.pdf"", ""page"": 59, ""distance"": 1.3715673685073853}, {""rank"": 7, ""document"": ""gao-26-107974.pdf"", ""page"": 22, ""distance"": 1.3788423538208008}, {""rank"": 8, ""document"": ""d24106576.pdf"", ""page"": 47, ""distance"": 1.3817366361618042}]",1.0,0.5,True,False,0.00940670003183186
EQ085,How do the CrowdStrike and SolarWinds examples reinforce supply-chain oversight concerns?,"CrowdStrike was an accidental faulty-update outage and SolarWinds was a malicious compromise, but both show how widely used support software can create systemic risk requiring supply-chain controls, testing, and contingency planning.",GAO-24-107733; GAO-24-107231,PDF pp. 1; 3,9,"[{""evaluation_document"": ""GAO-24-107733"", ""indexed_document"": ""gao-24-107733.pdf"", ""expected_pages"": [1]}, {""evaluation_document"": ""GAO-24-107231"", ""indexed_document"": ""gao-24-107231.pdf"", ""expected_pages"": [3]}]","[{""rank"": 1, ""document"": ""gao-24-107231.pdf"", ""page"": 22, ""distance"": 1.2639663219451904}, {""rank"": 2, ""document"": ""gao-24-107733.pdf"", ""page"": 1, ""distance"": 1.2783284187316895}, {""rank"": 3, ""document"": ""gao-24-107231.pdf"", ""page"": 16, ""distance"": 1.3230299949645996}, {""rank"": 4, ""document"": ""gao-26-107974.pdf"", ""page"": 27, ""distance"": 1.3448816537857056}, {""rank"": 5, ""document"": ""gao-24-107231.pdf"", ""page"": 23, ""distance"": 1.3449968099594116}, {""rank"": 6, ""document"": ""d24106576.pdf"", ""page"": 59, ""distance"": 1.3715673685073853}, {""rank"": 7, ""document"": ""gao-26-107974.pdf"", ""page"": 22, ""distance"": 1.3788423538208008}, {""rank"": 8, ""document"": ""d24106576.pdf"", ""page"": 47, ""distance"": 1.3817366361618042}, {""rank"": 9, ""document"": ""gao-26-900644.pdf"", ""page"": 96, ""distance"": 1.389225721359253}]",1.0,0.5,True,False,0.013629699999000877
EQ085,How do the CrowdStrike and SolarWinds examples reinforce supply-chain oversight concerns?,"CrowdStrike was an accidental faulty-update outage and SolarWinds was a malicious compromise, but both show how widely used support software can create systemic risk requiring supply-chain controls, testing, and contingency planning.",GAO-24-107733; GAO-24-107231,PDF pp. 1; 3,10,"[{""evaluation_document"": ""GAO-24-107733"", ""indexed_document"": ""gao-24-107733.pdf"", ""expected_pages"": [1]}, {""evaluation_document"": ""GAO-24-107231"", ""indexed_document"": ""gao-24-107231.pdf"", ""expected_pages"": [3]}]","[{""rank"": 1, ""document"": ""gao-24-107231.pdf"", ""page"": 22, ""distance"": 1.2639663219451904}, {""rank"": 2, ""document"": ""gao-24-107733.pdf"", ""page"": 1, ""distance"": 1.2783284187316895}, {""rank"": 3, ""document"": ""gao-24-107231.pdf"", ""page"": 16, ""distance"": 1.3230299949645996}, {""rank"": 4, ""document"": ""gao-26-107974.pdf"", ""page"": 27, ""distance"": 1.3448816537857056}, {""rank"": 5, ""document"": ""gao-24-107231.pdf"", ""page"": 23, ""distance"": 1.3449968099594116}, {""rank"": 6, ""document"": ""d24106576.pdf"", ""page"": 59, ""distance"": 1.3715673685073853}, {""rank"": 7, ""document"": ""gao-26-107974.pdf"", ""page"": 22, ""distance"": 1.3788423538208008}, {""rank"": 8, ""document"": ""d24106576.pdf"", ""page"": 47, ""distance"": 1.3817366361618042}, {""rank"": 9, ""document"": ""gao-26-900644.pdf"", ""page"": 96, ""distance"": 1.389225721359253}, {""rank"": 10, ""document"": ""d24106576.pdf"", ""page"": 34, ""distance"": 1.3897358179092407}]",1.0,0.5,True,False,0.011168099998030812
EQ086,How do the K-12 cybersecurity findings relate to the high-risk report's critical-infrastructure concerns?,"K-12 incidents show operational and learning harm from cyberattacks, while the high-risk report explains that critical-infrastructure attacks can endanger safety, security, the environment, and the economy; both support stronger protection and coordination.",GAO-23-105480; GAO-24-107231,PDF pp. 2; 3-4,1,"[{""evaluation_document"": ""GAO-23-105480"", ""indexed_document"": ""gao-23-105480.pdf"", ""expected_pages"": [2]}, {""evaluation_document"": ""GAO-24-107231"", ""indexed_document"": ""gao-24-107231.pdf"", ""expected_pages"": [3, 4]}]","[{""rank"": 1, ""document"": ""gao-23-105480.pdf"", ""page"": 10, ""distance"": 0.5013628005981445}]",0.5,0.0,False,False,0.011678799986839294
EQ086,How do the K-12 cybersecurity findings relate to the high-risk report's critical-infrastructure concerns?,"K-12 incidents show operational and learning harm from cyberattacks, while the high-risk report explains that critical-infrastructure attacks can endanger safety, security, the environment, and the economy; both support stronger protection and coordination.",GAO-23-105480; GAO-24-107231,PDF pp. 2; 3-4,2,"[{""evaluation_document"": ""GAO-23-105480"", ""indexed_document"": ""gao-23-105480.pdf"", ""expected_pages"": [2]}, {""evaluation_document"": ""GAO-24-107231"", ""indexed_document"": ""gao-24-107231.pdf"", ""expected_pages"": [3, 4]}]","[{""rank"": 1, ""document"": ""gao-23-105480.pdf"", ""page"": 10, ""distance"": 0.5013628005981445}, {""rank"": 2, ""document"": ""gao-23-105480.pdf"", ""page"": 1, ""distance"": 0.5610203742980957}]",0.5,0.0,False,False,0.011882700026035309
EQ086,How do the K-12 cybersecurity findings relate to the high-risk report's critical-infrastructure concerns?,"K-12 incidents show operational and learning harm from cyberattacks, while the high-risk report explains that critical-infrastructure attacks can endanger safety, security, the environment, and the economy; both support stronger protection and coordination.",GAO-23-105480; GAO-24-107231,PDF pp. 2; 3-4,3,"[{""evaluation_document"": ""GAO-23-105480"", ""indexed_document"": ""gao-23-105480.pdf"", ""expected_pages"": [2]}, {""evaluation_document"": ""GAO-24-107231"", ""indexed_document"": ""gao-24-107231.pdf"", ""expected_pages"": [3, 4]}]","[{""rank"": 1, ""document"": ""gao-23-105480.pdf"", ""page"": 10, ""distance"": 0.5013628005981445}, {""rank"": 2, ""document"": ""gao-23-105480.pdf"", ""page"": 1, ""distance"": 0.5610203742980957}, {""rank"": 3, ""document"": ""gao-23-105480.pdf"", ""page"": 16, ""distance"": 0.5897600650787354}]",0.5,0.0,False,False,0.012391199998091906
EQ086,How do the K-12 cybersecurity findings relate to the high-risk report's critical-infrastructure concerns?,"K-12 incidents show operational and learning harm from cyberattacks, while the high-risk report explains that critical-infrastructure attacks can endanger safety, security, the environment, and the economy; both support stronger protection and coordination.",GAO-23-105480; GAO-24-107231,PDF pp. 2; 3-4,4,"[{""evaluation_document"": ""GAO-23-105480"", ""indexed_document"": ""gao-23-105480.pdf"", ""expected_pages"": [2]}, {""evaluation_document"": ""GAO-24-107231"", ""indexed_document"": ""gao-24-107231.pdf"", ""expected_pages"": [3, 4]}]","[{""rank"": 1, ""document"": ""gao-23-105480.pdf"", ""page"": 10, ""distance"": 0.5013628005981445}, {""rank"": 2, ""document"": ""gao-23-105480.pdf"", ""page"": 1, ""distance"": 0.5610203742980957}, {""rank"": 3, ""document"": ""gao-23-105480.pdf"", ""page"": 16, ""distance"": 0.5897600650787354}, {""rank"": 4, ""document"": ""gao-23-105480.pdf"", ""page"": 46, ""distance"": 0.6076416373252869}]",0.5,0.0,False,False,0.011307000007946044
EQ086,How do the K-12 cybersecurity findings relate to the high-risk report's critical-infrastructure concerns?,"K-12 incidents show operational and learning harm from cyberattacks, while the high-risk report explains that critical-infrastructure attacks can endanger safety, security, the environment, and the economy; both support stronger protection and coordination.",GAO-23-105480; GAO-24-107231,PDF pp. 2; 3-4,5,"[{""evaluation_document"": ""GAO-23-105480"", ""indexed_document"": ""gao-23-105480.pdf"", ""expected_pages"": [2]}, {""evaluation_document"": ""GAO-24-107231"", ""indexed_document"": ""gao-24-107231.pdf"", ""expected_pages"": [3, 4]}]","[{""rank"": 1, ""document"": ""gao-23-105480.pdf"", ""page"": 10, ""distance"": 0.5013628005981445}, {""rank"": 2, ""document"": ""gao-23-105480.pdf"", ""page"": 1, ""distance"": 0.5610203742980957}, {""rank"": 3, ""document"": ""gao-23-105480.pdf"", ""page"": 16, ""distance"": 0.5897600650787354}, {""rank"": 4, ""document"": ""gao-23-105480.pdf"", ""page"": 46, ""distance"": 0.6076416373252869}, {""rank"": 5, ""document"": ""gao-23-105480.pdf"", ""page"": 2, ""distance"": 0.6306836605072021}]",0.5,0.5,False,False,0.012558999995235354
EQ086,How do the K-12 cybersecurity findings relate to the high-risk report's critical-infrastructure concerns?,"K-12 incidents show operational and learning harm from cyberattacks, while the high-risk report explains that critical-infrastructure attacks can endanger safety, security, the environment, and the economy; both support stronger protection and coordination.",GAO-23-105480; GAO-24-107231,PDF pp. 2; 3-4,6,"[{""evaluation_document"": ""GAO-23-105480"", ""indexed_document"": ""gao-23-105480.pdf"", ""expected_pages"": [2]}, {""evaluation_document"": ""GAO-24-107231"", ""indexed_document"": ""gao-24-107231.pdf"", ""expected_pages"": [3, 4]}]","[{""rank"": 1, ""document"": ""gao-23-105480.pdf"", ""page"": 10, ""distance"": 0.5013628005981445}, {""rank"": 2, ""document"": ""gao-23-105480.pdf"", ""page"": 1, ""distance"": 0.5610203742980957}, {""rank"": 3, ""document"": ""gao-23-105480.pdf"", ""page"": 16, ""distance"": 0.5897600650787354}, {""rank"": 4, ""document"": ""gao-23-105480.pdf"", ""page"": 46, ""distance"": 0.6076416373252869}, {""rank"": 5, ""document"": ""gao-23-105480.pdf"", ""page"": 2, ""distance"": 0.6306836605072021}, {""rank"": 6, ""document"": ""gao-23-105480.pdf"", ""page"": 48, ""distance"": 0.6413211822509766}]",0.5,0.5,False,False,0.012763700040522963
EQ086,How do the K-12 cybersecurity findings relate to the high-risk report's critical-infrastructure concerns?,"K-12 incidents show operational and learning harm from cyberattacks, while the high-risk report explains that critical-infrastructure attacks can endanger safety, security, the environment, and the economy; both support stronger protection and coordination.",GAO-23-105480; GAO-24-107231,PDF pp. 2; 3-4,7,"[{""evaluation_document"": ""GAO-23-105480"", ""indexed_document"": ""gao-23-105480.pdf"", ""expected_pages"": [2]}, {""evaluation_document"": ""GAO-24-107231"", ""indexed_document"": ""gao-24-107231.pdf"", ""expected_pages"": [3, 4]}]","[{""rank"": 1, ""document"": ""gao-23-105480.pdf"", ""page"": 10, ""distance"": 0.5013628005981445}, {""rank"": 2, ""document"": ""gao-23-105480.pdf"", ""page"": 1, ""distance"": 0.5610203742980957}, {""rank"": 3, ""document"": ""gao-23-105480.pdf"", ""page"": 16, ""distance"": 0.5897600650787354}, {""rank"": 4, ""document"": ""gao-23-105480.pdf"", ""page"": 46, ""distance"": 0.6076416373252869}, {""rank"": 5, ""document"": ""gao-23-105480.pdf"", ""page"": 2, ""distance"": 0.6306836605072021}, {""rank"": 6, ""document"": ""gao-23-105480.pdf"", ""page"": 48, ""distance"": 0.6413211822509766}, {""rank"": 7, ""document"": ""gao-23-105480.pdf"", ""page"": 6, ""distance"": 0.6415063738822937}]",0.5,0.5,False,False,0.011077300005126745
EQ086,How do the K-12 cybersecurity findings relate to the high-risk report's critical-infrastructure concerns?,"K-12 incidents show operational and learning harm from cyberattacks, while the high-risk report explains that critical-infrastructure attacks can endanger safety, security, the environment, and the economy; both support stronger protection and coordination.",GAO-23-105480; GAO-24-107231,PDF pp. 2; 3-4,8,"[{""evaluation_document"": ""GAO-23-105480"", ""indexed_document"": ""gao-23-105480.pdf"", ""expected_pages"": [2]}, {""evaluation_document"": ""GAO-24-107231"", ""indexed_document"": ""gao-24-107231.pdf"", ""expected_pages"": [3, 4]}]","[{""rank"": 1, ""document"": ""gao-23-105480.pdf"", ""page"": 10, ""distance"": 0.5013628005981445}, {""rank"": 2, ""document"": ""gao-23-105480.pdf"", ""page"": 1, ""distance"": 0.5610203742980957}, {""rank"": 3, ""document"": ""gao-23-105480.pdf"", ""page"": 16, ""distance"": 0.5897600650787354}, {""rank"": 4, ""document"": ""gao-23-105480.pdf"", ""page"": 46, ""distance"": 0.6076416373252869}, {""rank"": 5, ""document"": ""gao-23-105480.pdf"", ""page"": 2, ""distance"": 0.6306836605072021}, {""rank"": 6, ""document"": ""gao-23-105480.pdf"", ""page"": 48, ""distance"": 0.6413211822509766}, {""rank"": 7, ""document"": ""gao-23-105480.pdf"", ""page"": 6, ""distance"": 0.6415063738822937}, {""rank"": 8, ""document"": ""gao-24-107231.pdf"", ""page"": 88, ""distance"": 0.6425966024398804}]",1.0,0.5,True,False,0.012296399974729866
EQ086,How do the K-12 cybersecurity findings relate to the high-risk report's critical-infrastructure concerns?,"K-12 incidents show operational and learning harm from cyberattacks, while the high-risk report explains that critical-infrastructure attacks can endanger safety, security, the environment, and the economy; both support stronger protection and coordination.",GAO-23-105480; GAO-24-107231,PDF pp. 2; 3-4,9,"[{""evaluation_document"": ""GAO-23-105480"", ""indexed_document"": ""gao-23-105480.pdf"", ""expected_pages"": [2]}, {""evaluation_document"": ""GAO-24-107231"", ""indexed_document"": ""gao-24-107231.pdf"", ""expected_pages"": [3, 4]}]","[{""rank"": 1, ""document"": ""gao-23-105480.pdf"", ""page"": 10, ""distance"": 0.5013628005981445}, {""rank"": 2, ""document"": ""gao-23-105480.pdf"", ""page"": 1, ""distance"": 0.5610203742980957}, {""rank"": 3, ""document"": ""gao-23-105480.pdf"", ""page"": 16, ""distance"": 0.5897600650787354}, {""rank"": 4, ""document"": ""gao-23-105480.pdf"", ""page"": 46, ""distance"": 0.6076416373252869}, {""rank"": 5, ""document"": ""gao-23-105480.pdf"", ""page"": 2, ""distance"": 0.6306836605072021}, {""rank"": 6, ""document"": ""gao-23-105480.pdf"", ""page"": 48, ""distance"": 0.6413211822509766}, {""rank"": 7, ""document"": ""gao-23-105480.pdf"", ""page"": 6, ""distance"": 0.6415063738822937}, {""rank"": 8, ""document"": ""gao-24-107231.pdf"", ""page"": 88, ""distance"": 0.6425966024398804}, {""rank"": 9, ""document"": ""gao-24-107231-highlights.pdf"", ""page"": 3, ""distance"": 0.6527009010314941}]",1.0,0.5,True,False,0.01257869997061789
EQ086,How do the K-12 cybersecurity findings relate to the high-risk report's critical-infrastructure concerns?,"K-12 incidents show operational and learning harm from cyberattacks, while the high-risk report explains that critical-infrastructure attacks can endanger safety, security, the environment, and the economy; both support stronger protection and coordination.",GAO-23-105480; GAO-24-107231,PDF pp. 2; 3-4,10,"[{""evaluation_document"": ""GAO-23-105480"", ""indexed_document"": ""gao-23-105480.pdf"", ""expected_pages"": [2]}, {""evaluation_document"": ""GAO-24-107231"", ""indexed_document"": ""gao-24-107231.pdf"", ""expected_pages"": [3, 4]}]","[{""rank"": 1, ""document"": ""gao-23-105480.pdf"", ""page"": 10, ""distance"": 0.5013628005981445}, {""rank"": 2, ""document"": ""gao-23-105480.pdf"", ""page"": 1, ""distance"": 0.5610203742980957}, {""rank"": 3, ""document"": ""gao-23-105480.pdf"", ""page"": 16, ""distance"": 0.5897600650787354}, {""rank"": 4, ""document"": ""gao-23-105480.pdf"", ""page"": 46, ""distance"": 0.6076416373252869}, {""rank"": 5, ""document"": ""gao-23-105480.pdf"", ""page"": 2, ""distance"": 0.6306836605072021}, {""rank"": 6, ""document"": ""gao-23-105480.pdf"", ""page"": 48, ""distance"": 0.6413211822509766}, {""rank"": 7, ""document"": ""gao-23-105480.pdf"", ""page"": 6, ""distance"": 0.6415063738822937}, {""rank"": 8, ""document"": ""gao-24-107231.pdf"", ""page"": 88, ""distance"": 0.6425966024398804}, {""rank"": 9, ""document"": ""gao-24-107231-highlights.pdf"", ""page"": 3, ""distance"": 0.6527009010314941}, {""rank"": 10, ""document"": ""gao-24-107231.pdf"", ""page"": 4, ""distance"": 0.6527009010314941}]",1.0,1.0,True,True,0.012507500010542572
EQ087,How do NIH security deficiencies connect to the five core security functions described in its report?,"The NIH report identifies deficiencies in identifying risk, protecting, detecting, responding, and recovering; the functions provide the structure for its 219 remediation recommendations.",GAO-22-104467; GAO-16-885T,PDF pp. 1; 2,1,"[{""evaluation_document"": ""GAO-22-104467"", ""indexed_document"": ""gao-22-104467-highlights.pdf"", ""expected_pages"": [1]}, {""evaluation_document"": ""GAO-16-885T"", ""indexed_document"": ""gao-16-885t.pdf"", ""expected_pages"": [2]}]","[{""rank"": 1, ""document"": ""gao-22-104467-highlights.pdf"", ""page"": 1, ""distance"": 0.7502359747886658}]",0.5,0.5,False,False,0.010687800007872283
EQ087,How do NIH security deficiencies connect to the five core security functions described in its report?,"The NIH report identifies deficiencies in identifying risk, protecting, detecting, responding, and recovering; the functions provide the structure for its 219 remediation recommendations.",GAO-22-104467; GAO-16-885T,PDF pp. 1; 2,2,"[{""evaluation_document"": ""GAO-22-104467"", ""indexed_document"": ""gao-22-104467-highlights.pdf"", ""expected_pages"": [1]}, {""evaluation_document"": ""GAO-16-885T"", ""indexed_document"": ""gao-16-885t.pdf"", ""expected_pages"": [2]}]","[{""rank"": 1, ""document"": ""gao-22-104467-highlights.pdf"", ""page"": 1, ""distance"": 0.7502359747886658}, {""rank"": 2, ""document"": ""gao-22-104467-highlights.pdf"", ""page"": 1, ""distance"": 0.7795564532279968}]",0.5,0.5,False,False,0.010256799985654652
EQ087,How do NIH security deficiencies connect to the five core security functions described in its report?,"The NIH report identifies deficiencies in identifying risk, protecting, detecting, responding, and recovering; the functions provide the structure for its 219 remediation recommendations.",GAO-22-104467; GAO-16-885T,PDF pp. 1; 2,3,"[{""evaluation_document"": ""GAO-22-104467"", ""indexed_document"": ""gao-22-104467-highlights.pdf"", ""expected_pages"": [1]}, {""evaluation_document"": ""GAO-16-885T"", ""indexed_document"": ""gao-16-885t.pdf"", ""expected_pages"": [2]}]","[{""rank"": 1, ""document"": ""gao-22-104467-highlights.pdf"", ""page"": 1, ""distance"": 0.7502359747886658}, {""rank"": 2, ""document"": ""gao-22-104467-highlights.pdf"", ""page"": 1, ""distance"": 0.7795564532279968}, {""rank"": 3, ""document"": ""gao-16-885t.pdf"", ""page"": 9, ""distance"": 0.8646343350410461}]",1.0,0.5,True,False,0.010544699965976179
EQ087,How do NIH security deficiencies connect to the five core security functions described in its report?,"The NIH report identifies deficiencies in identifying risk, protecting, detecting, responding, and recovering; the functions provide the structure for its 219 remediation recommendations.",GAO-22-104467; GAO-16-885T,PDF pp. 1; 2,4,"[{""evaluation_document"": ""GAO-22-104467"", ""indexed_document"": ""gao-22-104467-highlights.pdf"", ""expected_pages"": [1]}, {""evaluation_document"": ""GAO-16-885T"", ""indexed_document"": ""gao-16-885t.pdf"", ""expected_pages"": [2]}]","[{""rank"": 1, ""document"": ""gao-22-104467-highlights.pdf"", ""page"": 1, ""distance"": 0.7502359747886658}, {""rank"": 2, ""document"": ""gao-22-104467-highlights.pdf"", ""page"": 1, ""distance"": 0.7795564532279968}, {""rank"": 3, ""document"": ""gao-16-885t.pdf"", ""page"": 9, ""distance"": 0.8646343350410461}, {""rank"": 4, ""document"": ""d24105658.pdf"", ""page"": 12, ""distance"": 0.9953430891036987}]",1.0,0.5,True,False,0.012056200008373708
EQ087,How do NIH security deficiencies connect to the five core security functions described in its report?,"The NIH report identifies deficiencies in identifying risk, protecting, detecting, responding, and recovering; the functions provide the structure for its 219 remediation recommendations.",GAO-22-104467; GAO-16-885T,PDF pp. 1; 2,5,"[{""evaluation_document"": ""GAO-22-104467"", ""indexed_document"": ""gao-22-104467-highlights.pdf"", ""expected_pages"": [1]}, {""evaluation_document"": ""GAO-16-885T"", ""indexed_document"": ""gao-16-885t.pdf"", ""expected_pages"": [2]}]","[{""rank"": 1, ""document"": ""gao-22-104467-highlights.pdf"", ""page"": 1, ""distance"": 0.7502359747886658}, {""rank"": 2, ""document"": ""gao-22-104467-highlights.pdf"", ""page"": 1, ""distance"": 0.7795564532279968}, {""rank"": 3, ""document"": ""gao-16-885t.pdf"", ""page"": 9, ""distance"": 0.8646343350410461}, {""rank"": 4, ""document"": ""d24105658.pdf"", ""page"": 12, ""distance"": 0.9953430891036987}, {""rank"": 5, ""document"": ""gao-24-107231.pdf"", ""page"": 87, ""distance"": 1.0147109031677246}]",1.0,0.5,True,False,0.010240399977192283
EQ087,How do NIH security deficiencies connect to the five core security functions described in its report?,"The NIH report identifies deficiencies in identifying risk, protecting, detecting, responding, and recovering; the functions provide the structure for its 219 remediation recommendations.",GAO-22-104467; GAO-16-885T,PDF pp. 1; 2,6,"[{""evaluation_document"": ""GAO-22-104467"", ""indexed_document"": ""gao-22-104467-highlights.pdf"", ""expected_pages"": [1]}, {""evaluation_document"": ""GAO-16-885T"", ""indexed_document"": ""gao-16-885t.pdf"", ""expected_pages"": [2]}]","[{""rank"": 1, ""document"": ""gao-22-104467-highlights.pdf"", ""page"": 1, ""distance"": 0.7502359747886658}, {""rank"": 2, ""document"": ""gao-22-104467-highlights.pdf"", ""page"": 1, ""distance"": 0.7795564532279968}, {""rank"": 3, ""document"": ""gao-16-885t.pdf"", ""page"": 9, ""distance"": 0.8646343350410461}, {""rank"": 4, ""document"": ""d24105658.pdf"", ""page"": 12, ""distance"": 0.9953430891036987}, {""rank"": 5, ""document"": ""gao-24-107231.pdf"", ""page"": 87, ""distance"": 1.0147109031677246}, {""rank"": 6, ""document"": ""gao-24-107231.pdf"", ""page"": 7, ""distance"": 1.0319178104400635}]",1.0,0.5,True,False,0.014546100050210953
EQ087,How do NIH security deficiencies connect to the five core security functions described in its report?,"The NIH report identifies deficiencies in identifying risk, protecting, detecting, responding, and recovering; the functions provide the structure for its 219 remediation recommendations.",GAO-22-104467; GAO-16-885T,PDF pp. 1; 2,7,"[{""evaluation_document"": ""GAO-22-104467"", ""indexed_document"": ""gao-22-104467-highlights.pdf"", ""expected_pages"": [1]}, {""evaluation_document"": ""GAO-16-885T"", ""indexed_document"": ""gao-16-885t.pdf"", ""expected_pages"": [2]}]","[{""rank"": 1, ""document"": ""gao-22-104467-highlights.pdf"", ""page"": 1, ""distance"": 0.7502359747886658}, {""rank"": 2, ""document"": ""gao-22-104467-highlights.pdf"", ""page"": 1, ""distance"": 0.7795564532279968}, {""rank"": 3, ""document"": ""gao-16-885t.pdf"", ""page"": 9, ""distance"": 0.8646343350410461}, {""rank"": 4, ""document"": ""d24105658.pdf"", ""page"": 12, ""distance"": 0.9953430891036987}, {""rank"": 5, ""document"": ""gao-24-107231.pdf"", ""page"": 87, ""distance"": 1.0147109031677246}, {""rank"": 6, ""document"": ""gao-24-107231.pdf"", ""page"": 7, ""distance"": 1.0319178104400635}, {""rank"": 7, ""document"": ""gao-16-885t.pdf"", ""page"": 12, ""distance"": 1.0438262224197388}]",1.0,0.5,True,False,0.012996100005693734
EQ087,How do NIH security deficiencies connect to the five core security functions described in its report?,"The NIH report identifies deficiencies in identifying risk, protecting, detecting, responding, and recovering; the functions provide the structure for its 219 remediation recommendations.",GAO-22-104467; GAO-16-885T,PDF pp. 1; 2,8,"[{""evaluation_document"": ""GAO-22-104467"", ""indexed_document"": ""gao-22-104467-highlights.pdf"", ""expected_pages"": [1]}, {""evaluation_document"": ""GAO-16-885T"", ""indexed_document"": ""gao-16-885t.pdf"", ""expected_pages"": [2]}]","[{""rank"": 1, ""document"": ""gao-22-104467-highlights.pdf"", ""page"": 1, ""distance"": 0.7502359747886658}, {""rank"": 2, ""document"": ""gao-22-104467-highlights.pdf"", ""page"": 1, ""distance"": 0.7795564532279968}, {""rank"": 3, ""document"": ""gao-16-885t.pdf"", ""page"": 9, ""distance"": 0.8646343350410461}, {""rank"": 4, ""document"": ""d24105658.pdf"", ""page"": 12, ""distance"": 0.9953430891036987}, {""rank"": 5, ""document"": ""gao-24-107231.pdf"", ""page"": 87, ""distance"": 1.0147109031677246}, {""rank"": 6, ""document"": ""gao-24-107231.pdf"", ""page"": 7, ""distance"": 1.0319178104400635}, {""rank"": 7, ""document"": ""gao-16-885t.pdf"", ""page"": 12, ""distance"": 1.0438262224197388}, {""rank"": 8, ""document"": ""d24106576.pdf"", ""page"": 45, ""distance"": 1.0440709590911865}]",1.0,0.5,True,False,0.012777799973264337
EQ087,How do NIH security deficiencies connect to the five core security functions described in its report?,"The NIH report identifies deficiencies in identifying risk, protecting, detecting, responding, and recovering; the functions provide the structure for its 219 remediation recommendations.",GAO-22-104467; GAO-16-885T,PDF pp. 1; 2,9,"[{""evaluation_document"": ""GAO-22-104467"", ""indexed_document"": ""gao-22-104467-highlights.pdf"", ""expected_pages"": [1]}, {""evaluation_document"": ""GAO-16-885T"", ""indexed_document"": ""gao-16-885t.pdf"", ""expected_pages"": [2]}]","[{""rank"": 1, ""document"": ""gao-22-104467-highlights.pdf"", ""page"": 1, ""distance"": 0.7502359747886658}, {""rank"": 2, ""document"": ""gao-22-104467-highlights.pdf"", ""page"": 1, ""distance"": 0.7795564532279968}, {""rank"": 3, ""document"": ""gao-16-885t.pdf"", ""page"": 9, ""distance"": 0.8646343350410461}, {""rank"": 4, ""document"": ""d24105658.pdf"", ""page"": 12, ""distance"": 0.9953430891036987}, {""rank"": 5, ""document"": ""gao-24-107231.pdf"", ""page"": 87, ""distance"": 1.0147109031677246}, {""rank"": 6, ""document"": ""gao-24-107231.pdf"", ""page"": 7, ""distance"": 1.0319178104400635}, {""rank"": 7, ""document"": ""gao-16-885t.pdf"", ""page"": 12, ""distance"": 1.0438262224197388}, {""rank"": 8, ""document"": ""d24106576.pdf"", ""page"": 45, ""distance"": 1.0440709590911865}, {""rank"": 9, ""document"": ""gao-16-885t.pdf"", ""page"": 10, ""distance"": 1.046496033668518}]",1.0,0.5,True,False,0.011623399972449988
EQ087,How do NIH security deficiencies connect to the five core security functions described in its report?,"The NIH report identifies deficiencies in identifying risk, protecting, detecting, responding, and recovering; the functions provide the structure for its 219 remediation recommendations.",GAO-22-104467; GAO-16-885T,PDF pp. 1; 2,10,"[{""evaluation_document"": ""GAO-22-104467"", ""indexed_document"": ""gao-22-104467-highlights.pdf"", ""expected_pages"": [1]}, {""evaluation_document"": ""GAO-16-885T"", ""indexed_document"": ""gao-16-885t.pdf"", ""expected_pages"": [2]}]","[{""rank"": 1, ""document"": ""gao-22-104467-highlights.pdf"", ""page"": 1, ""distance"": 0.7502359747886658}, {""rank"": 2, ""document"": ""gao-22-104467-highlights.pdf"", ""page"": 1, ""distance"": 0.7795564532279968}, {""rank"": 3, ""document"": ""gao-16-885t.pdf"", ""page"": 9, ""distance"": 0.8646343350410461}, {""rank"": 4, ""document"": ""d24105658.pdf"", ""page"": 12, ""distance"": 0.9953430891036987}, {""rank"": 5, ""document"": ""gao-24-107231.pdf"", ""page"": 87, ""distance"": 1.0147109031677246}, {""rank"": 6, ""document"": ""gao-24-107231.pdf"", ""page"": 7, ""distance"": 1.0319178104400635}, {""rank"": 7, ""document"": ""gao-16-885t.pdf"", ""page"": 12, ""distance"": 1.0438262224197388}, {""rank"": 8, ""document"": ""d24106576.pdf"", ""page"": 45, ""distance"": 1.0440709590911865}, {""rank"": 9, ""document"": ""gao-16-885t.pdf"", ""page"": 10, ""distance"": 1.046496033668518}, {""rank"": 10, ""document"": ""gao-24-107231.pdf"", ""page"": 25, ""distance"": 1.0567423105239868}]",1.0,0.5,True,False,0.012077499995939434
EQ088,How do GAO's critical-infrastructure technology framework and the CISA OT report complement each other?,"The framework provides a method for choosing technologies through requirements, risk assessment, and policy, while the CISA report shows that effective products must be paired with collaboration and information sharing to manage OT risks.",GAO-04-321; GAO-24-106576,PDF pp. 1; 2-3,1,"[{""evaluation_document"": ""GAO-04-321"", ""indexed_document"": ""gao-04-321-highlights.pdf"", ""expected_pages"": [1]}, {""evaluation_document"": ""GAO-24-106576"", ""indexed_document"": ""d24106576.pdf"", ""expected_pages"": [2, 3]}]","[{""rank"": 1, ""document"": ""gao-24-107231-highlights.pdf"", ""page"": 3, ""distance"": 0.6914787292480469}]",0.0,0.0,False,False,0.011418199981562793
EQ088,How do GAO's critical-infrastructure technology framework and the CISA OT report complement each other?,"The framework provides a method for choosing technologies through requirements, risk assessment, and policy, while the CISA report shows that effective products must be paired with collaboration and information sharing to manage OT risks.",GAO-04-321; GAO-24-106576,PDF pp. 1; 2-3,2,"[{""evaluation_document"": ""GAO-04-321"", ""indexed_document"": ""gao-04-321-highlights.pdf"", ""expected_pages"": [1]}, {""evaluation_document"": ""GAO-24-106576"", ""indexed_document"": ""d24106576.pdf"", ""expected_pages"": [2, 3]}]","[{""rank"": 1, ""document"": ""gao-24-107231-highlights.pdf"", ""page"": 3, ""distance"": 0.6914787292480469}, {""rank"": 2, ""document"": ""gao-24-107231.pdf"", ""page"": 4, ""distance"": 0.6914787292480469}]",0.0,0.0,False,False,0.01033859996823594
EQ088,How do GAO's critical-infrastructure technology framework and the CISA OT report complement each other?,"The framework provides a method for choosing technologies through requirements, risk assessment, and policy, while the CISA report shows that effective products must be paired with collaboration and information sharing to manage OT risks.",GAO-04-321; GAO-24-106576,PDF pp. 1; 2-3,3,"[{""evaluation_document"": ""GAO-04-321"", ""indexed_document"": ""gao-04-321-highlights.pdf"", ""expected_pages"": [1]}, {""evaluation_document"": ""GAO-24-106576"", ""indexed_document"": ""d24106576.pdf"", ""expected_pages"": [2, 3]}]","[{""rank"": 1, ""document"": ""gao-24-107231-highlights.pdf"", ""page"": 3, ""distance"": 0.6914787292480469}, {""rank"": 2, ""document"": ""gao-24-107231.pdf"", ""page"": 4, ""distance"": 0.6914787292480469}, {""rank"": 3, ""document"": ""d24106576.pdf"", ""page"": 2, ""distance"": 0.7249227166175842}]",0.5,0.5,False,False,0.011201399960555136
EQ088,How do GAO's critical-infrastructure technology framework and the CISA OT report complement each other?,"The framework provides a method for choosing technologies through requirements, risk assessment, and policy, while the CISA report shows that effective products must be paired with collaboration and information sharing to manage OT risks.",GAO-04-321; GAO-24-106576,PDF pp. 1; 2-3,4,"[{""evaluation_document"": ""GAO-04-321"", ""indexed_document"": ""gao-04-321-highlights.pdf"", ""expected_pages"": [1]}, {""evaluation_document"": ""GAO-24-106576"", ""indexed_document"": ""d24106576.pdf"", ""expected_pages"": [2, 3]}]","[{""rank"": 1, ""document"": ""gao-24-107231-highlights.pdf"", ""page"": 3, ""distance"": 0.6914787292480469}, {""rank"": 2, ""document"": ""gao-24-107231.pdf"", ""page"": 4, ""distance"": 0.6914787292480469}, {""rank"": 3, ""document"": ""d24106576.pdf"", ""page"": 2, ""distance"": 0.7249227166175842}, {""rank"": 4, ""document"": ""d24106576.pdf"", ""page"": 2, ""distance"": 0.7325270771980286}]",0.5,0.5,False,False,0.011775500024668872
EQ088,How do GAO's critical-infrastructure technology framework and the CISA OT report complement each other?,"The framework provides a method for choosing technologies through requirements, risk assessment, and policy, while the CISA report shows that effective products must be paired with collaboration and information sharing to manage OT risks.",GAO-04-321; GAO-24-106576,PDF pp. 1; 2-3,5,"[{""evaluation_document"": ""GAO-04-321"", ""indexed_document"": ""gao-04-321-highlights.pdf"", ""expected_pages"": [1]}, {""evaluation_document"": ""GAO-24-106576"", ""indexed_document"": ""d24106576.pdf"", ""expected_pages"": [2, 3]}]","[{""rank"": 1, ""document"": ""gao-24-107231-highlights.pdf"", ""page"": 3, ""distance"": 0.6914787292480469}, {""rank"": 2, ""document"": ""gao-24-107231.pdf"", ""page"": 4, ""distance"": 0.6914787292480469}, {""rank"": 3, ""document"": ""d24106576.pdf"", ""page"": 2, ""distance"": 0.7249227166175842}, {""rank"": 4, ""document"": ""d24106576.pdf"", ""page"": 2, ""distance"": 0.7325270771980286}, {""rank"": 5, ""document"": ""d24106576.pdf"", ""page"": 44, ""distance"": 0.7516567707061768}]",0.5,0.5,False,False,0.010455099982209504
EQ088,How do GAO's critical-infrastructure technology framework and the CISA OT report complement each other?,"The framework provides a method for choosing technologies through requirements, risk assessment, and policy, while the CISA report shows that effective products must be paired with collaboration and information sharing to manage OT risks.",GAO-04-321; GAO-24-106576,PDF pp. 1; 2-3,6,"[{""evaluation_document"": ""GAO-04-321"", ""indexed_document"": ""gao-04-321-highlights.pdf"", ""expected_pages"": [1]}, {""evaluation_document"": ""GAO-24-106576"", ""indexed_document"": ""d24106576.pdf"", ""expected_pages"": [2, 3]}]","[{""rank"": 1, ""document"": ""gao-24-107231-highlights.pdf"", ""page"": 3, ""distance"": 0.6914787292480469}, {""rank"": 2, ""document"": ""gao-24-107231.pdf"", ""page"": 4, ""distance"": 0.6914787292480469}, {""rank"": 3, ""document"": ""d24106576.pdf"", ""page"": 2, ""distance"": 0.7249227166175842}, {""rank"": 4, ""document"": ""d24106576.pdf"", ""page"": 2, ""distance"": 0.7325270771980286}, {""rank"": 5, ""document"": ""d24106576.pdf"", ""page"": 44, ""distance"": 0.7516567707061768}, {""rank"": 6, ""document"": ""d24106576.pdf"", ""page"": 65, ""distance"": 0.7551398277282715}]",0.5,0.5,False,False,0.012653100013267249
EQ088,How do GAO's critical-infrastructure technology framework and the CISA OT report complement each other?,"The framework provides a method for choosing technologies through requirements, risk assessment, and policy, while the CISA report shows that effective products must be paired with collaboration and information sharing to manage OT risks.",GAO-04-321; GAO-24-106576,PDF pp. 1; 2-3,7,"[{""evaluation_document"": ""GAO-04-321"", ""indexed_document"": ""gao-04-321-highlights.pdf"", ""expected_pages"": [1]}, {""evaluation_document"": ""GAO-24-106576"", ""indexed_document"": ""d24106576.pdf"", ""expected_pages"": [2, 3]}]","[{""rank"": 1, ""document"": ""gao-24-107231-highlights.pdf"", ""page"": 3, ""distance"": 0.6914787292480469}, {""rank"": 2, ""document"": ""gao-24-107231.pdf"", ""page"": 4, ""distance"": 0.6914787292480469}, {""rank"": 3, ""document"": ""d24106576.pdf"", ""page"": 2, ""distance"": 0.7249227166175842}, {""rank"": 4, ""document"": ""d24106576.pdf"", ""page"": 2, ""distance"": 0.7325270771980286}, {""rank"": 5, ""document"": ""d24106576.pdf"", ""page"": 44, ""distance"": 0.7516567707061768}, {""rank"": 6, ""document"": ""d24106576.pdf"", ""page"": 65, ""distance"": 0.7551398277282715}, {""rank"": 7, ""document"": ""d24106576.pdf"", ""page"": 4, ""distance"": 0.7723443508148193}]",0.5,0.5,False,False,0.011515800026245415
EQ088,How do GAO's critical-infrastructure technology framework and the CISA OT report complement each other?,"The framework provides a method for choosing technologies through requirements, risk assessment, and policy, while the CISA report shows that effective products must be paired with collaboration and information sharing to manage OT risks.",GAO-04-321; GAO-24-106576,PDF pp. 1; 2-3,8,"[{""evaluation_document"": ""GAO-04-321"", ""indexed_document"": ""gao-04-321-highlights.pdf"", ""expected_pages"": [1]}, {""evaluation_document"": ""GAO-24-106576"", ""indexed_document"": ""d24106576.pdf"", ""expected_pages"": [2, 3]}]","[{""rank"": 1, ""document"": ""gao-24-107231-highlights.pdf"", ""page"": 3, ""distance"": 0.6914787292480469}, {""rank"": 2, ""document"": ""gao-24-107231.pdf"", ""page"": 4, ""distance"": 0.6914787292480469}, {""rank"": 3, ""document"": ""d24106576.pdf"", ""page"": 2, ""distance"": 0.7249227166175842}, {""rank"": 4, ""document"": ""d24106576.pdf"", ""page"": 2, ""distance"": 0.7325270771980286}, {""rank"": 5, ""document"": ""d24106576.pdf"", ""page"": 44, ""distance"": 0.7516567707061768}, {""rank"": 6, ""document"": ""d24106576.pdf"", ""page"": 65, ""distance"": 0.7551398277282715}, {""rank"": 7, ""document"": ""d24106576.pdf"", ""page"": 4, ""distance"": 0.7723443508148193}, {""rank"": 8, ""document"": ""d24106576.pdf"", ""page"": 3, ""distance"": 0.772519052028656}]",0.5,0.5,False,False,0.01344399998197332
EQ088,How do GAO's critical-infrastructure technology framework and the CISA OT report complement each other?,"The framework provides a method for choosing technologies through requirements, risk assessment, and policy, while the CISA report shows that effective products must be paired with collaboration and information sharing to manage OT risks.",GAO-04-321; GAO-24-106576,PDF pp. 1; 2-3,9,"[{""evaluation_document"": ""GAO-04-321"", ""indexed_document"": ""gao-04-321-highlights.pdf"", ""expected_pages"": [1]}, {""evaluation_document"": ""GAO-24-106576"", ""indexed_document"": ""d24106576.pdf"", ""expected_pages"": [2, 3]}]","[{""rank"": 1, ""document"": ""gao-24-107231-highlights.pdf"", ""page"": 3, ""distance"": 0.6914787292480469}, {""rank"": 2, ""document"": ""gao-24-107231.pdf"", ""page"": 4, ""distance"": 0.6914787292480469}, {""rank"": 3, ""document"": ""d24106576.pdf"", ""page"": 2, ""distance"": 0.7249227166175842}, {""rank"": 4, ""document"": ""d24106576.pdf"", ""page"": 2, ""distance"": 0.7325270771980286}, {""rank"": 5, ""document"": ""d24106576.pdf"", ""page"": 44, ""distance"": 0.7516567707061768}, {""rank"": 6, ""document"": ""d24106576.pdf"", ""page"": 65, ""distance"": 0.7551398277282715}, {""rank"": 7, ""document"": ""d24106576.pdf"", ""page"": 4, ""distance"": 0.7723443508148193}, {""rank"": 8, ""document"": ""d24106576.pdf"", ""page"": 3, ""distance"": 0.772519052028656}, {""rank"": 9, ""document"": ""d24106576.pdf"", ""page"": 33, ""distance"": 0.7812358140945435}]",0.5,0.5,False,False,0.012009700003545731
EQ088,How do GAO's critical-infrastructure technology framework and the CISA OT report complement each other?,"The framework provides a method for choosing technologies through requirements, risk assessment, and policy, while the CISA report shows that effective products must be paired with collaboration and information sharing to manage OT risks.",GAO-04-321; GAO-24-106576,PDF pp. 1; 2-3,10,"[{""evaluation_document"": ""GAO-04-321"", ""indexed_document"": ""gao-04-321-highlights.pdf"", ""expected_pages"": [1]}, {""evaluation_document"": ""GAO-24-106576"", ""indexed_document"": ""d24106576.pdf"", ""expected_pages"": [2, 3]}]","[{""rank"": 1, ""document"": ""gao-24-107231-highlights.pdf"", ""page"": 3, ""distance"": 0.6914787292480469}, {""rank"": 2, ""document"": ""gao-24-107231.pdf"", ""page"": 4, ""distance"": 0.6914787292480469}, {""rank"": 3, ""document"": ""d24106576.pdf"", ""page"": 2, ""distance"": 0.7249227166175842}, {""rank"": 4, ""document"": ""d24106576.pdf"", ""page"": 2, ""distance"": 0.7325270771980286}, {""rank"": 5, ""document"": ""d24106576.pdf"", ""page"": 44, ""distance"": 0.7516567707061768}, {""rank"": 6, ""document"": ""d24106576.pdf"", ""page"": 65, ""distance"": 0.7551398277282715}, {""rank"": 7, ""document"": ""d24106576.pdf"", ""page"": 4, ""distance"": 0.7723443508148193}, {""rank"": 8, ""document"": ""d24106576.pdf"", ""page"": 3, ""distance"": 0.772519052028656}, {""rank"": 9, ""document"": ""d24106576.pdf"", ""page"": 33, ""distance"": 0.7812358140945435}, {""rank"": 10, ""document"": ""d24106576.pdf"", ""page"": 43, ""distance"": 0.798193633556366}]",0.5,0.5,False,False,0.010066999995615333
EQ089,How do predictable Treasury auctions and transparent DOGE savings reporting illustrate different accountability needs?,"Treasury's regular issuance schedule supports predictable borrowing, while DOGE's reported savings require transparent methods and evidence to be reliable; both depend on clear, supportable public information.",GAO-26-107529; GAO-26-108615,PDF pp. 2; 2-3,1,"[{""evaluation_document"": ""GAO-26-107529"", ""indexed_document"": ""gao-26-107529.pdf"", ""expected_pages"": [2]}, {""evaluation_document"": ""GAO-26-108615"", ""indexed_document"": ""gao-26-108615.pdf"", ""expected_pages"": [2, 3]}]","[{""rank"": 1, ""document"": ""gao-26-107529.pdf"", ""page"": 10, ""distance"": 0.7739181518554688}]",0.5,0.0,False,False,0.010816200054250658
EQ089,How do predictable Treasury auctions and transparent DOGE savings reporting illustrate different accountability needs?,"Treasury's regular issuance schedule supports predictable borrowing, while DOGE's reported savings require transparent methods and evidence to be reliable; both depend on clear, supportable public information.",GAO-26-107529; GAO-26-108615,PDF pp. 2; 2-3,2,"[{""evaluation_document"": ""GAO-26-107529"", ""indexed_document"": ""gao-26-107529.pdf"", ""expected_pages"": [2]}, {""evaluation_document"": ""GAO-26-108615"", ""indexed_document"": ""gao-26-108615.pdf"", ""expected_pages"": [2, 3]}]","[{""rank"": 1, ""document"": ""gao-26-107529.pdf"", ""page"": 10, ""distance"": 0.7739181518554688}, {""rank"": 2, ""document"": ""gao-26-108615.pdf"", ""page"": 2, ""distance"": 0.8423666954040527}]",1.0,0.5,True,False,0.011194699967745692
EQ089,How do predictable Treasury auctions and transparent DOGE savings reporting illustrate different accountability needs?,"Treasury's regular issuance schedule supports predictable borrowing, while DOGE's reported savings require transparent methods and evidence to be reliable; both depend on clear, supportable public information.",GAO-26-107529; GAO-26-108615,PDF pp. 2; 2-3,3,"[{""evaluation_document"": ""GAO-26-107529"", ""indexed_document"": ""gao-26-107529.pdf"", ""expected_pages"": [2]}, {""evaluation_document"": ""GAO-26-108615"", ""indexed_document"": ""gao-26-108615.pdf"", ""expected_pages"": [2, 3]}]","[{""rank"": 1, ""document"": ""gao-26-107529.pdf"", ""page"": 10, ""distance"": 0.7739181518554688}, {""rank"": 2, ""document"": ""gao-26-108615.pdf"", ""page"": 2, ""distance"": 0.8423666954040527}, {""rank"": 3, ""document"": ""gao-26-107529.pdf"", ""page"": 36, ""distance"": 0.8458309173583984}]",1.0,0.5,True,False,0.01234749995637685
EQ089,How do predictable Treasury auctions and transparent DOGE savings reporting illustrate different accountability needs?,"Treasury's regular issuance schedule supports predictable borrowing, while DOGE's reported savings require transparent methods and evidence to be reliable; both depend on clear, supportable public information.",GAO-26-107529; GAO-26-108615,PDF pp. 2; 2-3,4,"[{""evaluation_document"": ""GAO-26-107529"", ""indexed_document"": ""gao-26-107529.pdf"", ""expected_pages"": [2]}, {""evaluation_document"": ""GAO-26-108615"", ""indexed_document"": ""gao-26-108615.pdf"", ""expected_pages"": [2, 3]}]","[{""rank"": 1, ""document"": ""gao-26-107529.pdf"", ""page"": 10, ""distance"": 0.7739181518554688}, {""rank"": 2, ""document"": ""gao-26-108615.pdf"", ""page"": 2, ""distance"": 0.8423666954040527}, {""rank"": 3, ""document"": ""gao-26-107529.pdf"", ""page"": 36, ""distance"": 0.8458309173583984}, {""rank"": 4, ""document"": ""gao-26-107529.pdf"", ""page"": 2, ""distance"": 0.855169951915741}]",1.0,1.0,True,True,0.011317100026644766
EQ089,How do predictable Treasury auctions and transparent DOGE savings reporting illustrate different accountability needs?,"Treasury's regular issuance schedule supports predictable borrowing, while DOGE's reported savings require transparent methods and evidence to be reliable; both depend on clear, supportable public information.",GAO-26-107529; GAO-26-108615,PDF pp. 2; 2-3,5,"[{""evaluation_document"": ""GAO-26-107529"", ""indexed_document"": ""gao-26-107529.pdf"", ""expected_pages"": [2]}, {""evaluation_document"": ""GAO-26-108615"", ""indexed_document"": ""gao-26-108615.pdf"", ""expected_pages"": [2, 3]}]","[{""rank"": 1, ""document"": ""gao-26-107529.pdf"", ""page"": 10, ""distance"": 0.7739181518554688}, {""rank"": 2, ""document"": ""gao-26-108615.pdf"", ""page"": 2, ""distance"": 0.8423666954040527}, {""rank"": 3, ""document"": ""gao-26-107529.pdf"", ""page"": 36, ""distance"": 0.8458309173583984}, {""rank"": 4, ""document"": ""gao-26-107529.pdf"", ""page"": 2, ""distance"": 0.855169951915741}, {""rank"": 5, ""document"": ""gao-26-107529.pdf"", ""page"": 12, ""distance"": 0.8556058406829834}]",1.0,1.0,True,True,0.012158799974713475
EQ089,How do predictable Treasury auctions and transparent DOGE savings reporting illustrate different accountability needs?,"Treasury's regular issuance schedule supports predictable borrowing, while DOGE's reported savings require transparent methods and evidence to be reliable; both depend on clear, supportable public information.",GAO-26-107529; GAO-26-108615,PDF pp. 2; 2-3,6,"[{""evaluation_document"": ""GAO-26-107529"", ""indexed_document"": ""gao-26-107529.pdf"", ""expected_pages"": [2]}, {""evaluation_document"": ""GAO-26-108615"", ""indexed_document"": ""gao-26-108615.pdf"", ""expected_pages"": [2, 3]}]","[{""rank"": 1, ""document"": ""gao-26-107529.pdf"", ""page"": 10, ""distance"": 0.7739181518554688}, {""rank"": 2, ""document"": ""gao-26-108615.pdf"", ""page"": 2, ""distance"": 0.8423666954040527}, {""rank"": 3, ""document"": ""gao-26-107529.pdf"", ""page"": 36, ""distance"": 0.8458309173583984}, {""rank"": 4, ""document"": ""gao-26-107529.pdf"", ""page"": 2, ""distance"": 0.855169951915741}, {""rank"": 5, ""document"": ""gao-26-107529.pdf"", ""page"": 12, ""distance"": 0.8556058406829834}, {""rank"": 6, ""document"": ""gao-26-108615.pdf"", ""page"": 1, ""distance"": 0.8568189740180969}]",1.0,1.0,True,True,0.011491599958389997
EQ089,How do predictable Treasury auctions and transparent DOGE savings reporting illustrate different accountability needs?,"Treasury's regular issuance schedule supports predictable borrowing, while DOGE's reported savings require transparent methods and evidence to be reliable; both depend on clear, supportable public information.",GAO-26-107529; GAO-26-108615,PDF pp. 2; 2-3,7,"[{""evaluation_document"": ""GAO-26-107529"", ""indexed_document"": ""gao-26-107529.pdf"", ""expected_pages"": [2]}, {""evaluation_document"": ""GAO-26-108615"", ""indexed_document"": ""gao-26-108615.pdf"", ""expected_pages"": [2, 3]}]","[{""rank"": 1, ""document"": ""gao-26-107529.pdf"", ""page"": 10, ""distance"": 0.7739181518554688}, {""rank"": 2, ""document"": ""gao-26-108615.pdf"", ""page"": 2, ""distance"": 0.8423666954040527}, {""rank"": 3, ""document"": ""gao-26-107529.pdf"", ""page"": 36, ""distance"": 0.8458309173583984}, {""rank"": 4, ""document"": ""gao-26-107529.pdf"", ""page"": 2, ""distance"": 0.855169951915741}, {""rank"": 5, ""document"": ""gao-26-107529.pdf"", ""page"": 12, ""distance"": 0.8556058406829834}, {""rank"": 6, ""document"": ""gao-26-108615.pdf"", ""page"": 1, ""distance"": 0.8568189740180969}, {""rank"": 7, ""document"": ""gao-26-107529.pdf"", ""page"": 64, ""distance"": 0.8571986556053162}]",1.0,1.0,True,True,0.010214800015091896
EQ089,How do predictable Treasury auctions and transparent DOGE savings reporting illustrate different accountability needs?,"Treasury's regular issuance schedule supports predictable borrowing, while DOGE's reported savings require transparent methods and evidence to be reliable; both depend on clear, supportable public information.",GAO-26-107529; GAO-26-108615,PDF pp. 2; 2-3,8,"[{""evaluation_document"": ""GAO-26-107529"", ""indexed_document"": ""gao-26-107529.pdf"", ""expected_pages"": [2]}, {""evaluation_document"": ""GAO-26-108615"", ""indexed_document"": ""gao-26-108615.pdf"", ""expected_pages"": [2, 3]}]","[{""rank"": 1, ""document"": ""gao-26-107529.pdf"", ""page"": 10, ""distance"": 0.7739181518554688}, {""rank"": 2, ""document"": ""gao-26-108615.pdf"", ""page"": 2, ""distance"": 0.8423666954040527}, {""rank"": 3, ""document"": ""gao-26-107529.pdf"", ""page"": 36, ""distance"": 0.8458309173583984}, {""rank"": 4, ""document"": ""gao-26-107529.pdf"", ""page"": 2, ""distance"": 0.855169951915741}, {""rank"": 5, ""document"": ""gao-26-107529.pdf"", ""page"": 12, ""distance"": 0.8556058406829834}, {""rank"": 6, ""document"": ""gao-26-108615.pdf"", ""page"": 1, ""distance"": 0.8568189740180969}, {""rank"": 7, ""document"": ""gao-26-107529.pdf"", ""page"": 64, ""distance"": 0.8571986556053162}, {""rank"": 8, ""document"": ""gao-26-108615.pdf"", ""page"": 36, ""distance"": 0.8599008321762085}]",1.0,1.0,True,True,0.011934899957850575
EQ089,How do predictable Treasury auctions and transparent DOGE savings reporting illustrate different accountability needs?,"Treasury's regular issuance schedule supports predictable borrowing, while DOGE's reported savings require transparent methods and evidence to be reliable; both depend on clear, supportable public information.",GAO-26-107529; GAO-26-108615,PDF pp. 2; 2-3,9,"[{""evaluation_document"": ""GAO-26-107529"", ""indexed_document"": ""gao-26-107529.pdf"", ""expected_pages"": [2]}, {""evaluation_document"": ""GAO-26-108615"", ""indexed_document"": ""gao-26-108615.pdf"", ""expected_pages"": [2, 3]}]","[{""rank"": 1, ""document"": ""gao-26-107529.pdf"", ""page"": 10, ""distance"": 0.7739181518554688}, {""rank"": 2, ""document"": ""gao-26-108615.pdf"", ""page"": 2, ""distance"": 0.8423666954040527}, {""rank"": 3, ""document"": ""gao-26-107529.pdf"", ""page"": 36, ""distance"": 0.8458309173583984}, {""rank"": 4, ""document"": ""gao-26-107529.pdf"", ""page"": 2, ""distance"": 0.855169951915741}, {""rank"": 5, ""document"": ""gao-26-107529.pdf"", ""page"": 12, ""distance"": 0.8556058406829834}, {""rank"": 6, ""document"": ""gao-26-108615.pdf"", ""page"": 1, ""distance"": 0.8568189740180969}, {""rank"": 7, ""document"": ""gao-26-107529.pdf"", ""page"": 64, ""distance"": 0.8571986556053162}, {""rank"": 8, ""document"": ""gao-26-108615.pdf"", ""page"": 36, ""distance"": 0.8599008321762085}, {""rank"": 9, ""document"": ""gao-26-107529.pdf"", ""page"": 62, ""distance"": 0.8608698844909668}]",1.0,1.0,True,True,0.012896500003989786
EQ089,How do predictable Treasury auctions and transparent DOGE savings reporting illustrate different accountability needs?,"Treasury's regular issuance schedule supports predictable borrowing, while DOGE's reported savings require transparent methods and evidence to be reliable; both depend on clear, supportable public information.",GAO-26-107529; GAO-26-108615,PDF pp. 2; 2-3,10,"[{""evaluation_document"": ""GAO-26-107529"", ""indexed_document"": ""gao-26-107529.pdf"", ""expected_pages"": [2]}, {""evaluation_document"": ""GAO-26-108615"", ""indexed_document"": ""gao-26-108615.pdf"", ""expected_pages"": [2, 3]}]","[{""rank"": 1, ""document"": ""gao-26-107529.pdf"", ""page"": 10, ""distance"": 0.7739181518554688}, {""rank"": 2, ""document"": ""gao-26-108615.pdf"", ""page"": 2, ""distance"": 0.8423666954040527}, {""rank"": 3, ""document"": ""gao-26-107529.pdf"", ""page"": 36, ""distance"": 0.8458309173583984}, {""rank"": 4, ""document"": ""gao-26-107529.pdf"", ""page"": 2, ""distance"": 0.855169951915741}, {""rank"": 5, ""document"": ""gao-26-107529.pdf"", ""page"": 12, ""distance"": 0.8556058406829834}, {""rank"": 6, ""document"": ""gao-26-108615.pdf"", ""page"": 1, ""distance"": 0.8568189740180969}, {""rank"": 7, ""document"": ""gao-26-107529.pdf"", ""page"": 64, ""distance"": 0.8571986556053162}, {""rank"": 8, ""document"": ""gao-26-108615.pdf"", ""page"": 36, ""distance"": 0.8599008321762085}, {""rank"": 9, ""document"": ""gao-26-107529.pdf"", ""page"": 62, ""distance"": 0.8608698844909668}, {""rank"": 10, ""document"": ""gao-26-108615.pdf"", ""page"": 9, ""distance"": 0.8689684271812439}]",1.0,1.0,True,True,0.011252099997363985
EQ090,How do the Main Street Program's internal-control improvements and GAO's performance-accountability mission reinforce one another?,"Federal Reserve Banks addressed all 20 internal-control opportunities, illustrating the kind of accountable improvement GAO describes as helping Congress improve government performance and accountability.",GAO-26-108011; GAO-26-900644,PDF pp. 1; 2,1,"[{""evaluation_document"": ""GAO-26-108011"", ""indexed_document"": ""gao-26-108011-highlights.pdf"", ""expected_pages"": [1]}, {""evaluation_document"": ""GAO-26-900644"", ""indexed_document"": ""gao-26-900644.pdf"", ""expected_pages"": [2]}]","[{""rank"": 1, ""document"": ""gao-26-900644.pdf"", ""page"": 62, ""distance"": 0.8873046636581421}]",0.5,0.0,False,False,0.012294000014662743
EQ090,How do the Main Street Program's internal-control improvements and GAO's performance-accountability mission reinforce one another?,"Federal Reserve Banks addressed all 20 internal-control opportunities, illustrating the kind of accountable improvement GAO describes as helping Congress improve government performance and accountability.",GAO-26-108011; GAO-26-900644,PDF pp. 1; 2,2,"[{""evaluation_document"": ""GAO-26-108011"", ""indexed_document"": ""gao-26-108011-highlights.pdf"", ""expected_pages"": [1]}, {""evaluation_document"": ""GAO-26-900644"", ""indexed_document"": ""gao-26-900644.pdf"", ""expected_pages"": [2]}]","[{""rank"": 1, ""document"": ""gao-26-900644.pdf"", ""page"": 62, ""distance"": 0.8873046636581421}, {""rank"": 2, ""document"": ""gao-26-900644.pdf"", ""page"": 30, ""distance"": 0.9010235071182251}]",0.5,0.0,False,False,0.012795799993909895
EQ090,How do the Main Street Program's internal-control improvements and GAO's performance-accountability mission reinforce one another?,"Federal Reserve Banks addressed all 20 internal-control opportunities, illustrating the kind of accountable improvement GAO describes as helping Congress improve government performance and accountability.",GAO-26-108011; GAO-26-900644,PDF pp. 1; 2,3,"[{""evaluation_document"": ""GAO-26-108011"", ""indexed_document"": ""gao-26-108011-highlights.pdf"", ""expected_pages"": [1]}, {""evaluation_document"": ""GAO-26-900644"", ""indexed_document"": ""gao-26-900644.pdf"", ""expected_pages"": [2]}]","[{""rank"": 1, ""document"": ""gao-26-900644.pdf"", ""page"": 62, ""distance"": 0.8873046636581421}, {""rank"": 2, ""document"": ""gao-26-900644.pdf"", ""page"": 30, ""distance"": 0.9010235071182251}, {""rank"": 3, ""document"": ""gao-26-900644.pdf"", ""page"": 28, ""distance"": 0.9309166669845581}]",0.5,0.0,False,False,0.011026699969079345
EQ090,How do the Main Street Program's internal-control improvements and GAO's performance-accountability mission reinforce one another?,"Federal Reserve Banks addressed all 20 internal-control opportunities, illustrating the kind of accountable improvement GAO describes as helping Congress improve government performance and accountability.",GAO-26-108011; GAO-26-900644,PDF pp. 1; 2,4,"[{""evaluation_document"": ""GAO-26-108011"", ""indexed_document"": ""gao-26-108011-highlights.pdf"", ""expected_pages"": [1]}, {""evaluation_document"": ""GAO-26-900644"", ""indexed_document"": ""gao-26-900644.pdf"", ""expected_pages"": [2]}]","[{""rank"": 1, ""document"": ""gao-26-900644.pdf"", ""page"": 62, ""distance"": 0.8873046636581421}, {""rank"": 2, ""document"": ""gao-26-900644.pdf"", ""page"": 30, ""distance"": 0.9010235071182251}, {""rank"": 3, ""document"": ""gao-26-900644.pdf"", ""page"": 28, ""distance"": 0.9309166669845581}, {""rank"": 4, ""document"": ""gao-26-900644.pdf"", ""page"": 150, ""distance"": 0.9557154178619385}]",0.5,0.0,False,False,0.012241599964909256
EQ090,How do the Main Street Program's internal-control improvements and GAO's performance-accountability mission reinforce one another?,"Federal Reserve Banks addressed all 20 internal-control opportunities, illustrating the kind of accountable improvement GAO describes as helping Congress improve government performance and accountability.",GAO-26-108011; GAO-26-900644,PDF pp. 1; 2,5,"[{""evaluation_document"": ""GAO-26-108011"", ""indexed_document"": ""gao-26-108011-highlights.pdf"", ""expected_pages"": [1]}, {""evaluation_document"": ""GAO-26-900644"", ""indexed_document"": ""gao-26-900644.pdf"", ""expected_pages"": [2]}]","[{""rank"": 1, ""document"": ""gao-26-900644.pdf"", ""page"": 62, ""distance"": 0.8873046636581421}, {""rank"": 2, ""document"": ""gao-26-900644.pdf"", ""page"": 30, ""distance"": 0.9010235071182251}, {""rank"": 3, ""document"": ""gao-26-900644.pdf"", ""page"": 28, ""distance"": 0.9309166669845581}, {""rank"": 4, ""document"": ""gao-26-900644.pdf"", ""page"": 150, ""distance"": 0.9557154178619385}, {""rank"": 5, ""document"": ""gao-26-900644.pdf"", ""page"": 24, ""distance"": 0.9576714038848877}]",0.5,0.0,False,False,0.013045999978203326
EQ090,How do the Main Street Program's internal-control improvements and GAO's performance-accountability mission reinforce one another?,"Federal Reserve Banks addressed all 20 internal-control opportunities, illustrating the kind of accountable improvement GAO describes as helping Congress improve government performance and accountability.",GAO-26-108011; GAO-26-900644,PDF pp. 1; 2,6,"[{""evaluation_document"": ""GAO-26-108011"", ""indexed_document"": ""gao-26-108011-highlights.pdf"", ""expected_pages"": [1]}, {""evaluation_document"": ""GAO-26-900644"", ""indexed_document"": ""gao-26-900644.pdf"", ""expected_pages"": [2]}]","[{""rank"": 1, ""document"": ""gao-26-900644.pdf"", ""page"": 62, ""distance"": 0.8873046636581421}, {""rank"": 2, ""document"": ""gao-26-900644.pdf"", ""page"": 30, ""distance"": 0.9010235071182251}, {""rank"": 3, ""document"": ""gao-26-900644.pdf"", ""page"": 28, ""distance"": 0.9309166669845581}, {""rank"": 4, ""document"": ""gao-26-900644.pdf"", ""page"": 150, ""distance"": 0.9557154178619385}, {""rank"": 5, ""document"": ""gao-26-900644.pdf"", ""page"": 24, ""distance"": 0.9576714038848877}, {""rank"": 6, ""document"": ""gao-26-900644.pdf"", ""page"": 51, ""distance"": 0.9663989543914795}]",0.5,0.0,False,False,0.011564999993424863
EQ090,How do the Main Street Program's internal-control improvements and GAO's performance-accountability mission reinforce one another?,"Federal Reserve Banks addressed all 20 internal-control opportunities, illustrating the kind of accountable improvement GAO describes as helping Congress improve government performance and accountability.",GAO-26-108011; GAO-26-900644,PDF pp. 1; 2,7,"[{""evaluation_document"": ""GAO-26-108011"", ""indexed_document"": ""gao-26-108011-highlights.pdf"", ""expected_pages"": [1]}, {""evaluation_document"": ""GAO-26-900644"", ""indexed_document"": ""gao-26-900644.pdf"", ""expected_pages"": [2]}]","[{""rank"": 1, ""document"": ""gao-26-900644.pdf"", ""page"": 62, ""distance"": 0.8873046636581421}, {""rank"": 2, ""document"": ""gao-26-900644.pdf"", ""page"": 30, ""distance"": 0.9010235071182251}, {""rank"": 3, ""document"": ""gao-26-900644.pdf"", ""page"": 28, ""distance"": 0.9309166669845581}, {""rank"": 4, ""document"": ""gao-26-900644.pdf"", ""page"": 150, ""distance"": 0.9557154178619385}, {""rank"": 5, ""document"": ""gao-26-900644.pdf"", ""page"": 24, ""distance"": 0.9576714038848877}, {""rank"": 6, ""document"": ""gao-26-900644.pdf"", ""page"": 51, ""distance"": 0.9663989543914795}, {""rank"": 7, ""document"": ""gao-26-900644.pdf"", ""page"": 40, ""distance"": 0.9710198044776917}]",0.5,0.0,False,False,0.010818200011271983
EQ090,How do the Main Street Program's internal-control improvements and GAO's performance-accountability mission reinforce one another?,"Federal Reserve Banks addressed all 20 internal-control opportunities, illustrating the kind of accountable improvement GAO describes as helping Congress improve government performance and accountability.",GAO-26-108011; GAO-26-900644,PDF pp. 1; 2,8,"[{""evaluation_document"": ""GAO-26-108011"", ""indexed_document"": ""gao-26-108011-highlights.pdf"", ""expected_pages"": [1]}, {""evaluation_document"": ""GAO-26-900644"", ""indexed_document"": ""gao-26-900644.pdf"", ""expected_pages"": [2]}]","[{""rank"": 1, ""document"": ""gao-26-900644.pdf"", ""page"": 62, ""distance"": 0.8873046636581421}, {""rank"": 2, ""document"": ""gao-26-900644.pdf"", ""page"": 30, ""distance"": 0.9010235071182251}, {""rank"": 3, ""document"": ""gao-26-900644.pdf"", ""page"": 28, ""distance"": 0.9309166669845581}, {""rank"": 4, ""document"": ""gao-26-900644.pdf"", ""page"": 150, ""distance"": 0.9557154178619385}, {""rank"": 5, ""document"": ""gao-26-900644.pdf"", ""page"": 24, ""distance"": 0.9576714038848877}, {""rank"": 6, ""document"": ""gao-26-900644.pdf"", ""page"": 51, ""distance"": 0.9663989543914795}, {""rank"": 7, ""document"": ""gao-26-900644.pdf"", ""page"": 40, ""distance"": 0.9710198044776917}, {""rank"": 8, ""document"": ""gao-26-900644.pdf"", ""page"": 70, ""distance"": 0.9900187253952026}]",0.5,0.0,False,False,0.011028699984308332
EQ090,How do the Main Street Program's internal-control improvements and GAO's performance-accountability mission reinforce one another?,"Federal Reserve Banks addressed all 20 internal-control opportunities, illustrating the kind of accountable improvement GAO describes as helping Congress improve government performance and accountability.",GAO-26-108011; GAO-26-900644,PDF pp. 1; 2,9,"[{""evaluation_document"": ""GAO-26-108011"", ""indexed_document"": ""gao-26-108011-highlights.pdf"", ""expected_pages"": [1]}, {""evaluation_document"": ""GAO-26-900644"", ""indexed_document"": ""gao-26-900644.pdf"", ""expected_pages"": [2]}]","[{""rank"": 1, ""document"": ""gao-26-900644.pdf"", ""page"": 62, ""distance"": 0.8873046636581421}, {""rank"": 2, ""document"": ""gao-26-900644.pdf"", ""page"": 30, ""distance"": 0.9010235071182251}, {""rank"": 3, ""document"": ""gao-26-900644.pdf"", ""page"": 28, ""distance"": 0.9309166669845581}, {""rank"": 4, ""document"": ""gao-26-900644.pdf"", ""page"": 150, ""distance"": 0.9557154178619385}, {""rank"": 5, ""document"": ""gao-26-900644.pdf"", ""page"": 24, ""distance"": 0.9576714038848877}, {""rank"": 6, ""document"": ""gao-26-900644.pdf"", ""page"": 51, ""distance"": 0.9663989543914795}, {""rank"": 7, ""document"": ""gao-26-900644.pdf"", ""page"": 40, ""distance"": 0.9710198044776917}, {""rank"": 8, ""document"": ""gao-26-900644.pdf"", ""page"": 70, ""distance"": 0.9900187253952026}, {""rank"": 9, ""document"": ""gao-26-900644.pdf"", ""page"": 112, ""distance"": 0.9915580749511719}]",0.5,0.0,False,False,0.01117999997222796
EQ090,How do the Main Street Program's internal-control improvements and GAO's performance-accountability mission reinforce one another?,"Federal Reserve Banks addressed all 20 internal-control opportunities, illustrating the kind of accountable improvement GAO describes as helping Congress improve government performance and accountability.",GAO-26-108011; GAO-26-900644,PDF pp. 1; 2,10,"[{""evaluation_document"": ""GAO-26-108011"", ""indexed_document"": ""gao-26-108011-highlights.pdf"", ""expected_pages"": [1]}, {""evaluation_document"": ""GAO-26-900644"", ""indexed_document"": ""gao-26-900644.pdf"", ""expected_pages"": [2]}]","[{""rank"": 1, ""document"": ""gao-26-900644.pdf"", ""page"": 62, ""distance"": 0.8873046636581421}, {""rank"": 2, ""document"": ""gao-26-900644.pdf"", ""page"": 30, ""distance"": 0.9010235071182251}, {""rank"": 3, ""document"": ""gao-26-900644.pdf"", ""page"": 28, ""distance"": 0.9309166669845581}, {""rank"": 4, ""document"": ""gao-26-900644.pdf"", ""page"": 150, ""distance"": 0.9557154178619385}, {""rank"": 5, ""document"": ""gao-26-900644.pdf"", ""page"": 24, ""distance"": 0.9576714038848877}, {""rank"": 6, ""document"": ""gao-26-900644.pdf"", ""page"": 51, ""distance"": 0.9663989543914795}, {""rank"": 7, ""document"": ""gao-26-900644.pdf"", ""page"": 40, ""distance"": 0.9710198044776917}, {""rank"": 8, ""document"": ""gao-26-900644.pdf"", ""page"": 70, ""distance"": 0.9900187253952026}, {""rank"": 9, ""document"": ""gao-26-900644.pdf"", ""page"": 112, ""distance"": 0.9915580749511719}, {""rank"": 10, ""document"": ""gao-26-900644.pdf"", ""page"": 41, ""distance"": 1.011877417564392}]",0.5,0.0,False,False,0.012699799961410463
EQ091,Does the organization reimburse employees for home-office internet service?,Not available in the supplied knowledge base,,,1,"[{""evaluation_document"": ""nan"", ""indexed_document"": ""nan"", ""expected_pages"": []}]","[{""rank"": 1, ""document"": ""d24105658.pdf"", ""page"": 20, ""distance"": 1.1320220232009888}]",0.0,0.0,False,False,0.01135049998993054
EQ091,Does the organization reimburse employees for home-office internet service?,Not available in the supplied knowledge base,,,2,"[{""evaluation_document"": ""nan"", ""indexed_document"": ""nan"", ""expected_pages"": []}]","[{""rank"": 1, ""document"": ""d24105658.pdf"", ""page"": 20, ""distance"": 1.1320220232009888}, {""rank"": 2, ""document"": ""gao-24-107231.pdf"", ""page"": 76, ""distance"": 1.229886531829834}]",0.0,0.0,False,False,0.010983699990902096
EQ091,Does the organization reimburse employees for home-office internet service?,Not available in the supplied knowledge base,,,3,"[{""evaluation_document"": ""nan"", ""indexed_document"": ""nan"", ""expected_pages"": []}]","[{""rank"": 1, ""document"": ""d24105658.pdf"", ""page"": 20, ""distance"": 1.1320220232009888}, {""rank"": 2, ""document"": ""gao-24-107231.pdf"", ""page"": 76, ""distance"": 1.229886531829834}, {""rank"": 3, ""document"": ""gao-23-105480.pdf"", ""page"": 33, ""distance"": 1.2561163902282715}]",0.0,0.0,False,False,0.012901999987661839
EQ091,Does the organization reimburse employees for home-office internet service?,Not available in the supplied knowledge base,,,4,"[{""evaluation_document"": ""nan"", ""indexed_document"": ""nan"", ""expected_pages"": []}]","[{""rank"": 1, ""document"": ""d24105658.pdf"", ""page"": 20, ""distance"": 1.1320220232009888}, {""rank"": 2, ""document"": ""gao-24-107231.pdf"", ""page"": 76, ""distance"": 1.229886531829834}, {""rank"": 3, ""document"": ""gao-23-105480.pdf"", ""page"": 33, ""distance"": 1.2561163902282715}, {""rank"": 4, ""document"": ""gao-23-105480.pdf"", ""page"": 35, ""distance"": 1.2593003511428833}]",0.0,0.0,False,False,0.010845499986317009
EQ091,Does the organization reimburse employees for home-office internet service?,Not available in the supplied knowledge base,,,5,"[{""evaluation_document"": ""nan"", ""indexed_document"": ""nan"", ""expected_pages"": []}]","[{""rank"": 1, ""document"": ""d24105658.pdf"", ""page"": 20, ""distance"": 1.1320220232009888}, {""rank"": 2, ""document"": ""gao-24-107231.pdf"", ""page"": 76, ""distance"": 1.229886531829834}, {""rank"": 3, ""document"": ""gao-23-105480.pdf"", ""page"": 33, ""distance"": 1.2561163902282715}, {""rank"": 4, ""document"": ""gao-23-105480.pdf"", ""page"": 35, ""distance"": 1.2593003511428833}, {""rank"": 5, ""document"": ""gao-24-107231.pdf"", ""page"": 26, ""distance"": 1.300299882888794}]",0.0,0.0,False,False,0.012201900011859834
EQ091,Does the organization reimburse employees for home-office internet service?,Not available in the supplied knowledge base,,,6,"[{""evaluation_document"": ""nan"", ""indexed_document"": ""nan"", ""expected_pages"": []}]","[{""rank"": 1, ""document"": ""d24105658.pdf"", ""page"": 20, ""distance"": 1.1320220232009888}, {""rank"": 2, ""document"": ""gao-24-107231.pdf"", ""page"": 76, ""distance"": 1.229886531829834}, {""rank"": 3, ""document"": ""gao-23-105480.pdf"", ""page"": 33, ""distance"": 1.2561163902282715}, {""rank"": 4, ""document"": ""gao-23-105480.pdf"", ""page"": 35, ""distance"": 1.2593003511428833}, {""rank"": 5, ""document"": ""gao-24-107231.pdf"", ""page"": 26, ""distance"": 1.300299882888794}, {""rank"": 6, ""document"": ""gao-24-107231.pdf"", ""page"": 60, ""distance"": 1.3444395065307617}]",0.0,0.0,False,False,0.011269399954471737
EQ091,Does the organization reimburse employees for home-office internet service?,Not available in the supplied knowledge base,,,7,"[{""evaluation_document"": ""nan"", ""indexed_document"": ""nan"", ""expected_pages"": []}]","[{""rank"": 1, ""document"": ""d24105658.pdf"", ""page"": 20, ""distance"": 1.1320220232009888}, {""rank"": 2, ""document"": ""gao-24-107231.pdf"", ""page"": 76, ""distance"": 1.229886531829834}, {""rank"": 3, ""document"": ""gao-23-105480.pdf"", ""page"": 33, ""distance"": 1.2561163902282715}, {""rank"": 4, ""document"": ""gao-23-105480.pdf"", ""page"": 35, ""distance"": 1.2593003511428833}, {""rank"": 5, ""document"": ""gao-24-107231.pdf"", ""page"": 26, ""distance"": 1.300299882888794}, {""rank"": 6, ""document"": ""gao-24-107231.pdf"", ""page"": 60, ""distance"": 1.3444395065307617}, {""rank"": 7, ""document"": ""gao-26-900644.pdf"", ""page"": 104, ""distance"": 1.349181890487671}]",0.0,0.0,False,False,0.012905200012028217
EQ091,Does the organization reimburse employees for home-office internet service?,Not available in the supplied knowledge base,,,8,"[{""evaluation_document"": ""nan"", ""indexed_document"": ""nan"", ""expected_pages"": []}]","[{""rank"": 1, ""document"": ""d24105658.pdf"", ""page"": 20, ""distance"": 1.1320220232009888}, {""rank"": 2, ""document"": ""gao-24-107231.pdf"", ""page"": 76, ""distance"": 1.229886531829834}, {""rank"": 3, ""document"": ""gao-23-105480.pdf"", ""page"": 33, ""distance"": 1.2561163902282715}, {""rank"": 4, ""document"": ""gao-23-105480.pdf"", ""page"": 35, ""distance"": 1.2593003511428833}, {""rank"": 5, ""document"": ""gao-24-107231.pdf"", ""page"": 26, ""distance"": 1.300299882888794}, {""rank"": 6, ""document"": ""gao-24-107231.pdf"", ""page"": 60, ""distance"": 1.3444395065307617}, {""rank"": 7, ""document"": ""gao-26-900644.pdf"", ""page"": 104, ""distance"": 1.349181890487671}, {""rank"": 8, ""document"": ""gao-26-108615.pdf"", ""page"": 49, ""distance"": 1.3514347076416016}]",0.0,0.0,False,False,0.011171700025442988
EQ091,Does the organization reimburse employees for home-office internet service?,Not available in the supplied knowledge base,,,9,"[{""evaluation_document"": ""nan"", ""indexed_document"": ""nan"", ""expected_pages"": []}]","[{""rank"": 1, ""document"": ""d24105658.pdf"", ""page"": 20, ""distance"": 1.1320220232009888}, {""rank"": 2, ""document"": ""gao-24-107231.pdf"", ""page"": 76, ""distance"": 1.229886531829834}, {""rank"": 3, ""document"": ""gao-23-105480.pdf"", ""page"": 33, ""distance"": 1.2561163902282715}, {""rank"": 4, ""document"": ""gao-23-105480.pdf"", ""page"": 35, ""distance"": 1.2593003511428833}, {""rank"": 5, ""document"": ""gao-24-107231.pdf"", ""page"": 26, ""distance"": 1.300299882888794}, {""rank"": 6, ""document"": ""gao-24-107231.pdf"", ""page"": 60, ""distance"": 1.3444395065307617}, {""rank"": 7, ""document"": ""gao-26-900644.pdf"", ""page"": 104, ""distance"": 1.349181890487671}, {""rank"": 8, ""document"": ""gao-26-108615.pdf"", ""page"": 49, ""distance"": 1.3514347076416016}, {""rank"": 9, ""document"": ""gao-24-107231.pdf"", ""page"": 77, ""distance"": 1.3665790557861328}]",0.0,0.0,False,False,0.010743600025307387
EQ091,Does the organization reimburse employees for home-office internet service?,Not available in the supplied knowledge base,,,10,"[{""evaluation_document"": ""nan"", ""indexed_document"": ""nan"", ""expected_pages"": []}]","[{""rank"": 1, ""document"": ""d24105658.pdf"", ""page"": 20, ""distance"": 1.1320220232009888}, {""rank"": 2, ""document"": ""gao-24-107231.pdf"", ""page"": 76, ""distance"": 1.229886531829834}, {""rank"": 3, ""document"": ""gao-23-105480.pdf"", ""page"": 33, ""distance"": 1.2561163902282715}, {""rank"": 4, ""document"": ""gao-23-105480.pdf"", ""page"": 35, ""distance"": 1.2593003511428833}, {""rank"": 5, ""document"": ""gao-24-107231.pdf"", ""page"": 26, ""distance"": 1.300299882888794}, {""rank"": 6, ""document"": ""gao-24-107231.pdf"", ""page"": 60, ""distance"": 1.3444395065307617}, {""rank"": 7, ""document"": ""gao-26-900644.pdf"", ""page"": 104, ""distance"": 1.349181890487671}, {""rank"": 8, ""document"": ""gao-26-108615.pdf"", ""page"": 49, ""distance"": 1.3514347076416016}, {""rank"": 9, ""document"": ""gao-24-107231.pdf"", ""page"": 77, ""distance"": 1.3665790557861328}, {""rank"": 10, ""document"": ""gao-24-107231.pdf"", ""page"": 20, ""distance"": 1.3749839067459106}]",0.0,0.0,False,False,0.012352499994449317
EQ092,What is the annual paid leave allowance for a new employee?,Not available in the supplied knowledge base,,,1,"[{""evaluation_document"": ""nan"", ""indexed_document"": ""nan"", ""expected_pages"": []}]","[{""rank"": 1, ""document"": ""gao-26-900644.pdf"", ""page"": 133, ""distance"": 1.188320279121399}]",0.0,0.0,False,False,0.008513999986462295
EQ092,What is the annual paid leave allowance for a new employee?,Not available in the supplied knowledge base,,,2,"[{""evaluation_document"": ""nan"", ""indexed_document"": ""nan"", ""expected_pages"": []}]","[{""rank"": 1, ""document"": ""gao-26-900644.pdf"", ""page"": 133, ""distance"": 1.188320279121399}, {""rank"": 2, ""document"": ""gao-26-900644.pdf"", ""page"": 132, ""distance"": 1.2413983345031738}]",0.0,0.0,False,False,0.011196799983736128
EQ092,What is the annual paid leave allowance for a new employee?,Not available in the supplied knowledge base,,,3,"[{""evaluation_document"": ""nan"", ""indexed_document"": ""nan"", ""expected_pages"": []}]","[{""rank"": 1, ""document"": ""gao-26-900644.pdf"", ""page"": 133, ""distance"": 1.188320279121399}, {""rank"": 2, ""document"": ""gao-26-900644.pdf"", ""page"": 132, ""distance"": 1.2413983345031738}, {""rank"": 3, ""document"": ""gao-26-900644.pdf"", ""page"": 129, ""distance"": 1.2693873643875122}]",0.0,0.0,False,False,0.012027999968267977
EQ092,What is the annual paid leave allowance for a new employee?,Not available in the supplied knowledge base,,,4,"[{""evaluation_document"": ""nan"", ""indexed_document"": ""nan"", ""expected_pages"": []}]","[{""rank"": 1, ""document"": ""gao-26-900644.pdf"", ""page"": 133, ""distance"": 1.188320279121399}, {""rank"": 2, ""document"": ""gao-26-900644.pdf"", ""page"": 132, ""distance"": 1.2413983345031738}, {""rank"": 3, ""document"": ""gao-26-900644.pdf"", ""page"": 129, ""distance"": 1.2693873643875122}, {""rank"": 4, ""document"": ""gao-25-108440.pdf"", ""page"": 9, ""distance"": 1.2816721200942993}]",0.0,0.0,False,False,0.010278400033712387
EQ092,What is the annual paid leave allowance for a new employee?,Not available in the supplied knowledge base,,,5,"[{""evaluation_document"": ""nan"", ""indexed_document"": ""nan"", ""expected_pages"": []}]","[{""rank"": 1, ""document"": ""gao-26-900644.pdf"", ""page"": 133, ""distance"": 1.188320279121399}, {""rank"": 2, ""document"": ""gao-26-900644.pdf"", ""page"": 132, ""distance"": 1.2413983345031738}, {""rank"": 3, ""document"": ""gao-26-900644.pdf"", ""page"": 129, ""distance"": 1.2693873643875122}, {""rank"": 4, ""document"": ""gao-25-108440.pdf"", ""page"": 9, ""distance"": 1.2816721200942993}, {""rank"": 5, ""document"": ""gao-26-108615.pdf"", ""page"": 23, ""distance"": 1.3191075325012207}]",0.0,0.0,False,False,0.011884199979249388
EQ092,What is the annual paid leave allowance for a new employee?,Not available in the supplied knowledge base,,,6,"[{""evaluation_document"": ""nan"", ""indexed_document"": ""nan"", ""expected_pages"": []}]","[{""rank"": 1, ""document"": ""gao-26-900644.pdf"", ""page"": 133, ""distance"": 1.188320279121399}, {""rank"": 2, ""document"": ""gao-26-900644.pdf"", ""page"": 132, ""distance"": 1.2413983345031738}, {""rank"": 3, ""document"": ""gao-26-900644.pdf"", ""page"": 129, ""distance"": 1.2693873643875122}, {""rank"": 4, ""document"": ""gao-25-108440.pdf"", ""page"": 9, ""distance"": 1.2816721200942993}, {""rank"": 5, ""document"": ""gao-26-108615.pdf"", ""page"": 23, ""distance"": 1.3191075325012207}, {""rank"": 6, ""document"": ""gao-26-900644.pdf"", ""page"": 123, ""distance"": 1.3284004926681519}]",0.0,0.0,False,False,0.010433999996166676
EQ092,What is the annual paid leave allowance for a new employee?,Not available in the supplied knowledge base,,,7,"[{""evaluation_document"": ""nan"", ""indexed_document"": ""nan"", ""expected_pages"": []}]","[{""rank"": 1, ""document"": ""gao-26-900644.pdf"", ""page"": 133, ""distance"": 1.188320279121399}, {""rank"": 2, ""document"": ""gao-26-900644.pdf"", ""page"": 132, ""distance"": 1.2413983345031738}, {""rank"": 3, ""document"": ""gao-26-900644.pdf"", ""page"": 129, ""distance"": 1.2693873643875122}, {""rank"": 4, ""document"": ""gao-25-108440.pdf"", ""page"": 9, ""distance"": 1.2816721200942993}, {""rank"": 5, ""document"": ""gao-26-108615.pdf"", ""page"": 23, ""distance"": 1.3191075325012207}, {""rank"": 6, ""document"": ""gao-26-900644.pdf"", ""page"": 123, ""distance"": 1.3284004926681519}, {""rank"": 7, ""document"": ""gao-26-900644.pdf"", ""page"": 68, ""distance"": 1.3361537456512451}]",0.0,0.0,False,False,0.008874599996488541
EQ092,What is the annual paid leave allowance for a new employee?,Not available in the supplied knowledge base,,,8,"[{""evaluation_document"": ""nan"", ""indexed_document"": ""nan"", ""expected_pages"": []}]","[{""rank"": 1, ""document"": ""gao-26-900644.pdf"", ""page"": 133, ""distance"": 1.188320279121399}, {""rank"": 2, ""document"": ""gao-26-900644.pdf"", ""page"": 132, ""distance"": 1.2413983345031738}, {""rank"": 3, ""document"": ""gao-26-900644.pdf"", ""page"": 129, ""distance"": 1.2693873643875122}, {""rank"": 4, ""document"": ""gao-25-108440.pdf"", ""page"": 9, ""distance"": 1.2816721200942993}, {""rank"": 5, ""document"": ""gao-26-108615.pdf"", ""page"": 23, ""distance"": 1.3191075325012207}, {""rank"": 6, ""document"": ""gao-26-900644.pdf"", ""page"": 123, ""distance"": 1.3284004926681519}, {""rank"": 7, ""document"": ""gao-26-900644.pdf"", ""page"": 68, ""distance"": 1.3361537456512451}, {""rank"": 8, ""document"": ""gao-26-900644.pdf"", ""page"": 127, ""distance"": 1.364732265472412}]",0.0,0.0,False,False,0.012167699984274805
EQ092,What is the annual paid leave allowance for a new employee?,Not available in the supplied knowledge base,,,9,"[{""evaluation_document"": ""nan"", ""indexed_document"": ""nan"", ""expected_pages"": []}]","[{""rank"": 1, ""document"": ""gao-26-900644.pdf"", ""page"": 133, ""distance"": 1.188320279121399}, {""rank"": 2, ""document"": ""gao-26-900644.pdf"", ""page"": 132, ""distance"": 1.2413983345031738}, {""rank"": 3, ""document"": ""gao-26-900644.pdf"", ""page"": 129, ""distance"": 1.2693873643875122}, {""rank"": 4, ""document"": ""gao-25-108440.pdf"", ""page"": 9, ""distance"": 1.2816721200942993}, {""rank"": 5, ""document"": ""gao-26-108615.pdf"", ""page"": 23, ""distance"": 1.3191075325012207}, {""rank"": 6, ""document"": ""gao-26-900644.pdf"", ""page"": 123, ""distance"": 1.3284004926681519}, {""rank"": 7, ""document"": ""gao-26-900644.pdf"", ""page"": 68, ""distance"": 1.3361537456512451}, {""rank"": 8, ""document"": ""gao-26-900644.pdf"", ""page"": 127, ""distance"": 1.364732265472412}, {""rank"": 9, ""document"": ""gao-26-900644.pdf"", ""page"": 128, ""distance"": 1.3905290365219116}]",0.0,0.0,False,False,0.009703800023999065
EQ092,What is the annual paid leave allowance for a new employee?,Not available in the supplied knowledge base,,,10,"[{""evaluation_document"": ""nan"", ""indexed_document"": ""nan"", ""expected_pages"": []}]","[{""rank"": 1, ""document"": ""gao-26-900644.pdf"", ""page"": 133, ""distance"": 1.188320279121399}, {""rank"": 2, ""document"": ""gao-26-900644.pdf"", ""page"": 132, ""distance"": 1.2413983345031738}, {""rank"": 3, ""document"": ""gao-26-900644.pdf"", ""page"": 129, ""distance"": 1.2693873643875122}, {""rank"": 4, ""document"": ""gao-25-108440.pdf"", ""page"": 9, ""distance"": 1.2816721200942993}, {""rank"": 5, ""document"": ""gao-26-108615.pdf"", ""page"": 23, ""distance"": 1.3191075325012207}, {""rank"": 6, ""document"": ""gao-26-900644.pdf"", ""page"": 123, ""distance"": 1.3284004926681519}, {""rank"": 7, ""document"": ""gao-26-900644.pdf"", ""page"": 68, ""distance"": 1.3361537456512451}, {""rank"": 8, ""document"": ""gao-26-900644.pdf"", ""page"": 127, ""distance"": 1.364732265472412}, {""rank"": 9, ""document"": ""gao-26-900644.pdf"", ""page"": 128, ""distance"": 1.3905290365219116}, {""rank"": 10, ""document"": ""gao-26-108615.pdf"", ""page"": 50, ""distance"": 1.4158618450164795}]",0.0,0.0,False,False,0.009491100034210831
EQ093,Can I carry unused vacation days into the next year?,Not available in the supplied knowledge base,,,1,"[{""evaluation_document"": ""nan"", ""indexed_document"": ""nan"", ""expected_pages"": []}]","[{""rank"": 1, ""document"": ""gao-26-900644.pdf"", ""page"": 150, ""distance"": 1.412878155708313}]",0.0,0.0,False,False,0.010317100037354976
EQ093,Can I carry unused vacation days into the next year?,Not available in the supplied knowledge base,,,2,"[{""evaluation_document"": ""nan"", ""indexed_document"": ""nan"", ""expected_pages"": []}]","[{""rank"": 1, ""document"": ""gao-26-900644.pdf"", ""page"": 150, ""distance"": 1.412878155708313}, {""rank"": 2, ""document"": ""gao-26-900644.pdf"", ""page"": 30, ""distance"": 1.528653860092163}]",0.0,0.0,False,False,0.01125579996732995
EQ093,Can I carry unused vacation days into the next year?,Not available in the supplied knowledge base,,,3,"[{""evaluation_document"": ""nan"", ""indexed_document"": ""nan"", ""expected_pages"": []}]","[{""rank"": 1, ""document"": ""gao-26-900644.pdf"", ""page"": 150, ""distance"": 1.412878155708313}, {""rank"": 2, ""document"": ""gao-26-900644.pdf"", ""page"": 30, ""distance"": 1.528653860092163}, {""rank"": 3, ""document"": ""gao-26-900644.pdf"", ""page"": 71, ""distance"": 1.5553662776947021}]",0.0,0.0,False,False,0.011713300016708672
EQ093,Can I carry unused vacation days into the next year?,Not available in the supplied knowledge base,,,4,"[{""evaluation_document"": ""nan"", ""indexed_document"": ""nan"", ""expected_pages"": []}]","[{""rank"": 1, ""document"": ""gao-26-900644.pdf"", ""page"": 150, ""distance"": 1.412878155708313}, {""rank"": 2, ""document"": ""gao-26-900644.pdf"", ""page"": 30, ""distance"": 1.528653860092163}, {""rank"": 3, ""document"": ""gao-26-900644.pdf"", ""page"": 71, ""distance"": 1.5553662776947021}, {""rank"": 4, ""document"": ""gao-26-900644.pdf"", ""page"": 139, ""distance"": 1.560630202293396}]",0.0,0.0,False,False,0.010610299999825656
EQ093,Can I carry unused vacation days into the next year?,Not available in the supplied knowledge base,,,5,"[{""evaluation_document"": ""nan"", ""indexed_document"": ""nan"", ""expected_pages"": []}]","[{""rank"": 1, ""document"": ""gao-26-900644.pdf"", ""page"": 150, ""distance"": 1.412878155708313}, {""rank"": 2, ""document"": ""gao-26-900644.pdf"", ""page"": 30, ""distance"": 1.528653860092163}, {""rank"": 3, ""document"": ""gao-26-900644.pdf"", ""page"": 71, ""distance"": 1.5553662776947021}, {""rank"": 4, ""document"": ""gao-26-900644.pdf"", ""page"": 139, ""distance"": 1.560630202293396}, {""rank"": 5, ""document"": ""gao-26-108615.pdf"", ""page"": 10, ""distance"": 1.5650488138198853}]",0.0,0.0,False,False,0.011055499955546111
EQ093,Can I carry unused vacation days into the next year?,Not available in the supplied knowledge base,,,6,"[{""evaluation_document"": ""nan"", ""indexed_document"": ""nan"", ""expected_pages"": []}]","[{""rank"": 1, ""document"": ""gao-26-900644.pdf"", ""page"": 150, ""distance"": 1.412878155708313}, {""rank"": 2, ""document"": ""gao-26-900644.pdf"", ""page"": 30, ""distance"": 1.528653860092163}, {""rank"": 3, ""document"": ""gao-26-900644.pdf"", ""page"": 71, ""distance"": 1.5553662776947021}, {""rank"": 4, ""document"": ""gao-26-900644.pdf"", ""page"": 139, ""distance"": 1.560630202293396}, {""rank"": 5, ""document"": ""gao-26-108615.pdf"", ""page"": 10, ""distance"": 1.5650488138198853}, {""rank"": 6, ""document"": ""gao-26-107529.pdf"", ""page"": 11, ""distance"": 1.572914719581604}]",0.0,0.0,False,False,0.011157199973240495
EQ093,Can I carry unused vacation days into the next year?,Not available in the supplied knowledge base,,,7,"[{""evaluation_document"": ""nan"", ""indexed_document"": ""nan"", ""expected_pages"": []}]","[{""rank"": 1, ""document"": ""gao-26-900644.pdf"", ""page"": 150, ""distance"": 1.412878155708313}, {""rank"": 2, ""document"": ""gao-26-900644.pdf"", ""page"": 30, ""distance"": 1.528653860092163}, {""rank"": 3, ""document"": ""gao-26-900644.pdf"", ""page"": 71, ""distance"": 1.5553662776947021}, {""rank"": 4, ""document"": ""gao-26-900644.pdf"", ""page"": 139, ""distance"": 1.560630202293396}, {""rank"": 5, ""document"": ""gao-26-108615.pdf"", ""page"": 10, ""distance"": 1.5650488138198853}, {""rank"": 6, ""document"": ""gao-26-107529.pdf"", ""page"": 11, ""distance"": 1.572914719581604}, {""rank"": 7, ""document"": ""gao-26-900644.pdf"", ""page"": 137, ""distance"": 1.573817253112793}]",0.0,0.0,False,False,0.011746499978471547
EQ093,Can I carry unused vacation days into the next year?,Not available in the supplied knowledge base,,,8,"[{""evaluation_document"": ""nan"", ""indexed_document"": ""nan"", ""expected_pages"": []}]","[{""rank"": 1, ""document"": ""gao-26-900644.pdf"", ""page"": 150, ""distance"": 1.412878155708313}, {""rank"": 2, ""document"": ""gao-26-900644.pdf"", ""page"": 30, ""distance"": 1.528653860092163}, {""rank"": 3, ""document"": ""gao-26-900644.pdf"", ""page"": 71, ""distance"": 1.5553662776947021}, {""rank"": 4, ""document"": ""gao-26-900644.pdf"", ""page"": 139, ""distance"": 1.560630202293396}, {""rank"": 5, ""document"": ""gao-26-108615.pdf"", ""page"": 10, ""distance"": 1.5650488138198853}, {""rank"": 6, ""document"": ""gao-26-107529.pdf"", ""page"": 11, ""distance"": 1.572914719581604}, {""rank"": 7, ""document"": ""gao-26-900644.pdf"", ""page"": 137, ""distance"": 1.573817253112793}, {""rank"": 8, ""document"": ""gao-26-900644.pdf"", ""page"": 131, ""distance"": 1.581794261932373}]",0.0,0.0,False,False,0.00956530001712963
EQ093,Can I carry unused vacation days into the next year?,Not available in the supplied knowledge base,,,9,"[{""evaluation_document"": ""nan"", ""indexed_document"": ""nan"", ""expected_pages"": []}]","[{""rank"": 1, ""document"": ""gao-26-900644.pdf"", ""page"": 150, ""distance"": 1.412878155708313}, {""rank"": 2, ""document"": ""gao-26-900644.pdf"", ""page"": 30, ""distance"": 1.528653860092163}, {""rank"": 3, ""document"": ""gao-26-900644.pdf"", ""page"": 71, ""distance"": 1.5553662776947021}, {""rank"": 4, ""document"": ""gao-26-900644.pdf"", ""page"": 139, ""distance"": 1.560630202293396}, {""rank"": 5, ""document"": ""gao-26-108615.pdf"", ""page"": 10, ""distance"": 1.5650488138198853}, {""rank"": 6, ""document"": ""gao-26-107529.pdf"", ""page"": 11, ""distance"": 1.572914719581604}, {""rank"": 7, ""document"": ""gao-26-900644.pdf"", ""page"": 137, ""distance"": 1.573817253112793}, {""rank"": 8, ""document"": ""gao-26-900644.pdf"", ""page"": 131, ""distance"": 1.581794261932373}, {""rank"": 9, ""document"": ""gao-26-900644.pdf"", ""page"": 69, ""distance"": 1.5869766473770142}]",0.0,0.0,False,False,0.010715499985963106
EQ093,Can I carry unused vacation days into the next year?,Not available in the supplied knowledge base,,,10,"[{""evaluation_document"": ""nan"", ""indexed_document"": ""nan"", ""expected_pages"": []}]","[{""rank"": 1, ""document"": ""gao-26-900644.pdf"", ""page"": 150, ""distance"": 1.412878155708313}, {""rank"": 2, ""document"": ""gao-26-900644.pdf"", ""page"": 30, ""distance"": 1.528653860092163}, {""rank"": 3, ""document"": ""gao-26-900644.pdf"", ""page"": 71, ""distance"": 1.5553662776947021}, {""rank"": 4, ""document"": ""gao-26-900644.pdf"", ""page"": 139, ""distance"": 1.560630202293396}, {""rank"": 5, ""document"": ""gao-26-108615.pdf"", ""page"": 10, ""distance"": 1.5650488138198853}, {""rank"": 6, ""document"": ""gao-26-107529.pdf"", ""page"": 11, ""distance"": 1.572914719581604}, {""rank"": 7, ""document"": ""gao-26-900644.pdf"", ""page"": 137, ""distance"": 1.573817253112793}, {""rank"": 8, ""document"": ""gao-26-900644.pdf"", ""page"": 131, ""distance"": 1.581794261932373}, {""rank"": 9, ""document"": ""gao-26-900644.pdf"", ""page"": 69, ""distance"": 1.5869766473770142}, {""rank"": 10, ""document"": ""gao-26-900644.pdf"", ""page"": 68, ""distance"": 1.5881685018539429}]",0.0,0.0,False,False,0.011570799979381263
EQ094,What is the company's parental-leave policy?,Not available in the supplied knowledge base,,,1,"[{""evaluation_document"": ""nan"", ""indexed_document"": ""nan"", ""expected_pages"": []}]","[{""rank"": 1, ""document"": ""gao-26-108615.pdf"", ""page"": 50, ""distance"": 1.2932640314102173}]",0.0,0.0,False,False,0.008965499990154058
EQ094,What is the company's parental-leave policy?,Not available in the supplied knowledge base,,,2,"[{""evaluation_document"": ""nan"", ""indexed_document"": ""nan"", ""expected_pages"": []}]","[{""rank"": 1, ""document"": ""gao-26-108615.pdf"", ""page"": 50, ""distance"": 1.2932640314102173}, {""rank"": 2, ""document"": ""d24105658.pdf"", ""page"": 73, ""distance"": 1.3312532901763916}]",0.0,0.0,False,False,0.008423499995842576
EQ094,What is the company's parental-leave policy?,Not available in the supplied knowledge base,,,3,"[{""evaluation_document"": ""nan"", ""indexed_document"": ""nan"", ""expected_pages"": []}]","[{""rank"": 1, ""document"": ""gao-26-108615.pdf"", ""page"": 50, ""distance"": 1.2932640314102173}, {""rank"": 2, ""document"": ""d24105658.pdf"", ""page"": 73, ""distance"": 1.3312532901763916}, {""rank"": 3, ""document"": ""gao-26-108615.pdf"", ""page"": 43, ""distance"": 1.3766611814498901}]",0.0,0.0,False,False,0.011291500006336719
EQ094,What is the company's parental-leave policy?,Not available in the supplied knowledge base,,,4,"[{""evaluation_document"": ""nan"", ""indexed_document"": ""nan"", ""expected_pages"": []}]","[{""rank"": 1, ""document"": ""gao-26-108615.pdf"", ""page"": 50, ""distance"": 1.2932640314102173}, {""rank"": 2, ""document"": ""d24105658.pdf"", ""page"": 73, ""distance"": 1.3312532901763916}, {""rank"": 3, ""document"": ""gao-26-108615.pdf"", ""page"": 43, ""distance"": 1.3766611814498901}, {""rank"": 4, ""document"": ""gao-26-900644.pdf"", ""page"": 30, ""distance"": 1.381094217300415}]",0.0,0.0,False,False,0.008545299991965294
EQ094,What is the company's parental-leave policy?,Not available in the supplied knowledge base,,,5,"[{""evaluation_document"": ""nan"", ""indexed_document"": ""nan"", ""expected_pages"": []}]","[{""rank"": 1, ""document"": ""gao-26-108615.pdf"", ""page"": 50, ""distance"": 1.2932640314102173}, {""rank"": 2, ""document"": ""d24105658.pdf"", ""page"": 73, ""distance"": 1.3312532901763916}, {""rank"": 3, ""document"": ""gao-26-108615.pdf"", ""page"": 43, ""distance"": 1.3766611814498901}, {""rank"": 4, ""document"": ""gao-26-900644.pdf"", ""page"": 30, ""distance"": 1.381094217300415}, {""rank"": 5, ""document"": ""d24105658.pdf"", ""page"": 74, ""distance"": 1.3935375213623047}]",0.0,0.0,False,False,0.01001699996413663
EQ094,What is the company's parental-leave policy?,Not available in the supplied knowledge base,,,6,"[{""evaluation_document"": ""nan"", ""indexed_document"": ""nan"", ""expected_pages"": []}]","[{""rank"": 1, ""document"": ""gao-26-108615.pdf"", ""page"": 50, ""distance"": 1.2932640314102173}, {""rank"": 2, ""document"": ""d24105658.pdf"", ""page"": 73, ""distance"": 1.3312532901763916}, {""rank"": 3, ""document"": ""gao-26-108615.pdf"", ""page"": 43, ""distance"": 1.3766611814498901}, {""rank"": 4, ""document"": ""gao-26-900644.pdf"", ""page"": 30, ""distance"": 1.381094217300415}, {""rank"": 5, ""document"": ""d24105658.pdf"", ""page"": 74, ""distance"": 1.3935375213623047}, {""rank"": 6, ""document"": ""d24105658.pdf"", ""page"": 53, ""distance"": 1.3999220132827759}]",0.0,0.0,False,False,0.008738700009416789
EQ094,What is the company's parental-leave policy?,Not available in the supplied knowledge base,,,7,"[{""evaluation_document"": ""nan"", ""indexed_document"": ""nan"", ""expected_pages"": []}]","[{""rank"": 1, ""document"": ""gao-26-108615.pdf"", ""page"": 50, ""distance"": 1.2932640314102173}, {""rank"": 2, ""document"": ""d24105658.pdf"", ""page"": 73, ""distance"": 1.3312532901763916}, {""rank"": 3, ""document"": ""gao-26-108615.pdf"", ""page"": 43, ""distance"": 1.3766611814498901}, {""rank"": 4, ""document"": ""gao-26-900644.pdf"", ""page"": 30, ""distance"": 1.381094217300415}, {""rank"": 5, ""document"": ""d24105658.pdf"", ""page"": 74, ""distance"": 1.3935375213623047}, {""rank"": 6, ""document"": ""d24105658.pdf"", ""page"": 53, ""distance"": 1.3999220132827759}, {""rank"": 7, ""document"": ""d24105658.pdf"", ""page"": 72, ""distance"": 1.4024738073349}]",0.0,0.0,False,False,0.010877599997911602
EQ094,What is the company's parental-leave policy?,Not available in the supplied knowledge base,,,8,"[{""evaluation_document"": ""nan"", ""indexed_document"": ""nan"", ""expected_pages"": []}]","[{""rank"": 1, ""document"": ""gao-26-108615.pdf"", ""page"": 50, ""distance"": 1.2932640314102173}, {""rank"": 2, ""document"": ""d24105658.pdf"", ""page"": 73, ""distance"": 1.3312532901763916}, {""rank"": 3, ""document"": ""gao-26-108615.pdf"", ""page"": 43, ""distance"": 1.3766611814498901}, {""rank"": 4, ""document"": ""gao-26-900644.pdf"", ""page"": 30, ""distance"": 1.381094217300415}, {""rank"": 5, ""document"": ""d24105658.pdf"", ""page"": 74, ""distance"": 1.3935375213623047}, {""rank"": 6, ""document"": ""d24105658.pdf"", ""page"": 53, ""distance"": 1.3999220132827759}, {""rank"": 7, ""document"": ""d24105658.pdf"", ""page"": 72, ""distance"": 1.4024738073349}, {""rank"": 8, ""document"": ""gao-23-105480.pdf"", ""page"": 45, ""distance"": 1.4060131311416626}]",0.0,0.0,False,False,0.009167399955913424
EQ094,What is the company's parental-leave policy?,Not available in the supplied knowledge base,,,9,"[{""evaluation_document"": ""nan"", ""indexed_document"": ""nan"", ""expected_pages"": []}]","[{""rank"": 1, ""document"": ""gao-26-108615.pdf"", ""page"": 50, ""distance"": 1.2932640314102173}, {""rank"": 2, ""document"": ""d24105658.pdf"", ""page"": 73, ""distance"": 1.3312532901763916}, {""rank"": 3, ""document"": ""gao-26-108615.pdf"", ""page"": 43, ""distance"": 1.3766611814498901}, {""rank"": 4, ""document"": ""gao-26-900644.pdf"", ""page"": 30, ""distance"": 1.381094217300415}, {""rank"": 5, ""document"": ""d24105658.pdf"", ""page"": 74, ""distance"": 1.3935375213623047}, {""rank"": 6, ""document"": ""d24105658.pdf"", ""page"": 53, ""distance"": 1.3999220132827759}, {""rank"": 7, ""document"": ""d24105658.pdf"", ""page"": 72, ""distance"": 1.4024738073349}, {""rank"": 8, ""document"": ""gao-23-105480.pdf"", ""page"": 45, ""distance"": 1.4060131311416626}, {""rank"": 9, ""document"": ""gao-26-108615.pdf"", ""page"": 39, ""distance"": 1.4114675521850586}]",0.0,0.0,False,False,0.008677500009071082
EQ094,What is the company's parental-leave policy?,Not available in the supplied knowledge base,,,10,"[{""evaluation_document"": ""nan"", ""indexed_document"": ""nan"", ""expected_pages"": []}]","[{""rank"": 1, ""document"": ""gao-26-108615.pdf"", ""page"": 50, ""distance"": 1.2932640314102173}, {""rank"": 2, ""document"": ""d24105658.pdf"", ""page"": 73, ""distance"": 1.3312532901763916}, {""rank"": 3, ""document"": ""gao-26-108615.pdf"", ""page"": 43, ""distance"": 1.3766611814498901}, {""rank"": 4, ""document"": ""gao-26-900644.pdf"", ""page"": 30, ""distance"": 1.381094217300415}, {""rank"": 5, ""document"": ""d24105658.pdf"", ""page"": 74, ""distance"": 1.3935375213623047}, {""rank"": 6, ""document"": ""d24105658.pdf"", ""page"": 53, ""distance"": 1.3999220132827759}, {""rank"": 7, ""document"": ""d24105658.pdf"", ""page"": 72, ""distance"": 1.4024738073349}, {""rank"": 8, ""document"": ""gao-23-105480.pdf"", ""page"": 45, ""distance"": 1.4060131311416626}, {""rank"": 9, ""document"": ""gao-26-108615.pdf"", ""page"": 39, ""distance"": 1.4114675521850586}, {""rank"": 10, ""document"": ""d24105658.pdf"", ""page"": 52, ""distance"": 1.4155274629592896}]",0.0,0.0,False,False,0.011736999964341521
EQ095,How do I enroll in the company's health insurance plan?,Not available in the supplied knowledge base,,,1,"[{""evaluation_document"": ""nan"", ""indexed_document"": ""nan"", ""expected_pages"": []}]","[{""rank"": 1, ""document"": ""gao-26-900644.pdf"", ""page"": 10, ""distance"": 1.296560525894165}]",0.0,0.0,False,False,0.00859330000821501
EQ095,How do I enroll in the company's health insurance plan?,Not available in the supplied knowledge base,,,2,"[{""evaluation_document"": ""nan"", ""indexed_document"": ""nan"", ""expected_pages"": []}]","[{""rank"": 1, ""document"": ""gao-26-900644.pdf"", ""page"": 10, ""distance"": 1.296560525894165}, {""rank"": 2, ""document"": ""gao-24-107231.pdf"", ""page"": 78, ""distance"": 1.4539815187454224}]",0.0,0.0,False,False,0.010735900024883449
EQ095,How do I enroll in the company's health insurance plan?,Not available in the supplied knowledge base,,,3,"[{""evaluation_document"": ""nan"", ""indexed_document"": ""nan"", ""expected_pages"": []}]","[{""rank"": 1, ""document"": ""gao-26-900644.pdf"", ""page"": 10, ""distance"": 1.296560525894165}, {""rank"": 2, ""document"": ""gao-24-107231.pdf"", ""page"": 78, ""distance"": 1.4539815187454224}, {""rank"": 3, ""document"": ""gao-26-108615.pdf"", ""page"": 50, ""distance"": 1.4582277536392212}]",0.0,0.0,False,False,0.008998500008601695
EQ095,How do I enroll in the company's health insurance plan?,Not available in the supplied knowledge base,,,4,"[{""evaluation_document"": ""nan"", ""indexed_document"": ""nan"", ""expected_pages"": []}]","[{""rank"": 1, ""document"": ""gao-26-900644.pdf"", ""page"": 10, ""distance"": 1.296560525894165}, {""rank"": 2, ""document"": ""gao-24-107231.pdf"", ""page"": 78, ""distance"": 1.4539815187454224}, {""rank"": 3, ""document"": ""gao-26-108615.pdf"", ""page"": 50, ""distance"": 1.4582277536392212}, {""rank"": 4, ""document"": ""gao-26-108615.pdf"", ""page"": 49, ""distance"": 1.4583653211593628}]",0.0,0.0,False,False,0.008532700012438
EQ095,How do I enroll in the company's health insurance plan?,Not available in the supplied knowledge base,,,5,"[{""evaluation_document"": ""nan"", ""indexed_document"": ""nan"", ""expected_pages"": []}]","[{""rank"": 1, ""document"": ""gao-26-900644.pdf"", ""page"": 10, ""distance"": 1.296560525894165}, {""rank"": 2, ""document"": ""gao-24-107231.pdf"", ""page"": 78, ""distance"": 1.4539815187454224}, {""rank"": 3, ""document"": ""gao-26-108615.pdf"", ""page"": 50, ""distance"": 1.4582277536392212}, {""rank"": 4, ""document"": ""gao-26-108615.pdf"", ""page"": 49, ""distance"": 1.4583653211593628}, {""rank"": 5, ""document"": ""gao-24-107231.pdf"", ""page"": 77, ""distance"": 1.46535325050354}]",0.0,0.0,False,False,0.010152000002563
EQ095,How do I enroll in the company's health insurance plan?,Not available in the supplied knowledge base,,,6,"[{""evaluation_document"": ""nan"", ""indexed_document"": ""nan"", ""expected_pages"": []}]","[{""rank"": 1, ""document"": ""gao-26-900644.pdf"", ""page"": 10, ""distance"": 1.296560525894165}, {""rank"": 2, ""document"": ""gao-24-107231.pdf"", ""page"": 78, ""distance"": 1.4539815187454224}, {""rank"": 3, ""document"": ""gao-26-108615.pdf"", ""page"": 50, ""distance"": 1.4582277536392212}, {""rank"": 4, ""document"": ""gao-26-108615.pdf"", ""page"": 49, ""distance"": 1.4583653211593628}, {""rank"": 5, ""document"": ""gao-24-107231.pdf"", ""page"": 77, ""distance"": 1.46535325050354}, {""rank"": 6, ""document"": ""gao-23-105480.pdf"", ""page"": 32, ""distance"": 1.4673060178756714}]",0.0,0.0,False,False,0.011971100000664592
EQ095,How do I enroll in the company's health insurance plan?,Not available in the supplied knowledge base,,,7,"[{""evaluation_document"": ""nan"", ""indexed_document"": ""nan"", ""expected_pages"": []}]","[{""rank"": 1, ""document"": ""gao-26-900644.pdf"", ""page"": 10, ""distance"": 1.296560525894165}, {""rank"": 2, ""document"": ""gao-24-107231.pdf"", ""page"": 78, ""distance"": 1.4539815187454224}, {""rank"": 3, ""document"": ""gao-26-108615.pdf"", ""page"": 50, ""distance"": 1.4582277536392212}, {""rank"": 4, ""document"": ""gao-26-108615.pdf"", ""page"": 49, ""distance"": 1.4583653211593628}, {""rank"": 5, ""document"": ""gao-24-107231.pdf"", ""page"": 77, ""distance"": 1.46535325050354}, {""rank"": 6, ""document"": ""gao-23-105480.pdf"", ""page"": 32, ""distance"": 1.4673060178756714}, {""rank"": 7, ""document"": ""gao-26-900644.pdf"", ""page"": 132, ""distance"": 1.483760952949524}]",0.0,0.0,False,False,0.008967899950221181
EQ095,How do I enroll in the company's health insurance plan?,Not available in the supplied knowledge base,,,8,"[{""evaluation_document"": ""nan"", ""indexed_document"": ""nan"", ""expected_pages"": []}]","[{""rank"": 1, ""document"": ""gao-26-900644.pdf"", ""page"": 10, ""distance"": 1.296560525894165}, {""rank"": 2, ""document"": ""gao-24-107231.pdf"", ""page"": 78, ""distance"": 1.4539815187454224}, {""rank"": 3, ""document"": ""gao-26-108615.pdf"", ""page"": 50, ""distance"": 1.4582277536392212}, {""rank"": 4, ""document"": ""gao-26-108615.pdf"", ""page"": 49, ""distance"": 1.4583653211593628}, {""rank"": 5, ""document"": ""gao-24-107231.pdf"", ""page"": 77, ""distance"": 1.46535325050354}, {""rank"": 6, ""document"": ""gao-23-105480.pdf"", ""page"": 32, ""distance"": 1.4673060178756714}, {""rank"": 7, ""document"": ""gao-26-900644.pdf"", ""page"": 132, ""distance"": 1.483760952949524}, {""rank"": 8, ""document"": ""gao-26-900644.pdf"", ""page"": 8, ""distance"": 1.5050017833709717}]",0.0,0.0,False,False,0.010045700008049607
EQ095,How do I enroll in the company's health insurance plan?,Not available in the supplied knowledge base,,,9,"[{""evaluation_document"": ""nan"", ""indexed_document"": ""nan"", ""expected_pages"": []}]","[{""rank"": 1, ""document"": ""gao-26-900644.pdf"", ""page"": 10, ""distance"": 1.296560525894165}, {""rank"": 2, ""document"": ""gao-24-107231.pdf"", ""page"": 78, ""distance"": 1.4539815187454224}, {""rank"": 3, ""document"": ""gao-26-108615.pdf"", ""page"": 50, ""distance"": 1.4582277536392212}, {""rank"": 4, ""document"": ""gao-26-108615.pdf"", ""page"": 49, ""distance"": 1.4583653211593628}, {""rank"": 5, ""document"": ""gao-24-107231.pdf"", ""page"": 77, ""distance"": 1.46535325050354}, {""rank"": 6, ""document"": ""gao-23-105480.pdf"", ""page"": 32, ""distance"": 1.4673060178756714}, {""rank"": 7, ""document"": ""gao-26-900644.pdf"", ""page"": 132, ""distance"": 1.483760952949524}, {""rank"": 8, ""document"": ""gao-26-900644.pdf"", ""page"": 8, ""distance"": 1.5050017833709717}, {""rank"": 9, ""document"": ""gao-24-107231.pdf"", ""page"": 76, ""distance"": 1.5197705030441284}]",0.0,0.0,False,False,0.011561200022697449
EQ095,How do I enroll in the company's health insurance plan?,Not available in the supplied knowledge base,,,10,"[{""evaluation_document"": ""nan"", ""indexed_document"": ""nan"", ""expected_pages"": []}]","[{""rank"": 1, ""document"": ""gao-26-900644.pdf"", ""page"": 10, ""distance"": 1.296560525894165}, {""rank"": 2, ""document"": ""gao-24-107231.pdf"", ""page"": 78, ""distance"": 1.4539815187454224}, {""rank"": 3, ""document"": ""gao-26-108615.pdf"", ""page"": 50, ""distance"": 1.4582277536392212}, {""rank"": 4, ""document"": ""gao-26-108615.pdf"", ""page"": 49, ""distance"": 1.4583653211593628}, {""rank"": 5, ""document"": ""gao-24-107231.pdf"", ""page"": 77, ""distance"": 1.46535325050354}, {""rank"": 6, ""document"": ""gao-23-105480.pdf"", ""page"": 32, ""distance"": 1.4673060178756714}, {""rank"": 7, ""document"": ""gao-26-900644.pdf"", ""page"": 132, ""distance"": 1.483760952949524}, {""rank"": 8, ""document"": ""gao-26-900644.pdf"", ""page"": 8, ""distance"": 1.5050017833709717}, {""rank"": 9, ""document"": ""gao-24-107231.pdf"", ""page"": 76, ""distance"": 1.5197705030441284}, {""rank"": 10, ""document"": ""gao-24-107231.pdf"", ""page"": 60, ""distance"": 1.527559518814087}]",0.0,0.0,False,False,0.010784399986732751
EQ096,What is the employee expense-claim approval process?,Not available in the supplied knowledge base,,,1,"[{""evaluation_document"": ""nan"", ""indexed_document"": ""nan"", ""expected_pages"": []}]","[{""rank"": 1, ""document"": ""gao-26-900644.pdf"", ""page"": 77, ""distance"": 1.1011364459991455}]",0.0,0.0,False,False,0.011205899994820356
EQ096,What is the employee expense-claim approval process?,Not available in the supplied knowledge base,,,2,"[{""evaluation_document"": ""nan"", ""indexed_document"": ""nan"", ""expected_pages"": []}]","[{""rank"": 1, ""document"": ""gao-26-900644.pdf"", ""page"": 77, ""distance"": 1.1011364459991455}, {""rank"": 2, ""document"": ""gao-26-900644.pdf"", ""page"": 129, ""distance"": 1.121868371963501}]",0.0,0.0,False,False,0.008541499963030219
EQ096,What is the employee expense-claim approval process?,Not available in the supplied knowledge base,,,3,"[{""evaluation_document"": ""nan"", ""indexed_document"": ""nan"", ""expected_pages"": []}]","[{""rank"": 1, ""document"": ""gao-26-900644.pdf"", ""page"": 77, ""distance"": 1.1011364459991455}, {""rank"": 2, ""document"": ""gao-26-900644.pdf"", ""page"": 129, ""distance"": 1.121868371963501}, {""rank"": 3, ""document"": ""gao-26-900644.pdf"", ""page"": 127, ""distance"": 1.2028297185897827}]",0.0,0.0,False,False,0.009625600010622293
EQ096,What is the employee expense-claim approval process?,Not available in the supplied knowledge base,,,4,"[{""evaluation_document"": ""nan"", ""indexed_document"": ""nan"", ""expected_pages"": []}]","[{""rank"": 1, ""document"": ""gao-26-900644.pdf"", ""page"": 77, ""distance"": 1.1011364459991455}, {""rank"": 2, ""document"": ""gao-26-900644.pdf"", ""page"": 129, ""distance"": 1.121868371963501}, {""rank"": 3, ""document"": ""gao-26-900644.pdf"", ""page"": 127, ""distance"": 1.2028297185897827}, {""rank"": 4, ""document"": ""gao-26-108615.pdf"", ""page"": 39, ""distance"": 1.2213108539581299}]",0.0,0.0,False,False,0.008593600010499358
EQ096,What is the employee expense-claim approval process?,Not available in the supplied knowledge base,,,5,"[{""evaluation_document"": ""nan"", ""indexed_document"": ""nan"", ""expected_pages"": []}]","[{""rank"": 1, ""document"": ""gao-26-900644.pdf"", ""page"": 77, ""distance"": 1.1011364459991455}, {""rank"": 2, ""document"": ""gao-26-900644.pdf"", ""page"": 129, ""distance"": 1.121868371963501}, {""rank"": 3, ""document"": ""gao-26-900644.pdf"", ""page"": 127, ""distance"": 1.2028297185897827}, {""rank"": 4, ""document"": ""gao-26-108615.pdf"", ""page"": 39, ""distance"": 1.2213108539581299}, {""rank"": 5, ""document"": ""gao-26-900644.pdf"", ""page"": 151, ""distance"": 1.2219860553741455}]",0.0,0.0,False,False,0.009387099999003112
EQ096,What is the employee expense-claim approval process?,Not available in the supplied knowledge base,,,6,"[{""evaluation_document"": ""nan"", ""indexed_document"": ""nan"", ""expected_pages"": []}]","[{""rank"": 1, ""document"": ""gao-26-900644.pdf"", ""page"": 77, ""distance"": 1.1011364459991455}, {""rank"": 2, ""document"": ""gao-26-900644.pdf"", ""page"": 129, ""distance"": 1.121868371963501}, {""rank"": 3, ""document"": ""gao-26-900644.pdf"", ""page"": 127, ""distance"": 1.2028297185897827}, {""rank"": 4, ""document"": ""gao-26-108615.pdf"", ""page"": 39, ""distance"": 1.2213108539581299}, {""rank"": 5, ""document"": ""gao-26-900644.pdf"", ""page"": 151, ""distance"": 1.2219860553741455}, {""rank"": 6, ""document"": ""gao-26-900644.pdf"", ""page"": 152, ""distance"": 1.2375280857086182}]",0.0,0.0,False,False,0.01207649998832494
EQ096,What is the employee expense-claim approval process?,Not available in the supplied knowledge base,,,7,"[{""evaluation_document"": ""nan"", ""indexed_document"": ""nan"", ""expected_pages"": []}]","[{""rank"": 1, ""document"": ""gao-26-900644.pdf"", ""page"": 77, ""distance"": 1.1011364459991455}, {""rank"": 2, ""document"": ""gao-26-900644.pdf"", ""page"": 129, ""distance"": 1.121868371963501}, {""rank"": 3, ""document"": ""gao-26-900644.pdf"", ""page"": 127, ""distance"": 1.2028297185897827}, {""rank"": 4, ""document"": ""gao-26-108615.pdf"", ""page"": 39, ""distance"": 1.2213108539581299}, {""rank"": 5, ""document"": ""gao-26-900644.pdf"", ""page"": 151, ""distance"": 1.2219860553741455}, {""rank"": 6, ""document"": ""gao-26-900644.pdf"", ""page"": 152, ""distance"": 1.2375280857086182}, {""rank"": 7, ""document"": ""gao-26-900644.pdf"", ""page"": 128, ""distance"": 1.2390236854553223}]",0.0,0.0,False,False,0.008638100000098348
EQ096,What is the employee expense-claim approval process?,Not available in the supplied knowledge base,,,8,"[{""evaluation_document"": ""nan"", ""indexed_document"": ""nan"", ""expected_pages"": []}]","[{""rank"": 1, ""document"": ""gao-26-900644.pdf"", ""page"": 77, ""distance"": 1.1011364459991455}, {""rank"": 2, ""document"": ""gao-26-900644.pdf"", ""page"": 129, ""distance"": 1.121868371963501}, {""rank"": 3, ""document"": ""gao-26-900644.pdf"", ""page"": 127, ""distance"": 1.2028297185897827}, {""rank"": 4, ""document"": ""gao-26-108615.pdf"", ""page"": 39, ""distance"": 1.2213108539581299}, {""rank"": 5, ""document"": ""gao-26-900644.pdf"", ""page"": 151, ""distance"": 1.2219860553741455}, {""rank"": 6, ""document"": ""gao-26-900644.pdf"", ""page"": 152, ""distance"": 1.2375280857086182}, {""rank"": 7, ""document"": ""gao-26-900644.pdf"", ""page"": 128, ""distance"": 1.2390236854553223}, {""rank"": 8, ""document"": ""gao-26-900644.pdf"", ""page"": 132, ""distance"": 1.2470948696136475}]",0.0,0.0,False,False,0.01215049996972084
EQ096,What is the employee expense-claim approval process?,Not available in the supplied knowledge base,,,9,"[{""evaluation_document"": ""nan"", ""indexed_document"": ""nan"", ""expected_pages"": []}]","[{""rank"": 1, ""document"": ""gao-26-900644.pdf"", ""page"": 77, ""distance"": 1.1011364459991455}, {""rank"": 2, ""document"": ""gao-26-900644.pdf"", ""page"": 129, ""distance"": 1.121868371963501}, {""rank"": 3, ""document"": ""gao-26-900644.pdf"", ""page"": 127, ""distance"": 1.2028297185897827}, {""rank"": 4, ""document"": ""gao-26-108615.pdf"", ""page"": 39, ""distance"": 1.2213108539581299}, {""rank"": 5, ""document"": ""gao-26-900644.pdf"", ""page"": 151, ""distance"": 1.2219860553741455}, {""rank"": 6, ""document"": ""gao-26-900644.pdf"", ""page"": 152, ""distance"": 1.2375280857086182}, {""rank"": 7, ""document"": ""gao-26-900644.pdf"", ""page"": 128, ""distance"": 1.2390236854553223}, {""rank"": 8, ""document"": ""gao-26-900644.pdf"", ""page"": 132, ""distance"": 1.2470948696136475}, {""rank"": 9, ""document"": ""gao-26-108615.pdf"", ""page"": 6, ""distance"": 1.2571362257003784}]",0.0,0.0,False,False,0.010787000006530434
EQ096,What is the employee expense-claim approval process?,Not available in the supplied knowledge base,,,10,"[{""evaluation_document"": ""nan"", ""indexed_document"": ""nan"", ""expected_pages"": []}]","[{""rank"": 1, ""document"": ""gao-26-900644.pdf"", ""page"": 77, ""distance"": 1.1011364459991455}, {""rank"": 2, ""document"": ""gao-26-900644.pdf"", ""page"": 129, ""distance"": 1.121868371963501}, {""rank"": 3, ""document"": ""gao-26-900644.pdf"", ""page"": 127, ""distance"": 1.2028297185897827}, {""rank"": 4, ""document"": ""gao-26-108615.pdf"", ""page"": 39, ""distance"": 1.2213108539581299}, {""rank"": 5, ""document"": ""gao-26-900644.pdf"", ""page"": 151, ""distance"": 1.2219860553741455}, {""rank"": 6, ""document"": ""gao-26-900644.pdf"", ""page"": 152, ""distance"": 1.2375280857086182}, {""rank"": 7, ""document"": ""gao-26-900644.pdf"", ""page"": 128, ""distance"": 1.2390236854553223}, {""rank"": 8, ""document"": ""gao-26-900644.pdf"", ""page"": 132, ""distance"": 1.2470948696136475}, {""rank"": 9, ""document"": ""gao-26-108615.pdf"", ""page"": 6, ""distance"": 1.2571362257003784}, {""rank"": 10, ""document"": ""gao-25-108440.pdf"", ""page"": 9, ""distance"": 1.259364128112793}]",0.0,0.0,False,False,0.00912970001809299
EQ097,What is the organization-wide policy for reporting workplace harassment?,Not available in the supplied knowledge base,,,1,"[{""evaluation_document"": ""nan"", ""indexed_document"": ""nan"", ""expected_pages"": []}]","[{""rank"": 1, ""document"": ""d24105658.pdf"", ""page"": 3, ""distance"": 1.2107644081115723}]",0.0,0.0,False,False,0.008811700041405857
EQ097,What is the organization-wide policy for reporting workplace harassment?,Not available in the supplied knowledge base,,,2,"[{""evaluation_document"": ""nan"", ""indexed_document"": ""nan"", ""expected_pages"": []}]","[{""rank"": 1, ""document"": ""d24105658.pdf"", ""page"": 3, ""distance"": 1.2107644081115723}, {""rank"": 2, ""document"": ""d24105658.pdf"", ""page"": 2, ""distance"": 1.261049747467041}]",0.0,0.0,False,False,0.00845700001809746
EQ097,What is the organization-wide policy for reporting workplace harassment?,Not available in the supplied knowledge base,,,3,"[{""evaluation_document"": ""nan"", ""indexed_document"": ""nan"", ""expected_pages"": []}]","[{""rank"": 1, ""document"": ""d24105658.pdf"", ""page"": 3, ""distance"": 1.2107644081115723}, {""rank"": 2, ""document"": ""d24105658.pdf"", ""page"": 2, ""distance"": 1.261049747467041}, {""rank"": 3, ""document"": ""gao-23-105480.pdf"", ""page"": 22, ""distance"": 1.2692248821258545}]",0.0,0.0,False,False,0.010914400045294315
EQ097,What is the organization-wide policy for reporting workplace harassment?,Not available in the supplied knowledge base,,,4,"[{""evaluation_document"": ""nan"", ""indexed_document"": ""nan"", ""expected_pages"": []}]","[{""rank"": 1, ""document"": ""d24105658.pdf"", ""page"": 3, ""distance"": 1.2107644081115723}, {""rank"": 2, ""document"": ""d24105658.pdf"", ""page"": 2, ""distance"": 1.261049747467041}, {""rank"": 3, ""document"": ""gao-23-105480.pdf"", ""page"": 22, ""distance"": 1.2692248821258545}, {""rank"": 4, ""document"": ""gao-23-105480.pdf"", ""page"": 23, ""distance"": 1.2770792245864868}]",0.0,0.0,False,False,0.010481700010132045
EQ097,What is the organization-wide policy for reporting workplace harassment?,Not available in the supplied knowledge base,,,5,"[{""evaluation_document"": ""nan"", ""indexed_document"": ""nan"", ""expected_pages"": []}]","[{""rank"": 1, ""document"": ""d24105658.pdf"", ""page"": 3, ""distance"": 1.2107644081115723}, {""rank"": 2, ""document"": ""d24105658.pdf"", ""page"": 2, ""distance"": 1.261049747467041}, {""rank"": 3, ""document"": ""gao-23-105480.pdf"", ""page"": 22, ""distance"": 1.2692248821258545}, {""rank"": 4, ""document"": ""gao-23-105480.pdf"", ""page"": 23, ""distance"": 1.2770792245864868}, {""rank"": 5, ""document"": ""gao-24-107231.pdf"", ""page"": 39, ""distance"": 1.2809686660766602}]",0.0,0.0,False,False,0.011201599962078035
EQ097,What is the organization-wide policy for reporting workplace harassment?,Not available in the supplied knowledge base,,,6,"[{""evaluation_document"": ""nan"", ""indexed_document"": ""nan"", ""expected_pages"": []}]","[{""rank"": 1, ""document"": ""d24105658.pdf"", ""page"": 3, ""distance"": 1.2107644081115723}, {""rank"": 2, ""document"": ""d24105658.pdf"", ""page"": 2, ""distance"": 1.261049747467041}, {""rank"": 3, ""document"": ""gao-23-105480.pdf"", ""page"": 22, ""distance"": 1.2692248821258545}, {""rank"": 4, ""document"": ""gao-23-105480.pdf"", ""page"": 23, ""distance"": 1.2770792245864868}, {""rank"": 5, ""document"": ""gao-24-107231.pdf"", ""page"": 39, ""distance"": 1.2809686660766602}, {""rank"": 6, ""document"": ""gao-24-107231.pdf"", ""page"": 40, ""distance"": 1.2857465744018555}]",0.0,0.0,False,False,0.01117109996266663
EQ097,What is the organization-wide policy for reporting workplace harassment?,Not available in the supplied knowledge base,,,7,"[{""evaluation_document"": ""nan"", ""indexed_document"": ""nan"", ""expected_pages"": []}]","[{""rank"": 1, ""document"": ""d24105658.pdf"", ""page"": 3, ""distance"": 1.2107644081115723}, {""rank"": 2, ""document"": ""d24105658.pdf"", ""page"": 2, ""distance"": 1.261049747467041}, {""rank"": 3, ""document"": ""gao-23-105480.pdf"", ""page"": 22, ""distance"": 1.2692248821258545}, {""rank"": 4, ""document"": ""gao-23-105480.pdf"", ""page"": 23, ""distance"": 1.2770792245864868}, {""rank"": 5, ""document"": ""gao-24-107231.pdf"", ""page"": 39, ""distance"": 1.2809686660766602}, {""rank"": 6, ""document"": ""gao-24-107231.pdf"", ""page"": 40, ""distance"": 1.2857465744018555}, {""rank"": 7, ""document"": ""gao-24-107733.pdf"", ""page"": 2, ""distance"": 1.3039425611495972}]",0.0,0.0,False,False,0.00947340001584962
EQ097,What is the organization-wide policy for reporting workplace harassment?,Not available in the supplied knowledge base,,,8,"[{""evaluation_document"": ""nan"", ""indexed_document"": ""nan"", ""expected_pages"": []}]","[{""rank"": 1, ""document"": ""d24105658.pdf"", ""page"": 3, ""distance"": 1.2107644081115723}, {""rank"": 2, ""document"": ""d24105658.pdf"", ""page"": 2, ""distance"": 1.261049747467041}, {""rank"": 3, ""document"": ""gao-23-105480.pdf"", ""page"": 22, ""distance"": 1.2692248821258545}, {""rank"": 4, ""document"": ""gao-23-105480.pdf"", ""page"": 23, ""distance"": 1.2770792245864868}, {""rank"": 5, ""document"": ""gao-24-107231.pdf"", ""page"": 39, ""distance"": 1.2809686660766602}, {""rank"": 6, ""document"": ""gao-24-107231.pdf"", ""page"": 40, ""distance"": 1.2857465744018555}, {""rank"": 7, ""document"": ""gao-24-107733.pdf"", ""page"": 2, ""distance"": 1.3039425611495972}, {""rank"": 8, ""document"": ""gao-24-107231.pdf"", ""page"": 46, ""distance"": 1.3044668436050415}]",0.0,0.0,False,False,0.012181999976746738
EQ097,What is the organization-wide policy for reporting workplace harassment?,Not available in the supplied knowledge base,,,9,"[{""evaluation_document"": ""nan"", ""indexed_document"": ""nan"", ""expected_pages"": []}]","[{""rank"": 1, ""document"": ""d24105658.pdf"", ""page"": 3, ""distance"": 1.2107644081115723}, {""rank"": 2, ""document"": ""d24105658.pdf"", ""page"": 2, ""distance"": 1.261049747467041}, {""rank"": 3, ""document"": ""gao-23-105480.pdf"", ""page"": 22, ""distance"": 1.2692248821258545}, {""rank"": 4, ""document"": ""gao-23-105480.pdf"", ""page"": 23, ""distance"": 1.2770792245864868}, {""rank"": 5, ""document"": ""gao-24-107231.pdf"", ""page"": 39, ""distance"": 1.2809686660766602}, {""rank"": 6, ""document"": ""gao-24-107231.pdf"", ""page"": 40, ""distance"": 1.2857465744018555}, {""rank"": 7, ""document"": ""gao-24-107733.pdf"", ""page"": 2, ""distance"": 1.3039425611495972}, {""rank"": 8, ""document"": ""gao-24-107231.pdf"", ""page"": 46, ""distance"": 1.3044668436050415}, {""rank"": 9, ""document"": ""gao-16-885t.pdf"", ""page"": 13, ""distance"": 1.3119699954986572}]",0.0,0.0,False,False,0.00903019995894283
EQ097,What is the organization-wide policy for reporting workplace harassment?,Not available in the supplied knowledge base,,,10,"[{""evaluation_document"": ""nan"", ""indexed_document"": ""nan"", ""expected_pages"": []}]","[{""rank"": 1, ""document"": ""d24105658.pdf"", ""page"": 3, ""distance"": 1.2107644081115723}, {""rank"": 2, ""document"": ""d24105658.pdf"", ""page"": 2, ""distance"": 1.261049747467041}, {""rank"": 3, ""document"": ""gao-23-105480.pdf"", ""page"": 22, ""distance"": 1.2692248821258545}, {""rank"": 4, ""document"": ""gao-23-105480.pdf"", ""page"": 23, ""distance"": 1.2770792245864868}, {""rank"": 5, ""document"": ""gao-24-107231.pdf"", ""page"": 39, ""distance"": 1.2809686660766602}, {""rank"": 6, ""document"": ""gao-24-107231.pdf"", ""page"": 40, ""distance"": 1.2857465744018555}, {""rank"": 7, ""document"": ""gao-24-107733.pdf"", ""page"": 2, ""distance"": 1.3039425611495972}, {""rank"": 8, ""document"": ""gao-24-107231.pdf"", ""page"": 46, ""distance"": 1.3044668436050415}, {""rank"": 9, ""document"": ""gao-16-885t.pdf"", ""page"": 13, ""distance"": 1.3119699954986572}, {""rank"": 10, ""document"": ""d24105658.pdf"", ""page"": 34, ""distance"": 1.3269543647766113}]",0.0,0.0,False,False,0.012891000020317733
EQ098,How do employee performance ratings affect annual bonuses?,Not available in the supplied knowledge base,,,1,"[{""evaluation_document"": ""nan"", ""indexed_document"": ""nan"", ""expected_pages"": []}]","[{""rank"": 1, ""document"": ""gao-26-900644.pdf"", ""page"": 151, ""distance"": 1.1465026140213013}]",0.0,0.0,False,False,0.008973899995908141
EQ098,How do employee performance ratings affect annual bonuses?,Not available in the supplied knowledge base,,,2,"[{""evaluation_document"": ""nan"", ""indexed_document"": ""nan"", ""expected_pages"": []}]","[{""rank"": 1, ""document"": ""gao-26-900644.pdf"", ""page"": 151, ""distance"": 1.1465026140213013}, {""rank"": 2, ""document"": ""gao-26-900644.pdf"", ""page"": 35, ""distance"": 1.1747727394104004}]",0.0,0.0,False,False,0.009038599964696914
EQ098,How do employee performance ratings affect annual bonuses?,Not available in the supplied knowledge base,,,3,"[{""evaluation_document"": ""nan"", ""indexed_document"": ""nan"", ""expected_pages"": []}]","[{""rank"": 1, ""document"": ""gao-26-900644.pdf"", ""page"": 151, ""distance"": 1.1465026140213013}, {""rank"": 2, ""document"": ""gao-26-900644.pdf"", ""page"": 35, ""distance"": 1.1747727394104004}, {""rank"": 3, ""document"": ""gao-26-900644.pdf"", ""page"": 36, ""distance"": 1.1948765516281128}]",0.0,0.0,False,False,0.012749999994412065
EQ098,How do employee performance ratings affect annual bonuses?,Not available in the supplied knowledge base,,,4,"[{""evaluation_document"": ""nan"", ""indexed_document"": ""nan"", ""expected_pages"": []}]","[{""rank"": 1, ""document"": ""gao-26-900644.pdf"", ""page"": 151, ""distance"": 1.1465026140213013}, {""rank"": 2, ""document"": ""gao-26-900644.pdf"", ""page"": 35, ""distance"": 1.1747727394104004}, {""rank"": 3, ""document"": ""gao-26-900644.pdf"", ""page"": 36, ""distance"": 1.1948765516281128}, {""rank"": 4, ""document"": ""gao-26-900644.pdf"", ""page"": 50, ""distance"": 1.2227928638458252}]",0.0,0.0,False,False,0.00839780003298074
EQ098,How do employee performance ratings affect annual bonuses?,Not available in the supplied knowledge base,,,5,"[{""evaluation_document"": ""nan"", ""indexed_document"": ""nan"", ""expected_pages"": []}]","[{""rank"": 1, ""document"": ""gao-26-900644.pdf"", ""page"": 151, ""distance"": 1.1465026140213013}, {""rank"": 2, ""document"": ""gao-26-900644.pdf"", ""page"": 35, ""distance"": 1.1747727394104004}, {""rank"": 3, ""document"": ""gao-26-900644.pdf"", ""page"": 36, ""distance"": 1.1948765516281128}, {""rank"": 4, ""document"": ""gao-26-900644.pdf"", ""page"": 50, ""distance"": 1.2227928638458252}, {""rank"": 5, ""document"": ""gao-26-900644.pdf"", ""page"": 32, ""distance"": 1.223865270614624}]",0.0,0.0,False,False,0.012041600013617426
EQ098,How do employee performance ratings affect annual bonuses?,Not available in the supplied knowledge base,,,6,"[{""evaluation_document"": ""nan"", ""indexed_document"": ""nan"", ""expected_pages"": []}]","[{""rank"": 1, ""document"": ""gao-26-900644.pdf"", ""page"": 151, ""distance"": 1.1465026140213013}, {""rank"": 2, ""document"": ""gao-26-900644.pdf"", ""page"": 35, ""distance"": 1.1747727394104004}, {""rank"": 3, ""document"": ""gao-26-900644.pdf"", ""page"": 36, ""distance"": 1.1948765516281128}, {""rank"": 4, ""document"": ""gao-26-900644.pdf"", ""page"": 50, ""distance"": 1.2227928638458252}, {""rank"": 5, ""document"": ""gao-26-900644.pdf"", ""page"": 32, ""distance"": 1.223865270614624}, {""rank"": 6, ""document"": ""gao-26-900644.pdf"", ""page"": 50, ""distance"": 1.2273197174072266}]",0.0,0.0,False,False,0.008838500012643635
EQ098,How do employee performance ratings affect annual bonuses?,Not available in the supplied knowledge base,,,7,"[{""evaluation_document"": ""nan"", ""indexed_document"": ""nan"", ""expected_pages"": []}]","[{""rank"": 1, ""document"": ""gao-26-900644.pdf"", ""page"": 151, ""distance"": 1.1465026140213013}, {""rank"": 2, ""document"": ""gao-26-900644.pdf"", ""page"": 35, ""distance"": 1.1747727394104004}, {""rank"": 3, ""document"": ""gao-26-900644.pdf"", ""page"": 36, ""distance"": 1.1948765516281128}, {""rank"": 4, ""document"": ""gao-26-900644.pdf"", ""page"": 50, ""distance"": 1.2227928638458252}, {""rank"": 5, ""document"": ""gao-26-900644.pdf"", ""page"": 32, ""distance"": 1.223865270614624}, {""rank"": 6, ""document"": ""gao-26-900644.pdf"", ""page"": 50, ""distance"": 1.2273197174072266}, {""rank"": 7, ""document"": ""gao-26-900644.pdf"", ""page"": 40, ""distance"": 1.2396974563598633}]",0.0,0.0,False,False,0.011110799969173968
EQ098,How do employee performance ratings affect annual bonuses?,Not available in the supplied knowledge base,,,8,"[{""evaluation_document"": ""nan"", ""indexed_document"": ""nan"", ""expected_pages"": []}]","[{""rank"": 1, ""document"": ""gao-26-900644.pdf"", ""page"": 151, ""distance"": 1.1465026140213013}, {""rank"": 2, ""document"": ""gao-26-900644.pdf"", ""page"": 35, ""distance"": 1.1747727394104004}, {""rank"": 3, ""document"": ""gao-26-900644.pdf"", ""page"": 36, ""distance"": 1.1948765516281128}, {""rank"": 4, ""document"": ""gao-26-900644.pdf"", ""page"": 50, ""distance"": 1.2227928638458252}, {""rank"": 5, ""document"": ""gao-26-900644.pdf"", ""page"": 32, ""distance"": 1.223865270614624}, {""rank"": 6, ""document"": ""gao-26-900644.pdf"", ""page"": 50, ""distance"": 1.2273197174072266}, {""rank"": 7, ""document"": ""gao-26-900644.pdf"", ""page"": 40, ""distance"": 1.2396974563598633}, {""rank"": 8, ""document"": ""gao-26-900644.pdf"", ""page"": 101, ""distance"": 1.2437657117843628}]",0.0,0.0,False,False,0.013959100004285574
EQ098,How do employee performance ratings affect annual bonuses?,Not available in the supplied knowledge base,,,9,"[{""evaluation_document"": ""nan"", ""indexed_document"": ""nan"", ""expected_pages"": []}]","[{""rank"": 1, ""document"": ""gao-26-900644.pdf"", ""page"": 151, ""distance"": 1.1465026140213013}, {""rank"": 2, ""document"": ""gao-26-900644.pdf"", ""page"": 35, ""distance"": 1.1747727394104004}, {""rank"": 3, ""document"": ""gao-26-900644.pdf"", ""page"": 36, ""distance"": 1.1948765516281128}, {""rank"": 4, ""document"": ""gao-26-900644.pdf"", ""page"": 50, ""distance"": 1.2227928638458252}, {""rank"": 5, ""document"": ""gao-26-900644.pdf"", ""page"": 32, ""distance"": 1.223865270614624}, {""rank"": 6, ""document"": ""gao-26-900644.pdf"", ""page"": 50, ""distance"": 1.2273197174072266}, {""rank"": 7, ""document"": ""gao-26-900644.pdf"", ""page"": 40, ""distance"": 1.2396974563598633}, {""rank"": 8, ""document"": ""gao-26-900644.pdf"", ""page"": 101, ""distance"": 1.2437657117843628}, {""rank"": 9, ""document"": ""gao-26-900644.pdf"", ""page"": 94, ""distance"": 1.2521233558654785}]",0.0,0.0,False,False,0.011715300031937659
EQ098,How do employee performance ratings affect annual bonuses?,Not available in the supplied knowledge base,,,10,"[{""evaluation_document"": ""nan"", ""indexed_document"": ""nan"", ""expected_pages"": []}]","[{""rank"": 1, ""document"": ""gao-26-900644.pdf"", ""page"": 151, ""distance"": 1.1465026140213013}, {""rank"": 2, ""document"": ""gao-26-900644.pdf"", ""page"": 35, ""distance"": 1.1747727394104004}, {""rank"": 3, ""document"": ""gao-26-900644.pdf"", ""page"": 36, ""distance"": 1.1948765516281128}, {""rank"": 4, ""document"": ""gao-26-900644.pdf"", ""page"": 50, ""distance"": 1.2227928638458252}, {""rank"": 5, ""document"": ""gao-26-900644.pdf"", ""page"": 32, ""distance"": 1.223865270614624}, {""rank"": 6, ""document"": ""gao-26-900644.pdf"", ""page"": 50, ""distance"": 1.2273197174072266}, {""rank"": 7, ""document"": ""gao-26-900644.pdf"", ""page"": 40, ""distance"": 1.2396974563598633}, {""rank"": 8, ""document"": ""gao-26-900644.pdf"", ""page"": 101, ""distance"": 1.2437657117843628}, {""rank"": 9, ""document"": ""gao-26-900644.pdf"", ""page"": 94, ""distance"": 1.2521233558654785}, {""rank"": 10, ""document"": ""gao-26-900644.pdf"", ""page"": 152, ""distance"": 1.2606979608535767}]",0.0,0.0,False,False,0.011231099953874946
EQ099,"Can a remote employee work temporarily from another country, and what approvals are needed?",Not available in the supplied knowledge base,,,1,"[{""evaluation_document"": ""nan"", ""indexed_document"": ""nan"", ""expected_pages"": []}]","[{""rank"": 1, ""document"": ""d24106576.pdf"", ""page"": 33, ""distance"": 1.379116415977478}]",0.0,0.0,False,False,0.009130899969022721
EQ099,"Can a remote employee work temporarily from another country, and what approvals are needed?",Not available in the supplied knowledge base,,,2,"[{""evaluation_document"": ""nan"", ""indexed_document"": ""nan"", ""expected_pages"": []}]","[{""rank"": 1, ""document"": ""d24106576.pdf"", ""page"": 33, ""distance"": 1.379116415977478}, {""rank"": 2, ""document"": ""d24106576.pdf"", ""page"": 65, ""distance"": 1.4048089981079102}]",0.0,0.0,False,False,0.009595599956810474
EQ099,"Can a remote employee work temporarily from another country, and what approvals are needed?",Not available in the supplied knowledge base,,,3,"[{""evaluation_document"": ""nan"", ""indexed_document"": ""nan"", ""expected_pages"": []}]","[{""rank"": 1, ""document"": ""d24106576.pdf"", ""page"": 33, ""distance"": 1.379116415977478}, {""rank"": 2, ""document"": ""d24106576.pdf"", ""page"": 65, ""distance"": 1.4048089981079102}, {""rank"": 3, ""document"": ""d24106576.pdf"", ""page"": 32, ""distance"": 1.4305059909820557}]",0.0,0.0,False,False,0.00911619997350499
EQ099,"Can a remote employee work temporarily from another country, and what approvals are needed?",Not available in the supplied knowledge base,,,4,"[{""evaluation_document"": ""nan"", ""indexed_document"": ""nan"", ""expected_pages"": []}]","[{""rank"": 1, ""document"": ""d24106576.pdf"", ""page"": 33, ""distance"": 1.379116415977478}, {""rank"": 2, ""document"": ""d24106576.pdf"", ""page"": 65, ""distance"": 1.4048089981079102}, {""rank"": 3, ""document"": ""d24106576.pdf"", ""page"": 32, ""distance"": 1.4305059909820557}, {""rank"": 4, ""document"": ""gao-26-900644.pdf"", ""page"": 63, ""distance"": 1.4361017942428589}]",0.0,0.0,False,False,0.0120456000440754
EQ099,"Can a remote employee work temporarily from another country, and what approvals are needed?",Not available in the supplied knowledge base,,,5,"[{""evaluation_document"": ""nan"", ""indexed_document"": ""nan"", ""expected_pages"": []}]","[{""rank"": 1, ""document"": ""d24106576.pdf"", ""page"": 33, ""distance"": 1.379116415977478}, {""rank"": 2, ""document"": ""d24106576.pdf"", ""page"": 65, ""distance"": 1.4048089981079102}, {""rank"": 3, ""document"": ""d24106576.pdf"", ""page"": 32, ""distance"": 1.4305059909820557}, {""rank"": 4, ""document"": ""gao-26-900644.pdf"", ""page"": 63, ""distance"": 1.4361017942428589}, {""rank"": 5, ""document"": ""d24105658.pdf"", ""page"": 76, ""distance"": 1.4415210485458374}]",0.0,0.0,False,False,0.009656500013079494
EQ099,"Can a remote employee work temporarily from another country, and what approvals are needed?",Not available in the supplied knowledge base,,,6,"[{""evaluation_document"": ""nan"", ""indexed_document"": ""nan"", ""expected_pages"": []}]","[{""rank"": 1, ""document"": ""d24106576.pdf"", ""page"": 33, ""distance"": 1.379116415977478}, {""rank"": 2, ""document"": ""d24106576.pdf"", ""page"": 65, ""distance"": 1.4048089981079102}, {""rank"": 3, ""document"": ""d24106576.pdf"", ""page"": 32, ""distance"": 1.4305059909820557}, {""rank"": 4, ""document"": ""gao-26-900644.pdf"", ""page"": 63, ""distance"": 1.4361017942428589}, {""rank"": 5, ""document"": ""d24105658.pdf"", ""page"": 76, ""distance"": 1.4415210485458374}, {""rank"": 6, ""document"": ""d24105658.pdf"", ""page"": 20, ""distance"": 1.4460203647613525}]",0.0,0.0,False,False,0.008922399953007698
EQ099,"Can a remote employee work temporarily from another country, and what approvals are needed?",Not available in the supplied knowledge base,,,7,"[{""evaluation_document"": ""nan"", ""indexed_document"": ""nan"", ""expected_pages"": []}]","[{""rank"": 1, ""document"": ""d24106576.pdf"", ""page"": 33, ""distance"": 1.379116415977478}, {""rank"": 2, ""document"": ""d24106576.pdf"", ""page"": 65, ""distance"": 1.4048089981079102}, {""rank"": 3, ""document"": ""d24106576.pdf"", ""page"": 32, ""distance"": 1.4305059909820557}, {""rank"": 4, ""document"": ""gao-26-900644.pdf"", ""page"": 63, ""distance"": 1.4361017942428589}, {""rank"": 5, ""document"": ""d24105658.pdf"", ""page"": 76, ""distance"": 1.4415210485458374}, {""rank"": 6, ""document"": ""d24105658.pdf"", ""page"": 20, ""distance"": 1.4460203647613525}, {""rank"": 7, ""document"": ""gao-26-900644.pdf"", ""page"": 144, ""distance"": 1.4466878175735474}]",0.0,0.0,False,False,0.012815299967769533
EQ099,"Can a remote employee work temporarily from another country, and what approvals are needed?",Not available in the supplied knowledge base,,,8,"[{""evaluation_document"": ""nan"", ""indexed_document"": ""nan"", ""expected_pages"": []}]","[{""rank"": 1, ""document"": ""d24106576.pdf"", ""page"": 33, ""distance"": 1.379116415977478}, {""rank"": 2, ""document"": ""d24106576.pdf"", ""page"": 65, ""distance"": 1.4048089981079102}, {""rank"": 3, ""document"": ""d24106576.pdf"", ""page"": 32, ""distance"": 1.4305059909820557}, {""rank"": 4, ""document"": ""gao-26-900644.pdf"", ""page"": 63, ""distance"": 1.4361017942428589}, {""rank"": 5, ""document"": ""d24105658.pdf"", ""page"": 76, ""distance"": 1.4415210485458374}, {""rank"": 6, ""document"": ""d24105658.pdf"", ""page"": 20, ""distance"": 1.4460203647613525}, {""rank"": 7, ""document"": ""gao-26-900644.pdf"", ""page"": 144, ""distance"": 1.4466878175735474}, {""rank"": 8, ""document"": ""d24106576.pdf"", ""page"": 14, ""distance"": 1.4657164812088013}]",0.0,0.0,False,False,0.012461200007237494
EQ099,"Can a remote employee work temporarily from another country, and what approvals are needed?",Not available in the supplied knowledge base,,,9,"[{""evaluation_document"": ""nan"", ""indexed_document"": ""nan"", ""expected_pages"": []}]","[{""rank"": 1, ""document"": ""d24106576.pdf"", ""page"": 33, ""distance"": 1.379116415977478}, {""rank"": 2, ""document"": ""d24106576.pdf"", ""page"": 65, ""distance"": 1.4048089981079102}, {""rank"": 3, ""document"": ""d24106576.pdf"", ""page"": 32, ""distance"": 1.4305059909820557}, {""rank"": 4, ""document"": ""gao-26-900644.pdf"", ""page"": 63, ""distance"": 1.4361017942428589}, {""rank"": 5, ""document"": ""d24105658.pdf"", ""page"": 76, ""distance"": 1.4415210485458374}, {""rank"": 6, ""document"": ""d24105658.pdf"", ""page"": 20, ""distance"": 1.4460203647613525}, {""rank"": 7, ""document"": ""gao-26-900644.pdf"", ""page"": 144, ""distance"": 1.4466878175735474}, {""rank"": 8, ""document"": ""d24106576.pdf"", ""page"": 14, ""distance"": 1.4657164812088013}, {""rank"": 9, ""document"": ""d24105658.pdf"", ""page"": 77, ""distance"": 1.480955719947815}]",0.0,0.0,False,False,0.009407599980477244
EQ099,"Can a remote employee work temporarily from another country, and what approvals are needed?",Not available in the supplied knowledge base,,,10,"[{""evaluation_document"": ""nan"", ""indexed_document"": ""nan"", ""expected_pages"": []}]","[{""rank"": 1, ""document"": ""d24106576.pdf"", ""page"": 33, ""distance"": 1.379116415977478}, {""rank"": 2, ""document"": ""d24106576.pdf"", ""page"": 65, ""distance"": 1.4048089981079102}, {""rank"": 3, ""document"": ""d24106576.pdf"", ""page"": 32, ""distance"": 1.4305059909820557}, {""rank"": 4, ""document"": ""gao-26-900644.pdf"", ""page"": 63, ""distance"": 1.4361017942428589}, {""rank"": 5, ""document"": ""d24105658.pdf"", ""page"": 76, ""distance"": 1.4415210485458374}, {""rank"": 6, ""document"": ""d24105658.pdf"", ""page"": 20, ""distance"": 1.4460203647613525}, {""rank"": 7, ""document"": ""gao-26-900644.pdf"", ""page"": 144, ""distance"": 1.4466878175735474}, {""rank"": 8, ""document"": ""d24106576.pdf"", ""page"": 14, ""distance"": 1.4657164812088013}, {""rank"": 9, ""document"": ""d24105658.pdf"", ""page"": 77, ""distance"": 1.480955719947815}, {""rank"": 10, ""document"": ""d24106576.pdf"", ""page"": 37, ""distance"": 1.4876384735107422}]",0.0,0.0,False,False,0.012062800000421703
EQ100,What employee data-retention schedule applies to personnel records and who may approve exceptions?,Not available in the supplied knowledge base,,,1,"[{""evaluation_document"": ""nan"", ""indexed_document"": ""nan"", ""expected_pages"": []}]","[{""rank"": 1, ""document"": ""gao-26-900644.pdf"", ""page"": 154, ""distance"": 0.948955774307251}]",0.0,0.0,False,False,0.010424899985082448
EQ100,What employee data-retention schedule applies to personnel records and who may approve exceptions?,Not available in the supplied knowledge base,,,2,"[{""evaluation_document"": ""nan"", ""indexed_document"": ""nan"", ""expected_pages"": []}]","[{""rank"": 1, ""document"": ""gao-26-900644.pdf"", ""page"": 154, ""distance"": 0.948955774307251}, {""rank"": 2, ""document"": ""gao-26-900644.pdf"", ""page"": 155, ""distance"": 1.0623328685760498}]",0.0,0.0,False,False,0.008868400007486343
EQ100,What employee data-retention schedule applies to personnel records and who may approve exceptions?,Not available in the supplied knowledge base,,,3,"[{""evaluation_document"": ""nan"", ""indexed_document"": ""nan"", ""expected_pages"": []}]","[{""rank"": 1, ""document"": ""gao-26-900644.pdf"", ""page"": 154, ""distance"": 0.948955774307251}, {""rank"": 2, ""document"": ""gao-26-900644.pdf"", ""page"": 155, ""distance"": 1.0623328685760498}, {""rank"": 3, ""document"": ""gao-26-900644.pdf"", ""page"": 150, ""distance"": 1.1447430849075317}]",0.0,0.0,False,False,0.011895400006324053
EQ100,What employee data-retention schedule applies to personnel records and who may approve exceptions?,Not available in the supplied knowledge base,,,4,"[{""evaluation_document"": ""nan"", ""indexed_document"": ""nan"", ""expected_pages"": []}]","[{""rank"": 1, ""document"": ""gao-26-900644.pdf"", ""page"": 154, ""distance"": 0.948955774307251}, {""rank"": 2, ""document"": ""gao-26-900644.pdf"", ""page"": 155, ""distance"": 1.0623328685760498}, {""rank"": 3, ""document"": ""gao-26-900644.pdf"", ""page"": 150, ""distance"": 1.1447430849075317}, {""rank"": 4, ""document"": ""gao-26-108615.pdf"", ""page"": 16, ""distance"": 1.156083106994629}]",0.0,0.0,False,False,0.009853700001258403
EQ100,What employee data-retention schedule applies to personnel records and who may approve exceptions?,Not available in the supplied knowledge base,,,5,"[{""evaluation_document"": ""nan"", ""indexed_document"": ""nan"", ""expected_pages"": []}]","[{""rank"": 1, ""document"": ""gao-26-900644.pdf"", ""page"": 154, ""distance"": 0.948955774307251}, {""rank"": 2, ""document"": ""gao-26-900644.pdf"", ""page"": 155, ""distance"": 1.0623328685760498}, {""rank"": 3, ""document"": ""gao-26-900644.pdf"", ""page"": 150, ""distance"": 1.1447430849075317}, {""rank"": 4, ""document"": ""gao-26-108615.pdf"", ""page"": 16, ""distance"": 1.156083106994629}, {""rank"": 5, ""document"": ""gao-26-900644.pdf"", ""page"": 59, ""distance"": 1.1651005744934082}]",0.0,0.0,False,False,0.01113429997349158
EQ100,What employee data-retention schedule applies to personnel records and who may approve exceptions?,Not available in the supplied knowledge base,,,6,"[{""evaluation_document"": ""nan"", ""indexed_document"": ""nan"", ""expected_pages"": []}]","[{""rank"": 1, ""document"": ""gao-26-900644.pdf"", ""page"": 154, ""distance"": 0.948955774307251}, {""rank"": 2, ""document"": ""gao-26-900644.pdf"", ""page"": 155, ""distance"": 1.0623328685760498}, {""rank"": 3, ""document"": ""gao-26-900644.pdf"", ""page"": 150, ""distance"": 1.1447430849075317}, {""rank"": 4, ""document"": ""gao-26-108615.pdf"", ""page"": 16, ""distance"": 1.156083106994629}, {""rank"": 5, ""document"": ""gao-26-900644.pdf"", ""page"": 59, ""distance"": 1.1651005744934082}, {""rank"": 6, ""document"": ""d24105658.pdf"", ""page"": 24, ""distance"": 1.1654616594314575}]",0.0,0.0,False,False,0.01215799996862188
EQ100,What employee data-retention schedule applies to personnel records and who may approve exceptions?,Not available in the supplied knowledge base,,,7,"[{""evaluation_document"": ""nan"", ""indexed_document"": ""nan"", ""expected_pages"": []}]","[{""rank"": 1, ""document"": ""gao-26-900644.pdf"", ""page"": 154, ""distance"": 0.948955774307251}, {""rank"": 2, ""document"": ""gao-26-900644.pdf"", ""page"": 155, ""distance"": 1.0623328685760498}, {""rank"": 3, ""document"": ""gao-26-900644.pdf"", ""page"": 150, ""distance"": 1.1447430849075317}, {""rank"": 4, ""document"": ""gao-26-108615.pdf"", ""page"": 16, ""distance"": 1.156083106994629}, {""rank"": 5, ""document"": ""gao-26-900644.pdf"", ""page"": 59, ""distance"": 1.1651005744934082}, {""rank"": 6, ""document"": ""d24105658.pdf"", ""page"": 24, ""distance"": 1.1654616594314575}, {""rank"": 7, ""document"": ""d24105658.pdf"", ""page"": 31, ""distance"": 1.1829359531402588}]",0.0,0.0,False,False,0.012373899982776493
EQ100,What employee data-retention schedule applies to personnel records and who may approve exceptions?,Not available in the supplied knowledge base,,,8,"[{""evaluation_document"": ""nan"", ""indexed_document"": ""nan"", ""expected_pages"": []}]","[{""rank"": 1, ""document"": ""gao-26-900644.pdf"", ""page"": 154, ""distance"": 0.948955774307251}, {""rank"": 2, ""document"": ""gao-26-900644.pdf"", ""page"": 155, ""distance"": 1.0623328685760498}, {""rank"": 3, ""document"": ""gao-26-900644.pdf"", ""page"": 150, ""distance"": 1.1447430849075317}, {""rank"": 4, ""document"": ""gao-26-108615.pdf"", ""page"": 16, ""distance"": 1.156083106994629}, {""rank"": 5, ""document"": ""gao-26-900644.pdf"", ""page"": 59, ""distance"": 1.1651005744934082}, {""rank"": 6, ""document"": ""d24105658.pdf"", ""page"": 24, ""distance"": 1.1654616594314575}, {""rank"": 7, ""document"": ""d24105658.pdf"", ""page"": 31, ""distance"": 1.1829359531402588}, {""rank"": 8, ""document"": ""gao-26-108615.pdf"", ""page"": 21, ""distance"": 1.2088741064071655}]",0.0,0.0,False,False,0.0098112000268884
EQ100,What employee data-retention schedule applies to personnel records and who may approve exceptions?,Not available in the supplied knowledge base,,,9,"[{""evaluation_document"": ""nan"", ""indexed_document"": ""nan"", ""expected_pages"": []}]","[{""rank"": 1, ""document"": ""gao-26-900644.pdf"", ""page"": 154, ""distance"": 0.948955774307251}, {""rank"": 2, ""document"": ""gao-26-900644.pdf"", ""page"": 155, ""distance"": 1.0623328685760498}, {""rank"": 3, ""document"": ""gao-26-900644.pdf"", ""page"": 150, ""distance"": 1.1447430849075317}, {""rank"": 4, ""document"": ""gao-26-108615.pdf"", ""page"": 16, ""distance"": 1.156083106994629}, {""rank"": 5, ""document"": ""gao-26-900644.pdf"", ""page"": 59, ""distance"": 1.1651005744934082}, {""rank"": 6, ""document"": ""d24105658.pdf"", ""page"": 24, ""distance"": 1.1654616594314575}, {""rank"": 7, ""document"": ""d24105658.pdf"", ""page"": 31, ""distance"": 1.1829359531402588}, {""rank"": 8, ""document"": ""gao-26-108615.pdf"", ""page"": 21, ""distance"": 1.2088741064071655}, {""rank"": 9, ""document"": ""gao-26-108615.pdf"", ""page"": 45, ""distance"": 1.2152270078659058}]",0.0,0.0,False,False,0.011069900006987154
EQ100,What employee data-retention schedule applies to personnel records and who may approve exceptions?,Not available in the supplied knowledge base,,,10,"[{""evaluation_document"": ""nan"", ""indexed_document"": ""nan"", ""expected_pages"": []}]","[{""rank"": 1, ""document"": ""gao-26-900644.pdf"", ""page"": 154, ""distance"": 0.948955774307251}, {""rank"": 2, ""document"": ""gao-26-900644.pdf"", ""page"": 155, ""distance"": 1.0623328685760498}, {""rank"": 3, ""document"": ""gao-26-900644.pdf"", ""page"": 150, ""distance"": 1.1447430849075317}, {""rank"": 4, ""document"": ""gao-26-108615.pdf"", ""page"": 16, ""distance"": 1.156083106994629}, {""rank"": 5, ""document"": ""gao-26-900644.pdf"", ""page"": 59, ""distance"": 1.1651005744934082}, {""rank"": 6, ""document"": ""d24105658.pdf"", ""page"": 24, ""distance"": 1.1654616594314575}, {""rank"": 7, ""document"": ""d24105658.pdf"", ""page"": 31, ""distance"": 1.1829359531402588}, {""rank"": 8, ""document"": ""gao-26-108615.pdf"", ""page"": 21, ""distance"": 1.2088741064071655}, {""rank"": 9, ""document"": ""gao-26-108615.pdf"", ""page"": 45, ""distance"": 1.2152270078659058}, {""rank"": 10, ""document"": ""gao-24-107231.pdf"", ""page"": 75, ""distance"": 1.2545329332351685}]",0.0,0.0,False,False,0.010145100008230656
